event_id,event_timestamp,customer_id,event_type,amount,source
EVT0503625,2026-10-07 22:48:07,CUST0141,refund,141.25,api
EVT0501136,2026-10-03 09:25:00,CUST0643,purchase,20.32,mobile
EVT0500339,2026-10-04 01:06:00,CUST0843,signup,125.43,web
EVT0505865,2026-10-08 15:50:44,CUST0387,refund,170.05,web
EVT0504249,2026-10-07 11:33:33,CUST0765,refund,172.13,api
EVT0505026,2026-10-09 13:10:19,CUST0545,view,59.62,api
EVT0501932,2026-10-02 10:41:00,CUST0442,purchase,114.84,web
EVT0505894,2026-10-08 10:08:11,CUST0416,view,180.78,mobile
EVT0505939,2026-10-08 09:44:28,CUST0461,signup,197.43,mobile
EVT0504839,2026-10-06 10:10:41,CUST0358,signup,190.43,web
EVT0501265,2026-10-02 14:43:00,CUST0772,refund,68.05,mobile
EVT0500764,2026-10-05 00:26:00,CUST0271,purchase,82.68,mobile
EVT0505127,2026-10-10 02:21:22,CUST0646,signup,96.99,web
EVT0505091,2026-10-08 22:08:18,CUST0610,signup,83.67,web
EVT0503991,2026-10-09 11:29:13,CUST0507,signup,76.67,api
EVT0504307,2026-10-07 18:13:41,CUST0823,signup,193.59,mobile
EVT0501954,2026-10-02 12:08:00,CUST0464,view,122.98,api
EVT0502418,2026-10-02 18:59:00,CUST0928,view,94.66,web
EVT0502526,2026-10-02 15:58:00,CUST0039,view,134.62,web
EVT0500115,2026-10-03 18:44:00,CUST0619,signup,42.55,api
EVT0505819,2026-10-06 18:07:31,CUST0341,signup,153.03,mobile
EVT0500515,2026-10-02 15:34:00,CUST0022,signup,190.55,mobile
EVT0504784,2026-10-08 11:37:41,CUST0303,purchase,170.08,mobile
EVT0501491,2026-10-05 21:37:00,CUST0001,signup,151.67,web
EVT0503780,2026-10-09 20:56:43,CUST0296,purchase,198.60,web
EVT0502401,2026-10-05 16:40:00,CUST0911,refund,88.37,api
EVT0504761,2026-10-08 07:01:15,CUST0280,refund,161.57,web
EVT0504763,2026-10-09 20:59:42,CUST0282,signup,162.31,mobile
EVT0503216,2026-10-06 17:17:12,CUST0729,purchase,189.92,web
EVT0504105,2026-10-09 20:31:37,CUST0621,refund,118.85,api
EVT0500259,2026-10-02 10:09:00,CUST0763,signup,95.83,api
EVT0500250,2026-10-03 16:48:00,CUST0754,view,92.50,api
EVT0502889,2026-10-07 15:17:04,CUST0402,refund,68.93,web
EVT0503531,2026-10-06 04:24:44,CUST0047,signup,106.47,web
EVT0500102,2026-10-03 20:04:00,CUST0606,view,37.74,web
EVT0503008,2026-10-07 21:53:33,CUST0521,purchase,112.96,mobile
EVT0501781,2026-10-05 14:02:00,CUST0291,refund,58.97,mobile
EVT0502225,2026-10-03 14:31:00,CUST0735,refund,23.25,mobile
EVT0504576,2026-10-06 14:54:13,CUST0095,purchase,93.12,api
EVT0502247,2026-10-03 01:40:00,CUST0757,signup,31.39,web
EVT0501920,2026-10-02 19:35:00,CUST0430,purchase,110.40,web
EVT0501120,2026-10-04 02:48:00,CUST0627,purchase,14.40,api
EVT0500264,2026-10-05 20:25:00,CUST0768,purchase,97.68,web
EVT0502025,2026-10-02 08:42:00,CUST0535,refund,149.25,web
EVT0504285,2026-10-08 19:09:36,CUST0801,refund,185.45,api
EVT0501043,2026-10-02 22:58:00,CUST0550,signup,185.91,mobile
EVT0501486,2026-10-05 05:25:00,CUST0993,view,149.82,api
EVT0504384,2026-10-07 04:36:19,CUST0900,purchase,22.08,api
EVT0505453,2026-10-06 22:23:10,CUST0972,refund,17.61,mobile
EVT0504559,2026-10-06 19:44:23,CUST0078,signup,86.83,mobile
EVT0501842,2026-10-05 03:50:00,CUST0352,view,81.54,web
EVT0504930,2026-10-06 10:10:48,CUST0449,view,24.10,api
EVT0500783,2026-10-03 03:05:00,CUST0290,signup,89.71,web
EVT0505723,2026-10-09 16:23:39,CUST0245,signup,117.51,mobile
EVT0505601,2026-10-09 11:16:44,CUST0123,refund,72.37,web
EVT0500312,2026-10-02 12:23:00,CUST0816,purchase,115.44,web
EVT0504918,2026-10-06 15:04:08,CUST0437,view,19.66,api
EVT0504065,2026-10-09 07:43:09,CUST0581,refund,104.05,web
EVT0500096,2026-10-02 12:37:00,CUST0600,purchase,35.52,web
EVT0503787,2026-10-07 22:38:31,CUST0303,signup,1.19,api
EVT0503492,2026-10-10 00:38:43,CUST0008,purchase,92.04,web
EVT0500425,2026-10-04 07:28:00,CUST0929,refund,157.25,mobile
EVT0500871,2026-10-05 16:07:00,CUST0378,signup,122.27,api
EVT0505353,2026-10-08 11:51:01,CUST0872,refund,180.61,api
EVT0504080,2026-10-06 09:34:45,CUST0596,purchase,109.60,web
EVT0503509,2026-10-07 19:50:56,CUST0025,refund,98.33,mobile
EVT0504534,2026-10-09 04:37:23,CUST0053,view,77.58,api
EVT0503856,2026-10-07 10:37:31,CUST0372,purchase,26.72,api
EVT0503745,2026-10-08 22:29:21,CUST0261,refund,185.65,api
EVT0500172,2026-10-02 13:47:00,CUST0676,purchase,63.64,api
EVT0502604,2026-10-09 17:33:47,CUST0117,purchase,163.48,web
EVT0501873,2026-10-03 15:49:00,CUST0383,refund,93.01,api
EVT0500460,2026-10-04 05:23:00,CUST0964,purchase,170.20,api
EVT0501228,2026-10-03 07:21:00,CUST0735,purchase,54.36,api
EVT0503371,2026-10-08 14:26:35,CUST0884,signup,47.27,mobile
EVT0505943,2026-10-08 19:45:55,CUST0465,signup,198.91,web
EVT0503964,2026-10-09 14:41:20,CUST0480,purchase,66.68,api
EVT0505261,2026-10-07 08:50:10,CUST0780,refund,146.57,mobile
EVT0505762,2026-10-08 16:38:31,CUST0284,view,131.94,mobile
EVT0503561,2026-10-08 09:00:01,CUST0077,refund,117.57,web
EVT0501047,2026-10-02 13:21:00,CUST0554,signup,187.39,web
EVT0505000,2026-10-09 06:04:18,CUST0519,purchase,50.00,mobile
EVT0500770,2026-10-03 22:13:00,CUST0277,view,84.90,mobile
EVT0501481,2026-10-03 19:38:00,CUST0988,refund,147.97,mobile
EVT0501420,2026-10-03 10:39:00,CUST0927,purchase,125.40,api
EVT0502626,2026-10-06 22:19:27,CUST0139,view,171.62,api
EVT0505975,2026-10-07 20:15:32,CUST0497,signup,10.75,mobile
EVT0504159,2026-10-10 02:15:57,CUST0675,signup,138.83,api
EVT0505596,2026-10-08 17:52:38,CUST0118,purchase,70.52,api
EVT0503709,2026-10-09 21:40:23,CUST0225,refund,172.33,api
EVT0505692,2026-10-06 09:56:08,CUST0214,purchase,106.04,api
EVT0503375,2026-10-09 18:23:04,CUST0888,signup,48.75,web
EVT0500924,2026-10-03 06:37:00,CUST0431,purchase,141.88,web
EVT0504802,2026-10-09 22:43:32,CUST0321,view,176.74,mobile
EVT0500618,2026-10-03 10:31:00,CUST0125,view,28.66,web
EVT0501791,2026-10-02 10:18:00,CUST0301,signup,62.67,web
EVT0503757,2026-10-06 12:56:25,CUST0273,refund,190.09,api
EVT0500304,2026-10-02 20:46:00,CUST0808,purchase,112.48,api
EVT0504536,2026-10-08 15:50:08,CUST0055,purchase,78.32,web
EVT0504394,2026-10-08 21:45:37,CUST0910,view,25.78,mobile
EVT0500041,2026-10-02 05:14:00,CUST0545,refund,15.17,mobile
EVT0504458,2026-10-08 19:42:34,CUST0974,view,49.46,web
EVT0504001,2026-10-06 04:27:16,CUST0517,refund,80.37,mobile
EVT0502270,2026-10-02 22:05:00,CUST0780,view,39.90,mobile
EVT0503758,2026-10-06 08:46:50,CUST0274,view,190.46,mobile
EVT0502071,2026-10-02 05:47:00,CUST0581,signup,166.27,api
EVT0505229,2026-10-06 14:05:23,CUST0748,refund,134.73,web
EVT0503739,2026-10-07 07:08:39,CUST0255,signup,183.43,api
EVT0502588,2026-10-04 17:48:00,CUST0101,purchase,157.56,mobile
EVT0504599,2026-10-07 00:58:51,CUST0118,signup,101.63,web
EVT0503685,2026-10-06 20:27:15,CUST0201,refund,163.45,api
EVT0502634,2026-10-08 10:05:15,CUST0147,view,174.58,web
EVT0502193,2026-10-05 04:35:00,CUST0703,refund,11.41,web
EVT0501709,2026-10-04 15:53:00,CUST0219,refund,32.33,mobile
EVT0504369,2026-10-07 15:31:10,CUST0885,refund,16.53,api
EVT0503618,2026-10-08 10:58:47,CUST0134,view,138.66,web
EVT0500268,2026-10-05 14:49:00,CUST0772,purchase,99.16,api
EVT0504882,2026-10-08 20:23:07,CUST0401,view,6.34,api
EVT0500649,2026-10-05 01:56:00,CUST0156,refund,40.13,api
EVT0500602,2026-10-02 08:43:00,CUST0109,view,22.74,mobile
EVT0504216,2026-10-10 00:12:31,CUST0732,purchase,159.92,api
EVT0500807,2026-10-03 22:46:00,CUST0314,signup,98.59,web
EVT0500360,2026-10-03 22:53:00,CUST0864,purchase,133.20,web
EVT0501508,2026-10-02 16:41:00,CUST0018,purchase,157.96,mobile
EVT0503550,2026-10-07 22:21:29,CUST0066,view,113.50,api
EVT0503544,2026-10-07 13:43:15,CUST0060,purchase,111.28,api
EVT0504054,2026-10-09 11:10:47,CUST0570,view,99.98,api
EVT0501885,2026-10-04 04:44:00,CUST0395,refund,97.45,api
EVT0503527,2026-10-07 06:47:15,CUST0043,signup,104.99,mobile
EVT0502506,2026-10-05 12:03:00,CUST0019,view,127.22,api
EVT0500605,2026-10-05 02:58:00,CUST0112,refund,23.85,mobile
EVT0503448,2026-10-07 15:01:47,CUST0961,purchase,75.76,api
EVT0502838,2026-10-06 04:02:49,CUST0351,view,50.06,web
EVT0502011,2026-10-05 19:32:00,CUST0521,signup,144.07,api
EVT0502663,2026-10-09 13:06:40,CUST0176,signup,185.31,mobile
EVT0500941,2026-10-04 18:09:00,CUST0448,refund,148.17,mobile
EVT0502954,2026-10-07 17:01:17,CUST0467,view,92.98,mobile
EVT0505695,2026-10-06 20:28:42,CUST0217,signup,107.15,api
EVT0501065,2026-10-05 01:53:00,CUST0572,refund,194.05,web
EVT0504153,2026-10-07 16:39:53,CUST0669,refund,136.61,api
EVT0503412,2026-10-08 02:58:56,CUST0925,purchase,62.44,api
EVT0503519,2026-10-08 04:08:36,CUST0035,signup,102.03,web
EVT0503180,2026-10-08 00:03:09,CUST0693,purchase,176.60,web
EVT0502080,2026-10-03 19:52:00,CUST0590,purchase,169.60,api
EVT0505252,2026-10-06 17:09:32,CUST0771,purchase,143.24,mobile
EVT0500753,2026-10-04 10:06:00,CUST0260,refund,78.61,web
EVT0500408,2026-10-03 18:56:00,CUST0912,purchase,150.96,web
EVT0503192,2026-10-06 22:46:02,CUST0705,purchase,181.04,web
EVT0501134,2026-10-04 00:48:00,CUST0641,view,19.58,web
EVT0505257,2026-10-08 03:39:06,CUST0776,refund,145.09,api
EVT0505685,2026-10-06 09:47:10,CUST0207,refund,103.45,web
EVT0501455,2026-10-04 21:12:00,CUST0962,signup,138.35,web
EVT0502657,2026-10-08 02:03:15,CUST0170,refund,183.09,mobile
EVT0505169,2026-10-06 23:48:35,CUST0688,refund,112.53,web
EVT0503829,2026-10-07 14:04:28,CUST0345,refund,16.73,api
EVT0502006,2026-10-02 06:06:00,CUST0516,view,142.22,mobile
EVT0501852,2026-10-03 18:51:00,CUST0362,purchase,85.24,api
EVT0503013,2026-10-08 17:33:08,CUST0526,refund,114.81,api
EVT0500596,2026-10-03 06:57:00,CUST0103,purchase,20.52,mobile
EVT0500819,2026-10-05 04:00:00,CUST0326,signup,103.03,web
EVT0501587,2026-10-03 09:12:00,CUST0097,signup,187.19,web
EVT0501256,2026-10-05 04:46:00,CUST0763,purchase,64.72,mobile
EVT0504630,2026-10-08 14:00:19,CUST0149,view,113.10,api
EVT0502298,2026-10-05 06:45:00,CUST0808,view,50.26,web
EVT0503799,2026-10-08 09:54:44,CUST0315,signup,5.63,api
EVT0501745,2026-10-05 19:54:00,CUST0255,refund,45.65,mobile
EVT0501600,2026-10-05 20:50:00,CUST0110,purchase,192.00,api
EVT0501985,2026-10-04 01:06:00,CUST0495,refund,134.45,mobile
EVT0500834,2026-10-03 01:23:00,CUST0341,view,108.58,web
EVT0504934,2026-10-07 23:58:58,CUST0453,view,25.58,mobile
EVT0504547,2026-10-09 01:26:20,CUST0066,signup,82.39,mobile
EVT0504667,2026-10-06 18:37:41,CUST0186,signup,126.79,mobile
EVT0502807,2026-10-10 03:15:52,CUST0320,signup,38.59,mobile
EVT0505433,2026-10-06 20:29:16,CUST0952,refund,10.21,web
EVT0501956,2026-10-02 15:18:00,CUST0466,purchase,123.72,web
EVT0505566,2026-10-09 10:34:39,CUST0088,view,59.42,api
EVT0503225,2026-10-07 14:14:20,CUST0738,refund,193.25,web
EVT0504261,2026-10-08 09:27:53,CUST0777,refund,176.57,api
EVT0502444,2026-10-03 16:45:00,CUST0954,purchase,104.28,mobile
EVT0501777,2026-10-02 14:06:00,CUST0287,refund,57.49,api
EVT0503995,2026-10-09 10:39:46,CUST0511,signup,78.15,mobile
EVT0502968,2026-10-09 02:46:03,CUST0481,purchase,98.16,api
EVT0502922,2026-10-07 21:07:24,CUST0435,view,81.14,web
EVT0500590,2026-10-04 13:36:00,CUST0097,view,18.30,mobile
EVT0501764,2026-10-03 02:57:00,CUST0274,purchase,52.68,web
EVT0503324,2026-10-10 03:14:38,CUST0837,purchase,29.88,web
EVT0502952,2026-10-06 21:19:54,CUST0465,purchase,92.24,web
EVT0502434,2026-10-02 22:41:00,CUST0944,view,100.58,api
EVT0504864,2026-10-07 09:45:46,CUST0383,purchase,199.68,api
EVT0505201,2026-10-08 20:20:05,CUST0720,refund,124.37,mobile
EVT0502068,2026-10-02 07:08:00,CUST0578,purchase,165.16,api
EVT0503302,2026-10-07 18:12:03,CUST0815,view,21.74,mobile
EVT0502669,2026-10-08 11:43:51,CUST0182,refund,187.53,mobile
EVT0505655,2026-10-07 11:40:25,CUST0177,signup,92.35,web
EVT0502275,2026-10-06 02:30:00,CUST0785,signup,41.75,api
EVT0504353,2026-10-09 04:05:08,CUST0869,refund,10.61,web
EVT0501239,2026-10-02 23:12:00,CUST0746,signup,58.43,web
EVT0502664,2026-10-06 11:39:45,CUST0177,purchase,185.68,web
EVT0501172,2026-10-03 17:04:00,CUST0679,purchase,33.64,mobile
EVT0502129,2026-10-04 19:52:00,CUST0639,refund,187.73,mobile
EVT0505394,2026-10-06 21:29:40,CUST0913,view,195.78,web
EVT0501499,2026-10-03 23:40:00,CUST0009,signup,154.63,mobile
EVT0504896,2026-10-10 00:31:15,CUST0415,purchase,11.52,web
EVT0501028,2026-10-03 18:34:00,CUST0535,purchase,180.36,mobile
EVT0504986,2026-10-07 03:07:52,CUST0505,view,44.82,web
EVT0503482,2026-10-09 21:31:39,CUST0995,view,88.34,mobile
EVT0500559,2026-10-03 12:05:00,CUST0066,signup,6.83,api
EVT0500473,2026-10-03 13:51:00,CUST0977,refund,175.01,mobile
EVT0502281,2026-10-04 16:04:00,CUST0791,refund,43.97,api
EVT0502515,2026-10-05 13:31:00,CUST0028,signup,130.55,api
EVT0503354,2026-10-09 14:46:17,CUST0867,view,40.98,web
EVT0505477,2026-10-08 10:30:09,CUST0996,refund,26.49,mobile
EVT0503715,2026-10-06 18:03:37,CUST0231,signup,174.55,api
EVT0502069,2026-10-05 11:21:00,CUST0579,refund,165.53,mobile
EVT0500283,2026-10-05 12:03:00,CUST0787,signup,104.71,api
EVT0503510,2026-10-06 10:16:18,CUST0026,view,98.70,web
EVT0504574,2026-10-07 11:24:57,CUST0093,view,92.38,mobile
EVT0504985,2026-10-09 06:08:13,CUST0504,refund,44.45,mobile
EVT0502957,2026-10-08 04:48:17,CUST0470,refund,94.09,mobile
EVT0504397,2026-10-10 01:14:29,CUST0913,refund,26.89,mobile
EVT0500673,2026-10-04 01:05:00,CUST0180,refund,49.01,api
EVT0504680,2026-10-07 03:49:51,CUST0199,purchase,131.60,web
EVT0505360,2026-10-07 05:51:51,CUST0879,purchase,183.20,mobile
EVT0501354,2026-10-05 00:27:00,CUST0861,view,100.98,api
EVT0501024,2026-10-02 04:02:00,CUST0531,purchase,178.88,api
EVT0505700,2026-10-06 06:27:41,CUST0222,purchase,109.00,web
EVT0502167,2026-10-02 12:14:00,CUST0677,signup,1.79,api
EVT0501807,2026-10-05 23:35:00,CUST0317,signup,68.59,api
EVT0500089,2026-10-03 02:40:00,CUST0593,refund,32.93,mobile
EVT0505594,2026-10-09 03:09:27,CUST0116,view,69.78,mobile
EVT0503094,2026-10-07 11:02:24,CUST0607,view,144.78,api
EVT0505489,2026-10-08 02:18:03,CUST0011,refund,30.93,mobile
EVT0504349,2026-10-09 14:42:30,CUST0865,refund,9.13,mobile
EVT0504493,2026-10-06 09:04:26,CUST0012,refund,62.41,mobile
EVT0505869,2026-10-06 20:19:28,CUST0391,refund,171.53,api
EVT0503710,2026-10-09 18:00:20,CUST0226,view,172.70,mobile
EVT0505444,2026-10-06 06:06:06,CUST0963,purchase,14.28,mobile
EVT0504969,2026-10-06 17:12:48,CUST0488,refund,38.53,api
EVT0503998,2026-10-07 19:56:29,CUST0514,view,79.26,mobile
EVT0503199,2026-10-07 02:01:11,CUST0712,signup,183.63,api
EVT0503916,2026-10-09 10:57:10,CUST0432,purchase,48.92,api
EVT0501179,2026-10-04 14:11:00,CUST0686,signup,36.23,web
EVT0505614,2026-10-08 06:22:42,CUST0136,view,77.18,api
EVT0502734,2026-10-09 10:51:47,CUST0247,view,11.58,api
EVT0505419,2026-10-09 15:54:43,CUST0938,signup,5.03,api
EVT0501728,2026-10-04 16:38:00,CUST0238,purchase,39.36,web
EVT0501184,2026-10-02 19:12:00,CUST0691,purchase,38.08,mobile
EVT0503516,2026-10-07 13:10:22,CUST0032,purchase,100.92,web
EVT0503161,2026-10-06 17:04:45,CUST0674,refund,169.57,mobile
EVT0502997,2026-10-07 06:07:50,CUST0510,refund,108.89,web
EVT0502929,2026-10-09 12:19:03,CUST0442,refund,83.73,api
EVT0503170,2026-10-08 09:36:56,CUST0683,view,172.90,mobile
EVT0504210,2026-10-06 04:37:51,CUST0726,view,157.70,api
EVT0504189,2026-10-09 03:04:37,CUST0705,refund,149.93,api
EVT0502524,2026-10-05 14:44:00,CUST0037,purchase,133.88,api
EVT0504262,2026-10-08 23:04:05,CUST0778,view,176.94,mobile
EVT0502406,2026-10-02 03:52:00,CUST0916,view,90.22,web
EVT0502900,2026-10-06 08:02:34,CUST0413,purchase,73.00,mobile
EVT0502888,2026-10-07 20:34:13,CUST0401,purchase,68.56,mobile
EVT0503648,2026-10-09 20:22:59,CUST0164,purchase,149.76,web
EVT0503957,2026-10-09 12:48:28,CUST0473,refund,64.09,web
EVT0503505,2026-10-09 00:07:10,CUST0021,refund,96.85,api
EVT0504525,2026-10-08 14:51:20,CUST0044,refund,74.25,api
EVT0502892,2026-10-08 05:18:49,CUST0405,purchase,70.04,web
EVT0501121,2026-10-05 10:00:00,CUST0628,refund,14.77,mobile
EVT0501165,2026-10-03 11:36:00,CUST0672,refund,31.05,api
EVT0501034,2026-10-04 22:13:00,CUST0541,view,182.58,mobile
EVT0502336,2026-10-05 08:04:00,CUST0846,purchase,64.32,mobile
EVT0501898,2026-10-04 08:16:00,CUST0408,view,102.26,mobile
EVT0505770,2026-10-07 14:25:10,CUST0292,view,134.90,api
EVT0503219,2026-10-07 08:59:52,CUST0732,signup,191.03,web
EVT0503236,2026-10-09 18:13:29,CUST0749,purchase,197.32,mobile
EVT0505707,2026-10-08 09:51:33,CUST0229,signup,111.59,api
EVT0501595,2026-10-03 03:25:00,CUST0105,signup,190.15,mobile
EVT0504328,2026-10-07 20:12:09,CUST0844,purchase,1.36,mobile
EVT0504399,2026-10-08 15:55:41,CUST0915,signup,27.63,api
EVT0504859,2026-10-07 01:38:40,CUST0378,signup,197.83,mobile
EVT0505848,2026-10-06 22:32:52,CUST0370,purchase,163.76,api
EVT0503226,2026-10-08 22:08:54,CUST0739,view,193.62,api
EVT0500813,2026-10-02 13:43:00,CUST0320,refund,100.81,web
EVT0502810,2026-10-08 13:58:06,CUST0323,view,39.70,mobile
EVT0503027,2026-10-09 16:06:18,CUST0540,signup,119.99,web
EVT0505978,2026-10-09 05:49:01,CUST0500,view,11.86,mobile
EVT0501581,2026-10-03 12:24:00,CUST0091,refund,184.97,web
EVT0505588,2026-10-07 21:08:44,CUST0110,purchase,67.56,mobile
EVT0503756,2026-10-09 06:06:25,CUST0272,purchase,189.72,web
EVT0502631,2026-10-07 06:41:21,CUST0144,signup,173.47,web
EVT0505607,2026-10-08 02:38:58,CUST0129,signup,74.59,web
EVT0503347,2026-10-09 11:03:10,CUST0860,signup,38.39,mobile
EVT0501812,2026-10-04 21:45:00,CUST0322,purchase,70.44,web
EVT0505753,2026-10-06 17:56:29,CUST0275,refund,128.61,mobile
EVT0503041,2026-10-07 20:09:26,CUST0554,refund,125.17,mobile
EVT0500984,2026-10-05 23:30:00,CUST0491,purchase,164.08,web
EVT0505923,2026-10-08 23:38:04,CUST0445,signup,191.51,api
EVT0503970,2026-10-08 17:39:20,CUST0486,view,68.90,api
EVT0500624,2026-10-02 07:08:00,CUST0131,purchase,30.88,web
EVT0502790,2026-10-08 04:22:46,CUST0303,view,32.30,web
EVT0502344,2026-10-05 01:42:00,CUST0854,purchase,67.28,api
EVT0505803,2026-10-08 01:19:31,CUST0325,signup,147.11,api
EVT0500436,2026-10-05 16:29:00,CUST0940,purchase,161.32,api
EVT0501081,2026-10-03 12:10:00,CUST0588,refund,199.97,api
EVT0502330,2026-10-03 13:53:00,CUST0840,view,62.10,mobile
EVT0505056,2026-10-07 05:25:39,CUST0575,purchase,70.72,api
EVT0503951,2026-10-09 11:56:15,CUST0467,signup,61.87,web
EVT0501330,2026-10-03 19:17:00,CUST0837,view,92.10,api
EVT0503313,2026-10-09 05:58:00,CUST0826,refund,25.81,api
EVT0501262,2026-10-04 18:12:00,CUST0769,view,66.94,mobile
EVT0502480,2026-10-02 23:24:00,CUST0990,purchase,117.60,mobile
EVT0502423,2026-10-02 18:57:00,CUST0933,signup,96.51,mobile
EVT0500025,2026-10-02 18:31:00,CUST0529,refund,9.25,api
EVT0505649,2026-10-07 03:02:36,CUST0171,refund,90.13,web
EVT0502276,2026-10-05 07:24:00,CUST0786,purchase,42.12,mobile
EVT0504861,2026-10-09 15:59:49,CUST0380,refund,198.57,api
EVT0505071,2026-10-07 06:28:45,CUST0590,signup,76.27,api
EVT0500222,2026-10-04 16:11:00,CUST0726,view,82.14,web
EVT0502742,2026-10-08 00:47:23,CUST0255,view,14.54,web
EVT0502137,2026-10-05 19:45:00,CUST0647,refund,190.69,api
EVT0504938,2026-10-06 15:10:19,CUST0457,view,27.06,web
EVT0501083,2026-10-03 01:23:00,CUST0590,signup,0.71,web
EVT0504010,2026-10-08 07:51:49,CUST0526,view,83.70,mobile
EVT0502850,2026-10-09 17:07:36,CUST0363,view,54.50,web
EVT0501733,2026-10-05 23:45:00,CUST0243,refund,41.21,mobile
EVT0501768,2026-10-05 01:13:00,CUST0278,purchase,54.16,api
EVT0501362,2026-10-03 15:22:00,CUST0869,view,103.94,web
EVT0501995,2026-10-04 08:22:00,CUST0505,signup,138.15,web
EVT0502078,2026-10-02 04:52:00,CUST0588,view,168.86,mobile
EVT0503643,2026-10-08 20:42:03,CUST0159,signup,147.91,api
EVT0500015,2026-10-03 16:47:00,CUST0519,signup,5.55,web
EVT0503364,2026-10-09 00:30:41,CUST0877,purchase,44.68,api
EVT0502496,2026-10-04 20:15:00,CUST0009,purchase,123.52,web
EVT0504108,2026-10-10 02:01:12,CUST0624,purchase,119.96,api
EVT0503922,2026-10-07 05:06:08,CUST0438,view,51.14,api
EVT0503657,2026-10-07 02:40:52,CUST0173,refund,153.09,web
EVT0502362,2026-10-03 07:26:00,CUST0872,view,73.94,api
EVT0502410,2026-10-03 07:07:00,CUST0920,view,91.70,api
EVT0504282,2026-10-06 19:43:58,CUST0798,view,184.34,api
EVT0505801,2026-10-09 16:58:16,CUST0323,refund,146.37,mobile
EVT0500338,2026-10-05 06:53:00,CUST0842,view,125.06,mobile
EVT0500939,2026-10-04 20:13:00,CUST0446,signup,147.43,web
EVT0505372,2026-10-08 12:08:00,CUST0891,purchase,187.64,mobile
EVT0501713,2026-10-05 19:03:00,CUST0223,refund,33.81,web
EVT0505919,2026-10-07 05:35:30,CUST0441,signup,190.03,web
EVT0501628,2026-10-04 06:33:00,CUST0138,purchase,2.36,mobile
EVT0500541,2026-10-03 12:17:00,CUST0048,refund,0.17,api
EVT0502466,2026-10-03 10:27:00,CUST0976,view,112.42,web
EVT0502382,2026-10-02 16:59:00,CUST0892,view,81.34,web
EVT0501679,2026-10-03 01:59:00,CUST0189,signup,21.23,mobile
EVT0505485,2026-10-09 13:53:43,CUST0007,refund,29.45,api
EVT0505256,2026-10-09 11:02:33,CUST0775,purchase,144.72,web
EVT0500117,2026-10-04 12:53:00,CUST0621,refund,43.29,web
EVT0503713,2026-10-07 02:57:16,CUST0229,refund,173.81,mobile
EVT0500233,2026-10-03 08:28:00,CUST0737,refund,86.21,mobile
EVT0502392,2026-10-04 22:44:00,CUST0902,purchase,85.04,api
EVT0504666,2026-10-08 22:21:53,CUST0185,view,126.42,api
EVT0504315,2026-10-08 12:19:54,CUST0831,signup,196.55,api
EVT0500571,2026-10-03 20:38:00,CUST0078,signup,11.27,api
EVT0500320,2026-10-04 00:47:00,CUST0824,purchase,118.40,mobile
EVT0502842,2026-10-07 05:42:57,CUST0355,view,51.54,api
EVT0501334,2026-10-05 02:06:00,CUST0841,view,93.58,mobile
EVT0505034,2026-10-07 00:15:20,CUST0553,view,62.58,web
EVT0500893,2026-10-03 16:32:00,CUST0400,refund,130.41,mobile
EVT0502358,2026-10-05 18:28:00,CUST0868,view,72.46,web
EVT0502863,2026-10-08 00:57:52,CUST0376,signup,59.31,api
EVT0504062,2026-10-07 04:19:47,CUST0578,view,102.94,web
EVT0504134,2026-10-06 15:38:30,CUST0650,view,129.58,web
EVT0500034,2026-10-03 05:55:00,CUST0538,view,12.58,api
EVT0500603,2026-10-05 06:09:00,CUST0110,signup,23.11,web
EVT0504346,2026-10-09 23:16:11,CUST0862,view,8.02,mobile
EVT0504028,2026-10-09 12:36:55,CUST0544,purchase,90.36,mobile
EVT0504329,2026-10-07 12:42:38,CUST0845,refund,1.73,web
EVT0505683,2026-10-09 14:57:48,CUST0205,signup,102.71,api
EVT0502160,2026-10-03 18:39:00,CUST0670,purchase,199.20,web
EVT0504342,2026-10-08 13:29:49,CUST0858,view,6.54,api
EVT0504673,2026-10-09 10:16:22,CUST0192,refund,129.01,mobile
EVT0502571,2026-10-03 20:46:00,CUST0084,signup,151.27,web
EVT0503915,2026-10-07 03:01:38,CUST0431,signup,48.55,web
EVT0502700,2026-10-06 11:10:31,CUST0213,purchase,199.00,web
EVT0500916,2026-10-04 16:39:00,CUST0423,purchase,138.92,api
EVT0501938,2026-10-03 08:20:00,CUST0448,view,117.06,web
EVT0504130,2026-10-09 20:53:56,CUST0646,view,128.10,mobile
EVT0500232,2026-10-03 11:52:00,CUST0736,purchase,85.84,api
EVT0505410,2026-10-08 09:30:48,CUST0929,view,1.70,api
EVT0505725,2026-10-08 21:22:28,CUST0247,refund,118.25,api
EVT0500375,2026-10-05 01:21:00,CUST0879,signup,138.75,web
EVT0502777,2026-10-09 16:40:24,CUST0290,refund,27.49,mobile
EVT0503959,2026-10-09 01:53:12,CUST0475,signup,64.83,mobile
EVT0502371,2026-10-05 02:20:00,CUST0881,signup,77.27,api
EVT0502941,2026-10-06 22:50:09,CUST0454,refund,88.17,api
EVT0504381,2026-10-06 05:32:35,CUST0897,refund,20.97,api
EVT0501848,2026-10-04 19:16:00,CUST0358,purchase,83.76,web
EVT0501827,2026-10-04 10:31:00,CUST0337,signup,75.99,web
EVT0505093,2026-10-07 18:30:05,CUST0612,refund,84.41,mobile
EVT0505779,2026-10-09 22:11:58,CUST0301,signup,138.23,api
EVT0505560,2026-10-08 03:36:30,CUST0082,purchase,57.20,api
EVT0503506,2026-10-07 19:42:38,CUST0022,view,97.22,mobile
EVT0502980,2026-10-08 01:21:44,CUST0493,purchase,102.60,api
EVT0500616,2026-10-04 17:55:00,CUST0123,purchase,27.92,api
EVT0500881,2026-10-05 09:49:00,CUST0388,refund,125.97,mobile
EVT0505066,2026-10-09 13:23:07,CUST0585,view,74.42,mobile
EVT0501174,2026-10-04 03:40:00,CUST0681,view,34.38,api
EVT0504202,2026-10-08 19:42:21,CUST0718,view,154.74,mobile
EVT0502272,2026-10-03 00:31:00,CUST0782,purchase,40.64,api
EVT0504812,2026-10-09 21:05:33,CUST0331,purchase,180.44,web
EVT0504566,2026-10-07 00:11:19,CUST0085,view,89.42,web
EVT0504316,2026-10-08 10:03:03,CUST0832,purchase,196.92,mobile
EVT0503813,2026-10-09 01:51:38,CUST0329,refund,10.81,web
EVT0504078,2026-10-09 02:55:06,CUST0594,view,108.86,api
EVT0503469,2026-10-08 13:27:23,CUST0982,refund,83.53,api
EVT0501282,2026-10-03 01:17:00,CUST0789,view,74.34,api
EVT0504213,2026-10-06 18:17:19,CUST0729,refund,158.81,api
EVT0503679,2026-10-09 09:05:47,CUST0195,signup,161.23,api
EVT0500418,2026-10-03 16:54:00,CUST0922,view,154.66,api
EVT0504276,2026-10-07 04:59:28,CUST0792,purchase,182.12,api
EVT0504265,2026-10-07 14:07:14,CUST0781,refund,178.05,mobile
EVT0504088,2026-10-07 03:58:46,CUST0604,purchase,112.56,mobile
EVT0503541,2026-10-06 09:48:06,CUST0057,refund,110.17,api
EVT0505306,2026-10-08 11:48:31,CUST0825,view,163.22,mobile
EVT0503353,2026-10-08 14:47:31,CUST0866,refund,40.61,mobile
EVT0503208,2026-10-07 00:59:06,CUST0721,purchase,186.96,api
EVT0503967,2026-10-06 18:49:09,CUST0483,signup,67.79,api
EVT0503143,2026-10-07 12:06:48,CUST0656,signup,162.91,mobile
EVT0504396,2026-10-09 01:37:18,CUST0912,purchase,26.52,api
EVT0503971,2026-10-08 02:19:13,CUST0487,signup,69.27,mobile
EVT0500139,2026-10-04 01:15:00,CUST0643,signup,51.43,api
EVT0500791,2026-10-04 08:58:00,CUST0298,signup,92.67,mobile
EVT0500439,2026-10-04 20:46:00,CUST0943,signup,162.43,api
EVT0502934,2026-10-08 01:43:19,CUST0447,view,85.58,web
EVT0503065,2026-10-10 00:06:21,CUST0578,refund,134.05,mobile
EVT0500503,2026-10-02 14:26:00,CUST0010,signup,186.11,mobile
EVT0502783,2026-10-06 07:07:35,CUST0296,signup,29.71,mobile
EVT0504171,2026-10-09 12:15:53,CUST0687,signup,143.27,api
EVT0500479,2026-10-05 20:34:00,CUST0983,signup,177.23,mobile
EVT0504543,2026-10-06 13:01:53,CUST0062,signup,80.91,api
EVT0505367,2026-10-09 02:46:28,CUST0886,signup,185.79,web
EVT0502923,2026-10-10 02:35:08,CUST0436,signup,81.51,api
EVT0500344,2026-10-04 23:18:00,CUST0848,purchase,127.28,mobile
EVT0505475,2026-10-06 13:58:12,CUST0994,signup,25.75,web
EVT0500867,2026-10-05 17:55:00,CUST0374,signup,120.79,web
EVT0500889,2026-10-03 11:43:00,CUST0396,refund,128.93,api
EVT0503805,2026-10-08 12:00:41,CUST0321,refund,7.85,api
EVT0502105,2026-10-04 22:51:00,CUST0615,refund,178.85,mobile
EVT0505916,2026-10-09 18:25:21,CUST0438,purchase,188.92,web
EVT0503642,2026-10-08 03:14:11,CUST0158,view,147.54,web
EVT0501941,2026-10-04 13:16:00,CUST0451,refund,118.17,web
EVT0500528,2026-10-03 03:38:00,CUST0035,purchase,195.36,web
EVT0501350,2026-10-03 02:23:00,CUST0857,view,99.50,web
EVT0505772,2026-10-09 05:26:26,CUST0294,purchase,135.64,web
EVT0505709,2026-10-06 18:54:48,CUST0231,refund,112.33,web
EVT0503025,2026-10-08 00:48:51,CUST0538,refund,119.25,api
EVT0501129,2026-10-06 01:23:00,CUST0636,refund,17.73,api
EVT0504717,2026-10-09 23:43:46,CUST0236,refund,145.29,api
EVT0502737,2026-10-06 18:12:15,CUST0250,refund,12.69,api
EVT0505233,2026-10-08 22:29:56,CUST0752,refund,136.21,api
EVT0502624,2026-10-06 22:47:29,CUST0137,purchase,170.88,mobile
EVT0501128,2026-10-03 10:07:00,CUST0635,purchase,17.36,web
EVT0500490,2026-10-05 07:31:00,CUST0994,view,181.30,api
EVT0505165,2026-10-08 05:01:22,CUST0684,refund,111.05,mobile
EVT0502650,2026-10-07 02:27:34,CUST0163,view,180.50,api
EVT0504939,2026-10-09 13:34:05,CUST0458,signup,27.43,api
EVT0500209,2026-10-02 20:49:00,CUST0713,refund,77.33,mobile
EVT0505199,2026-10-07 17:51:34,CUST0718,signup,123.63,web
EVT0502250,2026-10-03 03:17:00,CUST0760,view,32.50,web
EVT0502473,2026-10-02 14:56:00,CUST0983,refund,115.01,api
EVT0503764,2026-10-07 00:57:55,CUST0280,purchase,192.68,mobile
EVT0505828,2026-10-09 21:35:42,CUST0350,purchase,156.36,mobile
EVT0500290,2026-10-02 16:26:00,CUST0794,view,107.30,mobile
EVT0505449,2026-10-08 06:48:48,CUST0968,refund,16.13,api
EVT0503868,2026-10-08 12:05:03,CUST0384,purchase,31.16,api
EVT0500273,2026-10-04 21:05:00,CUST0777,refund,101.01,web
EVT0501001,2026-10-06 01:27:00,CUST0508,refund,170.37,mobile
EVT0503871,2026-10-08 16:35:51,CUST0387,signup,32.27,api
EVT0503902,2026-10-06 19:28:17,CUST0418,view,43.74,mobile
EVT0500726,2026-10-04 16:08:00,CUST0233,view,68.62,web
EVT0501197,2026-10-03 14:19:00,CUST0704,refund,42.89,web
EVT0503078,2026-10-08 05:49:32,CUST0591,view,138.86,web
EVT0505420,2026-10-06 08:03:29,CUST0939,purchase,5.40,mobile
EVT0505183,2026-10-07 13:45:17,CUST0702,signup,117.71,mobile
EVT0502384,2026-10-03 20:45:00,CUST0894,purchase,82.08,mobile
EVT0503586,2026-10-06 14:34:58,CUST0102,view,126.82,api
EVT0503980,2026-10-08 11:31:21,CUST0496,purchase,72.60,mobile
EVT0501865,2026-10-05 08:24:00,CUST0375,refund,90.05,mobile
EVT0501360,2026-10-04 19:52:00,CUST0867,purchase,103.20,api
EVT0500280,2026-10-04 03:44:00,CUST0784,purchase,103.60,api
EVT0505316,2026-10-07 00:46:48,CUST0835,purchase,166.92,web
EVT0500527,2026-10-02 12:50:00,CUST0034,signup,194.99,mobile
EVT0504034,2026-10-07 10:51:07,CUST0550,view,92.58,mobile
EVT0505531,2026-10-07 19:00:35,CUST0053,signup,46.47,mobile
EVT0500516,2026-10-03 01:26:00,CUST0023,purchase,190.92,web
EVT0504139,2026-10-08 22:16:41,CUST0655,signup,131.43,mobile
EVT0501428,2026-10-05 09:38:00,CUST0935,purchase,128.36,web
EVT0500537,2026-10-04 19:57:00,CUST0044,refund,198.69,web
EVT0503818,2026-10-09 00:32:32,CUST0334,view,12.66,mobile
EVT0500674,2026-10-04 00:50:00,CUST0181,view,49.38,mobile
EVT0500431,2026-10-05 21:31:00,CUST0935,signup,159.47,mobile
EVT0501762,2026-10-05 23:21:00,CUST0272,view,51.94,api
EVT0504103,2026-10-06 10:21:25,CUST0619,signup,118.11,mobile
EVT0502814,2026-10-08 15:54:02,CUST0327,view,41.18,web
EVT0500215,2026-10-05 00:34:00,CUST0719,signup,79.55,mobile
EVT0501007,2026-10-02 10:00:00,CUST0514,signup,172.59,mobile
EVT0504530,2026-10-06 10:55:05,CUST0049,view,76.10,web
EVT0505355,2026-10-07 15:16:25,CUST0874,signup,181.35,web
EVT0503684,2026-10-06 15:27:58,CUST0200,purchase,163.08,web
EVT0502158,2026-10-03 08:22:00,CUST0668,view,198.46,api
EVT0502038,2026-10-02 14:25:00,CUST0548,view,154.06,api
EVT0501436,2026-10-04 00:06:00,CUST0943,purchase,131.32,mobile
EVT0503655,2026-10-09 09:39:54,CUST0171,signup,152.35,api
EVT0503175,2026-10-09 10:18:53,CUST0688,signup,174.75,api
EVT0501729,2026-10-04 09:21:00,CUST0239,refund,39.73,api
EVT0505407,2026-10-07 16:21:22,CUST0926,signup,0.59,api
EVT0502659,2026-10-08 05:23:19,CUST0172,signup,183.83,api
EVT0502873,2026-10-07 06:05:31,CUST0386,refund,63.01,mobile
EVT0505744,2026-10-09 06:10:07,CUST0266,purchase,125.28,mobile
EVT0503104,2026-10-09 16:00:55,CUST0617,purchase,148.48,mobile
EVT0502792,2026-10-07 18:22:12,CUST0305,purchase,33.04,mobile
EVT0500480,2026-10-03 18:53:00,CUST0984,purchase,177.60,web
EVT0504354,2026-10-08 07:37:53,CUST0870,view,10.98,api
EVT0505703,2026-10-09 05:03:08,CUST0225,signup,110.11,web
EVT0503034,2026-10-08 05:59:50,CUST0547,view,122.58,api
EVT0503828,2026-10-08 13:51:19,CUST0344,purchase,16.36,web
EVT0500103,2026-10-04 22:42:00,CUST0607,signup,38.11,api
EVT0500309,2026-10-02 23:10:00,CUST0813,refund,114.33,web
EVT0504587,2026-10-08 20:13:43,CUST0106,signup,97.19,web
EVT0504602,2026-10-09 05:30:05,CUST0121,view,102.74,web
EVT0501851,2026-10-03 22:09:00,CUST0361,signup,84.87,web
EVT0501578,2026-10-02 11:27:00,CUST0088,view,183.86,web
EVT0505106,2026-10-10 02:47:35,CUST0625,view,89.22,web
EVT0500422,2026-10-03 03:33:00,CUST0926,view,156.14,mobile
EVT0505038,2026-10-07 13:25:35,CUST0557,view,64.06,api
EVT0500742,2026-10-03 10:07:00,CUST0249,view,74.54,api
EVT0504942,2026-10-08 10:27:04,CUST0461,view,28.54,api
EVT0500310,2026-10-06 00:27:00,CUST0814,view,114.70,api
EVT0503455,2026-10-08 22:46:07,CUST0968,signup,78.35,mobile
EVT0502082,2026-10-04 01:59:00,CUST0592,view,170.34,web
EVT0503992,2026-10-09 02:37:31,CUST0508,purchase,77.04,mobile
EVT0501189,2026-10-04 14:03:00,CUST0696,refund,39.93,api
EVT0504726,2026-10-08 18:18:16,CUST0245,view,148.62,api
EVT0500382,2026-10-02 20:05:00,CUST0886,view,141.34,api
EVT0505863,2026-10-07 10:05:14,CUST0385,signup,169.31,api
EVT0502208,2026-10-05 20:13:00,CUST0718,purchase,16.96,web
EVT0504817,2026-10-08 22:14:19,CUST0336,refund,182.29,mobile
EVT0500207,2026-10-06 02:34:00,CUST0711,signup,76.59,web
EVT0500798,2026-10-06 01:14:00,CUST0305,view,95.26,web
EVT0503058,2026-10-07 19:48:27,CUST0571,view,131.46,api
EVT0504800,2026-10-08 15:46:00,CUST0319,purchase,176.00,web
EVT0500474,2026-10-04 04:24:00,CUST0978,view,175.38,web
EVT0505228,2026-10-07 19:25:48,CUST0747,purchase,134.36,mobile
EVT0503193,2026-10-07 16:26:52,CUST0706,refund,181.41,api
EVT0505933,2026-10-08 16:23:43,CUST0455,refund,195.21,mobile
EVT0504163,2026-10-09 11:38:43,CUST0679,signup,140.31,mobile
EVT0501981,2026-10-02 09:55:00,CUST0491,refund,132.97,api
EVT0505277,2026-10-08 03:23:43,CUST0796,refund,152.49,web
EVT0503769,2026-10-07 22:11:06,CUST0285,refund,194.53,api
EVT0503731,2026-10-07 05:33:33,CUST0247,signup,180.47,mobile
EVT0502785,2026-10-09 18:17:32,CUST0298,refund,30.45,api
EVT0502577,2026-10-04 18:39:00,CUST0090,refund,153.49,web
EVT0503022,2026-10-08 00:23:22,CUST0535,view,118.14,api
EVT0503872,2026-10-08 08:05:03,CUST0388,purchase,32.64,mobile
EVT0503269,2026-10-08 08:16:40,CUST0782,refund,9.53,mobile
EVT0505708,2026-10-06 07:46:45,CUST0230,purchase,111.96,mobile
EVT0501546,2026-10-06 00:33:00,CUST0056,view,172.02,api
EVT0504451,2026-10-08 18:07:56,CUST0967,signup,46.87,mobile
EVT0503389,2026-10-07 09:13:12,CUST0902,refund,53.93,mobile
EVT0504936,2026-10-08 00:10:58,CUST0455,purchase,26.32,api
EVT0501190,2026-10-04 00:47:00,CUST0697,view,40.30,mobile
EVT0504126,2026-10-09 03:37:21,CUST0642,view,126.62,api
EVT0500453,2026-10-02 18:18:00,CUST0957,refund,167.61,web
EVT0502312,2026-10-03 17:02:00,CUST0822,purchase,55.44,mobile
EVT0502062,2026-10-03 21:22:00,CUST0572,view,162.94,api
EVT0500910,2026-10-03 06:58:00,CUST0417,view,136.70,api
EVT0500385,2026-10-03 02:43:00,CUST0889,refund,142.45,api
EVT0503972,2026-10-08 01:26:20,CUST0488,purchase,69.64,web
EVT0501201,2026-10-05 17:28:00,CUST0708,refund,44.37,api
EVT0502436,2026-10-04 18:17:00,CUST0946,purchase,101.32,web
EVT0505867,2026-10-08 03:50:48,CUST0389,signup,170.79,mobile
EVT0500401,2026-10-04 09:06:00,CUST0905,refund,148.37,mobile
EVT0504401,2026-10-06 06:09:00,CUST0917,refund,28.37,web
EVT0504180,2026-10-07 02:25:45,CUST0696,purchase,146.60,api
EVT0504840,2026-10-09 05:49:22,CUST0359,purchase,190.80,api
EVT0503085,2026-10-09 19:27:03,CUST0598,refund,141.45,api
EVT0505726,2026-10-09 19:38:26,CUST0248,view,118.62,mobile
EVT0501731,2026-10-05 21:56:00,CUST0241,signup,40.47,web
EVT0500161,2026-10-02 12:23:00,CUST0665,refund,59.57,mobile
EVT0503184,2026-10-09 03:02:54,CUST0697,purchase,178.08,api
EVT0503711,2026-10-07 22:10:46,CUST0227,signup,173.07,web
EVT0502510,2026-10-02 18:01:00,CUST0023,view,128.70,mobile
EVT0504418,2026-10-07 07:49:38,CUST0934,view,34.66,mobile
EVT0503974,2026-10-07 20:55:09,CUST0490,view,70.38,mobile
EVT0500550,2026-10-02 03:35:00,CUST0057,view,3.50,api
EVT0502083,2026-10-02 20:29:00,CUST0593,signup,170.71,api
EVT0501562,2026-10-04 02:49:00,CUST0072,view,177.94,mobile
EVT0501634,2026-10-04 00:43:00,CUST0144,view,4.58,mobile
EVT0505946,2026-10-06 23:37:41,CUST0468,view,0.02,web
EVT0505064,2026-10-08 10:20:36,CUST0583,purchase,73.68,web
EVT0504058,2026-10-09 05:37:27,CUST0574,view,101.46,mobile
EVT0503195,2026-10-07 05:38:19,CUST0708,signup,182.15,web
EVT0503168,2026-10-08 12:57:52,CUST0681,purchase,172.16,web
EVT0501761,2026-10-05 07:28:00,CUST0271,refund,51.57,web
EVT0505172,2026-10-08 14:17:16,CUST0691,purchase,113.64,web
EVT0502393,2026-10-02 15:46:00,CUST0903,refund,85.41,mobile
EVT0500877,2026-10-03 17:27:00,CUST0384,refund,124.49,api
EVT0504447,2026-10-06 04:44:34,CUST0963,signup,45.39,api
EVT0503401,2026-10-07 14:41:52,CUST0914,refund,58.37,mobile
EVT0501274,2026-10-04 20:27:00,CUST0781,view,71.38,mobile
EVT0500609,2026-10-02 21:49:00,CUST0116,refund,25.33,web
EVT0500587,2026-10-02 22:16:00,CUST0094,signup,17.19,mobile
EVT0505711,2026-10-09 22:15:42,CUST0233,signup,113.07,mobile
EVT0501841,2026-10-03 22:00:00,CUST0351,refund,81.17,mobile
EVT0502308,2026-10-04 10:26:00,CUST0818,purchase,53.96,api
EVT0500181,2026-10-03 19:57:00,CUST0685,refund,66.97,api
EVT0501528,2026-10-04 04:25:00,CUST0038,purchase,165.36,api
EVT0503445,2026-10-08 20:01:47,CUST0958,refund,74.65,api
EVT0501922,2026-10-02 21:12:00,CUST0432,view,111.14,mobile
EVT0505081,2026-10-07 18:22:08,CUST0600,refund,79.97,mobile
EVT0504892,2026-10-09 04:32:24,CUST0411,purchase,10.04,mobile
EVT0505104,2026-10-08 09:27:02,CUST0623,purchase,88.48,api
EVT0501317,2026-10-03 09:07:00,CUST0824,refund,87.29,web
EVT0502609,2026-10-08 12:05:16,CUST0122,refund,165.33,mobile
EVT0500238,2026-10-05 21:15:00,CUST0742,view,88.06,api
EVT0505361,2026-10-06 22:08:35,CUST0880,refund,183.57,web
EVT0501389,2026-10-04 00:54:00,CUST0896,refund,113.93,web
EVT0504452,2026-10-09 02:00:56,CUST0968,purchase,47.24,web
EVT0505005,2026-10-08 09:36:46,CUST0524,refund,51.85,api
EVT0504596,2026-10-06 11:10:39,CUST0115,purchase,100.52,web
EVT0500080,2026-10-04 13:54:00,CUST0584,purchase,29.60,mobile
EVT0500296,2026-10-06 00:27:00,CUST0800,purchase,109.52,mobile
EVT0503164,2026-10-09 13:13:21,CUST0677,purchase,170.68,mobile
EVT0503431,2026-10-07 05:35:03,CUST0944,signup,69.47,mobile
EVT0503962,2026-10-09 04:58:31,CUST0478,view,65.94,mobile
EVT0505733,2026-10-07 14:49:47,CUST0255,refund,121.21,web
EVT0502925,2026-10-07 21:40:32,CUST0438,refund,82.25,web
EVT0505704,2026-10-08 06:08:08,CUST0226,purchase,110.48,api
EVT0505090,2026-10-09 03:24:42,CUST0609,view,83.30,mobile
EVT0504275,2026-10-07 20:01:15,CUST0791,signup,181.75,web
EVT0500907,2026-10-05 08:18:00,CUST0414,signup,135.59,api
EVT0500920,2026-10-02 07:20:00,CUST0427,purchase,140.40,mobile
EVT0500062,2026-10-05 08:21:00,CUST0566,view,22.94,mobile
EVT0504829,2026-10-07 20:52:59,CUST0348,refund,186.73,mobile
EVT0501178,2026-10-05 23:07:00,CUST0685,view,35.86,mobile
EVT0505386,2026-10-07 07:27:20,CUST0905,view,192.82,api
EVT0503374,2026-10-06 16:09:05,CUST0887,view,48.38,mobile
EVT0503886,2026-10-06 11:35:29,CUST0402,view,37.82,api
EVT0500897,2026-10-02 10:48:00,CUST0404,refund,131.89,web
EVT0505756,2026-10-06 07:52:16,CUST0278,purchase,129.72,mobile
EVT0500386,2026-10-03 12:43:00,CUST0890,view,142.82,mobile
EVT0504330,2026-10-06 21:11:04,CUST0846,view,2.10,api
EVT0504203,2026-10-07 20:29:24,CUST0719,signup,155.11,web
EVT0502710,2026-10-07 09:44:08,CUST0223,view,2.70,api
EVT0502511,2026-10-02 08:40:00,CUST0024,signup,129.07,web
EVT0501336,2026-10-03 02:17:00,CUST0843,purchase,94.32,api
EVT0501221,2026-10-04 00:33:00,CUST0728,refund,51.77,web
EVT0504119,2026-10-07 04:24:01,CUST0635,signup,124.03,web
EVT0505597,2026-10-08 03:43:03,CUST0119,refund,70.89,mobile
EVT0500405,2026-10-05 03:18:00,CUST0909,refund,149.85,web
EVT0504497,2026-10-08 16:08:49,CUST0016,refund,63.89,web
EVT0501022,2026-10-02 10:53:00,CUST0529,view,178.14,mobile
EVT0500010,2026-10-04 17:00:00,CUST0514,view,3.70,api
EVT0502706,2026-10-07 13:09:58,CUST0219,view,1.22,web
EVT0500144,2026-10-03 22:20:00,CUST0648,purchase,53.28,web
EVT0501594,2026-10-02 13:49:00,CUST0104,view,189.78,api
EVT0500348,2026-10-04 00:51:00,CUST0852,purchase,128.76,web
EVT0504434,2026-10-08 09:05:30,CUST0950,view,40.58,web
EVT0501789,2026-10-06 02:39:00,CUST0299,refund,61.93,api
EVT0505027,2026-10-08 07:22:25,CUST0546,signup,59.99,mobile
EVT0503958,2026-10-07 02:06:15,CUST0474,view,64.46,api
EVT0503628,2026-10-10 01:32:08,CUST0144,purchase,142.36,api
EVT0500815,2026-10-02 10:19:00,CUST0322,signup,101.55,mobile
EVT0501058,2026-10-04 11:44:00,CUST0565,view,191.46,mobile
EVT0501933,2026-10-04 06:28:00,CUST0443,refund,115.21,api
EVT0502374,2026-10-05 03:32:00,CUST0884,view,78.38,api
EVT0502858,2026-10-06 08:12:14,CUST0371,view,57.46,mobile
EVT0502381,2026-10-05 20:57:00,CUST0891,refund,80.97,mobile
EVT0504376,2026-10-07 04:25:20,CUST0892,purchase,19.12,mobile
EVT0502729,2026-10-06 15:52:16,CUST0242,refund,9.73,mobile
EVT0505216,2026-10-08 22:24:39,CUST0735,purchase,129.92,mobile
EVT0503323,2026-10-10 00:41:50,CUST0836,signup,29.51,mobile
EVT0502739,2026-10-09 23:01:29,CUST0252,signup,13.43,web
EVT0502661,2026-10-06 20:27:28,CUST0174,refund,184.57,web
EVT0504556,2026-10-09 17:49:09,CUST0075,purchase,85.72,mobile
EVT0500366,2026-10-02 11:09:00,CUST0870,view,135.42,web
EVT0505619,2026-10-08 18:52:44,CUST0141,signup,79.03,web
EVT0505522,2026-10-09 04:15:53,CUST0044,view,43.14,mobile
EVT0500081,2026-10-05 18:51:00,CUST0585,refund,29.97,web
EVT0505870,2026-10-06 12:07:01,CUST0392,view,171.90,mobile
EVT0503774,2026-10-09 10:32:00,CUST0290,view,196.38,web
EVT0504427,2026-10-06 06:26:44,CUST0943,signup,37.99,mobile
EVT0502578,2026-10-04 10:35:00,CUST0091,view,153.86,api
EVT0501711,2026-10-05 21:46:00,CUST0221,signup,33.07,api
EVT0505809,2026-10-09 10:25:48,CUST0331,refund,149.33,api
EVT0502502,2026-10-04 05:44:00,CUST0015,view,125.74,web
EVT0502907,2026-10-06 11:10:57,CUST0420,signup,75.59,web
EVT0504439,2026-10-09 05:25:26,CUST0955,signup,42.43,mobile
EVT0501276,2026-10-05 22:08:00,CUST0783,purchase,72.12,api
EVT0503874,2026-10-09 13:50:16,CUST0390,view,33.38,api
EVT0501705,2026-10-05 06:24:00,CUST0215,refund,30.85,api
EVT0505945,2026-10-07 03:56:39,CUST0467,refund,199.65,mobile
EVT0502670,2026-10-09 12:02:03,CUST0183,view,187.90,web
EVT0500667,2026-10-03 23:16:00,CUST0174,signup,46.79,api
EVT0502563,2026-10-04 18:15:00,CUST0076,signup,148.31,api
EVT0504708,2026-10-07 20:02:14,CUST0227,purchase,141.96,api
EVT0503439,2026-10-08 03:06:42,CUST0952,signup,72.43,api
EVT0502890,2026-10-09 13:56:52,CUST0403,view,69.30,api
EVT0505499,2026-10-06 16:34:07,CUST0021,signup,34.63,web
EVT0503578,2026-10-07 07:55:23,CUST0094,view,123.86,mobile
EVT0500112,2026-10-03 23:13:00,CUST0616,purchase,41.44,api
EVT0500005,2026-10-06 01:16:00,CUST0509,refund,1.85,mobile
EVT0502213,2026-10-04 02:52:00,CUST0723,refund,18.81,mobile
EVT0500982,2026-10-04 22:30:00,CUST0489,view,163.34,api
EVT0500720,2026-10-03 01:50:00,CUST0227,purchase,66.40,web
EVT0501322,2026-10-05 08:58:00,CUST0829,view,89.14,mobile
EVT0502000,2026-10-03 07:18:00,CUST0510,purchase,140.00,mobile
EVT0503079,2026-10-08 03:02:37,CUST0592,signup,139.23,api
EVT0503217,2026-10-09 02:37:39,CUST0730,refund,190.29,api
EVT0501222,2026-10-03 15:49:00,CUST0729,view,52.14,api
EVT0500101,2026-10-03 18:59:00,CUST0605,refund,37.37,mobile
EVT0502712,2026-10-10 01:01:50,CUST0225,purchase,3.44,web
EVT0505693,2026-10-07 01:56:22,CUST0215,refund,106.41,mobile
EVT0502322,2026-10-03 04:27:00,CUST0832,view,59.14,web
EVT0502926,2026-10-08 22:55:39,CUST0439,view,82.62,api
EVT0504023,2026-10-07 13:51:42,CUST0539,signup,88.51,web
EVT0501843,2026-10-05 01:45:00,CUST0353,signup,81.91,api
EVT0504618,2026-10-06 11:01:26,CUST0137,view,108.66,api
EVT0501494,2026-10-02 07:14:00,CUST0004,view,152.78,web
EVT0502328,2026-10-02 11:46:00,CUST0838,purchase,61.36,web
EVT0503390,2026-10-08 17:14:00,CUST0903,view,54.30,web
EVT0504177,2026-10-08 12:31:10,CUST0693,refund,145.49,api
EVT0502841,2026-10-07 22:55:38,CUST0354,refund,51.17,web
EVT0501685,2026-10-02 22:37:00,CUST0195,refund,23.45,mobile
EVT0500178,2026-10-04 19:53:00,CUST0682,view,65.86,api
EVT0502570,2026-10-05 20:27:00,CUST0083,view,150.90,mobile
EVT0502318,2026-10-05 17:41:00,CUST0828,view,57.66,mobile
EVT0502713,2026-10-06 18:06:25,CUST0226,refund,3.81,api
EVT0502618,2026-10-07 18:49:14,CUST0131,view,168.66,mobile
EVT0501548,2026-10-03 14:38:00,CUST0058,purchase,172.76,web
EVT0503906,2026-10-09 09:06:40,CUST0422,view,45.22,web
EVT0501430,2026-10-03 08:20:00,CUST0937,view,129.10,mobile
EVT0501689,2026-10-04 15:52:00,CUST0199,refund,24.93,web
EVT0501737,2026-10-03 13:32:00,CUST0247,refund,42.69,web
EVT0501547,2026-10-03 09:45:00,CUST0057,signup,172.39,mobile
EVT0503694,2026-10-09 13:32:12,CUST0210,view,166.78,api
EVT0500534,2026-10-03 14:26:00,CUST0041,view,197.58,web
EVT0501776,2026-10-04 00:35:00,CUST0286,purchase,57.12,web
EVT0500784,2026-10-05 20:11:00,CUST0291,purchase,90.08,api
EVT0501641,2026-10-04 12:18:00,CUST0151,refund,7.17,web
EVT0505187,2026-10-09 04:08:24,CUST0706,signup,119.19,web
EVT0500163,2026-10-04 09:56:00,CUST0667,signup,60.31,api
EVT0504580,2026-10-06 20:29:14,CUST0099,purchase,94.60,mobile
EVT0505401,2026-10-08 20:48:10,CUST0920,refund,198.37,api
EVT0502189,2026-10-05 07:01:00,CUST0699,refund,9.93,mobile
EVT0501461,2026-10-03 12:35:00,CUST0968,refund,140.57,web
EVT0503024,2026-10-08 04:57:07,CUST0537,purchase,118.88,web
EVT0502693,2026-10-08 04:35:32,CUST0206,refund,196.41,mobile
EVT0502490,2026-10-05 22:58:00,CUST0003,view,121.30,web
EVT0505260,2026-10-06 11:57:15,CUST0779,purchase,146.20,api
EVT0500536,2026-10-05 15:14:00,CUST0043,purchase,198.32,mobile
EVT0500951,2026-10-03 16:15:00,CUST0458,signup,151.87,web
EVT0503849,2026-10-08 16:45:47,CUST0365,refund,24.13,web
EVT0502122,2026-10-03 14:30:00,CUST0632,view,185.14,api
EVT0504474,2026-10-09 01:06:38,CUST0990,view,55.38,api
EVT0502426,2026-10-04 19:30:00,CUST0936,view,97.62,mobile
EVT0502304,2026-10-03 10:11:00,CUST0814,purchase,52.48,web
EVT0503011,2026-10-06 17:36:53,CUST0524,signup,114.07,mobile
EVT0503204,2026-10-08 14:55:58,CUST0717,purchase,185.48,web
EVT0501310,2026-10-05 14:52:00,CUST0817,view,84.70,mobile
EVT0501438,2026-10-02 11:10:00,CUST0945,view,132.06,api
EVT0500394,2026-10-03 06:10:00,CUST0898,view,145.78,api
EVT0504575,2026-10-07 10:32:28,CUST0094,signup,92.75,web
EVT0505948,2026-10-06 17:03:05,CUST0470,purchase,0.76,mobile
EVT0501502,2026-10-06 00:10:00,CUST0012,view,155.74,mobile
EVT0500228,2026-10-02 07:40:00,CUST0732,purchase,84.36,web
EVT0503552,2026-10-07 09:37:19,CUST0068,purchase,114.24,web
EVT0500095,2026-10-03 22:02:00,CUST0599,signup,35.15,mobile
EVT0504426,2026-10-06 16:24:17,CUST0942,view,37.62,api
EVT0501698,2026-10-03 05:10:00,CUST0208,view,28.26,web
EVT0504925,2026-10-08 20:52:34,CUST0444,refund,22.25,mobile
EVT0503498,2026-10-07 21:20:23,CUST0014,view,94.26,web
EVT0501834,2026-10-04 14:39:00,CUST0344,view,78.58,api
EVT0504889,2026-10-08 15:39:28,CUST0408,refund,8.93,mobile
EVT0500794,2026-10-05 01:36:00,CUST0301,view,93.78,mobile
EVT0504345,2026-10-08 05:33:02,CUST0861,refund,7.65,api
EVT0501216,2026-10-03 10:35:00,CUST0723,purchase,49.92,api
EVT0502181,2026-10-05 08:14:00,CUST0691,refund,6.97,web
EVT0503368,2026-10-06 19:29:17,CUST0881,purchase,46.16,mobile
EVT0502705,2026-10-07 00:09:23,CUST0218,refund,0.85,mobile
EVT0500350,2026-10-03 04:01:00,CUST0854,view,129.50,mobile
EVT0505664,2026-10-08 22:54:08,CUST0186,purchase,95.68,web
EVT0505467,2026-10-08 00:40:09,CUST0986,signup,22.79,api
EVT0505301,2026-10-09 18:54:53,CUST0820,refund,161.37,web
EVT0501879,2026-10-05 02:27:00,CUST0389,signup,95.23,api
EVT0501115,2026-10-02 06:16:00,CUST0622,signup,12.55,mobile
EVT0504841,2026-10-09 10:21:34,CUST0360,refund,191.17,mobile
EVT0501408,2026-10-03 05:22:00,CUST0915,purchase,120.96,api
EVT0503358,2026-10-06 19:30:07,CUST0871,view,42.46,api
EVT0501794,2026-10-05 16:38:00,CUST0304,view,63.78,web
EVT0501925,2026-10-04 08:37:00,CUST0435,refund,112.25,mobile
EVT0501751,2026-10-02 16:10:00,CUST0261,signup,47.87,mobile
EVT0502366,2026-10-05 18:03:00,CUST0876,view,75.42,mobile
EVT0502320,2026-10-04 16:18:00,CUST0830,purchase,58.40,api
EVT0504333,2026-10-07 18:24:54,CUST0849,refund,3.21,api
EVT0501230,2026-10-04 23:52:00,CUST0737,view,55.10,web
EVT0502966,2026-10-08 05:24:13,CUST0479,view,97.42,mobile
EVT0501831,2026-10-05 16:23:00,CUST0341,signup,77.47,api
EVT0502959,2026-10-08 23:52:33,CUST0472,signup,94.83,api
EVT0505248,2026-10-08 06:22:44,CUST0767,purchase,141.76,api
EVT0501053,2026-10-05 05:09:00,CUST0560,refund,189.61,web
EVT0504114,2026-10-09 13:46:09,CUST0630,view,122.18,api
EVT0502431,2026-10-04 17:10:00,CUST0941,signup,99.47,api
EVT0503010,2026-10-07 08:24:40,CUST0523,view,113.70,api
EVT0504113,2026-10-06 13:55:20,CUST0629,refund,121.81,web
EVT0502340,2026-10-03 04:18:00,CUST0850,purchase,65.80,web
EVT0502616,2026-10-09 02:31:51,CUST0129,purchase,167.92,web
EVT0500449,2026-10-03 18:42:00,CUST0953,refund,166.13,mobile
EVT0500395,2026-10-04 06:03:00,CUST0899,signup,146.15,mobile
EVT0503939,2026-10-07 12:22:10,CUST0455,signup,57.43,web
EVT0505836,2026-10-09 01:19:22,CUST0358,purchase,159.32,api
EVT0500466,2026-10-02 07:41:00,CUST0970,view,172.42,api
EVT0505383,2026-10-08 14:52:46,CUST0902,signup,191.71,api
EVT0501666,2026-10-05 19:46:00,CUST0176,view,16.42,api
EVT0504662,2026-10-07 06:23:44,CUST0181,view,124.94,web
EVT0503933,2026-10-09 12:55:01,CUST0449,refund,55.21,web
EVT0502621,2026-10-08 23:22:24,CUST0134,refund,169.77,mobile
EVT0505217,2026-10-07 15:41:17,CUST0736,refund,130.29,web
EVT0503817,2026-10-08 20:10:49,CUST0333,refund,12.29,api
EVT0500604,2026-10-02 13:50:00,CUST0111,purchase,23.48,api
EVT0502678,2026-10-08 01:35:18,CUST0191,view,190.86,mobile
EVT0500585,2026-10-05 02:40:00,CUST0092,refund,16.45,web
EVT0502260,2026-10-05 04:50:00,CUST0770,purchase,36.20,api
EVT0500027,2026-10-03 02:41:00,CUST0531,signup,9.99,web
EVT0500399,2026-10-04 07:04:00,CUST0903,signup,147.63,web
EVT0502287,2026-10-04 13:48:00,CUST0797,signup,46.19,api
EVT0503845,2026-10-08 08:53:19,CUST0361,refund,22.65,mobile
EVT0504597,2026-10-08 02:11:53,CUST0116,refund,100.89,api
EVT0502667,2026-10-06 15:53:02,CUST0180,signup,186.79,web
EVT0501223,2026-10-03 17:55:00,CUST0730,signup,52.51,mobile
EVT0501119,2026-10-05 17:04:00,CUST0626,signup,14.03,web
EVT0504872,2026-10-06 04:39:24,CUST0391,purchase,2.64,web
EVT0501819,2026-10-03 09:05:00,CUST0329,signup,73.03,api
EVT0504924,2026-10-09 18:06:27,CUST0443,purchase,21.88,api
EVT0502061,2026-10-02 23:04:00,CUST0571,refund,162.57,web
EVT0500896,2026-10-05 17:46:00,CUST0403,purchase,131.52,mobile
EVT0500179,2026-10-06 01:25:00,CUST0683,signup,66.23,mobile
EVT0504621,2026-10-08 07:09:34,CUST0140,refund,109.77,api
EVT0503376,2026-10-08 01:55:20,CUST0889,purchase,49.12,api
EVT0501397,2026-10-02 05:27:00,CUST0904,refund,116.89,mobile
EVT0501273,2026-10-05 17:30:00,CUST0780,refund,71.01,api
EVT0503403,2026-10-07 01:47:36,CUST0916,signup,59.11,api
EVT0503127,2026-10-10 03:32:43,CUST0640,signup,156.99,api
EVT0505615,2026-10-07 21:34:22,CUST0137,signup,77.55,mobile
EVT0500445,2026-10-02 08:52:00,CUST0949,refund,164.65,api
EVT0502836,2026-10-09 13:29:28,CUST0349,purchase,49.32,api
EVT0502072,2026-10-04 03:03:00,CUST0582,purchase,166.64,mobile
EVT0501610,2026-10-02 17:37:00,CUST0120,view,195.70,mobile
EVT0504888,2026-10-09 09:52:40,CUST0407,purchase,8.56,api
EVT0505954,2026-10-06 09:52:13,CUST0476,view,2.98,mobile
EVT0500373,2026-10-05 03:12:00,CUST0877,refund,138.01,api
EVT0501740,2026-10-04 15:21:00,CUST0250,purchase,43.80,web
EVT0504635,2026-10-07 13:04:03,CUST0154,signup,114.95,web
EVT0500251,2026-10-05 16:45:00,CUST0755,signup,92.87,mobile
EVT0505454,2026-10-06 09:16:23,CUST0973,view,17.98,web
EVT0501818,2026-10-04 14:23:00,CUST0328,view,72.66,web
EVT0505824,2026-10-09 05:39:02,CUST0346,purchase,154.88,api
EVT0503725,2026-10-08 09:35:40,CUST0241,refund,178.25,mobile
EVT0503426,2026-10-07 20:46:14,CUST0939,view,67.62,web
EVT0503660,2026-10-07 12:02:33,CUST0176,purchase,154.20,web
EVT0501124,2026-10-05 01:56:00,CUST0631,purchase,15.88,mobile
EVT0504367,2026-10-08 15:10:37,CUST0883,signup,15.79,mobile
EVT0500285,2026-10-05 23:43:00,CUST0789,refund,105.45,web
EVT0503260,2026-10-08 12:43:37,CUST0773,purchase,6.20,mobile
EVT0500719,2026-10-02 22:32:00,CUST0226,signup,66.03,mobile
EVT0502559,2026-10-02 06:58:00,CUST0072,signup,146.83,web
EVT0502948,2026-10-09 22:10:38,CUST0461,purchase,90.76,mobile
EVT0503267,2026-10-08 15:30:21,CUST0780,signup,8.79,web
EVT0505014,2026-10-06 13:51:01,CUST0533,view,55.18,api
EVT0500227,2026-10-05 21:44:00,CUST0731,signup,83.99,mobile
EVT0500582,2026-10-05 06:12:00,CUST0089,view,15.34,web
EVT0505532,2026-10-10 00:49:42,CUST0054,purchase,46.84,web
EVT0501080,2026-10-05 01:33:00,CUST0587,purchase,199.60,web
EVT0505850,2026-10-07 09:19:53,CUST0372,view,164.50,web
EVT0502405,2026-10-02 15:53:00,CUST0915,refund,89.85,mobile
EVT0503123,2026-10-08 02:23:28,CUST0636,signup,155.51,web
EVT0501800,2026-10-02 19:32:00,CUST0310,purchase,66.00,web
EVT0502424,2026-10-02 14:25:00,CUST0934,purchase,96.88,web
EVT0505600,2026-10-06 15:02:51,CUST0122,purchase,72.00,mobile
EVT0500313,2026-10-03 21:33:00,CUST0817,refund,115.81,api
EVT0501036,2026-10-02 16:08:00,CUST0543,purchase,183.32,api
EVT0503838,2026-10-09 04:22:20,CUST0354,view,20.06,api
EVT0501654,2026-10-03 07:33:00,CUST0164,view,11.98,api
EVT0502949,2026-10-08 16:27:30,CUST0462,refund,91.13,web
EVT0503173,2026-10-08 23:17:12,CUST0686,refund,174.01,mobile
EVT0501702,2026-10-05 05:20:00,CUST0212,view,29.74,api
EVT0500278,2026-10-04 11:05:00,CUST0782,view,102.86,mobile
EVT0500478,2026-10-03 16:52:00,CUST0982,view,176.86,api
EVT0505676,2026-10-09 01:03:29,CUST0198,purchase,100.12,web
EVT0505180,2026-10-06 23:22:17,CUST0699,purchase,116.60,mobile
EVT0500634,2026-10-04 02:57:00,CUST0141,view,34.58,api
EVT0505059,2026-10-07 13:24:26,CUST0578,signup,71.83,api
EVT0501244,2026-10-05 00:56:00,CUST0751,purchase,60.28,mobile
EVT0505659,2026-10-06 04:58:13,CUST0181,signup,93.83,api
EVT0505391,2026-10-08 21:15:35,CUST0910,signup,194.67,web
EVT0501644,2026-10-04 03:20:00,CUST0154,purchase,8.28,web
EVT0502349,2026-10-03 16:16:00,CUST0859,refund,69.13,web
EVT0502852,2026-10-07 07:13:07,CUST0365,purchase,55.24,mobile
EVT0501970,2026-10-04 14:10:00,CUST0480,view,128.90,mobile
EVT0503966,2026-10-07 04:11:31,CUST0482,view,67.42,web
EVT0502974,2026-10-08 17:54:21,CUST0487,view,100.38,api
EVT0504455,2026-10-08 20:30:41,CUST0971,signup,48.35,web
EVT0505904,2026-10-08 21:13:40,CUST0426,purchase,184.48,web
EVT0503063,2026-10-06 04:28:44,CUST0576,signup,133.31,web
EVT0503117,2026-10-09 07:56:50,CUST0630,refund,153.29,web
EVT0501697,2026-10-02 08:41:00,CUST0207,refund,27.89,mobile
EVT0504836,2026-10-06 14:28:32,CUST0355,purchase,189.32,web
EVT0503575,2026-10-09 23:09:06,CUST0091,signup,122.75,mobile
EVT0503130,2026-10-06 08:55:23,CUST0643,view,158.10,api
EVT0503259,2026-10-06 11:05:38,CUST0772,signup,5.83,api
EVT0502916,2026-10-09 01:14:31,CUST0429,purchase,78.92,web
EVT0505571,2026-10-07 18:27:27,CUST0093,signup,61.27,web
EVT0503454,2026-10-08 01:34:38,CUST0967,view,77.98,api
EVT0500121,2026-10-05 11:18:00,CUST0625,refund,44.77,api
EVT0504560,2026-10-06 20:03:34,CUST0079,purchase,87.20,web
EVT0502187,2026-10-05 03:01:00,CUST0697,signup,9.19,web
EVT0502774,2026-10-07 01:17:57,CUST0287,view,26.38,mobile
EVT0502579,2026-10-02 16:28:00,CUST0092,signup,154.23,mobile
EVT0505517,2026-10-09 03:23:09,CUST0039,refund,41.29,web
EVT0503529,2026-10-08 16:04:42,CUST0045,refund,105.73,api
EVT0502675,2026-10-06 23:18:54,CUST0188,signup,189.75,mobile
EVT0502005,2026-10-02 09:09:00,CUST0515,refund,141.85,api
EVT0502537,2026-10-05 17:49:00,CUST0050,refund,138.69,mobile
EVT0500952,2026-10-05 21:37:00,CUST0459,purchase,152.24,api
EVT0500842,2026-10-04 07:47:00,CUST0349,view,111.54,mobile
EVT0500271,2026-10-04 18:10:00,CUST0775,signup,100.27,api
EVT0505393,2026-10-06 09:37:45,CUST0912,refund,195.41,mobile
EVT0501071,2026-10-05 18:22:00,CUST0578,signup,196.27,web
EVT0502932,2026-10-06 19:37:18,CUST0445,purchase,84.84,api
EVT0505215,2026-10-07 12:03:16,CUST0734,signup,129.55,api
EVT0501962,2026-10-02 07:14:00,CUST0472,view,125.94,web
EVT0500737,2026-10-03 09:51:00,CUST0244,refund,72.69,mobile
EVT0504545,2026-10-06 23:17:46,CUST0064,refund,81.65,web
EVT0504699,2026-10-06 12:23:08,CUST0218,signup,138.63,api
EVT0502162,2026-10-04 01:17:00,CUST0672,view,199.94,mobile
EVT0500615,2026-10-05 00:48:00,CUST0122,signup,27.55,web
EVT0504973,2026-10-09 07:57:11,CUST0492,refund,40.01,mobile
EVT0502452,2026-10-03 00:19:00,CUST0962,purchase,107.24,api
EVT0501241,2026-10-04 21:20:00,CUST0748,refund,59.17,mobile
EVT0503994,2026-10-10 02:52:58,CUST0510,view,77.78,api
EVT0500109,2026-10-04 13:37:00,CUST0613,refund,40.33,api
EVT0501603,2026-10-06 03:07:00,CUST0113,signup,193.11,api
EVT0503839,2026-10-10 03:06:42,CUST0355,signup,20.43,mobile
EVT0504430,2026-10-06 11:51:16,CUST0946,view,39.10,mobile
EVT0504778,2026-10-07 12:20:53,CUST0297,view,167.86,mobile
EVT0503186,2026-10-09 00:34:44,CUST0699,view,178.82,web
EVT0503663,2026-10-08 09:26:52,CUST0179,signup,155.31,web
EVT0501090,2026-10-03 04:51:00,CUST0597,view,3.30,api
EVT0502847,2026-10-07 15:15:50,CUST0360,signup,53.39,web
EVT0502085,2026-10-05 05:53:00,CUST0595,refund,171.45,web
EVT0504256,2026-10-06 17:13:03,CUST0772,purchase,174.72,mobile
EVT0505312,2026-10-09 20:44:48,CUST0831,purchase,165.44,mobile
EVT0500225,2026-10-04 03:59:00,CUST0729,refund,83.25,web
EVT0500307,2026-10-05 12:17:00,CUST0811,signup,113.59,api
EVT0500743,2026-10-05 22:36:00,CUST0250,signup,74.91,mobile
EVT0504608,2026-10-06 07:00:52,CUST0127,purchase,104.96,web
EVT0503840,2026-10-07 15:21:58,CUST0356,purchase,20.80,web
EVT0505145,2026-10-08 17:52:05,CUST0664,refund,103.65,web
EVT0505381,2026-10-09 09:11:54,CUST0900,refund,190.97,mobile
EVT0505276,2026-10-09 00:03:50,CUST0795,purchase,152.12,mobile
EVT0502533,2026-10-03 17:36:00,CUST0046,refund,137.21,api
EVT0505292,2026-10-06 08:55:06,CUST0811,purchase,158.04,web
EVT0502215,2026-10-03 07:28:00,CUST0725,signup,19.55,api
EVT0505255,2026-10-09 20:40:51,CUST0774,signup,144.35,mobile
EVT0502153,2026-10-02 21:18:00,CUST0663,refund,196.61,mobile
EVT0505496,2026-10-08 17:49:11,CUST0018,purchase,33.52,web
EVT0502128,2026-10-03 01:02:00,CUST0638,purchase,187.36,api
EVT0501813,2026-10-04 11:11:00,CUST0323,refund,70.81,api
EVT0504691,2026-10-07 07:33:17,CUST0210,signup,135.67,mobile
EVT0501497,2026-10-04 05:25:00,CUST0007,refund,153.89,web
EVT0501741,2026-10-04 17:22:00,CUST0251,refund,44.17,api
EVT0505895,2026-10-08 14:53:00,CUST0417,signup,181.15,web
EVT0505294,2026-10-08 23:47:44,CUST0813,view,158.78,mobile
EVT0504847,2026-10-08 20:36:07,CUST0366,signup,193.39,mobile
EVT0505291,2026-10-09 17:32:29,CUST0810,signup,157.67,mobile
EVT0504044,2026-10-08 05:41:49,CUST0560,purchase,96.28,web
EVT0502721,2026-10-07 16:03:02,CUST0234,refund,6.77,web
EVT0504529,2026-10-06 12:59:31,CUST0048,refund,75.73,mobile
EVT0501655,2026-10-06 00:58:00,CUST0165,signup,12.35,mobile
EVT0502092,2026-10-05 13:56:00,CUST0602,purchase,174.04,api
EVT0502580,2026-10-05 21:02:00,CUST0093,purchase,154.60,web
EVT0503326,2026-10-08 02:37:05,CUST0839,view,30.62,mobile
EVT0502999,2026-10-07 01:33:22,CUST0512,signup,109.63,mobile
EVT0500523,2026-10-04 04:38:00,CUST0030,signup,193.51,api
EVT0504639,2026-10-07 17:39:00,CUST0158,signup,116.43,api
EVT0501544,2026-10-04 16:09:00,CUST0054,purchase,171.28,mobile
EVT0503765,2026-10-06 21:45:06,CUST0281,refund,193.05,web
EVT0501195,2026-10-05 11:52:00,CUST0702,signup,42.15,api
EVT0502743,2026-10-08 19:06:24,CUST0256,signup,14.91,api
EVT0505478,2026-10-09 01:15:30,CUST0997,view,26.86,web
EVT0502022,2026-10-05 09:25:00,CUST0532,view,148.14,web
EVT0503562,2026-10-06 16:34:22,CUST0078,view,117.94,api
EVT0502127,2026-10-03 10:27:00,CUST0637,signup,186.99,web
EVT0501838,2026-10-02 08:26:00,CUST0348,view,80.06,mobile
EVT0503741,2026-10-09 11:08:41,CUST0257,refund,184.17,web
EVT0502517,2026-10-03 11:57:00,CUST0030,refund,131.29,web
EVT0503366,2026-10-06 06:13:14,CUST0879,view,45.42,web
EVT0504303,2026-10-06 16:54:05,CUST0819,signup,192.11,api
EVT0505219,2026-10-06 08:10:04,CUST0738,signup,131.03,mobile
EVT0504131,2026-10-07 16:10:41,CUST0647,signup,128.47,web
EVT0502709,2026-10-08 06:38:58,CUST0222,refund,2.33,web
EVT0504151,2026-10-09 06:00:04,CUST0667,signup,135.87,mobile
EVT0504854,2026-10-08 12:10:48,CUST0373,view,195.98,web
EVT0505562,2026-10-07 17:18:10,CUST0084,view,57.94,web
EVT0505062,2026-10-09 08:54:54,CUST0581,view,72.94,api
EVT0502086,2026-10-02 19:40:00,CUST0596,view,171.82,api
EVT0504445,2026-10-08 03:27:38,CUST0961,refund,44.65,mobile
EVT0502376,2026-10-02 04:05:00,CUST0886,purchase,79.12,web
EVT0502488,2026-10-06 01:25:00,CUST0001,purchase,120.56,api
EVT0504977,2026-10-06 16:45:56,CUST0496,refund,41.49,web
EVT0500303,2026-10-04 17:47:00,CUST0807,signup,112.11,web
EVT0505305,2026-10-06 16:10:01,CUST0824,refund,162.85,api
EVT0504274,2026-10-06 07:09:53,CUST0790,view,181.38,mobile
EVT0505132,2026-10-07 15:19:41,CUST0651,purchase,98.84,mobile
EVT0502560,2026-10-05 00:08:00,CUST0073,purchase,147.20,api
EVT0500971,2026-10-06 01:05:00,CUST0478,signup,159.27,mobile
EVT0504730,2026-10-08 08:35:39,CUST0249,view,150.10,mobile
EVT0504952,2026-10-06 14:11:30,CUST0471,purchase,32.24,mobile
EVT0501309,2026-10-02 04:24:00,CUST0816,refund,84.33,api
EVT0505983,2026-10-08 04:50:18,CUST0505,signup,13.71,api
EVT0505657,2026-10-10 00:16:32,CUST0179,refund,93.09,mobile
EVT0501196,2026-10-04 20:29:00,CUST0703,purchase,42.52,mobile
EVT0501619,2026-10-03 13:48:00,CUST0129,signup,199.03,mobile
EVT0500143,2026-10-05 04:01:00,CUST0647,signup,52.91,mobile
EVT0501708,2026-10-04 11:02:00,CUST0218,purchase,31.96,api
EVT0505197,2026-10-07 04:11:00,CUST0716,refund,122.89,api
EVT0504112,2026-10-08 13:49:39,CUST0628,purchase,121.44,mobile
EVT0503692,2026-10-09 15:21:57,CUST0208,purchase,166.04,mobile
EVT0502464,2026-10-03 15:49:00,CUST0974,purchase,111.68,api
EVT0504712,2026-10-06 13:12:13,CUST0231,purchase,143.44,mobile
EVT0505972,2026-10-06 06:14:52,CUST0494,purchase,9.64,mobile
EVT0501399,2026-10-05 12:40:00,CUST0906,signup,117.63,api
EVT0504150,2026-10-07 19:46:37,CUST0666,view,135.50,api
EVT0505510,2026-10-08 11:28:43,CUST0032,view,38.70,mobile
EVT0503172,2026-10-06 21:57:36,CUST0685,purchase,173.64,api
EVT0502421,2026-10-02 12:56:00,CUST0931,refund,95.77,web
EVT0502928,2026-10-06 16:56:20,CUST0441,purchase,83.36,web
EVT0500180,2026-10-03 21:31:00,CUST0684,purchase,66.60,web
EVT0500265,2026-10-02 05:14:00,CUST0769,refund,98.05,api
EVT0501555,2026-10-03 09:35:00,CUST0065,signup,175.35,api
EVT0501387,2026-10-03 09:55:00,CUST0894,signup,113.19,api
EVT0501342,2026-10-03 22:45:00,CUST0849,view,96.54,api
EVT0502951,2026-10-08 11:50:04,CUST0464,signup,91.87,mobile
EVT0501645,2026-10-02 03:58:00,CUST0155,refund,8.65,api
EVT0502775,2026-10-07 15:11:07,CUST0288,signup,26.75,web
EVT0500640,2026-10-05 14:24:00,CUST0147,purchase,36.80,api
EVT0503668,2026-10-06 21:48:19,CUST0184,purchase,157.16,mobile
EVT0505415,2026-10-07 15:27:42,CUST0934,signup,3.55,web
EVT0502455,2026-10-04 19:52:00,CUST0965,signup,108.35,api
EVT0501096,2026-10-03 04:28:00,CUST0603,purchase,5.52,api
EVT0501183,2026-10-06 02:37:00,CUST0690,signup,37.71,api
EVT0503536,2026-10-08 07:23:22,CUST0052,purchase,108.32,mobile
EVT0500028,2026-10-03 11:26:00,CUST0532,purchase,10.36,api
EVT0501696,2026-10-02 03:44:00,CUST0206,purchase,27.52,api
EVT0500699,2026-10-02 03:39:00,CUST0206,signup,58.63,web
EVT0501242,2026-10-04 12:26:00,CUST0749,view,59.54,web
EVT0501951,2026-10-03 15:37:00,CUST0461,signup,121.87,api
EVT0502912,2026-10-09 15:03:03,CUST0425,purchase,77.44,mobile
EVT0500524,2026-10-04 07:49:00,CUST0031,purchase,193.88,mobile
EVT0504187,2026-10-09 03:28:26,CUST0703,signup,149.19,mobile
EVT0502752,2026-10-10 02:07:45,CUST0265,purchase,18.24,api
EVT0501529,2026-10-05 22:44:00,CUST0039,refund,165.73,mobile
EVT0501054,2026-10-05 18:26:00,CUST0561,view,189.98,api
EVT0504779,2026-10-07 21:35:01,CUST0298,signup,168.23,web
EVT0505249,2026-10-08 19:15:25,CUST0768,refund,142.13,mobile
EVT0501607,2026-10-02 20:37:00,CUST0117,signup,194.59,mobile
EVT0504693,2026-10-09 01:50:57,CUST0212,refund,136.41,api
EVT0503463,2026-10-09 13:20:32,CUST0976,signup,81.31,api
EVT0503418,2026-10-06 06:13:59,CUST0931,view,64.66,api
EVT0501847,2026-10-05 19:51:00,CUST0357,signup,83.39,mobile
EVT0504753,2026-10-07 07:29:34,CUST0272,refund,158.61,api
EVT0502363,2026-10-04 09:22:00,CUST0873,signup,74.31,mobile
EVT0501041,2026-10-04 14:50:00,CUST0548,refund,185.17,web
EVT0503441,2026-10-09 18:31:29,CUST0954,refund,73.17,web
EVT0501725,2026-10-02 06:46:00,CUST0235,refund,38.25,web
EVT0502548,2026-10-05 10:32:00,CUST0061,purchase,142.76,api
EVT0500549,2026-10-03 01:10:00,CUST0056,refund,3.13,web
EVT0504320,2026-10-09 00:41:12,CUST0836,purchase,198.40,web
EVT0500980,2026-10-02 08:50:00,CUST0487,purchase,162.60,mobile
EVT0501901,2026-10-03 07:15:00,CUST0411,refund,103.37,mobile
EVT0502135,2026-10-03 10:42:00,CUST0645,signup,189.95,mobile
EVT0505022,2026-10-09 08:25:55,CUST0541,view,58.14,web
EVT0504424,2026-10-08 15:09:14,CUST0940,purchase,36.88,mobile
EVT0504255,2026-10-07 10:11:37,CUST0771,signup,174.35,api
EVT0502446,2026-10-03 07:04:00,CUST0956,view,105.02,api
EVT0501003,2026-10-03 18:20:00,CUST0510,signup,171.11,api
EVT0500369,2026-10-03 17:26:00,CUST0873,refund,136.53,web
EVT0503669,2026-10-08 13:28:33,CUST0185,refund,157.53,web
EVT0501447,2026-10-04 10:15:00,CUST0954,signup,135.39,api
EVT0505211,2026-10-09 03:37:07,CUST0730,signup,128.07,web
EVT0504815,2026-10-06 23:14:54,CUST0334,signup,181.55,web
EVT0504990,2026-10-09 04:45:47,CUST0509,view,46.30,api
EVT0505984,2026-10-08 12:53:10,CUST0506,purchase,14.08,mobile
EVT0501177,2026-10-02 10:26:00,CUST0684,refund,35.49,api
EVT0500391,2026-10-04 00:53:00,CUST0895,signup,144.67,api
EVT0505963,2026-10-07 23:51:05,CUST0485,signup,6.31,mobile
EVT0501206,2026-10-03 03:24:00,CUST0713,view,46.22,web
EVT0501541,2026-10-02 04:25:00,CUST0051,refund,170.17,mobile
EVT0501441,2026-10-04 07:45:00,CUST0948,refund,133.17,api
EVT0500007,2026-10-05 19:48:00,CUST0511,signup,2.59,api
EVT0504322,2026-10-07 19:00:09,CUST0838,view,199.14,mobile
EVT0501826,2026-10-02 07:58:00,CUST0336,view,75.62,mobile
EVT0504895,2026-10-07 13:15:55,CUST0414,signup,11.15,mobile
EVT0505899,2026-10-07 17:36:02,CUST0421,signup,182.63,api
EVT0501836,2026-10-03 12:54:00,CUST0346,purchase,79.32,web
EVT0505514,2026-10-08 14:24:21,CUST0036,view,40.18,web
EVT0502566,2026-10-05 11:47:00,CUST0079,view,149.42,api
EVT0501357,2026-10-06 01:51:00,CUST0864,refund,102.09,api
EVT0501289,2026-10-03 17:41:00,CUST0796,refund,76.93,mobile
EVT0505677,2026-10-06 14:09:59,CUST0199,refund,100.49,api
EVT0500030,2026-10-03 16:25:00,CUST0534,view,11.10,web
EVT0505413,2026-10-07 02:39:37,CUST0932,refund,2.81,api
EVT0503525,2026-10-09 15:52:00,CUST0041,refund,104.25,web
EVT0501198,2026-10-05 16:31:00,CUST0705,view,43.26,api
EVT0505784,2026-10-06 21:33:37,CUST0306,purchase,140.08,web
EVT0503321,2026-10-08 22:04:07,CUST0834,refund,28.77,web
EVT0504314,2026-10-06 23:15:09,CUST0830,view,196.18,web
EVT0503740,2026-10-10 02:47:50,CUST0256,purchase,183.80,mobile
EVT0505797,2026-10-08 01:58:36,CUST0319,refund,144.89,api
EVT0504715,2026-10-06 11:20:06,CUST0234,signup,144.55,mobile
EVT0503923,2026-10-09 20:22:57,CUST0439,signup,51.51,mobile
EVT0500728,2026-10-05 23:27:00,CUST0235,purchase,69.36,mobile
EVT0503473,2026-10-09 01:43:00,CUST0986,refund,85.01,mobile
EVT0505918,2026-10-06 15:34:44,CUST0440,view,189.66,mobile
EVT0500626,2026-10-02 22:43:00,CUST0133,view,31.62,mobile
EVT0503936,2026-10-06 19:03:56,CUST0452,purchase,56.32,web
EVT0503470,2026-10-09 09:18:01,CUST0983,view,83.90,mobile
EVT0505620,2026-10-08 13:21:09,CUST0142,purchase,79.40,api
EVT0502853,2026-10-08 15:37:41,CUST0366,refund,55.61,web
EVT0501454,2026-10-03 06:50:00,CUST0961,view,137.98,mobile
EVT0504117,2026-10-06 06:38:22,CUST0633,refund,123.29,api
EVT0505017,2026-10-08 08:55:14,CUST0536,refund,56.29,api
EVT0502035,2026-10-02 06:12:00,CUST0545,signup,152.95,api
EVT0502976,2026-10-08 19:19:02,CUST0489,purchase,101.12,web
EVT0504429,2026-10-08 23:22:01,CUST0945,refund,38.73,api
EVT0504432,2026-10-09 03:23:41,CUST0948,purchase,39.84,api
EVT0500973,2026-10-03 09:08:00,CUST0480,refund,160.01,api
EVT0500555,2026-10-04 05:34:00,CUST0062,signup,5.35,web
EVT0503876,2026-10-08 00:25:13,CUST0392,purchase,34.12,web
EVT0501718,2026-10-03 11:52:00,CUST0228,view,35.66,mobile
EVT0503651,2026-10-06 05:24:42,CUST0167,signup,150.87,web
EVT0500124,2026-10-04 08:29:00,CUST0628,purchase,45.88,api
EVT0503912,2026-10-09 21:41:59,CUST0428,purchase,47.44,web
EVT0501291,2026-10-05 16:40:00,CUST0798,signup,77.67,api
EVT0505767,2026-10-09 00:37:07,CUST0289,signup,133.79,api
EVT0504469,2026-10-06 20:48:11,CUST0985,refund,53.53,mobile
EVT0501504,2026-10-03 01:46:00,CUST0014,purchase,156.48,api
EVT0501859,2026-10-04 15:46:00,CUST0369,signup,87.83,mobile
EVT0500302,2026-10-02 09:01:00,CUST0806,view,111.74,mobile
EVT0504995,2026-10-08 01:59:28,CUST0514,signup,48.15,web
EVT0500879,2026-10-06 03:22:00,CUST0386,signup,125.23,web
EVT0502965,2026-10-06 09:26:01,CUST0478,refund,97.05,api
EVT0500790,2026-10-05 08:12:00,CUST0297,view,92.30,api
EVT0503903,2026-10-09 19:52:55,CUST0419,signup,44.11,web
EVT0504463,2026-10-06 05:01:09,CUST0979,signup,51.31,mobile
EVT0504832,2026-10-08 16:14:52,CUST0351,purchase,187.84,mobile
EVT0505149,2026-10-08 10:09:15,CUST0668,refund,105.13,api
EVT0501159,2026-10-05 20:15:00,CUST0666,signup,28.83,api
EVT0504291,2026-10-07 00:56:20,CUST0807,signup,187.67,api
EVT0503560,2026-10-08 06:26:50,CUST0076,purchase,117.20,mobile
EVT0502681,2026-10-07 16:31:21,CUST0194,refund,191.97,mobile
EVT0504477,2026-10-09 11:36:22,CUST0993,refund,56.49,api
EVT0500610,2026-10-03 11:44:00,CUST0117,view,25.70,api
EVT0505525,2026-10-07 15:58:26,CUST0047,refund,44.25,mobile
EVT0504438,2026-10-06 10:37:25,CUST0954,view,42.06,api
EVT0505631,2026-10-09 05:38:59,CUST0153,signup,83.47,web
EVT0503303,2026-10-07 16:50:59,CUST0816,signup,22.11,web
EVT0503754,2026-10-09 03:08:47,CUST0270,view,188.98,api
EVT0504908,2026-10-07 10:03:45,CUST0427,purchase,15.96,web
EVT0503029,2026-10-10 00:51:45,CUST0542,refund,120.73,mobile
EVT0500506,2026-10-04 21:57:00,CUST0013,view,187.22,mobile
EVT0505186,2026-10-06 07:20:22,CUST0705,view,118.82,mobile
EVT0501739,2026-10-04 09:32:00,CUST0249,signup,43.43,mobile
EVT0501965,2026-10-05 16:09:00,CUST0475,refund,127.05,web
EVT0500856,2026-10-06 01:32:00,CUST0363,purchase,116.72,api
EVT0500591,2026-10-05 09:47:00,CUST0098,signup,18.67,web
EVT0502748,2026-10-06 09:46:53,CUST0261,purchase,16.76,web
EVT0505040,2026-10-07 18:56:46,CUST0559,purchase,64.80,web
EVT0501290,2026-10-04 14:35:00,CUST0797,view,77.30,web
EVT0504786,2026-10-06 03:34:05,CUST0305,view,170.82,api
EVT0501169,2026-10-02 21:08:00,CUST0676,refund,32.53,mobile
EVT0503343,2026-10-08 18:03:46,CUST0856,signup,36.91,api
EVT0504619,2026-10-07 19:46:01,CUST0138,signup,109.03,mobile
EVT0500968,2026-10-03 17:35:00,CUST0475,purchase,158.16,mobile
EVT0500210,2026-10-03 15:23:00,CUST0714,view,77.70,web
EVT0502109,2026-10-05 09:31:00,CUST0619,refund,180.33,web
EVT0503154,2026-10-07 17:18:48,CUST0667,view,166.98,api
EVT0503621,2026-10-06 16:24:32,CUST0137,refund,139.77,web
EVT0503477,2026-10-08 00:13:01,CUST0990,refund,86.49,web
EVT0503327,2026-10-06 21:52:44,CUST0840,signup,30.99,web
EVT0503277,2026-10-06 14:06:31,CUST0790,refund,12.49,api
EVT0502130,2026-10-05 19:33:00,CUST0640,view,188.10,web
EVT0504283,2026-10-09 21:59:22,CUST0799,signup,184.71,mobile
EVT0505456,2026-10-06 12:58:17,CUST0975,purchase,18.72,mobile
EVT0503187,2026-10-07 03:03:43,CUST0700,signup,179.19,api
EVT0501488,2026-10-02 20:44:00,CUST0995,purchase,150.56,web
EVT0501252,2026-10-02 18:58:00,CUST0759,purchase,63.24,api
EVT0505971,2026-10-08 14:16:53,CUST0493,signup,9.27,api
EVT0502876,2026-10-07 16:55:20,CUST0389,purchase,64.12,mobile
EVT0504302,2026-10-09 01:38:21,CUST0818,view,191.74,web
EVT0503212,2026-10-09 08:49:27,CUST0725,purchase,188.44,mobile
EVT0500189,2026-10-05 03:39:00,CUST0693,refund,69.93,web
EVT0503723,2026-10-06 11:20:32,CUST0239,signup,177.51,web
EVT0505336,2026-10-07 08:23:57,CUST0855,purchase,174.32,mobile
EVT0505589,2026-10-07 08:11:01,CUST0111,refund,67.93,web
EVT0504518,2026-10-09 13:04:40,CUST0037,view,71.66,web
EVT0500863,2026-10-04 01:10:00,CUST0370,signup,119.31,mobile
EVT0503182,2026-10-07 21:41:46,CUST0695,view,177.34,mobile
EVT0505584,2026-10-08 08:16:41,CUST0106,purchase,66.08,api
EVT0501943,2026-10-04 01:29:00,CUST0453,signup,118.91,mobile
EVT0503345,2026-10-07 10:31:09,CUST0858,refund,37.65,web
EVT0505298,2026-10-09 08:21:54,CUST0817,view,160.26,web
EVT0502094,2026-10-02 03:44:00,CUST0604,view,174.78,web
EVT0503681,2026-10-06 07:19:17,CUST0197,refund,161.97,web
EVT0505674,2026-10-09 00:31:45,CUST0196,view,99.38,api
EVT0502293,2026-10-03 07:44:00,CUST0803,refund,48.41,api
EVT0501947,2026-10-03 20:38:00,CUST0457,signup,120.39,web
EVT0501320,2026-10-06 00:58:00,CUST0827,purchase,88.40,web
EVT0501492,2026-10-03 19:06:00,CUST0002,purchase,152.04,api
EVT0503640,2026-10-08 20:11:10,CUST0156,purchase,146.80,api
EVT0505555,2026-10-07 12:29:25,CUST0077,signup,55.35,mobile
EVT0502419,2026-10-04 21:30:00,CUST0929,signup,95.03,api
EVT0504003,2026-10-07 06:50:21,CUST0519,signup,81.11,api
EVT0503093,2026-10-06 23:10:40,CUST0606,refund,144.41,web
EVT0501829,2026-10-02 11:06:00,CUST0339,refund,76.73,mobile
EVT0503297,2026-10-06 21:18:00,CUST0810,refund,19.89,web
EVT0501069,2026-10-02 21:33:00,CUST0576,refund,195.53,api
EVT0502461,2026-10-02 16:31:00,CUST0971,refund,110.57,api
EVT0504378,2026-10-09 14:05:42,CUST0894,view,19.86,api
EVT0502635,2026-10-07 22:48:11,CUST0148,signup,174.95,api
EVT0500336,2026-10-03 22:14:00,CUST0840,purchase,124.32,web
EVT0502295,2026-10-05 06:53:00,CUST0805,signup,49.15,web
EVT0503938,2026-10-06 09:00:36,CUST0454,view,57.06,mobile
EVT0504393,2026-10-06 06:57:28,CUST0909,refund,25.41,api
EVT0504188,2026-10-08 05:08:36,CUST0704,purchase,149.56,web
EVT0505529,2026-10-09 08:14:15,CUST0051,refund,45.73,web
EVT0505684,2026-10-09 10:06:49,CUST0206,purchase,103.08,mobile
EVT0501388,2026-10-03 11:04:00,CUST0895,purchase,113.56,mobile
EVT0503588,2026-10-08 05:10:46,CUST0104,purchase,127.56,web
EVT0501609,2026-10-04 23:35:00,CUST0119,refund,195.33,api
EVT0501146,2026-10-05 02:45:00,CUST0653,view,24.02,web
EVT0500239,2026-10-04 06:03:00,CUST0743,signup,88.43,mobile
EVT0500255,2026-10-03 01:18:00,CUST0759,signup,94.35,web
EVT0504186,2026-10-07 05:15:40,CUST0702,view,148.82,api
EVT0503480,2026-10-08 14:40:06,CUST0993,purchase,87.60,web
EVT0503416,2026-10-06 05:58:33,CUST0929,purchase,63.92,mobile
EVT0502334,2026-10-02 17:02:00,CUST0844,view,63.58,web
EVT0505235,2026-10-06 12:56:04,CUST0754,signup,136.95,web
EVT0505289,2026-10-08 12:33:06,CUST0808,refund,156.93,web
EVT0500953,2026-10-04 18:27:00,CUST0460,refund,152.61,mobile
EVT0505513,2026-10-07 02:37:31,CUST0035,refund,39.81,mobile
EVT0501311,2026-10-05 04:24:00,CUST0818,signup,85.07,web
EVT0504395,2026-10-08 23:14:19,CUST0911,signup,26.15,web
EVT0501378,2026-10-04 17:31:00,CUST0885,view,109.86,api
EVT0505741,2026-10-07 17:02:16,CUST0263,refund,124.17,mobile
EVT0501570,2026-10-03 04:22:00,CUST0080,view,180.90,api
EVT0500224,2026-10-03 00:33:00,CUST0728,purchase,82.88,mobile
EVT0504803,2026-10-07 15:01:51,CUST0322,signup,177.11,web
EVT0502862,2026-10-09 11:09:18,CUST0375,view,58.94,web
EVT0500538,2026-10-03 21:41:00,CUST0045,view,199.06,api
EVT0500263,2026-10-03 21:47:00,CUST0767,signup,97.31,mobile
EVT0502848,2026-10-09 23:29:11,CUST0361,purchase,53.76,api
EVT0505508,2026-10-09 09:59:38,CUST0030,purchase,37.96,web
EVT0502844,2026-10-07 10:42:55,CUST0357,purchase,52.28,web
EVT0505831,2026-10-07 05:14:40,CUST0353,signup,157.47,mobile
EVT0504208,2026-10-08 21:44:05,CUST0724,purchase,156.96,mobile
EVT0502440,2026-10-02 16:27:00,CUST0950,purchase,102.80,api
EVT0504671,2026-10-09 00:24:21,CUST0190,signup,128.27,web
EVT0500217,2026-10-06 03:22:00,CUST0721,refund,80.29,api
EVT0501255,2026-10-05 19:31:00,CUST0762,signup,64.35,api
EVT0500621,2026-10-02 11:58:00,CUST0128,refund,29.77,web
EVT0500593,2026-10-05 14:21:00,CUST0100,refund,19.41,mobile
EVT0502804,2026-10-08 22:00:06,CUST0317,purchase,37.48,mobile
EVT0501433,2026-10-04 16:04:00,CUST0940,refund,130.21,mobile
EVT0500665,2026-10-06 03:06:00,CUST0172,refund,46.05,mobile
EVT0505170,2026-10-10 02:39:49,CUST0689,view,112.90,api
EVT0502963,2026-10-08 18:49:42,CUST0476,signup,96.31,mobile
EVT0505642,2026-10-09 15:21:45,CUST0164,view,87.54,mobile
EVT0505103,2026-10-07 06:52:42,CUST0622,signup,88.11,web
EVT0501200,2026-10-03 20:58:00,CUST0707,purchase,44.00,web
EVT0501953,2026-10-03 13:12:00,CUST0463,refund,122.61,web
EVT0500611,2026-10-05 12:23:00,CUST0118,signup,26.07,mobile
EVT0502211,2026-10-04 03:15:00,CUST0721,signup,18.07,web
EVT0503603,2026-10-09 21:58:48,CUST0119,signup,133.11,web
EVT0500438,2026-10-04 15:23:00,CUST0942,view,162.06,web
EVT0500741,2026-10-03 19:37:00,CUST0248,refund,74.17,web
EVT0501892,2026-10-05 11:53:00,CUST0402,purchase,100.04,mobile
EVT0503708,2026-10-09 21:17:42,CUST0224,purchase,171.96,web
EVT0505729,2026-10-06 09:34:03,CUST0251,refund,119.73,mobile
EVT0503790,2026-10-06 04:26:12,CUST0306,view,2.30,api
EVT0505543,2026-10-09 13:28:40,CUST0065,signup,50.91,mobile
EVT0504511,2026-10-09 05:37:26,CUST0030,signup,69.07,mobile
EVT0504170,2026-10-06 08:53:28,CUST0686,view,142.90,web
EVT0503907,2026-10-07 04:28:40,CUST0423,signup,45.59,api
EVT0590000,bad-date,CUST0774,purchase,100.00,web
EVT0504762,2026-10-09 21:04:18,CUST0281,view,161.94,api
EVT0504901,2026-10-06 08:05:43,CUST0420,refund,13.37,mobile
EVT0500416,2026-10-05 11:40:00,CUST0920,purchase,153.92,mobile
EVT0504016,2026-10-07 07:29:53,CUST0532,purchase,85.92,mobile
EVT0505798,2026-10-08 07:33:55,CUST0320,view,145.26,mobile
EVT0505192,2026-10-06 16:09:01,CUST0711,purchase,121.04,mobile
EVT0502628,2026-10-08 04:30:02,CUST0141,purchase,172.36,web
EVT0505730,2026-10-07 07:56:53,CUST0252,view,120.10,web
EVT0505049,2026-10-06 12:45:38,CUST0568,refund,68.13,web
EVT0500099,2026-10-03 21:49:00,CUST0603,signup,36.63,web
EVT0500420,2026-10-05 10:10:00,CUST0924,purchase,155.40,web
EVT0500601,2026-10-03 15:56:00,CUST0108,refund,22.37,api
EVT0502687,2026-10-09 18:23:00,CUST0200,signup,194.19,mobile
EVT0503594,2026-10-07 02:43:55,CUST0110,view,129.78,web
EVT0502357,2026-10-02 22:19:00,CUST0867,refund,72.09,mobile
EVT0500087,2026-10-03 11:24:00,CUST0591,signup,32.19,web
EVT0501059,2026-10-02 03:40:00,CUST0566,signup,191.83,web
EVT0502007,2026-10-03 22:49:00,CUST0517,signup,142.59,web
EVT0502610,2026-10-08 10:47:41,CUST0123,view,165.70,web
EVT0503779,2026-10-07 09:20:09,CUST0295,signup,198.23,mobile
EVT0502982,2026-10-06 21:38:16,CUST0495,view,103.34,web
EVT0505787,2026-10-06 11:26:45,CUST0309,signup,141.19,web
EVT0501259,2026-10-05 09:22:00,CUST0766,signup,65.83,mobile
EVT0500361,2026-10-05 17:13:00,CUST0865,refund,133.57,api
EVT0505980,2026-10-06 08:22:12,CUST0502,purchase,12.60,api
EVT0503238,2026-10-09 12:37:27,CUST0751,view,198.06,api
EVT0501579,2026-10-03 22:08:00,CUST0089,signup,184.23,api
EVT0500066,2026-10-04 12:18:00,CUST0570,view,24.42,web
EVT0505110,2026-10-06 15:49:23,CUST0629,view,90.70,api
EVT0504537,2026-10-08 12:56:24,CUST0056,refund,78.69,api
EVT0502893,2026-10-09 05:15:47,CUST0406,refund,70.41,api
EVT0504066,2026-10-07 18:25:42,CUST0582,view,104.42,api
EVT0505491,2026-10-07 22:50:46,CUST0013,signup,31.67,api
EVT0500111,2026-10-05 11:10:00,CUST0615,signup,41.07,web
EVT0503028,2026-10-09 05:18:15,CUST0541,purchase,120.36,api
EVT0502201,2026-10-03 15:16:00,CUST0711,refund,14.37,mobile
EVT0505792,2026-10-06 20:52:13,CUST0314,purchase,143.04,mobile
EVT0503425,2026-10-06 14:53:42,CUST0938,refund,67.25,mobile
EVT0500484,2026-10-02 19:32:00,CUST0988,purchase,179.08,api
EVT0504324,2026-10-09 09:08:31,CUST0840,purchase,199.88,api
EVT0505887,2026-10-07 16:41:40,CUST0409,signup,178.19,api
EVT0505438,2026-10-07 03:58:23,CUST0957,view,12.06,mobile
EVT0503167,2026-10-06 12:35:10,CUST0680,signup,171.79,mobile
EVT0502522,2026-10-05 02:25:00,CUST0035,view,133.14,mobile
EVT0502765,2026-10-09 16:19:35,CUST0278,refund,23.05,mobile
EVT0504770,2026-10-08 22:38:30,CUST0289,view,164.90,web
EVT0502386,2026-10-05 03:59:00,CUST0896,view,82.82,api
EVT0500198,2026-10-04 18:48:00,CUST0702,view,73.26,web
EVT0500279,2026-10-03 07:00:00,CUST0783,signup,103.23,web
EVT0501018,2026-10-04 14:13:00,CUST0525,view,176.66,api
EVT0500595,2026-10-02 17:28:00,CUST0102,signup,20.15,api
EVT0503264,2026-10-07 19:14:56,CUST0777,purchase,7.68,web
EVT0500446,2026-10-03 12:11:00,CUST0950,view,165.02,mobile
EVT0501792,2026-10-03 04:38:00,CUST0302,purchase,63.04,api
EVT0505947,2026-10-08 20:32:40,CUST0469,signup,0.39,api
EVT0505634,2026-10-09 06:03:06,CUST0156,view,84.58,web
EVT0502815,2026-10-10 01:24:47,CUST0328,signup,41.55,api
EVT0505476,2026-10-09 22:45:37,CUST0995,purchase,26.12,api
EVT0501688,2026-10-02 13:14:00,CUST0198,purchase,24.56,mobile
EVT0501742,2026-10-03 05:05:00,CUST0252,view,44.54,mobile
EVT0504818,2026-10-09 18:15:29,CUST0337,view,182.66,web
EVT0505909,2026-10-10 01:35:21,CUST0431,refund,186.33,mobile
EVT0500094,2026-10-03 20:23:00,CUST0598,view,34.78,api
EVT0502216,2026-10-05 14:05:00,CUST0726,purchase,19.92,mobile
EVT0503654,2026-10-09 05:05:43,CUST0170,view,151.98,web
EVT0503023,2026-10-06 13:15:01,CUST0536,signup,118.51,mobile
EVT0503278,2026-10-08 14:43:42,CUST0791,view,12.86,mobile
EVT0501668,2026-10-05 12:07:00,CUST0178,purchase,17.16,web
EVT0500880,2026-10-02 17:31:00,CUST0387,purchase,125.60,api
EVT0505147,2026-10-08 04:25:09,CUST0666,signup,104.39,mobile
EVT0502682,2026-10-07 01:23:56,CUST0195,view,192.34,web
EVT0502864,2026-10-08 10:35:15,CUST0377,purchase,59.68,mobile
EVT0502896,2026-10-06 18:49:27,CUST0409,purchase,71.52,api
EVT0501148,2026-10-02 23:00:00,CUST0655,purchase,24.76,mobile
EVT0501375,2026-10-03 01:20:00,CUST0882,signup,108.75,api
EVT0500437,2026-10-05 18:02:00,CUST0941,refund,161.69,mobile
EVT0502685,2026-10-06 08:50:47,CUST0198,refund,193.45,web
EVT0503810,2026-10-09 13:03:48,CUST0326,view,9.70,web
EVT0505790,2026-10-08 06:19:56,CUST0312,view,142.30,web
EVT0501521,2026-10-03 07:01:00,CUST0031,refund,162.77,web
EVT0505569,2026-10-06 08:46:10,CUST0091,refund,60.53,api
EVT0505913,2026-10-08 06:33:17,CUST0435,refund,187.81,web
EVT0503468,2026-10-08 20:11:10,CUST0981,purchase,83.16,web
EVT0500594,2026-10-04 08:33:00,CUST0101,view,19.78,web
EVT0502540,2026-10-02 17:06:00,CUST0053,purchase,139.80,mobile
EVT0500913,2026-10-02 06:07:00,CUST0420,refund,137.81,api
EVT0501435,2026-10-04 06:56:00,CUST0942,signup,130.95,api
EVT0504006,2026-10-06 08:37:54,CUST0522,view,82.22,api
EVT0500219,2026-10-03 17:21:00,CUST0723,signup,81.03,web
EVT0501743,2026-10-02 04:00:00,CUST0253,signup,44.91,web
EVT0500904,2026-10-03 21:35:00,CUST0411,purchase,134.48,api
EVT0500513,2026-10-03 04:23:00,CUST0020,refund,189.81,web
EVT0501021,2026-10-02 18:26:00,CUST0528,refund,177.77,api
EVT0505118,2026-10-09 08:06:23,CUST0637,view,93.66,web
EVT0504980,2026-10-08 18:47:41,CUST0499,purchase,42.60,web
EVT0503866,2026-10-07 20:17:19,CUST0382,view,30.42,mobile
EVT0505958,2026-10-06 13:59:28,CUST0480,view,4.46,web
EVT0501700,2026-10-04 17:49:00,CUST0210,purchase,29.00,mobile
EVT0501440,2026-10-04 19:45:00,CUST0947,purchase,132.80,web
EVT0500787,2026-10-03 21:05:00,CUST0294,signup,91.19,api
EVT0501050,2026-10-02 04:36:00,CUST0557,view,188.50,web
EVT0504128,2026-10-09 02:38:47,CUST0644,purchase,127.36,web
EVT0503634,2026-10-07 04:26:08,CUST0150,view,144.58,api
EVT0501622,2026-10-05 00:45:00,CUST0132,view,0.14,mobile
EVT0505054,2026-10-08 08:37:37,CUST0573,view,69.98,mobile
EVT0504564,2026-10-09 05:07:19,CUST0083,purchase,88.68,api
EVT0500499,2026-10-05 00:12:00,CUST0006,signup,184.63,api
EVT0500011,2026-10-02 08:49:00,CUST0515,signup,4.07,mobile
EVT0502673,2026-10-07 20:34:20,CUST0186,refund,189.01,web
EVT0501682,2026-10-04 21:49:00,CUST0192,view,22.34,mobile
EVT0505311,2026-10-09 10:00:46,CUST0830,signup,165.07,api
EVT0501863,2026-10-03 09:30:00,CUST0373,signup,89.31,web
EVT0502585,2026-10-02 09:48:00,CUST0098,refund,156.45,mobile
EVT0505239,2026-10-10 02:23:17,CUST0758,signup,138.43,api
EVT0503206,2026-10-06 19:00:53,CUST0719,view,186.22,mobile
EVT0501894,2026-10-04 00:23:00,CUST0404,view,100.78,api
EVT0502750,2026-10-09 23:11:38,CUST0263,view,17.50,mobile
EVT0501113,2026-10-03 04:53:00,CUST0620,refund,11.81,web
EVT0503169,2026-10-08 15:56:58,CUST0682,refund,172.53,api
EVT0500036,2026-10-02 17:24:00,CUST0540,purchase,13.32,web
EVT0502869,2026-10-06 21:59:33,CUST0382,refund,61.53,api
EVT0503070,2026-10-08 00:45:57,CUST0583,view,135.90,api
EVT0501927,2026-10-03 04:23:00,CUST0437,signup,112.99,api
EVT0504834,2026-10-07 09:00:22,CUST0353,view,188.58,api
EVT0504524,2026-10-08 20:46:05,CUST0043,purchase,73.88,web
EVT0500075,2026-10-04 21:32:00,CUST0579,signup,27.75,web
EVT0500240,2026-10-04 23:38:00,CUST0744,purchase,88.80,web
EVT0504640,2026-10-09 20:05:55,CUST0159,purchase,116.80,mobile
EVT0504723,2026-10-08 19:49:00,CUST0242,signup,147.51,api
EVT0500664,2026-10-05 21:45:00,CUST0171,purchase,45.68,api
EVT0505995,2026-10-06 07:25:23,CUST0517,signup,18.15,api
EVT0503410,2026-10-08 10:21:59,CUST0923,view,61.70,mobile
EVT0503472,2026-10-06 05:17:24,CUST0985,purchase,84.64,api
EVT0502993,2026-10-06 13:01:00,CUST0506,refund,107.41,mobile
EVT0503717,2026-10-06 12:06:56,CUST0233,refund,175.29,web
EVT0503059,2026-10-06 18:03:01,CUST0572,signup,131.83,mobile
EVT0505113,2026-10-09 00:01:56,CUST0632,refund,91.81,api
EVT0501558,2026-10-03 17:15:00,CUST0068,view,176.46,api
EVT0505241,2026-10-08 16:44:33,CUST0760,refund,139.17,web
EVT0503789,2026-10-09 12:45:54,CUST0305,refund,1.93,web
EVT0504988,2026-10-07 06:41:51,CUST0507,purchase,45.56,mobile
EVT0505479,2026-10-06 23:36:25,CUST0001,signup,27.23,api
EVT0503836,2026-10-06 23:09:48,CUST0352,purchase,19.32,mobile
EVT0500641,2026-10-03 02:48:00,CUST0148,refund,37.17,mobile
EVT0501586,2026-10-02 09:39:00,CUST0096,view,186.82,mobile
EVT0503571,2026-10-10 01:07:48,CUST0087,signup,121.27,api
EVT0505577,2026-10-06 21:29:07,CUST0099,refund,63.49,web
EVT0502944,2026-10-08 04:39:18,CUST0457,purchase,89.28,api
EVT0502861,2026-10-06 12:50:47,CUST0374,refund,58.57,mobile
EVT0503954,2026-10-06 23:33:13,CUST0470,view,62.98,web
EVT0501749,2026-10-03 15:50:00,CUST0259,refund,47.13,web
EVT0505985,2026-10-06 17:59:47,CUST0507,refund,14.45,web
EVT0503056,2026-10-07 03:17:48,CUST0569,purchase,130.72,mobile
EVT0504649,2026-10-07 10:03:10,CUST0168,refund,120.13,mobile
EVT0501082,2026-10-02 11:16:00,CUST0589,view,0.34,mobile
EVT0505736,2026-10-09 15:53:57,CUST0258,purchase,122.32,web
EVT0503102,2026-10-06 08:32:29,CUST0615,view,147.74,web
EVT0503392,2026-10-08 08:22:44,CUST0905,purchase,55.04,mobile
EVT0503946,2026-10-07 07:32:24,CUST0462,view,60.02,api
EVT0502589,2026-10-03 03:10:00,CUST0102,refund,157.93,web
EVT0500684,2026-10-05 16:10:00,CUST0191,purchase,53.08,web
EVT0500580,2026-10-02 23:30:00,CUST0087,purchase,14.60,api
EVT0503768,2026-10-07 04:48:30,CUST0284,purchase,194.16,web
EVT0501011,2026-10-03 07:25:00,CUST0518,signup,174.07,web
EVT0500012,2026-10-05 20:32:00,CUST0516,purchase,4.44,web
EVT0505893,2026-10-06 09:36:41,CUST0415,refund,180.41,api
EVT0502582,2026-10-02 07:25:00,CUST0095,view,155.34,mobile
EVT0503298,2026-10-07 18:38:45,CUST0811,view,20.26,api
EVT0502590,2026-10-03 10:15:00,CUST0103,view,158.30,api
EVT0505896,2026-10-07 06:00:18,CUST0418,purchase,181.52,api
EVT0505039,2026-10-08 07:15:40,CUST0558,signup,64.43,mobile
EVT0505530,2026-10-06 10:36:21,CUST0052,view,46.10,api
EVT0503388,2026-10-08 11:57:20,CUST0901,purchase,53.56,api
EVT0503091,2026-10-09 10:31:45,CUST0604,signup,143.67,api
EVT0503101,2026-10-06 04:08:37,CUST0614,refund,147.37,mobile
EVT0505638,2026-10-10 00:31:59,CUST0160,view,86.06,api
EVT0505813,2026-10-08 14:43:26,CUST0335,refund,150.81,mobile
EVT0503581,2026-10-09 23:57:40,CUST0097,refund,124.97,mobile
EVT0501444,2026-10-03 08:23:00,CUST0951,purchase,134.28,api
EVT0500384,2026-10-03 18:22:00,CUST0888,purchase,142.08,web
EVT0502824,2026-10-06 13:01:30,CUST0337,purchase,44.88,api
EVT0501530,2026-10-02 23:39:00,CUST0040,view,166.10,web
EVT0501674,2026-10-03 21:01:00,CUST0184,view,19.38,web
EVT0504912,2026-10-07 08:52:04,CUST0431,purchase,17.44,api
EVT0503630,2026-10-06 08:23:30,CUST0146,view,143.10,web
EVT0505124,2026-10-09 09:38:11,CUST0643,purchase,95.88,web
EVT0501402,2026-10-02 07:50:00,CUST0909,view,118.74,api
EVT0500074,2026-10-02 08:45:00,CUST0578,view,27.38,mobile
EVT0503084,2026-10-09 18:17:05,CUST0597,purchase,141.08,web
EVT0500864,2026-10-05 20:32:00,CUST0371,purchase,119.68,web
EVT0502337,2026-10-04 20:22:00,CUST0847,refund,64.69,web
EVT0504797,2026-10-07 01:09:52,CUST0316,refund,174.89,web
EVT0501426,2026-10-04 21:13:00,CUST0933,view,127.62,api
EVT0504417,2026-10-09 00:07:15,CUST0933,refund,34.29,api
EVT0500803,2026-10-02 12:06:00,CUST0310,signup,97.11,mobile
EVT0503201,2026-10-09 05:37:03,CUST0714,refund,184.37,web
EVT0503083,2026-10-06 23:23:21,CUST0596,signup,140.71,mobile
EVT0500253,2026-10-04 22:58:00,CUST0757,refund,93.61,api
EVT0504069,2026-10-09 08:12:00,CUST0585,refund,105.53,api
EVT0504440,2026-10-09 15:07:54,CUST0956,purchase,42.80,web
EVT0501930,2026-10-03 01:00:00,CUST0440,view,114.10,api
EVT0500331,2026-10-04 12:08:00,CUST0835,signup,122.47,api
EVT0504588,2026-10-08 12:24:20,CUST0107,purchase,97.56,api
EVT0503383,2026-10-09 18:02:15,CUST0896,signup,51.71,mobile
EVT0503890,2026-10-07 22:03:49,CUST0406,view,39.30,mobile
EVT0501710,2026-10-03 22:29:00,CUST0220,view,32.70,web
EVT0500533,2026-10-04 13:19:00,CUST0040,refund,197.21,mobile
EVT0502481,2026-10-03 09:48:00,CUST0991,refund,117.97,web
EVT0504042,2026-10-08 18:21:19,CUST0558,view,95.54,api
EVT0500362,2026-10-04 01:45:00,CUST0866,view,133.94,mobile
EVT0500400,2026-10-04 02:14:00,CUST0904,purchase,148.00,api
EVT0500153,2026-10-03 16:23:00,CUST0657,refund,56.61,web
EVT0504923,2026-10-06 15:26:29,CUST0442,signup,21.51,web
EVT0502364,2026-10-02 20:15:00,CUST0874,purchase,74.68,web
EVT0505497,2026-10-08 13:08:04,CUST0019,refund,33.89,api
EVT0502114,2026-10-04 03:37:00,CUST0624,view,182.18,mobile
EVT0504323,2026-10-08 20:06:20,CUST0839,signup,199.51,web
EVT0504767,2026-10-07 08:49:44,CUST0286,signup,163.79,web
EVT0504904,2026-10-07 05:51:42,CUST0423,purchase,14.48,mobile
EVT0505675,2026-10-09 14:17:19,CUST0197,signup,99.75,mobile
EVT0505031,2026-10-09 10:05:33,CUST0550,signup,61.47,web
EVT0501218,2026-10-02 20:42:00,CUST0725,view,50.66,web
EVT0502015,2026-10-05 10:43:00,CUST0525,signup,145.55,mobile
EVT0504747,2026-10-06 20:31:05,CUST0266,signup,156.39,api
EVT0500429,2026-10-02 18:42:00,CUST0933,refund,158.73,web
EVT0502141,2026-10-04 06:11:00,CUST0651,refund,192.17,mobile
EVT0501205,2026-10-05 18:19:00,CUST0712,refund,45.85,mobile
EVT0504933,2026-10-09 12:34:27,CUST0452,refund,25.21,api
EVT0500512,2026-10-02 03:53:00,CUST0019,purchase,189.44,mobile
EVT0504143,2026-10-09 16:56:56,CUST0659,signup,132.91,web
EVT0500486,2026-10-02 18:28:00,CUST0990,view,179.82,web
EVT0500236,2026-10-02 18:16:00,CUST0740,purchase,87.32,mobile
EVT0505746,2026-10-09 03:43:20,CUST0268,view,126.02,api
EVT0502043,2026-10-02 14:43:00,CUST0553,signup,155.91,web
EVT0503503,2026-10-08 09:00:04,CUST0019,signup,96.11,mobile
EVT0502806,2026-10-09 17:05:52,CUST0319,view,38.22,api
EVT0503917,2026-10-09 04:05:01,CUST0433,refund,49.29,mobile
EVT0501345,2026-10-05 18:17:00,CUST0852,refund,97.65,api
EVT0504902,2026-10-06 23:09:03,CUST0421,view,13.74,web
EVT0501561,2026-10-02 21:58:00,CUST0071,refund,177.57,api
EVT0503224,2026-10-09 17:32:59,CUST0737,purchase,192.88,mobile
EVT0504905,2026-10-07 15:14:39,CUST0424,refund,14.85,web
EVT0500300,2026-10-05 11:15:00,CUST0804,purchase,111.00,web
EVT0501727,2026-10-02 12:03:00,CUST0237,signup,38.99,mobile
EVT0505246,2026-10-08 21:34:05,CUST0765,view,141.02,mobile
EVT0502435,2026-10-05 14:56:00,CUST0945,signup,100.95,mobile
EVT0502780,2026-10-07 10:20:45,CUST0293,purchase,28.60,mobile
EVT0502195,2026-10-02 04:24:00,CUST0705,signup,12.15,mobile
EVT0505236,2026-10-08 10:26:32,CUST0755,purchase,137.32,api
EVT0504178,2026-10-07 12:14:29,CUST0694,view,145.86,mobile
EVT0502351,2026-10-04 00:22:00,CUST0861,signup,69.87,mobile
EVT0505330,2026-10-07 14:28:18,CUST0849,view,172.10,mobile
EVT0500629,2026-10-05 03:44:00,CUST0136,refund,32.73,mobile
EVT0500789,2026-10-05 22:02:00,CUST0296,refund,91.93,web
EVT0503314,2026-10-07 11:53:29,CUST0827,view,26.18,mobile
EVT0501147,2026-10-02 23:53:00,CUST0654,signup,24.39,api
EVT0502345,2026-10-05 17:34:00,CUST0855,refund,67.65,mobile
EVT0501701,2026-10-05 01:21:00,CUST0211,refund,29.37,web
EVT0501212,2026-10-04 18:06:00,CUST0719,purchase,48.44,web
EVT0500026,2026-10-03 19:50:00,CUST0530,view,9.62,mobile
EVT0504079,2026-10-07 23:44:43,CUST0595,signup,109.23,mobile
EVT0504520,2026-10-07 02:25:43,CUST0039,purchase,72.40,mobile
EVT0501557,2026-10-04 17:38:00,CUST0067,refund,176.09,web
EVT0500969,2026-10-04 04:22:00,CUST0476,refund,158.53,web
EVT0505208,2026-10-09 13:36:03,CUST0727,purchase,126.96,web
EVT0500475,2026-10-03 06:30:00,CUST0979,signup,175.75,api
EVT0505749,2026-10-06 17:59:23,CUST0271,refund,127.13,api
EVT0500006,2026-10-05 12:38:00,CUST0510,view,2.22,web
EVT0503082,2026-10-06 13:52:36,CUST0595,view,140.34,api
EVT0502140,2026-10-03 11:44:00,CUST0650,purchase,191.80,api
EVT0502787,2026-10-06 03:54:17,CUST0300,signup,31.19,web
EVT0503451,2026-10-08 23:57:53,CUST0964,signup,76.87,api
EVT0503743,2026-10-10 00:19:44,CUST0259,signup,184.91,mobile
EVT0500514,2026-10-05 04:29:00,CUST0021,view,190.18,api
EVT0590006,nope,CUST0780,view,102.22,web
EVT0504562,2026-10-07 16:54:11,CUST0081,view,87.94,mobile
EVT0504764,2026-10-09 16:51:24,CUST0283,purchase,162.68,web
EVT0500833,2026-10-04 15:38:00,CUST0340,refund,108.21,mobile
EVT0505498,2026-10-06 20:42:53,CUST0020,view,34.26,mobile
EVT0501039,2026-10-05 00:31:00,CUST0546,signup,184.43,api
EVT0505898,2026-10-09 16:40:43,CUST0420,view,182.26,web
EVT0500039,2026-10-05 02:04:00,CUST0543,signup,14.43,web
EVT0505285,2026-10-08 11:41:30,CUST0804,refund,155.45,mobile
EVT0500757,2026-10-04 22:04:00,CUST0264,refund,80.09,api
EVT0505905,2026-10-08 17:11:22,CUST0427,refund,184.85,api
EVT0502762,2026-10-08 12:08:54,CUST0275,view,21.94,mobile
EVT0505175,2026-10-07 19:54:37,CUST0694,signup,114.75,web
EVT0505230,2026-10-08 08:27:31,CUST0749,view,135.10,api
EVT0502396,2026-10-04 05:15:00,CUST0906,purchase,86.52,mobile
EVT0505814,2026-10-07 20:06:50,CUST0336,view,151.18,web
EVT0503396,2026-10-09 22:14:31,CUST0909,purchase,56.52,web
EVT0500919,2026-10-04 18:53:00,CUST0426,signup,140.03,api
EVT0503148,2026-10-07 13:52:17,CUST0661,purchase,164.76,api
EVT0503720,2026-10-09 10:25:05,CUST0236,purchase,176.40,web
EVT0502317,2026-10-03 05:55:00,CUST0827,refund,57.29,api
EVT0503918,2026-10-07 01:32:02,CUST0434,view,49.66,web
EVT0500152,2026-10-05 09:31:00,CUST0656,purchase,56.24,mobile
EVT0504410,2026-10-08 04:28:28,CUST0926,view,31.70,web
EVT0505968,2026-10-07 06:45:12,CUST0490,purchase,8.16,api
EVT0503355,2026-10-09 02:19:26,CUST0868,signup,41.35,api
EVT0501606,2026-10-04 15:33:00,CUST0116,view,194.22,api
EVT0504018,2026-10-08 07:36:54,CUST0534,view,86.66,api
EVT0500895,2026-10-05 14:29:00,CUST0402,signup,131.15,api
EVT0501263,2026-10-03 14:02:00,CUST0770,signup,67.31,web
EVT0502784,2026-10-09 23:28:02,CUST0297,purchase,30.08,web
EVT0502969,2026-10-09 17:35:07,CUST0482,refund,98.53,mobile
EVT0505802,2026-10-08 11:01:11,CUST0324,view,146.74,web
EVT0505221,2026-10-07 00:54:12,CUST0740,refund,131.77,api
EVT0501905,2026-10-05 19:34:00,CUST0415,refund,104.85,web
EVT0500507,2026-10-04 17:46:00,CUST0014,signup,187.59,web
EVT0503722,2026-10-08 00:12:40,CUST0238,view,177.14,mobile
EVT0503574,2026-10-06 05:54:24,CUST0090,view,122.38,api
EVT0503128,2026-10-06 05:40:27,CUST0641,purchase,157.36,mobile
EVT0502800,2026-10-07 10:29:57,CUST0313,purchase,36.00,api
EVT0503136,2026-10-06 10:22:59,CUST0649,purchase,160.32,api
EVT0501248,2026-10-04 22:27:00,CUST0755,purchase,61.76,web
EVT0504549,2026-10-09 18:09:39,CUST0068,refund,83.13,api
EVT0501173,2026-10-03 11:34:00,CUST0680,refund,34.01,web
EVT0500965,2026-10-03 07:44:00,CUST0472,refund,157.05,mobile
EVT0500398,2026-10-04 16:03:00,CUST0902,view,147.26,mobile
EVT0500588,2026-10-04 15:45:00,CUST0095,purchase,17.56,web
EVT0505842,2026-10-10 02:31:56,CUST0364,view,161.54,api
EVT0502645,2026-10-08 14:56:34,CUST0158,refund,178.65,mobile
EVT0504306,2026-10-09 04:00:29,CUST0822,view,193.22,api
EVT0504876,2026-10-09 13:33:54,CUST0395,purchase,4.12,api
EVT0501684,2026-10-03 22:39:00,CUST0194,purchase,23.08,api
EVT0503087,2026-10-08 22:26:58,CUST0600,signup,142.19,web
EVT0503310,2026-10-09 19:28:12,CUST0823,view,24.70,api
EVT0505474,2026-10-07 17:39:21,CUST0993,view,25.38,mobile
EVT0501224,2026-10-03 02:18:00,CUST0731,purchase,52.88,web
EVT0503841,2026-10-08 21:20:57,CUST0357,refund,21.17,api
EVT0505134,2026-10-06 20:32:43,CUST0653,view,99.58,api
EVT0501380,2026-10-03 03:51:00,CUST0887,purchase,110.60,web
EVT0503407,2026-10-09 21:49:33,CUST0920,signup,60.59,mobile
EVT0501427,2026-10-02 19:25:00,CUST0934,signup,127.99,mobile
EVT0504408,2026-10-06 21:30:26,CUST0924,purchase,30.96,api
EVT0501347,2026-10-05 20:31:00,CUST0854,signup,98.39,web
EVT0500816,2026-10-05 08:32:00,CUST0323,purchase,101.92,web
EVT0503308,2026-10-09 09:45:15,CUST0821,purchase,23.96,mobile
EVT0503196,2026-10-06 13:18:37,CUST0709,purchase,182.52,api
EVT0501899,2026-10-04 19:27:00,CUST0409,signup,102.63,web
EVT0501368,2026-10-04 13:51:00,CUST0875,purchase,106.16,web
EVT0503822,2026-10-06 19:37:06,CUST0338,view,14.14,web
EVT0503233,2026-10-07 21:42:04,CUST0746,refund,196.21,mobile
EVT0500793,2026-10-04 06:03:00,CUST0300,refund,93.41,api
EVT0503782,2026-10-07 23:49:56,CUST0298,view,199.34,mobile
EVT0501423,2026-10-03 04:22:00,CUST0930,signup,126.51,api
EVT0504218,2026-10-06 08:19:49,CUST0734,view,160.66,web
EVT0501994,2026-10-05 11:58:00,CUST0504,view,137.78,mobile
EVT0500704,2026-10-02 18:41:00,CUST0211,purchase,60.48,mobile
EVT0501284,2026-10-03 11:16:00,CUST0791,purchase,75.08,web
EVT0503893,2026-10-09 20:03:34,CUST0409,refund,40.41,mobile
EVT0504481,2026-10-08 15:34:02,CUST0997,refund,57.97,mobile
EVT0503475,2026-10-06 12:32:15,CUST0988,signup,85.75,api
EVT0504411,2026-10-06 23:57:13,CUST0927,signup,32.07,api
EVT0500935,2026-10-02 22:26:00,CUST0442,signup,145.95,mobile
EVT0505627,2026-10-09 10:21:58,CUST0149,signup,81.99,mobile
EVT0504392,2026-10-09 00:34:50,CUST0908,purchase,25.04,web
EVT0505380,2026-10-09 13:33:52,CUST0899,purchase,190.60,api
EVT0500556,2026-10-02 04:04:00,CUST0063,purchase,5.72,api
EVT0504460,2026-10-09 11:54:04,CUST0976,purchase,50.20,mobile
EVT0503369,2026-10-07 19:42:47,CUST0882,refund,46.53,web
EVT0503031,2026-10-07 16:23:46,CUST0544,signup,121.47,api
EVT0504230,2026-10-06 19:54:55,CUST0746,view,165.10,web
EVT0502097,2026-10-03 06:37:00,CUST0607,refund,175.89,web
EVT0503941,2026-10-09 22:59:19,CUST0457,refund,58.17,mobile
EVT0504720,2026-10-08 11:30:41,CUST0239,purchase,146.40,api
EVT0500281,2026-10-02 22:27:00,CUST0785,refund,103.97,mobile
EVT0501763,2026-10-04 14:46:00,CUST0273,signup,52.31,mobile
EVT0504750,2026-10-08 07:46:38,CUST0269,view,157.50,api
EVT0505445,2026-10-08 14:20:02,CUST0964,refund,14.65,web
EVT0501038,2026-10-05 19:37:00,CUST0545,view,184.06,web
EVT0500786,2026-10-02 19:39:00,CUST0293,view,90.82,web
EVT0503456,2026-10-06 10:41:57,CUST0969,purchase,78.72,web
EVT0505855,2026-10-07 13:16:46,CUST0377,signup,166.35,mobile
EVT0503356,2026-10-10 02:46:58,CUST0869,purchase,41.72,mobile
EVT0502361,2026-10-05 22:44:00,CUST0871,refund,73.57,web
EVT0503043,2026-10-09 06:39:13,CUST0556,signup,125.91,api
EVT0502637,2026-10-08 17:49:07,CUST0150,refund,175.69,web
EVT0501593,2026-10-05 02:51:00,CUST0103,refund,189.41,web
EVT0502144,2026-10-03 04:15:00,CUST0654,purchase,193.28,mobile
EVT0503921,2026-10-08 07:34:15,CUST0437,refund,50.77,web
EVT0504718,2026-10-08 17:50:30,CUST0237,view,145.66,mobile
EVT0500670,2026-10-04 15:44:00,CUST0177,view,47.90,api
EVT0504008,2026-10-08 04:50:32,CUST0524,purchase,82.96,web
EVT0503338,2026-10-08 07:26:04,CUST0851,view,35.06,mobile
EVT0503165,2026-10-07 09:00:36,CUST0678,refund,171.05,web
EVT0504978,2026-10-09 02:49:11,CUST0497,view,41.86,api
EVT0504406,2026-10-07 20:55:13,CUST0922,view,30.22,mobile
EVT0504051,2026-10-07 02:55:34,CUST0567,signup,98.87,api
EVT0502257,2026-10-03 23:38:00,CUST0767,refund,35.09,api
EVT0505374,2026-10-06 13:14:37,CUST0893,view,188.38,api
EVT0503975,2026-10-08 14:36:38,CUST0491,signup,70.75,web
EVT0501235,2026-10-04 10:22:00,CUST0742,signup,56.95,mobile
EVT0505092,2026-10-07 15:39:44,CUST0611,purchase,84.04,api
EVT0502495,2026-10-04 04:08:00,CUST0008,signup,123.15,mobile
EVT0504795,2026-10-08 02:35:23,CUST0314,signup,174.15,api
EVT0500705,2026-10-05 10:44:00,CUST0212,refund,60.85,web
EVT0504238,2026-10-08 09:03:22,CUST0754,view,168.06,mobile
EVT0501247,2026-10-02 09:35:00,CUST0754,signup,61.39,mobile
EVT0500129,2026-10-02 04:03:00,CUST0633,refund,47.73,web
EVT0501176,2026-10-03 15:20:00,CUST0683,purchase,35.12,web
EVT0505512,2026-10-07 23:44:23,CUST0034,purchase,39.44,api
EVT0502115,2026-10-02 08:57:00,CUST0625,signup,182.55,web
EVT0501057,2026-10-05 21:39:00,CUST0564,refund,191.09,api
EVT0503526,2026-10-08 14:02:34,CUST0042,view,104.62,api
EVT0504733,2026-10-06 19:25:22,CUST0252,refund,151.21,mobile
EVT0501811,2026-10-03 00:58:00,CUST0321,signup,70.07,mobile
EVT0500800,2026-10-03 16:44:00,CUST0307,purchase,96.00,mobile
EVT0505728,2026-10-07 16:43:05,CUST0250,purchase,119.36,api
EVT0501287,2026-10-03 02:45:00,CUST0794,signup,76.19,web
EVT0590005,2026-13-01 00:00:00,CUST0779,refund,101.85,mobile
EVT0500294,2026-10-04 23:40:00,CUST0798,view,108.78,web
EVT0500562,2026-10-04 23:03:00,CUST0069,view,7.94,api
EVT0504919,2026-10-07 13:53:39,CUST0438,signup,20.03,mobile
EVT0503908,2026-10-06 08:29:33,CUST0424,purchase,45.96,mobile
EVT0503370,2026-10-09 18:06:02,CUST0883,view,46.90,api
EVT0502041,2026-10-04 23:05:00,CUST0551,refund,155.17,api
EVT0501615,2026-10-02 09:55:00,CUST0125,signup,197.55,api
EVT0505193,2026-10-06 17:17:25,CUST0712,refund,121.41,web
EVT0505020,2026-10-06 20:34:39,CUST0539,purchase,57.40,api
EVT0504687,2026-10-09 17:52:20,CUST0206,signup,134.19,api
EVT0500327,2026-10-04 20:40:00,CUST0831,signup,120.99,web
EVT0502967,2026-10-07 13:45:02,CUST0480,signup,97.79,web
EVT0504627,2026-10-06 22:01:09,CUST0146,signup,111.99,api
EVT0504863,2026-10-08 17:48:44,CUST0382,signup,199.31,web
EVT0505511,2026-10-06 17:37:03,CUST0033,signup,39.07,web
EVT0505262,2026-10-06 10:32:40,CUST0781,view,146.94,web
EVT0503243,2026-10-09 22:36:49,CUST0756,signup,199.91,web
EVT0504907,2026-10-07 14:33:21,CUST0426,signup,15.59,mobile
EVT0500769,2026-10-04 21:14:00,CUST0276,refund,84.53,api
EVT0502252,2026-10-03 23:26:00,CUST0762,purchase,33.24,mobile
EVT0501425,2026-10-04 19:56:00,CUST0932,refund,127.25,web
EVT0501125,2026-10-04 07:15:00,CUST0632,refund,16.25,web
EVT0504099,2026-10-09 23:45:16,CUST0615,signup,116.63,api
EVT0502707,2026-10-10 01:15:30,CUST0220,signup,1.59,api
EVT0501601,2026-10-02 06:23:00,CUST0111,refund,192.37,mobile
EVT0504595,2026-10-09 08:26:26,CUST0114,signup,100.15,mobile
EVT0500200,2026-10-05 15:48:00,CUST0704,purchase,74.00,mobile
EVT0500521,2026-10-02 10:20:00,CUST0028,refund,192.77,mobile
EVT0501638,2026-10-04 12:46:00,CUST0148,view,6.06,web
EVT0503540,2026-10-09 09:22:16,CUST0056,purchase,109.80,web
EVT0505067,2026-10-06 03:38:37,CUST0586,signup,74.79,web
EVT0504341,2026-10-06 18:44:24,CUST0857,refund,6.17,web
EVT0503150,2026-10-07 15:54:23,CUST0663,view,165.50,web
EVT0502451,2026-10-02 17:04:00,CUST0961,signup,106.87,web
EVT0500076,2026-10-02 19:09:00,CUST0580,purchase,28.12,api
EVT0505682,2026-10-06 22:49:54,CUST0204,view,102.34,web
EVT0502075,2026-10-04 05:35:00,CUST0585,signup,167.75,mobile
EVT0500765,2026-10-05 11:12:00,CUST0272,refund,83.05,web
EVT0504164,2026-10-09 09:11:08,CUST0680,purchase,140.68,web
EVT0504067,2026-10-06 11:47:35,CUST0583,signup,104.79,mobile
EVT0504096,2026-10-06 17:57:32,CUST0612,purchase,115.52,api
EVT0505028,2026-10-07 19:50:35,CUST0547,purchase,60.36,web
EVT0500245,2026-10-03 16:53:00,CUST0749,refund,90.65,mobile
EVT0500340,2026-10-04 02:27:00,CUST0844,purchase,125.80,api
EVT0503645,2026-10-06 14:27:58,CUST0161,refund,148.65,web
EVT0505507,2026-10-07 16:13:58,CUST0029,signup,37.59,mobile
EVT0505687,2026-10-09 04:38:39,CUST0209,signup,104.19,mobile
EVT0503312,2026-10-09 17:29:12,CUST0825,purchase,25.44,web
EVT0504999,2026-10-08 06:14:56,CUST0518,signup,49.63,api
EVT0503504,2026-10-08 16:16:37,CUST0020,purchase,96.48,web
EVT0502827,2026-10-06 18:08:24,CUST0340,signup,45.99,api
EVT0505473,2026-10-07 20:44:21,CUST0992,refund,25.01,api
EVT0505495,2026-10-06 14:45:23,CUST0017,signup,33.15,mobile
EVT0504026,2026-10-06 20:27:01,CUST0542,view,89.62,web
EVT0502818,2026-10-09 04:06:07,CUST0331,view,42.66,api
EVT0504885,2026-10-06 13:40:27,CUST0404,refund,7.45,api
EVT0505354,2026-10-09 16:24:11,CUST0873,view,180.98,mobile
EVT0502070,2026-10-03 11:46:00,CUST0580,view,165.90,web
EVT0503658,2026-10-08 08:59:35,CUST0174,view,153.46,api
EVT0504868,2026-10-08 17:11:06,CUST0387,purchase,1.16,mobile
EVT0501131,2026-10-04 17:15:00,CUST0638,signup,18.47,web
EVT0502608,2026-10-09 01:10:36,CUST0121,purchase,164.96,api
EVT0505366,2026-10-09 12:09:34,CUST0885,view,185.42,mobile
EVT0504598,2026-10-08 13:21:30,CUST0117,view,101.26,mobile
EVT0502445,2026-10-03 15:52:00,CUST0955,refund,104.65,web
EVT0503122,2026-10-09 07:46:22,CUST0635,view,155.14,mobile
EVT0501861,2026-10-04 19:13:00,CUST0371,refund,88.57,api
EVT0500204,2026-10-02 17:53:00,CUST0708,purchase,75.48,web
EVT0504675,2026-10-08 04:22:09,CUST0194,signup,129.75,api
EVT0501344,2026-10-04 16:03:00,CUST0851,purchase,97.28,web
EVT0500563,2026-10-02 12:03:00,CUST0070,signup,8.31,mobile
EVT0504211,2026-10-06 12:53:25,CUST0727,signup,158.07,mobile
EVT0500882,2026-10-03 01:41:00,CUST0389,view,126.34,web
EVT0501182,2026-10-04 09:38:00,CUST0689,view,37.34,web
EVT0500849,2026-10-02 12:16:00,CUST0356,refund,114.13,web
EVT0504466,2026-10-07 06:36:14,CUST0982,view,52.42,mobile
EVT0505200,2026-10-09 14:12:31,CUST0719,purchase,124.00,api
EVT0502263,2026-10-03 19:40:00,CUST0773,signup,37.31,api
EVT0500642,2026-10-03 10:04:00,CUST0149,view,37.54,web
EVT0504522,2026-10-07 17:53:10,CUST0041,view,73.14,api
EVT0503250,2026-10-09 23:08:46,CUST0763,view,2.50,api
EVT0502442,2026-10-05 10:43:00,CUST0952,view,103.54,web
EVT0505902,2026-10-08 01:48:12,CUST0424,view,183.74,api
EVT0505557,2026-10-07 05:47:50,CUST0079,refund,56.09,api
EVT0504610,2026-10-09 04:03:22,CUST0129,view,105.70,mobile
EVT0505325,2026-10-09 10:11:59,CUST0844,refund,170.25,web
EVT0503672,2026-10-07 10:36:33,CUST0188,purchase,158.64,web
EVT0501157,2026-10-03 11:46:00,CUST0664,refund,28.09,mobile
EVT0503435,2026-10-06 03:36:30,CUST0948,signup,70.95,web
EVT0505755,2026-10-09 13:33:08,CUST0277,signup,129.35,api
EVT0500038,2026-10-03 03:53:00,CUST0542,view,14.06,mobile
EVT0501103,2026-10-04 17:47:00,CUST0610,signup,8.11,mobile
EVT0502227,2026-10-02 21:36:00,CUST0737,signup,23.99,api
EVT0501227,2026-10-02 19:41:00,CUST0734,signup,53.99,web
EVT0501506,2026-10-05 01:37:00,CUST0016,view,157.22,web
EVT0505670,2026-10-08 01:31:21,CUST0192,view,97.90,web
EVT0505777,2026-10-07 02:41:40,CUST0299,refund,137.49,mobile
EVT0505907,2026-10-06 12:13:35,CUST0429,signup,185.59,web
EVT0503770,2026-10-08 13:10:44,CUST0286,view,194.90,mobile
EVT0503076,2026-10-09 19:35:33,CUST0589,purchase,138.12,api
EVT0502203,2026-10-04 21:06:00,CUST0713,signup,15.11,api
EVT0500205,2026-10-04 22:57:00,CUST0709,refund,75.85,api
EVT0505667,2026-10-06 09:57:22,CUST0189,signup,96.79,web
EVT0504205,2026-10-09 01:48:12,CUST0721,refund,155.85,mobile
EVT0500755,2026-10-04 07:17:00,CUST0262,signup,79.35,mobile
EVT0503336,2026-10-07 16:26:40,CUST0849,purchase,34.32,web
EVT0502416,2026-10-03 06:33:00,CUST0926,purchase,93.92,api
EVT0503332,2026-10-09 14:54:08,CUST0845,purchase,32.84,mobile
EVT0502145,2026-10-03 11:46:00,CUST0655,refund,193.65,web
EVT0504807,2026-10-08 11:20:43,CUST0326,signup,178.59,api
EVT0501514,2026-10-02 21:37:00,CUST0024,view,160.18,mobile
EVT0504623,2026-10-09 00:03:25,CUST0142,signup,110.51,web
EVT0502044,2026-10-04 04:52:00,CUST0554,purchase,156.28,api
EVT0504509,2026-10-09 20:53:48,CUST0028,refund,68.33,web
EVT0500683,2026-10-04 08:34:00,CUST0190,signup,52.71,mobile
EVT0500936,2026-10-02 03:48:00,CUST0443,purchase,146.32,web
EVT0504363,2026-10-09 10:38:05,CUST0879,signup,14.31,api
EVT0503163,2026-10-07 19:00:09,CUST0676,signup,170.31,api
EVT0504030,2026-10-06 07:49:17,CUST0546,view,91.10,api
EVT0500894,2026-10-04 07:50:00,CUST0401,view,130.78,web
EVT0505981,2026-10-08 23:22:47,CUST0503,refund,12.97,mobile
EVT0502809,2026-10-08 15:53:16,CUST0322,refund,39.33,api
EVT0500825,2026-10-03 16:49:00,CUST0332,refund,105.25,web
EVT0505533,2026-10-10 01:42:35,CUST0055,refund,47.21,api
EVT0502672,2026-10-09 13:09:44,CUST0185,purchase,188.64,mobile
EVT0504350,2026-10-07 13:11:36,CUST0866,view,9.50,web
EVT0505082,2026-10-09 06:42:07,CUST0601,view,80.34,web
EVT0504423,2026-10-07 04:09:46,CUST0939,signup,36.51,api
EVT0501804,2026-10-03 04:24:00,CUST0314,purchase,67.48,api
EVT0503398,2026-10-06 19:42:03,CUST0911,view,57.26,mobile
EVT0500318,2026-10-03 07:55:00,CUST0822,view,117.66,web
EVT0504878,2026-10-06 11:52:16,CUST0397,view,4.86,web
EVT0504607,2026-10-07 22:15:05,CUST0126,signup,104.59,mobile
EVT0501867,2026-10-03 13:03:00,CUST0377,signup,90.79,api
EVT0503288,2026-10-09 22:56:10,CUST0801,purchase,16.56,web
EVT0503432,2026-10-08 06:32:08,CUST0945,purchase,69.84,web
EVT0502476,2026-10-04 17:17:00,CUST0986,purchase,116.12,api
EVT0504913,2026-10-09 21:10:57,CUST0432,refund,17.81,mobile
EVT0502367,2026-10-02 04:58:00,CUST0877,signup,75.79,web
EVT0503750,2026-10-07 08:11:01,CUST0266,view,187.50,web
EVT0505658,2026-10-06 16:35:45,CUST0180,view,93.46,web
EVT0501914,2026-10-05 13:55:00,CUST0424,view,108.18,web
EVT0500311,2026-10-03 18:35:00,CUST0815,signup,115.07,mobile
EVT0504572,2026-10-07 04:07:04,CUST0091,purchase,91.64,web
EVT0504029,2026-10-09 03:37:55,CUST0545,refund,90.73,web
EVT0501077,2026-10-05 19:05:00,CUST0584,refund,198.49,web
EVT0503626,2026-10-07 11:22:38,CUST0142,view,141.62,mobile
EVT0504344,2026-10-08 04:07:26,CUST0860,purchase,7.28,web
EVT0504471,2026-10-08 15:05:19,CUST0987,signup,54.27,api
EVT0504592,2026-10-07 20:43:06,CUST0111,purchase,99.04,mobile
EVT0503517,2026-10-09 10:58:49,CUST0033,refund,101.29,api
EVT0502207,2026-10-02 23:27:00,CUST0717,signup,16.59,mobile
EVT0502726,2026-10-08 22:07:49,CUST0239,view,8.62,mobile
EVT0504383,2026-10-08 04:21:41,CUST0899,signup,21.71,web
EVT0505271,2026-10-09 07:48:03,CUST0790,signup,150.27,web
EVT0503670,2026-10-08 07:27:59,CUST0186,view,157.90,api
EVT0501260,2026-10-02 13:50:00,CUST0767,purchase,66.20,web
EVT0503778,2026-10-07 12:08:24,CUST0294,view,197.86,api
EVT0500731,2026-10-04 03:26:00,CUST0238,signup,70.47,mobile
EVT0503337,2026-10-09 19:43:17,CUST0850,refund,34.69,api
EVT0503294,2026-10-09 15:21:45,CUST0807,view,18.78,web
EVT0502004,2026-10-02 21:50:00,CUST0514,purchase,141.48,web
EVT0500930,2026-10-05 15:52:00,CUST0437,view,144.10,web
EVT0502282,2026-10-02 16:56:00,CUST0792,view,44.34,mobile
EVT0500599,2026-10-02 19:35:00,CUST0106,signup,21.63,mobile
EVT0501275,2026-10-03 13:08:00,CUST0782,signup,71.75,web
EVT0502245,2026-10-06 01:14:00,CUST0755,refund,30.65,api
EVT0501319,2026-10-04 05:20:00,CUST0826,signup,88.03,mobile
EVT0503981,2026-10-09 08:57:24,CUST0497,refund,72.97,web
EVT0502463,2026-10-03 13:34:00,CUST0973,signup,111.31,web
EVT0504684,2026-10-09 14:38:11,CUST0203,purchase,133.08,api
EVT0501959,2026-10-04 20:04:00,CUST0469,signup,124.83,web
EVT0502218,2026-10-03 16:21:00,CUST0728,view,20.66,api
EVT0503843,2026-10-07 10:54:36,CUST0359,signup,21.91,web
EVT0504694,2026-10-07 06:06:07,CUST0213,view,136.78,mobile
EVT0503719,2026-10-09 22:17:01,CUST0235,signup,176.03,mobile
EVT0503583,2026-10-09 20:27:40,CUST0099,signup,125.71,api
EVT0505680,2026-10-08 22:33:01,CUST0202,purchase,101.60,api
EVT0501775,2026-10-02 13:23:00,CUST0285,signup,56.75,mobile
EVT0502096,2026-10-03 11:12:00,CUST0606,purchase,175.52,mobile
EVT0505843,2026-10-08 09:40:28,CUST0365,signup,161.91,mobile
EVT0501526,2026-10-05 15:55:00,CUST0036,view,164.62,mobile
EVT0503573,2026-10-08 16:33:51,CUST0089,refund,122.01,web
EVT0501650,2026-10-05 10:43:00,CUST0160,view,10.50,web
EVT0502355,2026-10-04 01:58:00,CUST0865,signup,71.35,web
EVT0501915,2026-10-05 05:14:00,CUST0425,signup,108.55,api
EVT0502754,2026-10-06 19:14:21,CUST0267,view,18.98,web
EVT0504886,2026-10-06 14:23:10,CUST0405,view,7.82,mobile
EVT0501875,2026-10-04 05:01:00,CUST0385,signup,93.75,web
EVT0504838,2026-10-09 13:03:10,CUST0357,view,190.06,mobile
EVT0500530,2026-10-02 11:07:00,CUST0037,view,196.10,mobile
EVT0502781,2026-10-06 13:01:44,CUST0294,refund,28.97,web
EVT0503357,2026-10-06 17:15:20,CUST0870,refund,42.09,web
EVT0503496,2026-10-08 23:08:41,CUST0012,purchase,93.52,api
EVT0504760,2026-10-10 01:28:53,CUST0279,purchase,161.20,mobile
EVT0502924,2026-10-07 13:07:14,CUST0437,purchase,81.88,mobile
EVT0504659,2026-10-08 09:31:52,CUST0178,signup,123.83,web
EVT0503629,2026-10-06 08:27:41,CUST0145,refund,142.73,mobile
EVT0503213,2026-10-07 21:09:03,CUST0726,refund,188.81,web
EVT0504110,2026-10-07 08:38:51,CUST0626,view,120.70,web
EVT0504967,2026-10-06 17:24:35,CUST0486,signup,37.79,mobile
EVT0505379,2026-10-06 19:27:24,CUST0898,signup,190.23,web
EVT0505541,2026-10-06 21:07:09,CUST0063,refund,50.17,web
EVT0502630,2026-10-07 12:08:31,CUST0143,view,173.10,mobile
EVT0503465,2026-10-07 23:06:13,CUST0978,refund,82.05,web
EVT0502142,2026-10-04 01:55:00,CUST0652,view,192.54,web
EVT0505632,2026-10-06 08:51:52,CUST0154,purchase,83.84,api
EVT0505129,2026-10-09 23:41:00,CUST0648,refund,97.73,mobile
EVT0505275,2026-10-07 05:46:28,CUST0794,signup,151.75,api
EVT0501323,2026-10-03 23:53:00,CUST0830,signup,89.51,web
EVT0502531,2026-10-02 08:25:00,CUST0044,signup,136.47,mobile
EVT0504910,2026-10-09 13:50:58,CUST0429,view,16.70,mobile
EVT0503894,2026-10-09 02:09:14,CUST0410,view,40.78,web
EVT0502001,2026-10-04 13:50:00,CUST0511,refund,140.37,web
EVT0504482,2026-10-08 17:59:51,CUST0001,view,58.34,web
EVT0502909,2026-10-06 22:29:03,CUST0422,refund,76.33,mobile
EVT0501335,2026-10-04 13:28:00,CUST0842,signup,93.95,web
EVT0501884,2026-10-02 23:42:00,CUST0394,purchase,97.08,web
EVT0501632,2026-10-03 03:18:00,CUST0142,purchase,3.84,web
EVT0505944,2026-10-07 16:33:05,CUST0466,purchase,199.28,api
EVT0503887,2026-10-07 19:13:25,CUST0403,signup,38.19,mobile
EVT0504979,2026-10-07 12:45:01,CUST0498,signup,42.23,mobile
EVT0501194,2026-10-04 13:58:00,CUST0701,view,41.78,web
EVT0504946,2026-10-08 18:05:37,CUST0465,view,30.02,mobile
EVT0503116,2026-10-09 12:56:12,CUST0629,purchase,152.92,mobile
EVT0502493,2026-10-02 09:20:00,CUST0006,refund,122.41,web
EVT0503873,2026-10-09 15:14:58,CUST0389,refund,33.01,web
EVT0505810,2026-10-09 17:24:28,CUST0332,view,149.70,mobile
EVT0500806,2026-10-05 20:25:00,CUST0313,view,98.22,mobile
EVT0504678,2026-10-08 08:04:14,CUST0197,view,130.86,api
EVT0504604,2026-10-06 07:24:06,CUST0123,purchase,103.48,mobile
EVT0502168,2026-10-04 03:15:00,CUST0678,purchase,2.16,mobile
EVT0501098,2026-10-03 07:09:00,CUST0605,view,6.26,web
EVT0502990,2026-10-09 05:30:54,CUST0503,view,106.30,mobile
EVT0502689,2026-10-06 04:49:48,CUST0202,refund,194.93,api
EVT0504061,2026-10-08 17:30:05,CUST0577,refund,102.57,mobile
EVT0505656,2026-10-08 17:53:19,CUST0178,purchase,92.72,api
EVT0502331,2026-10-03 14:10:00,CUST0841,signup,62.47,web
EVT0504442,2026-10-07 13:58:28,CUST0958,view,43.54,mobile
EVT0503889,2026-10-06 16:28:58,CUST0405,refund,38.93,api
EVT0501801,2026-10-05 21:54:00,CUST0311,refund,66.37,api
EVT0503075,2026-10-06 21:24:32,CUST0588,signup,137.75,web
EVT0502305,2026-10-05 14:41:00,CUST0815,refund,52.85,api
EVT0504964,2026-10-06 05:55:15,CUST0483,purchase,36.68,mobile
EVT0503280,2026-10-08 22:55:13,CUST0793,purchase,13.60,api
EVT0501806,2026-10-05 21:07:00,CUST0316,view,68.22,web
EVT0500299,2026-10-04 10:02:00,CUST0803,signup,110.63,mobile
EVT0500067,2026-10-03 22:12:00,CUST0571,signup,24.79,api
EVT0503611,2026-10-09 23:57:22,CUST0127,signup,136.07,mobile
EVT0503688,2026-10-06 16:16:13,CUST0204,purchase,164.56,api
EVT0500482,2026-10-05 20:37:00,CUST0986,view,178.34,mobile
EVT0501328,2026-10-05 04:58:00,CUST0835,purchase,91.36,mobile
EVT0503514,2026-10-07 14:56:35,CUST0030,view,100.18,api
EVT0501937,2026-10-05 18:43:00,CUST0447,refund,116.69,mobile
EVT0501073,2026-10-05 07:17:00,CUST0580,refund,197.01,mobile
EVT0500818,2026-10-03 07:08:00,CUST0325,view,102.66,mobile
EVT0502768,2026-10-09 13:26:12,CUST0281,purchase,24.16,mobile
EVT0503686,2026-10-07 04:55:35,CUST0202,view,163.82,mobile
EVT0503766,2026-10-09 07:57:24,CUST0282,view,193.42,api
EVT0504057,2026-10-09 19:33:19,CUST0573,refund,101.09,api
EVT0505403,2026-10-09 08:21:51,CUST0922,signup,199.11,web
EVT0503796,2026-10-08 19:49:31,CUST0312,purchase,4.52,api
EVT0500110,2026-10-04 09:24:00,CUST0614,view,40.70,mobile
EVT0504634,2026-10-06 09:26:59,CUST0153,view,114.58,mobile
EVT0505804,2026-10-07 13:41:43,CUST0326,purchase,147.48,mobile
EVT0501948,2026-10-03 00:10:00,CUST0458,purchase,120.76,api
EVT0500477,2026-10-02 07:50:00,CUST0981,refund,176.49,web
EVT0504593,2026-10-08 10:35:59,CUST0112,refund,99.41,web
EVT0500356,2026-10-03 02:12:00,CUST0860,purchase,131.72,mobile
EVT0505188,2026-10-07 01:34:00,CUST0707,purchase,119.56,api
EVT0501000,2026-10-02 13:00:00,CUST0507,purchase,170.00,api
EVT0501014,2026-10-04 21:35:00,CUST0521,view,175.18,web
EVT0500535,2026-10-04 23:23:00,CUST0042,signup,197.95,api
EVT0502856,2026-10-06 19:51:56,CUST0369,purchase,56.72,web
EVT0501257,2026-10-02 18:35:00,CUST0764,refund,65.09,web
EVT0502919,2026-10-07 22:58:37,CUST0432,signup,80.03,web
EVT0502222,2026-10-03 22:29:00,CUST0732,view,22.14,mobile
EVT0500305,2026-10-03 07:36:00,CUST0809,refund,112.85,mobile
EVT0503379,2026-10-07 17:50:58,CUST0892,signup,50.23,api
EVT0502639,2026-10-08 14:53:45,CUST0152,signup,176.43,mobile
EVT0503012,2026-10-07 01:48:33,CUST0525,purchase,114.44,web
EVT0505754,2026-10-09 06:47:23,CUST0276,view,128.98,web
EVT0500949,2026-10-03 08:32:00,CUST0456,refund,151.13,api
EVT0502820,2026-10-06 15:11:31,CUST0333,purchase,43.40,web
EVT0503999,2026-10-07 00:57:13,CUST0515,signup,79.63,web
EVT0500071,2026-10-04 00:15:00,CUST0575,signup,26.27,mobile
EVT0503895,2026-10-06 03:59:53,CUST0411,signup,41.15,api
EVT0501437,2026-10-04 02:40:00,CUST0944,refund,131.69,web
EVT0502346,2026-10-02 03:35:00,CUST0856,view,68.02,web
EVT0500349,2026-10-04 23:46:00,CUST0853,refund,129.13,api
EVT0504133,2026-10-10 02:31:55,CUST0649,refund,129.21,mobile
EVT0500058,2026-10-02 06:14:00,CUST0562,view,21.46,api
EVT0501907,2026-10-03 01:41:00,CUST0417,signup,105.59,mobile
EVT0503205,2026-10-09 21:27:50,CUST0718,refund,185.85,api
EVT0504714,2026-10-09 20:19:01,CUST0233,view,144.18,api
EVT0501726,2026-10-05 19:41:00,CUST0236,view,38.62,api
EVT0505516,2026-10-10 02:49:07,CUST0038,purchase,40.92,mobile
EVT0504960,2026-10-07 09:27:40,CUST0479,purchase,35.20,api
EVT0503397,2026-10-08 07:03:54,CUST0910,refund,56.89,api
EVT0501629,2026-10-05 20:48:00,CUST0139,refund,2.73,web
EVT0503481,2026-10-09 18:50:14,CUST0994,refund,87.97,api
EVT0500517,2026-10-02 10:14:00,CUST0024,refund,191.29,api
EVT0503927,2026-10-08 12:00:42,CUST0443,signup,52.99,web
EVT0501168,2026-10-05 20:26:00,CUST0675,purchase,32.16,api
EVT0502056,2026-10-03 18:54:00,CUST0566,purchase,160.72,api
EVT0504745,2026-10-06 12:38:33,CUST0264,refund,155.65,mobile
EVT0502906,2026-10-06 16:25:17,CUST0419,view,75.22,mobile
EVT0503521,2026-10-08 23:37:41,CUST0037,refund,102.77,mobile
EVT0503452,2026-10-06 08:18:27,CUST0965,purchase,77.24,mobile
EVT0504404,2026-10-09 11:09:11,CUST0920,purchase,29.48,web
EVT0503381,2026-10-07 06:26:34,CUST0894,refund,50.97,web
EVT0503646,2026-10-07 19:13:26,CUST0162,view,149.02,api
EVT0504175,2026-10-07 08:55:35,CUST0691,signup,144.75,mobile
EVT0501234,2026-10-05 21:20:00,CUST0741,view,56.58,api
EVT0505012,2026-10-10 00:12:05,CUST0531,purchase,54.44,mobile
EVT0500564,2026-10-02 06:24:00,CUST0071,purchase,8.68,web
EVT0501443,2026-10-05 20:51:00,CUST0950,signup,133.91,web
EVT0505143,2026-10-08 19:32:20,CUST0662,signup,102.91,api
EVT0503153,2026-10-09 12:35:46,CUST0666,refund,166.61,web
EVT0502971,2026-10-09 11:19:45,CUST0484,signup,99.27,api
EVT0504093,2026-10-07 00:47:28,CUST0609,refund,114.41,api
EVT0501846,2026-10-04 19:12:00,CUST0356,view,83.02,api
EVT0501505,2026-10-04 01:28:00,CUST0015,refund,156.85,mobile
EVT0502394,2026-10-03 20:53:00,CUST0904,view,85.78,web
EVT0501140,2026-10-03 19:44:00,CUST0647,purchase,21.80,web
EVT0505603,2026-10-06 22:28:13,CUST0125,signup,73.11,mobile
EVT0500732,2026-10-03 01:14:00,CUST0239,purchase,70.84,web
EVT0501960,2026-10-03 16:16:00,CUST0470,purchase,125.20,api
EVT0500059,2026-10-03 00:21:00,CUST0563,signup,21.83,mobile
EVT0505856,2026-10-07 13:01:10,CUST0378,purchase,166.72,web
EVT0503616,2026-10-06 17:10:51,CUST0132,purchase,137.92,api
EVT0500990,2026-10-02 09:45:00,CUST0497,view,166.30,web
EVT0504772,2026-10-06 06:46:54,CUST0291,purchase,165.64,mobile
EVT0504579,2026-10-07 12:10:00,CUST0098,signup,94.23,api
EVT0500497,2026-10-05 05:58:00,CUST0004,refund,183.89,mobile
EVT0503447,2026-10-09 16:43:40,CUST0960,signup,75.39,web
EVT0502728,2026-10-06 19:09:17,CUST0241,purchase,9.36,api
EVT0501780,2026-10-03 02:35:00,CUST0290,purchase,58.60,api
EVT0500377,2026-10-03 12:44:00,CUST0881,refund,139.49,mobile
EVT0502370,2026-10-04 02:58:00,CUST0880,view,76.90,web
EVT0504040,2026-10-07 15:01:05,CUST0556,purchase,94.80,mobile
EVT0503696,2026-10-07 13:53:48,CUST0212,purchase,167.52,web
EVT0505585,2026-10-06 19:58:01,CUST0107,refund,66.45,mobile
EVT0502427,2026-10-02 22:25:00,CUST0937,signup,97.99,web
EVT0502236,2026-10-03 16:49:00,CUST0746,purchase,27.32,api
EVT0502179,2026-10-04 07:17:00,CUST0689,signup,6.23,api
EVT0503551,2026-10-09 14:37:09,CUST0067,signup,113.87,mobile
EVT0500945,2026-10-02 15:03:00,CUST0452,refund,149.65,web
EVT0505303,2026-10-09 15:06:23,CUST0822,signup,162.11,mobile
EVT0503145,2026-10-06 19:03:37,CUST0658,refund,163.65,api
EVT0503033,2026-10-08 06:34:22,CUST0546,refund,122.21,web
EVT0504858,2026-10-08 01:09:57,CUST0377,view,197.46,api
EVT0500940,2026-10-05 01:03:00,CUST0447,purchase,147.80,api
EVT0502028,2026-10-03 20:24:00,CUST0538,purchase,150.36,web
EVT0502297,2026-10-05 01:51:00,CUST0807,refund,49.89,mobile
EVT0500130,2026-10-02 14:15:00,CUST0634,view,48.10,api
EVT0501066,2026-10-05 10:42:00,CUST0573,view,194.42,api
EVT0502131,2026-10-04 19:17:00,CUST0641,signup,188.47,api
EVT0505422,2026-10-06 14:59:58,CUST0941,view,6.14,api
EVT0500865,2026-10-03 06:58:00,CUST0372,refund,120.05,api
EVT0505540,2026-10-08 09:46:42,CUST0062,purchase,49.80,mobile
EVT0503835,2026-10-07 05:00:58,CUST0351,signup,18.95,api
EVT0501850,2026-10-02 22:34:00,CUST0360,view,84.50,mobile
EVT0501149,2026-10-05 11:32:00,CUST0656,refund,25.13,web
EVT0505924,2026-10-09 14:15:13,CUST0446,purchase,191.88,mobile
EVT0500713,2026-10-05 16:31:00,CUST0220,refund,63.81,mobile
EVT0505840,2026-10-09 21:42:27,CUST0362,purchase,160.80,mobile
EVT0503395,2026-10-08 08:30:25,CUST0908,signup,56.15,mobile
EVT0503349,2026-10-06 11:08:51,CUST0862,refund,39.13,api
EVT0505461,2026-10-06 21:19:55,CUST0980,refund,20.57,api
EVT0501536,2026-10-05 00:56:00,CUST0046,purchase,168.32,web
EVT0501987,2026-10-03 07:51:00,CUST0497,signup,135.19,api
EVT0503982,2026-10-06 22:19:40,CUST0498,view,73.34,api
EVT0505788,2026-10-07 09:32:21,CUST0310,purchase,141.56,api
EVT0502438,2026-10-02 14:12:00,CUST0948,view,102.06,mobile
EVT0503534,2026-10-07 02:43:41,CUST0050,view,107.58,web
EVT0505633,2026-10-09 21:09:24,CUST0155,refund,84.21,mobile
EVT0501109,2026-10-05 05:10:00,CUST0616,refund,10.33,mobile
EVT0501112,2026-10-04 10:26:00,CUST0619,purchase,11.44,mobile
EVT0502404,2026-10-05 20:42:00,CUST0914,purchase,89.48,api
EVT0502050,2026-10-05 12:01:00,CUST0560,view,158.50,api
EVT0503808,2026-10-08 17:26:57,CUST0324,purchase,8.96,api
EVT0505791,2026-10-07 23:35:20,CUST0313,signup,142.67,api
EVT0502125,2026-10-04 00:05:00,CUST0635,refund,186.25,api
EVT0505162,2026-10-06 03:50:19,CUST0681,view,109.94,mobile
EVT0503118,2026-10-09 23:38:36,CUST0631,view,153.66,api
EVT0505057,2026-10-08 19:00:24,CUST0576,refund,71.09,mobile
EVT0501122,2026-10-02 15:45:00,CUST0629,view,15.14,web
EVT0501681,2026-10-05 01:19:00,CUST0191,refund,21.97,api
EVT0503046,2026-10-06 16:20:27,CUST0559,view,127.02,api
EVT0504156,2026-10-09 12:37:56,CUST0672,purchase,137.72,api
EVT0503486,2026-10-08 14:44:59,CUST0002,view,89.82,web
EVT0504922,2026-10-08 01:54:24,CUST0441,view,21.14,mobile
EVT0504038,2026-10-06 09:46:50,CUST0554,view,94.06,web
EVT0505428,2026-10-07 12:39:36,CUST0947,purchase,8.36,api
EVT0500159,2026-10-04 03:01:00,CUST0663,signup,58.83,web
EVT0500944,2026-10-04 14:37:00,CUST0451,purchase,149.28,mobile
EVT0505630,2026-10-06 14:25:26,CUST0152,view,83.10,mobile
EVT0502184,2026-10-04 09:47:00,CUST0694,purchase,8.08,web
EVT0505915,2026-10-09 15:00:00,CUST0437,signup,188.55,mobile
EVT0502633,2026-10-08 02:31:45,CUST0146,refund,174.21,mobile
EVT0501612,2026-10-03 01:22:00,CUST0122,purchase,196.44,api
EVT0500165,2026-10-02 09:29:00,CUST0669,refund,61.05,web
EVT0502412,2026-10-05 21:39:00,CUST0922,purchase,92.44,web
EVT0502730,2026-10-06 15:25:01,CUST0243,view,10.10,web
EVT0503566,2026-10-09 06:30:52,CUST0082,view,119.42,mobile
EVT0505274,2026-10-07 03:24:02,CUST0793,view,151.38,web
EVT0505258,2026-10-09 00:18:00,CUST0777,view,145.46,mobile
EVT0503292,2026-10-07 13:31:23,CUST0805,purchase,18.04,api
EVT0502126,2026-10-04 15:04:00,CUST0636,view,186.62,mobile
EVT0500733,2026-10-05 13:06:00,CUST0240,refund,71.21,api
EVT0504755,2026-10-06 10:45:42,CUST0274,signup,159.35,web
EVT0501998,2026-10-03 06:15:00,CUST0508,view,139.26,web
EVT0502649,2026-10-07 14:39:33,CUST0162,refund,180.13,web
EVT0505671,2026-10-08 12:37:12,CUST0193,signup,98.27,api
EVT0504288,2026-10-08 05:09:59,CUST0804,purchase,186.56,api
EVT0501067,2026-10-04 00:31:00,CUST0574,signup,194.79,mobile
EVT0503218,2026-10-10 02:04:11,CUST0731,view,190.66,mobile
EVT0503404,2026-10-06 05:21:20,CUST0917,purchase,59.48,mobile
EVT0500368,2026-10-05 11:25:00,CUST0872,purchase,136.16,mobile
EVT0502477,2026-10-03 16:18:00,CUST0987,refund,116.49,mobile
EVT0500131,2026-10-02 10:48:00,CUST0635,signup,48.47,mobile
EVT0503089,2026-10-08 06:57:14,CUST0602,refund,142.93,mobile
EVT0505537,2026-10-08 21:19:33,CUST0059,refund,48.69,mobile
EVT0504193,2026-10-07 12:58:16,CUST0709,refund,151.41,mobile
EVT0504246,2026-10-08 11:48:14,CUST0762,view,171.02,api
EVT0504317,2026-10-08 06:23:59,CUST0833,refund,197.29,web
EVT0505635,2026-10-07 21:50:50,CUST0157,signup,84.95,api
EVT0504660,2026-10-07 14:07:15,CUST0179,purchase,124.20,api
EVT0502265,2026-10-04 04:47:00,CUST0775,refund,38.05,web
EVT0500443,2026-10-04 03:24:00,CUST0947,signup,163.91,mobile
EVT0502417,2026-10-04 11:41:00,CUST0927,refund,94.29,mobile
EVT0504456,2026-10-06 06:23:02,CUST0972,purchase,48.72,api
EVT0505087,2026-10-09 11:18:46,CUST0606,signup,82.19,mobile
EVT0505164,2026-10-09 10:21:53,CUST0683,purchase,110.68,api
EVT0505881,2026-10-09 04:45:19,CUST0403,refund,175.97,api
EVT0502751,2026-10-08 15:47:09,CUST0264,signup,17.87,web
EVT0504221,2026-10-09 21:02:24,CUST0737,refund,161.77,web
EVT0504305,2026-10-09 05:33:20,CUST0821,refund,192.85,web
EVT0500077,2026-10-05 13:07:00,CUST0581,refund,28.49,mobile
EVT0501583,2026-10-03 19:49:00,CUST0093,signup,185.71,mobile
EVT0505003,2026-10-08 10:09:52,CUST0522,signup,51.11,mobile
EVT0505035,2026-10-06 14:28:39,CUST0554,signup,62.95,api
EVT0502119,2026-10-02 16:41:00,CUST0629,signup,184.03,api
EVT0503831,2026-10-08 04:33:29,CUST0347,signup,17.47,web
EVT0502516,2026-10-05 23:34:00,CUST0029,purchase,130.92,mobile
EVT0505921,2026-10-08 04:51:57,CUST0443,refund,190.77,mobile
EVT0500727,2026-10-02 15:43:00,CUST0234,signup,68.99,api
EVT0502159,2026-10-05 04:04:00,CUST0669,signup,198.83,mobile
EVT0500754,2026-10-03 04:21:00,CUST0261,view,78.98,api
EVT0504056,2026-10-08 03:15:23,CUST0572,purchase,100.72,web
EVT0504007,2026-10-09 05:53:22,CUST0523,signup,82.59,mobile
EVT0500060,2026-10-03 03:57:00,CUST0564,purchase,22.20,web
EVT0503854,2026-10-06 05:11:15,CUST0370,view,25.98,mobile
EVT0505190,2026-10-07 08:11:43,CUST0709,view,120.30,web
EVT0503222,2026-10-10 02:14:46,CUST0735,view,192.14,web
EVT0500996,2026-10-04 07:43:00,CUST0503,purchase,168.52,web
EVT0503402,2026-10-08 19:56:05,CUST0915,view,58.74,web
EVT0505238,2026-10-09 09:22:47,CUST0757,view,138.06,web
EVT0504513,2026-10-08 18:37:34,CUST0032,refund,69.81,api
EVT0502851,2026-10-07 23:06:21,CUST0364,signup,54.87,api
EVT0505624,2026-10-06 20:18:46,CUST0146,purchase,80.88,mobile
EVT0502939,2026-10-09 02:49:50,CUST0452,signup,87.43,mobile
EVT0504195,2026-10-07 00:06:47,CUST0711,signup,152.15,api
EVT0503160,2026-10-09 18:54:21,CUST0673,purchase,169.20,api
EVT0505547,2026-10-09 05:46:46,CUST0069,signup,52.39,web
EVT0505922,2026-10-09 20:13:45,CUST0444,view,191.14,web
EVT0500188,2026-10-02 04:40:00,CUST0692,purchase,69.56,mobile
EVT0500084,2026-10-03 20:56:00,CUST0588,purchase,31.08,web
EVT0505593,2026-10-06 22:11:49,CUST0115,refund,69.41,api
EVT0501919,2026-10-05 21:11:00,CUST0429,signup,110.03,mobile
EVT0503341,2026-10-09 15:03:11,CUST0854,refund,36.17,mobile
EVT0500812,2026-10-03 20:52:00,CUST0319,purchase,100.44,mobile
EVT0503274,2026-10-10 00:05:38,CUST0787,view,11.38,api
EVT0503275,2026-10-08 16:39:38,CUST0788,signup,11.75,mobile
EVT0503701,2026-10-09 01:58:45,CUST0217,refund,169.37,mobile
EVT0502219,2026-10-04 01:32:00,CUST0729,signup,21.03,mobile
EVT0501669,2026-10-02 10:37:00,CUST0179,refund,17.53,api
EVT0500943,2026-10-03 17:14:00,CUST0450,signup,148.91,api
EVT0501766,2026-10-06 02:12:00,CUST0276,view,53.42,mobile
EVT0504776,2026-10-07 14:08:59,CUST0295,purchase,167.12,web
EVT0505989,2026-10-08 12:08:51,CUST0511,refund,15.93,api
EVT0503812,2026-10-09 16:13:22,CUST0328,purchase,10.44,mobile
EVT0503282,2026-10-06 11:44:13,CUST0795,view,14.34,web
EVT0503009,2026-10-07 03:07:34,CUST0522,refund,113.33,web
EVT0500805,2026-10-04 08:48:00,CUST0312,refund,97.85,api
EVT0502411,2026-10-03 11:59:00,CUST0921,signup,92.07,mobile
EVT0501030,2026-10-02 11:33:00,CUST0537,view,181.10,api
EVT0503152,2026-10-07 09:57:27,CUST0665,purchase,166.24,mobile
EVT0505920,2026-10-09 20:18:53,CUST0442,purchase,190.40,api
EVT0502261,2026-10-05 08:27:00,CUST0771,refund,36.57,mobile
EVT0504412,2026-10-08 03:53:48,CUST0928,purchase,32.44,mobile
EVT0504336,2026-10-07 08:12:40,CUST0852,purchase,4.32,api
EVT0503088,2026-10-07 08:53:08,CUST0601,purchase,142.56,api
EVT0503501,2026-10-06 14:10:22,CUST0017,refund,95.37,web
EVT0503194,2026-10-06 23:57:38,CUST0707,view,181.78,mobile
EVT0501061,2026-10-02 17:41:00,CUST0568,refund,192.57,mobile
EVT0500577,2026-10-06 01:55:00,CUST0084,refund,13.49,api
EVT0504722,2026-10-09 01:01:02,CUST0241,view,147.14,web
EVT0505308,2026-10-06 06:51:54,CUST0827,purchase,163.96,api
EVT0500926,2026-10-03 01:41:00,CUST0433,view,142.62,mobile
EVT0500469,2026-10-05 12:19:00,CUST0973,refund,173.53,api
EVT0501563,2026-10-05 16:47:00,CUST0073,signup,178.31,web
EVT0502562,2026-10-03 15:23:00,CUST0075,view,147.94,web
EVT0502845,2026-10-08 13:33:02,CUST0358,refund,52.65,api
EVT0504433,2026-10-06 13:09:56,CUST0949,refund,40.21,mobile
EVT0504269,2026-10-08 00:53:38,CUST0785,refund,179.53,web
EVT0503114,2026-10-06 21:22:10,CUST0627,view,152.18,web
EVT0502051,2026-10-04 18:12:00,CUST0561,signup,158.87,mobile
EVT0500289,2026-10-06 02:47:00,CUST0793,refund,106.93,api
EVT0502606,2026-10-09 02:25:55,CUST0119,view,164.22,mobile
EVT0502904,2026-10-09 21:42:01,CUST0417,purchase,74.48,web
EVT0505144,2026-10-07 00:59:16,CUST0663,purchase,103.28,mobile
EVT0503228,2026-10-07 01:30:30,CUST0741,purchase,194.36,web
EVT0503744,2026-10-07 12:58:59,CUST0260,purchase,185.28,web
EVT0504991,2026-10-08 10:06:07,CUST0510,signup,46.67,mobile
EVT0500192,2026-10-03 20:56:00,CUST0696,purchase,71.04,web
EVT0504624,2026-10-10 00:08:48,CUST0143,purchase,110.88,api
EVT0502379,2026-10-02 19:42:00,CUST0889,signup,80.23,web
EVT0500160,2026-10-03 22:57:00,CUST0664,purchase,59.20,api
EVT0502009,2026-10-02 12:55:00,CUST0519,refund,143.33,mobile
EVT0505640,2026-10-10 01:49:26,CUST0162,purchase,86.80,web
EVT0503495,2026-10-06 22:28:34,CUST0011,signup,93.15,web
EVT0503664,2026-10-06 16:25:39,CUST0180,purchase,155.68,api
EVT0501004,2026-10-04 19:28:00,CUST0511,purchase,171.48,mobile
EVT0502432,2026-10-04 00:17:00,CUST0942,purchase,99.84,mobile
EVT0501738,2026-10-05 04:05:00,CUST0248,view,43.06,api
EVT0505370,2026-10-07 21:17:28,CUST0889,view,186.90,web
EVT0501415,2026-10-05 11:48:00,CUST0922,signup,123.55,mobile
EVT0502704,2026-10-06 22:55:08,CUST0217,purchase,0.48,api
EVT0500064,2026-10-03 10:29:00,CUST0568,purchase,23.68,api
EVT0503053,2026-10-07 16:09:46,CUST0566,refund,129.61,mobile
EVT0504677,2026-10-09 00:47:59,CUST0196,refund,130.49,web
EVT0504940,2026-10-07 03:51:10,CUST0459,purchase,27.80,mobile
EVT0500586,2026-10-03 02:34:00,CUST0093,view,16.82,api
EVT0500679,2026-10-03 12:05:00,CUST0186,signup,51.23,api
EVT0504358,2026-10-08 21:04:25,CUST0874,view,12.46,mobile
EVT0503040,2026-10-07 13:18:12,CUST0553,purchase,124.80,api
EVT0501150,2026-10-04 14:24:00,CUST0657,view,25.50,api
EVT0501280,2026-10-04 14:09:00,CUST0787,purchase,73.60,mobile
EVT0501821,2026-10-02 16:12:00,CUST0331,refund,73.77,web
EVT0504086,2026-10-07 07:35:06,CUST0602,view,111.82,web
EVT0504765,2026-10-08 10:45:06,CUST0284,refund,163.05,api
EVT0501452,2026-10-05 16:13:00,CUST0959,purchase,137.24,web
EVT0505207,2026-10-08 14:09:43,CUST0726,signup,126.59,mobile
EVT0500574,2026-10-04 04:18:00,CUST0081,view,12.38,api
EVT0502793,2026-10-06 08:38:42,CUST0306,refund,33.41,web
EVT0505564,2026-10-06 12:50:34,CUST0086,purchase,58.68,mobile
EVT0502988,2026-10-08 03:31:01,CUST0501,purchase,105.56,web
EVT0505231,2026-10-06 19:01:37,CUST0750,signup,135.47,mobile
EVT0502264,2026-10-04 10:52:00,CUST0774,purchase,37.68,mobile
EVT0500584,2026-10-03 23:57:00,CUST0091,purchase,16.08,mobile
EVT0502898,2026-10-08 18:09:09,CUST0411,view,72.26,web
EVT0505847,2026-10-08 04:47:15,CUST0369,signup,163.39,web
EVT0502660,2026-10-08 05:29:22,CUST0173,purchase,184.20,mobile
EVT0501298,2026-10-05 04:46:00,CUST0805,view,80.26,mobile
EVT0502975,2026-10-09 14:35:04,CUST0488,signup,100.75,mobile
EVT0505080,2026-10-08 22:11:27,CUST0599,purchase,79.60,api
EVT0505290,2026-10-06 11:22:14,CUST0809,view,157.30,api
EVT0505647,2026-10-09 22:43:15,CUST0169,signup,89.39,api
EVT0503365,2026-10-08 03:55:20,CUST0878,refund,45.05,mobile
EVT0500214,2026-10-02 06:47:00,CUST0718,view,79.18,api
EVT0502027,2026-10-05 15:04:00,CUST0537,signup,149.99,mobile
EVT0504470,2026-10-06 17:51:32,CUST0986,view,53.90,web
EVT0505938,2026-10-07 02:32:01,CUST0460,view,197.06,api
EVT0505269,2026-10-08 18:10:56,CUST0788,refund,149.53,api
EVT0501193,2026-10-03 18:54:00,CUST0700,refund,41.41,mobile
EVT0500579,2026-10-05 22:22:00,CUST0086,signup,14.23,web
EVT0503134,2026-10-09 13:31:48,CUST0647,view,159.58,mobile
EVT0505327,2026-10-09 00:59:04,CUST0846,signup,170.99,mobile
EVT0502378,2026-10-04 03:06:00,CUST0888,view,79.86,mobile
EVT0504736,2026-10-06 05:18:41,CUST0255,purchase,152.32,mobile
EVT0504403,2026-10-07 15:58:05,CUST0919,signup,29.11,mobile
EVT0500332,2026-10-03 06:31:00,CUST0836,purchase,122.84,mobile
EVT0504975,2026-10-09 01:48:02,CUST0494,signup,40.75,api
EVT0505293,2026-10-08 21:02:17,CUST0812,refund,158.41,api
EVT0503424,2026-10-10 00:47:09,CUST0937,purchase,66.88,api
EVT0500231,2026-10-02 17:08:00,CUST0735,signup,85.47,web
EVT0500554,2026-10-03 14:02:00,CUST0061,view,4.98,mobile
EVT0504277,2026-10-09 04:38:40,CUST0793,refund,182.49,mobile
EVT0501245,2026-10-03 18:10:00,CUST0752,refund,60.65,web
EVT0505990,2026-10-09 17:12:17,CUST0512,view,16.30,mobile
EVT0501748,2026-10-04 21:48:00,CUST0258,purchase,46.76,mobile
EVT0501724,2026-10-05 22:48:00,CUST0234,purchase,37.88,mobile
EVT0500031,2026-10-04 22:00:00,CUST0535,signup,11.47,api
EVT0501540,2026-10-03 21:55:00,CUST0050,purchase,169.80,api
EVT0504998,2026-10-07 09:05:29,CUST0517,view,49.26,web
EVT0504053,2026-10-06 09:15:37,CUST0569,refund,99.61,web
EVT0504773,2026-10-07 12:50:04,CUST0292,refund,166.01,web
EVT0505013,2026-10-08 22:26:49,CUST0532,refund,54.81,web
EVT0504743,2026-10-07 08:44:01,CUST0262,signup,154.91,web
EVT0503858,2026-10-06 23:50:39,CUST0374,view,27.46,web
EVT0503819,2026-10-07 16:33:50,CUST0335,signup,13.03,web
EVT0503579,2026-10-07 07:00:21,CUST0095,signup,124.23,web
EVT0501381,2026-10-05 20:04:00,CUST0888,refund,110.97,api
EVT0504279,2026-10-07 20:23:49,CUST0795,signup,183.23,api
EVT0504260,2026-10-07 07:16:13,CUST0776,purchase,176.20,web
EVT0503945,2026-10-07 00:28:04,CUST0461,refund,59.65,web
EVT0500122,2026-10-05 18:37:00,CUST0626,view,45.14,mobile
EVT0501880,2026-10-04 04:47:00,CUST0390,purchase,95.60,mobile
EVT0500885,2026-10-03 05:01:00,CUST0392,refund,127.45,web
EVT0504971,2026-10-09 15:43:00,CUST0490,signup,39.27,web
EVT0500390,2026-10-02 06:01:00,CUST0894,view,144.30,web
EVT0505423,2026-10-07 09:00:21,CUST0942,signup,6.51,mobile
EVT0504688,2026-10-08 23:33:19,CUST0207,purchase,134.56,mobile
EVT0500183,2026-10-04 02:22:00,CUST0687,signup,67.71,web
EVT0504390,2026-10-07 12:03:54,CUST0906,view,24.30,api
EVT0502587,2026-10-05 06:25:00,CUST0100,signup,157.19,api
EVT0503045,2026-10-09 18:01:23,CUST0558,refund,126.65,web
EVT0501429,2026-10-03 00:34:00,CUST0936,refund,128.73,api
EVT0503351,2026-10-09 12:27:21,CUST0864,signup,39.87,web
EVT0502385,2026-10-02 17:52:00,CUST0895,refund,82.45,web
EVT0503943,2026-10-09 06:37:31,CUST0459,signup,58.91,api
EVT0502745,2026-10-08 03:52:02,CUST0258,refund,15.65,web
EVT0504024,2026-10-09 09:47:36,CUST0540,purchase,88.88,api
EVT0502552,2026-10-03 01:46:00,CUST0065,purchase,144.24,mobile
EVT0505094,2026-10-08 21:14:33,CUST0613,view,84.78,web
EVT0505551,2026-10-06 06:48:48,CUST0073,signup,53.87,api
EVT0505505,2026-10-07 15:01:23,CUST0027,refund,36.85,web
EVT0502995,2026-10-08 08:43:43,CUST0508,signup,108.15,api
EVT0503295,2026-10-06 12:33:38,CUST0808,signup,19.15,api
EVT0503726,2026-10-09 04:10:06,CUST0242,view,178.62,web
EVT0503507,2026-10-07 16:40:16,CUST0023,signup,97.59,web
EVT0501370,2026-10-02 11:02:00,CUST0877,view,106.90,mobile
EVT0503753,2026-10-08 23:04:33,CUST0269,refund,188.61,web
EVT0503880,2026-10-07 23:12:57,CUST0396,purchase,35.60,api
EVT0500184,2026-10-03 04:33:00,CUST0688,purchase,68.08,api
EVT0501976,2026-10-04 23:53:00,CUST0486,purchase,131.12,mobile
EVT0503987,2026-10-06 16:10:46,CUST0503,signup,75.19,web
EVT0502759,2026-10-08 01:39:05,CUST0272,signup,20.83,mobile
EVT0500487,2026-10-03 00:38:00,CUST0991,signup,180.19,api
EVT0500672,2026-10-02 19:36:00,CUST0179,purchase,48.64,web
EVT0503315,2026-10-09 05:29:47,CUST0828,signup,26.55,web
EVT0500040,2026-10-03 10:47:00,CUST0544,purchase,14.80,api
EVT0502433,2026-10-03 01:59:00,CUST0943,refund,100.21,web
EVT0502486,2026-10-05 02:48:00,CUST0996,view,119.82,mobile
EVT0505716,2026-10-09 07:46:27,CUST0238,purchase,114.92,api
EVT0504866,2026-10-08 07:09:11,CUST0385,view,0.42,web
EVT0505284,2026-10-08 02:12:05,CUST0803,purchase,155.08,api
EVT0505621,2026-10-07 16:49:58,CUST0143,refund,79.77,mobile
EVT0500983,2026-10-05 16:44:00,CUST0490,signup,163.71,mobile
EVT0505832,2026-10-08 15:41:39,CUST0354,purchase,157.84,web
EVT0505194,2026-10-07 02:23:17,CUST0713,view,121.78,api
EVT0505776,2026-10-08 12:34:26,CUST0298,purchase,137.12,api
EVT0505302,2026-10-09 11:59:41,CUST0821,view,161.74,api
EVT0501051,2026-10-05 16:47:00,CUST0558,signup,188.87,api
EVT0501946,2026-10-04 04:14:00,CUST0456,view,120.02,mobile
EVT0500639,2026-10-05 02:39:00,CUST0146,signup,36.43,web
EVT0502903,2026-10-06 09:14:31,CUST0416,signup,74.11,mobile
EVT0500043,2026-10-03 14:25:00,CUST0547,signup,15.91,api
EVT0502138,2026-10-05 14:42:00,CUST0648,view,191.06,mobile
EVT0505602,2026-10-08 17:41:43,CUST0124,view,72.74,api
EVT0503171,2026-10-10 00:33:18,CUST0684,signup,173.27,web
EVT0502877,2026-10-08 19:50:36,CUST0390,refund,64.49,web
EVT0501719,2026-10-04 07:22:00,CUST0229,signup,36.03,web
EVT0502795,2026-10-09 10:07:38,CUST0308,signup,34.15,mobile
EVT0504431,2026-10-08 08:56:21,CUST0947,signup,39.47,web
EVT0503361,2026-10-06 23:37:24,CUST0874,refund,43.57,api
EVT0502183,2026-10-05 08:11:00,CUST0693,signup,7.71,mobile
EVT0504407,2026-10-08 22:49:50,CUST0923,signup,30.59,web
EVT0502112,2026-10-03 22:30:00,CUST0622,purchase,181.44,web
EVT0501250,2026-10-04 11:26:00,CUST0757,view,62.50,mobile
EVT0502983,2026-10-07 15:08:40,CUST0496,signup,103.71,api
EVT0504887,2026-10-09 03:04:47,CUST0406,signup,8.19,web
EVT0501118,2026-10-02 05:17:00,CUST0625,view,13.66,mobile
EVT0505156,2026-10-09 08:45:29,CUST0675,purchase,107.72,mobile
EVT0502823,2026-10-08 11:13:25,CUST0336,signup,44.51,web
EVT0500568,2026-10-03 16:44:00,CUST0075,purchase,10.16,api
EVT0502611,2026-10-09 03:43:45,CUST0124,signup,166.07,api
EVT0502596,2026-10-04 03:15:00,CUST0109,purchase,160.52,api
EVT0504625,2026-10-09 15:31:51,CUST0144,refund,111.25,mobile
EVT0505025,2026-10-08 11:17:44,CUST0544,refund,59.25,web
EVT0505243,2026-10-08 06:20:51,CUST0762,signup,139.91,mobile
EVT0504236,2026-10-06 06:04:36,CUST0752,purchase,167.32,web
EVT0501110,2026-10-04 19:11:00,CUST0617,view,10.70,web
EVT0501967,2026-10-03 14:22:00,CUST0477,signup,127.79,mobile
EVT0502505,2026-10-02 23:19:00,CUST0018,refund,126.85,web
EVT0505727,2026-10-06 13:03:15,CUST0249,signup,118.99,web
EVT0501993,2026-10-04 03:59:00,CUST0503,refund,137.41,api
EVT0500149,2026-10-03 20:46:00,CUST0653,refund,55.13,mobile
EVT0501412,2026-10-03 06:14:00,CUST0919,purchase,122.44,mobile
EVT0500090,2026-10-05 05:05:00,CUST0594,view,33.30,web
EVT0500581,2026-10-02 05:31:00,CUST0088,refund,14.97,mobile
EVT0500392,2026-10-04 22:45:00,CUST0896,purchase,145.04,mobile
EVT0502583,2026-10-05 00:14:00,CUST0096,signup,155.71,web
EVT0501045,2026-10-02 11:28:00,CUST0552,refund,186.65,api
EVT0505999,2026-10-06 23:41:54,CUST0521,signup,19.63,mobile
EVT0501314,2026-10-03 02:57:00,CUST0821,view,86.18,web
EVT0502175,2026-10-05 19:34:00,CUST0685,signup,4.75,web
EVT0503599,2026-10-06 13:30:33,CUST0115,signup,131.63,mobile
EVT0501300,2026-10-02 11:58:00,CUST0807,purchase,81.00,api
EVT0501971,2026-10-02 17:56:00,CUST0481,signup,129.27,web
EVT0501890,2026-10-05 19:31:00,CUST0400,view,99.30,web
EVT0501296,2026-10-03 15:16:00,CUST0803,purchase,79.52,web
EVT0502430,2026-10-06 00:05:00,CUST0940,view,99.10,web
EVT0505220,2026-10-07 13:41:01,CUST0739,purchase,131.40,web
EVT0500598,2026-10-02 11:36:00,CUST0105,view,21.26,api
EVT0500175,2026-10-03 02:57:00,CUST0679,signup,64.75,api
EVT0503558,2026-10-09 03:21:50,CUST0074,view,116.46,web
EVT0501939,2026-10-03 11:47:00,CUST0449,signup,117.43,api
EVT0502388,2026-10-04 17:59:00,CUST0898,purchase,83.56,web
EVT0505526,2026-10-09 13:17:57,CUST0048,view,44.62,web
EVT0500544,2026-10-02 22:22:00,CUST0051,purchase,1.28,api
EVT0501078,2026-10-04 04:22:00,CUST0585,view,198.86,api
EVT0502943,2026-10-06 10:00:12,CUST0456,signup,88.91,web
EVT0500113,2026-10-04 08:10:00,CUST0617,refund,41.81,mobile
EVT0502791,2026-10-09 04:27:47,CUST0304,signup,32.67,api
EVT0505287,2026-10-07 08:25:34,CUST0806,signup,156.19,api
EVT0500714,2026-10-02 10:07:00,CUST0221,view,64.18,web
EVT0501897,2026-10-05 07:23:00,CUST0407,refund,101.89,api
EVT0500663,2026-10-02 05:28:00,CUST0170,signup,45.31,web
EVT0503606,2026-10-06 18:26:26,CUST0122,view,134.22,web
EVT0502045,2026-10-04 19:30:00,CUST0555,refund,156.65,mobile
EVT0501534,2026-10-04 05:39:00,CUST0044,view,167.58,api
EVT0504142,2026-10-08 03:11:01,CUST0658,view,132.54,mobile
EVT0503617,2026-10-07 14:49:59,CUST0133,refund,138.29,mobile
EVT0500561,2026-10-05 19:33:00,CUST0068,refund,7.57,web
EVT0500138,2026-10-06 01:59:00,CUST0642,view,51.06,web
EVT0505886,2026-10-07 20:11:03,CUST0408,view,177.82,web
EVT0505903,2026-10-09 17:17:06,CUST0425,signup,184.11,mobile
EVT0505244,2026-10-09 11:59:32,CUST0763,purchase,140.28,web
EVT0505024,2026-10-09 22:11:32,CUST0543,purchase,58.88,mobile
EVT0505148,2026-10-08 15:35:48,CUST0667,purchase,104.76,web
EVT0500850,2026-10-04 07:43:00,CUST0357,view,114.50,api
EVT0503466,2026-10-06 06:50:59,CUST0979,view,82.42,api
EVT0501984,2026-10-02 13:52:00,CUST0494,purchase,134.08,api
EVT0500636,2026-10-02 18:57:00,CUST0143,purchase,35.32,web
EVT0505599,2026-10-09 09:27:07,CUST0121,signup,71.63,api
EVT0504948,2026-10-08 13:25:19,CUST0467,purchase,30.76,api
EVT0504100,2026-10-08 06:56:49,CUST0616,purchase,117.00,mobile
EVT0504278,2026-10-06 08:58:23,CUST0794,view,182.86,web
EVT0503515,2026-10-07 07:55:24,CUST0031,signup,100.55,mobile
EVT0505748,2026-10-08 19:29:10,CUST0270,purchase,126.76,web
EVT0500055,2026-10-05 07:08:00,CUST0559,signup,20.35,api
EVT0502945,2026-10-08 08:19:47,CUST0458,refund,89.65,mobile
EVT0500752,2026-10-04 05:33:00,CUST0259,purchase,78.24,mobile
EVT0500687,2026-10-04 04:48:00,CUST0194,signup,54.19,web
EVT0501623,2026-10-05 20:06:00,CUST0133,signup,0.51,web
EVT0505839,2026-10-08 02:19:40,CUST0361,signup,160.43,api
EVT0504191,2026-10-06 14:39:20,CUST0707,signup,150.67,web
EVT0505738,2026-10-06 08:22:26,CUST0260,view,123.06,mobile
EVT0504842,2026-10-08 08:28:07,CUST0361,view,191.54,web
EVT0503159,2026-10-09 02:57:31,CUST0672,signup,168.83,web
EVT0501565,2026-10-03 09:55:00,CUST0075,refund,179.05,mobile
EVT0502373,2026-10-03 14:18:00,CUST0883,refund,78.01,web
EVT0505135,2026-10-07 18:48:43,CUST0654,signup,99.95,mobile
EVT0500656,2026-10-05 08:40:00,CUST0163,purchase,42.72,mobile
EVT0500802,2026-10-03 10:31:00,CUST0309,view,96.74,api
EVT0505058,2026-10-10 01:06:17,CUST0577,view,71.46,web
EVT0504831,2026-10-06 20:21:54,CUST0350,signup,187.47,api
EVT0505268,2026-10-06 23:48:48,CUST0787,purchase,149.16,web
EVT0501940,2026-10-05 02:06:00,CUST0450,purchase,117.80,mobile
EVT0501986,2026-10-02 11:22:00,CUST0496,view,134.82,web
EVT0501485,2026-10-02 04:18:00,CUST0992,refund,149.45,web
EVT0503149,2026-10-08 02:16:48,CUST0662,refund,165.13,mobile
EVT0501651,2026-10-03 08:29:00,CUST0161,signup,10.87,api
EVT0501349,2026-10-04 10:01:00,CUST0856,refund,99.13,mobile
EVT0500269,2026-10-02 16:35:00,CUST0773,refund,99.53,mobile
EVT0502884,2026-10-09 00:26:49,CUST0397,purchase,67.08,api
EVT0502439,2026-10-05 11:22:00,CUST0949,signup,102.43,web
EVT0500342,2026-10-03 13:01:00,CUST0846,view,126.54,web
EVT0500430,2026-10-05 03:14:00,CUST0934,view,159.10,api
EVT0500029,2026-10-02 06:05:00,CUST0533,refund,10.73,mobile
EVT0503462,2026-10-07 18:22:49,CUST0975,view,80.94,web
EVT0501478,2026-10-03 09:54:00,CUST0985,view,146.86,mobile
EVT0504674,2026-10-06 21:02:41,CUST0193,view,129.38,web
EVT0503318,2026-10-06 04:08:53,CUST0831,view,27.66,web
EVT0505140,2026-10-08 04:47:38,CUST0659,purchase,101.80,api
EVT0503678,2026-10-07 12:05:03,CUST0194,view,160.86,web
EVT0502139,2026-10-05 19:50:00,CUST0649,signup,191.43,web
EVT0501406,2026-10-03 07:25:00,CUST0913,view,120.22,mobile
EVT0504506,2026-10-07 00:48:57,CUST0025,view,67.22,web
EVT0502788,2026-10-10 02:40:04,CUST0301,purchase,31.56,api
EVT0502453,2026-10-04 15:46:00,CUST0963,refund,107.61,mobile
EVT0505712,2026-10-06 18:13:55,CUST0234,purchase,113.44,web
EVT0505070,2026-10-06 20:53:23,CUST0589,view,75.90,web
EVT0500363,2026-10-02 19:08:00,CUST0867,signup,134.31,web
EVT0504243,2026-10-09 01:24:04,CUST0759,signup,169.91,api
EVT0504769,2026-10-08 16:49:56,CUST0288,refund,164.53,mobile
EVT0500827,2026-10-02 18:13:00,CUST0334,signup,105.99,mobile
EVT0500756,2026-10-04 23:27:00,CUST0263,purchase,79.72,web
EVT0502077,2026-10-03 13:15:00,CUST0587,refund,168.49,api
EVT0504138,2026-10-07 16:48:34,CUST0654,view,131.06,api
EVT0501658,2026-10-04 10:35:00,CUST0168,view,13.46,mobile
EVT0500832,2026-10-05 02:56:00,CUST0339,purchase,107.84,api
EVT0501215,2026-10-03 02:42:00,CUST0722,signup,49.55,web
EVT0501424,2026-10-03 06:34:00,CUST0931,purchase,126.88,mobile
EVT0500195,2026-10-04 15:07:00,CUST0699,signup,72.15,web
EVT0503641,2026-10-08 20:57:21,CUST0157,refund,147.17,mobile
EVT0504819,2026-10-07 00:10:09,CUST0338,signup,183.03,api
EVT0505483,2026-10-09 19:34:20,CUST0005,signup,28.71,mobile
EVT0503674,2026-10-08 20:42:56,CUST0190,view,159.38,mobile
EVT0501167,2026-10-03 07:40:00,CUST0674,signup,31.79,web
EVT0505875,2026-10-06 15:40:11,CUST0397,signup,173.75,api
EVT0500522,2026-10-03 02:17:00,CUST0029,view,193.14,web
EVT0503791,2026-10-08 00:07:33,CUST0307,signup,2.67,mobile
EVT0505371,2026-10-09 16:09:53,CUST0890,signup,187.27,api
EVT0504149,2026-10-09 10:49:36,CUST0665,refund,135.13,web
EVT0502973,2026-10-08 03:52:13,CUST0486,refund,100.01,web
EVT0504519,2026-10-07 13:03:40,CUST0038,signup,72.03,api
EVT0505451,2026-10-06 15:33:09,CUST0970,signup,16.87,web
EVT0502789,2026-10-07 01:27:25,CUST0302,refund,31.93,mobile
EVT0505364,2026-10-09 11:49:58,CUST0883,purchase,184.68,web
EVT0504944,2026-10-08 12:46:04,CUST0463,purchase,29.28,web
EVT0500557,2026-10-05 23:36:00,CUST0064,refund,6.09,mobile
EVT0505345,2026-10-07 16:06:15,CUST0864,refund,177.65,mobile
EVT0501854,2026-10-03 22:52:00,CUST0364,view,85.98,web
EVT0503707,2026-10-07 14:48:12,CUST0223,signup,171.59,mobile
EVT0500053,2026-10-04 19:33:00,CUST0557,refund,19.61,mobile
EVT0504875,2026-10-06 21:25:30,CUST0394,signup,3.75,web
EVT0500465,2026-10-03 12:59:00,CUST0969,refund,172.05,web
EVT0504748,2026-10-09 11:25:36,CUST0267,purchase,156.76,mobile
EVT0501955,2026-10-04 13:46:00,CUST0465,signup,123.35,mobile
EVT0501413,2026-10-04 22:25:00,CUST0920,refund,122.81,web
EVT0505622,2026-10-09 17:41:20,CUST0144,view,80.14,web
EVT0504806,2026-10-07 09:04:22,CUST0325,view,178.22,web
EVT0501363,2026-10-03 11:30:00,CUST0870,signup,104.31,api
EVT0501231,2026-10-06 03:30:00,CUST0738,signup,55.47,api
EVT0505858,2026-10-07 02:57:58,CUST0380,view,167.46,mobile
EVT0504798,2026-10-09 10:48:41,CUST0317,view,175.26,api
EVT0504017,2026-10-08 20:00:08,CUST0533,refund,86.29,web
EVT0502066,2026-10-04 03:27:00,CUST0576,view,164.42,mobile
EVT0503316,2026-10-06 19:02:37,CUST0829,purchase,26.92,api
EVT0501825,2026-10-04 07:38:00,CUST0335,refund,75.25,api
EVT0505789,2026-10-08 07:39:08,CUST0311,refund,141.93,mobile
EVT0505853,2026-10-06 15:36:28,CUST0375,refund,165.61,web
EVT0502855,2026-10-09 21:32:03,CUST0368,signup,56.35,mobile
EVT0505251,2026-10-06 05:49:36,CUST0770,signup,142.87,api
EVT0503610,2026-10-09 12:09:23,CUST0126,view,135.70,api
EVT0503471,2026-10-10 02:02:15,CUST0984,signup,84.27,web
EVT0500118,2026-10-04 13:36:00,CUST0622,view,43.66,api
EVT0502722,2026-10-07 11:40:37,CUST0235,view,7.14,api
EVT0505010,2026-10-08 09:41:53,CUST0529,view,53.70,web
EVT0502065,2026-10-04 06:30:00,CUST0575,refund,164.05,api
EVT0501117,2026-10-04 05:55:00,CUST0624,refund,13.29,api
EVT0504738,2026-10-06 09:29:31,CUST0257,view,153.06,api
EVT0501340,2026-10-04 11:26:00,CUST0847,purchase,95.80,mobile
EVT0502450,2026-10-03 06:16:00,CUST0960,view,106.50,mobile
EVT0501929,2026-10-02 22:26:00,CUST0439,refund,113.73,web
EVT0502079,2026-10-02 15:33:00,CUST0589,signup,169.23,web
EVT0503350,2026-10-07 10:16:56,CUST0863,view,39.50,mobile
EVT0503328,2026-10-07 17:39:43,CUST0841,purchase,31.36,api
EVT0502084,2026-10-03 14:34:00,CUST0594,purchase,171.08,mobile
EVT0504594,2026-10-07 10:17:01,CUST0113,view,99.78,api
EVT0502273,2026-10-04 17:31:00,CUST0783,refund,41.01,mobile
EVT0505573,2026-10-06 12:22:42,CUST0095,refund,62.01,mobile
EVT0503276,2026-10-09 06:27:26,CUST0789,purchase,12.12,web
EVT0502267,2026-10-03 05:40:00,CUST0777,signup,38.79,mobile
EVT0503736,2026-10-08 22:36:53,CUST0252,purchase,182.32,api
EVT0501403,2026-10-04 13:18:00,CUST0910,signup,119.11,mobile
EVT0500662,2026-10-03 23:21:00,CUST0169,view,44.94,mobile
EVT0500433,2026-10-02 12:57:00,CUST0937,refund,160.21,api
EVT0504339,2026-10-07 11:17:43,CUST0855,signup,5.43,api
EVT0504025,2026-10-07 05:35:39,CUST0541,refund,89.25,mobile
EVT0504899,2026-10-07 12:23:23,CUST0418,signup,12.63,web
EVT0500221,2026-10-03 05:33:00,CUST0725,refund,81.77,mobile
EVT0505349,2026-10-08 04:03:55,CUST0868,refund,179.13,web
EVT0504615,2026-10-07 23:10:08,CUST0134,signup,107.55,api
EVT0501070,2026-10-03 18:54:00,CUST0577,view,195.90,mobile
EVT0505357,2026-10-07 00:08:29,CUST0876,refund,182.09,mobile
EVT0505910,2026-10-09 10:38:46,CUST0432,view,186.70,web
EVT0503691,2026-10-09 13:15:56,CUST0207,signup,165.67,api
EVT0505196,2026-10-07 09:54:48,CUST0715,purchase,122.52,web
EVT0505536,2026-10-07 17:20:38,CUST0058,purchase,48.32,api
EVT0502987,2026-10-09 16:50:21,CUST0500,signup,105.19,mobile
EVT0504250,2026-10-07 01:45:11,CUST0766,view,172.50,mobile
EVT0505829,2026-10-09 07:22:28,CUST0351,refund,156.73,web
EVT0502550,2026-10-03 18:13:00,CUST0063,view,143.50,web
EVT0502120,2026-10-04 10:39:00,CUST0630,purchase,184.40,mobile
EVT0504398,2026-10-08 17:58:37,CUST0914,view,27.26,web
EVT0504628,2026-10-08 18:15:34,CUST0147,purchase,112.36,mobile
EVT0500841,2026-10-06 02:47:00,CUST0348,refund,111.17,api
EVT0502736,2026-10-09 23:05:05,CUST0249,purchase,12.32,web
EVT0504222,2026-10-08 17:37:04,CUST0738,view,162.14,api
EVT0503061,2026-10-06 22:26:16,CUST0574,refund,132.57,api
EVT0505611,2026-10-09 08:37:49,CUST0133,signup,76.07,api
EVT0502958,2026-10-07 06:46:16,CUST0471,view,94.46,web
EVT0505089,2026-10-06 05:10:22,CUST0608,refund,82.93,api
EVT0504852,2026-10-06 18:44:42,CUST0371,purchase,195.24,api
EVT0501203,2026-10-06 02:56:00,CUST0710,signup,45.11,web
EVT0505702,2026-10-07 02:46:49,CUST0224,view,109.74,mobile
EVT0505425,2026-10-08 00:28:45,CUST0944,refund,7.25,api
EVT0505549,2026-10-06 23:26:52,CUST0071,refund,53.13,mobile
EVT0505481,2026-10-08 19:49:09,CUST0003,refund,27.97,web
EVT0504856,2026-10-07 03:23:55,CUST0375,purchase,196.72,mobile
EVT0500293,2026-10-05 00:04:00,CUST0797,refund,108.41,mobile
EVT0502834,2026-10-08 08:23:08,CUST0347,view,48.58,mobile
EVT0501823,2026-10-04 02:09:00,CUST0333,signup,74.51,mobile
EVT0503947,2026-10-06 10:12:42,CUST0463,signup,60.39,mobile
EVT0504240,2026-10-10 02:37:53,CUST0756,purchase,168.80,api
EVT0504855,2026-10-06 10:34:49,CUST0374,signup,196.35,api
EVT0502837,2026-10-07 02:52:53,CUST0350,refund,49.69,mobile
EVT0505583,2026-10-09 09:31:35,CUST0105,signup,65.71,web
EVT0503955,2026-10-06 13:59:54,CUST0471,signup,63.35,api
EVT0505157,2026-10-07 01:30:07,CUST0676,refund,108.09,web
EVT0504774,2026-10-08 16:11:36,CUST0293,view,166.38,api
EVT0502715,2026-10-08 13:16:38,CUST0228,signup,4.55,web
EVT0502389,2026-10-04 01:40:00,CUST0899,refund,83.93,api
EVT0504280,2026-10-10 00:14:57,CUST0796,purchase,183.60,mobile
EVT0503653,2026-10-07 17:42:30,CUST0169,refund,151.61,mobile
EVT0503637,2026-10-09 15:31:51,CUST0153,refund,145.69,api
EVT0500961,2026-10-02 19:06:00,CUST0468,refund,155.57,api
EVT0505955,2026-10-07 16:59:24,CUST0477,signup,3.35,web
EVT0501652,2026-10-03 23:40:00,CUST0162,purchase,11.24,mobile
EVT0504176,2026-10-07 20:35:26,CUST0692,purchase,145.12,web
EVT0503604,2026-10-10 01:43:50,CUST0120,purchase,133.48,api
EVT0500042,2026-10-03 06:01:00,CUST0546,view,15.54,web
EVT0502554,2026-10-03 21:02:00,CUST0067,view,144.98,api
EVT0502204,2026-10-02 20:46:00,CUST0714,purchase,15.48,mobile
EVT0503251,2026-10-09 20:38:09,CUST0764,signup,2.87,mobile
EVT0500133,2026-10-02 15:47:00,CUST0637,refund,49.21,api
EVT0501911,2026-10-03 10:53:00,CUST0421,signup,107.07,web
EVT0505605,2026-10-09 04:11:26,CUST0127,refund,73.85,api
EVT0501589,2026-10-03 21:10:00,CUST0099,refund,187.93,mobile
EVT0505078,2026-10-09 20:13:29,CUST0597,view,78.86,mobile
EVT0502676,2026-10-08 08:41:09,CUST0189,purchase,190.12,web
EVT0500942,2026-10-04 01:03:00,CUST0449,view,148.54,web
EVT0501449,2026-10-03 14:29:00,CUST0956,refund,136.13,web
EVT0504361,2026-10-09 08:55:35,CUST0877,refund,13.57,mobile
EVT0502653,2026-10-08 01:35:53,CUST0166,refund,181.61,api
EVT0503682,2026-10-08 15:39:24,CUST0198,view,162.34,api
EVT0505448,2026-10-09 02:43:20,CUST0967,purchase,15.76,web
EVT0501278,2026-10-03 18:13:00,CUST0785,view,72.86,web
EVT0500412,2026-10-05 18:34:00,CUST0916,purchase,152.44,api
EVT0504444,2026-10-08 10:14:27,CUST0960,purchase,44.28,api
EVT0505332,2026-10-06 23:16:36,CUST0851,purchase,172.84,api
EVT0501337,2026-10-02 08:31:00,CUST0844,refund,94.69,mobile
EVT0500272,2026-10-02 14:35:00,CUST0776,purchase,100.64,mobile
EVT0501302,2026-10-04 21:00:00,CUST0809,view,81.74,web
EVT0504641,2026-10-09 17:11:58,CUST0160,refund,117.17,web
EVT0500345,2026-10-04 03:10:00,CUST0849,refund,127.65,web
EVT0502813,2026-10-09 09:37:32,CUST0326,refund,40.81,mobile
EVT0501972,2026-10-02 18:19:00,CUST0482,purchase,129.64,api
EVT0502487,2026-10-05 16:50:00,CUST0997,signup,120.19,web
EVT0503408,2026-10-07 08:12:25,CUST0921,purchase,60.96,web
EVT0501417,2026-10-03 23:53:00,CUST0924,refund,124.29,api
EVT0505158,2026-10-08 19:05:40,CUST0677,view,108.46,api
EVT0505234,2026-10-07 02:21:29,CUST0753,view,136.58,mobile
EVT0503048,2026-10-07 18:25:19,CUST0561,purchase,127.76,web
EVT0502714,2026-10-07 13:57:55,CUST0227,view,4.18,mobile
EVT0502019,2026-10-05 07:17:00,CUST0529,signup,147.03,web
EVT0505654,2026-10-09 05:26:47,CUST0176,view,91.98,mobile
EVT0504956,2026-10-07 02:46:27,CUST0475,purchase,33.72,web
EVT0502482,2026-10-04 04:56:00,CUST0992,view,118.34,api
EVT0505007,2026-10-07 13:39:05,CUST0526,signup,52.59,web
EVT0501094,2026-10-02 16:32:00,CUST0601,view,4.78,mobile
EVT0501961,2026-10-04 03:55:00,CUST0471,refund,125.57,mobile
EVT0505591,2026-10-08 05:52:20,CUST0113,signup,68.67,mobile
EVT0504785,2026-10-08 11:01:14,CUST0304,refund,170.45,web
EVT0503867,2026-10-10 02:08:29,CUST0383,signup,30.79,web
EVT0502459,2026-10-05 00:57:00,CUST0969,signup,109.83,mobile
EVT0500065,2026-10-03 19:04:00,CUST0569,refund,24.05,mobile
EVT0502680,2026-10-08 00:24:40,CUST0193,purchase,191.60,api
EVT0501092,2026-10-05 10:58:00,CUST0599,purchase,4.04,web
EVT0504561,2026-10-08 20:15:31,CUST0080,refund,87.57,api
EVT0503261,2026-10-07 22:13:09,CUST0774,refund,6.57,web
EVT0504751,2026-10-10 01:48:49,CUST0270,signup,157.87,mobile
EVT0500470,2026-10-05 06:17:00,CUST0974,view,173.90,mobile
EVT0504503,2026-10-06 20:26:27,CUST0022,signup,66.11,web
EVT0501236,2026-10-02 09:18:00,CUST0743,purchase,57.32,web
EVT0503372,2026-10-09 00:26:53,CUST0885,purchase,47.64,web
EVT0500546,2026-10-04 01:15:00,CUST0053,view,2.02,web
EVT0502469,2026-10-03 22:05:00,CUST0979,refund,113.53,web
EVT0501913,2026-10-02 14:56:00,CUST0423,refund,107.81,mobile
EVT0504371,2026-10-08 16:17:09,CUST0887,signup,17.27,web
EVT0505666,2026-10-08 01:47:32,CUST0188,view,96.42,mobile
EVT0500721,2026-10-02 18:10:00,CUST0228,refund,66.77,api
EVT0500432,2026-10-03 12:12:00,CUST0936,purchase,159.84,web
EVT0504661,2026-10-08 11:41:10,CUST0180,refund,124.57,mobile
EVT0504927,2026-10-06 23:00:08,CUST0446,signup,22.99,api
EVT0505015,2026-10-08 10:22:05,CUST0534,signup,55.55,mobile
EVT0504290,2026-10-09 18:12:58,CUST0806,view,187.30,web
EVT0501869,2026-10-02 15:01:00,CUST0379,refund,91.53,web
EVT0501785,2026-10-04 03:29:00,CUST0295,refund,60.45,web
EVT0502901,2026-10-06 08:06:59,CUST0414,refund,73.37,web
EVT0504419,2026-10-06 09:22:21,CUST0935,signup,35.03,web
EVT0505592,2026-10-09 08:18:47,CUST0114,purchase,69.04,web
EVT0505800,2026-10-08 07:28:08,CUST0322,purchase,146.00,api
EVT0500092,2026-10-02 18:59:00,CUST0596,purchase,34.04,mobile
EVT0502472,2026-10-03 20:34:00,CUST0982,purchase,114.64,web
EVT0502572,2026-10-05 09:42:00,CUST0085,purchase,151.64,api
EVT0503464,2026-10-09 17:44:01,CUST0977,purchase,81.68,mobile
EVT0502049,2026-10-03 07:51:00,CUST0559,refund,158.13,web
EVT0504436,2026-10-09 21:10:03,CUST0952,purchase,41.32,mobile
EVT0504185,2026-10-07 14:34:54,CUST0701,refund,148.45,web
EVT0502202,2026-10-04 09:46:00,CUST0712,view,14.74,web
EVT0501490,2026-10-05 05:13:00,CUST0997,view,151.30,mobile
EVT0504287,2026-10-07 22:19:04,CUST0803,signup,186.19,web
EVT0501799,2026-10-05 16:16:00,CUST0309,signup,65.63,mobile
EVT0505876,2026-10-06 15:00:00,CUST0398,purchase,174.12,mobile
EVT0503077,2026-10-08 08:20:37,CUST0590,refund,138.49,mobile
EVT0504643,2026-10-08 03:39:29,CUST0162,signup,117.91,mobile
EVT0502665,2026-10-09 03:57:57,CUST0178,refund,186.05,api
EVT0503619,2026-10-07 22:32:44,CUST0135,signup,139.03,api
EVT0501042,2026-10-04 16:54:00,CUST0549,view,185.54,api
EVT0504335,2026-10-06 18:48:07,CUST0851,signup,3.95,web
EVT0500483,2026-10-04 00:51:00,CUST0987,signup,178.71,web
EVT0503814,2026-10-09 05:39:31,CUST0330,view,11.18,api
EVT0504681,2026-10-07 07:27:57,CUST0200,refund,131.97,api
EVT0505914,2026-10-08 08:28:05,CUST0436,view,188.18,api
EVT0504311,2026-10-09 23:38:11,CUST0827,signup,195.07,web
EVT0501964,2026-10-05 17:40:00,CUST0474,purchase,126.68,mobile
EVT0504696,2026-10-06 04:15:29,CUST0215,purchase,137.52,api
EVT0505737,2026-10-07 14:50:09,CUST0259,refund,122.69,api
EVT0503488,2026-10-09 13:47:36,CUST0004,purchase,90.56,mobile
EVT0505724,2026-10-08 06:28:04,CUST0246,purchase,117.88,web
EVT0501945,2026-10-04 02:47:00,CUST0455,refund,119.65,api
EVT0500244,2026-10-05 18:52:00,CUST0748,purchase,90.28,api
EVT0505888,2026-10-07 18:53:39,CUST0410,purchase,178.56,mobile
EVT0504184,2026-10-08 18:52:08,CUST0700,purchase,148.08,mobile
EVT0502055,2026-10-04 06:01:00,CUST0565,signup,160.35,web
EVT0500371,2026-10-02 04:55:00,CUST0875,signup,137.27,mobile
EVT0504092,2026-10-09 02:42:46,CUST0608,purchase,114.04,web
EVT0505890,2026-10-07 11:53:44,CUST0412,view,179.30,api
EVT0504094,2026-10-07 06:39:28,CUST0610,view,114.78,mobile
EVT0504200,2026-10-07 18:22:21,CUST0716,purchase,154.00,web
EVT0500098,2026-10-06 02:17:00,CUST0602,view,36.26,mobile
EVT0500925,2026-10-05 17:25:00,CUST0432,refund,142.25,api
EVT0503283,2026-10-09 03:23:14,CUST0796,signup,14.71,api
EVT0505672,2026-10-08 23:04:46,CUST0194,purchase,98.64,mobile
EVT0502535,2026-10-02 04:27:00,CUST0048,signup,137.95,web
EVT0500853,2026-10-04 12:03:00,CUST0360,refund,115.61,api
EVT0505705,2026-10-09 14:12:06,CUST0227,refund,110.85,mobile
EVT0500569,2026-10-03 22:31:00,CUST0076,refund,10.53,mobile
EVT0505696,2026-10-07 07:46:14,CUST0218,purchase,107.52,mobile
EVT0501687,2026-10-03 09:46:00,CUST0197,signup,24.19,api
EVT0502241,2026-10-04 12:36:00,CUST0751,refund,29.17,web
EVT0501784,2026-10-02 12:40:00,CUST0294,purchase,60.08,mobile
EVT0503485,2026-10-08 13:10:58,CUST0001,refund,89.45,mobile
EVT0502497,2026-10-03 12:12:00,CUST0010,refund,123.89,api
EVT0500316,2026-10-05 08:49:00,CUST0820,purchase,116.92,api
EVT0501055,2026-10-02 16:13:00,CUST0562,signup,190.35,mobile
EVT0503979,2026-10-06 20:32:58,CUST0495,signup,72.23,api
EVT0505348,2026-10-06 11:57:55,CUST0867,purchase,178.76,mobile
EVT0505472,2026-10-07 03:37:46,CUST0991,purchase,24.64,web
EVT0502594,2026-10-06 00:01:00,CUST0107,view,159.78,mobile
EVT0500472,2026-10-02 18:51:00,CUST0976,purchase,174.64,api
EVT0503837,2026-10-08 14:53:56,CUST0353,refund,19.69,web
EVT0505050,2026-10-06 20:45:04,CUST0569,view,68.50,api
EVT0501312,2026-10-06 01:13:00,CUST0819,purchase,85.44,api
EVT0502074,2026-10-03 18:03:00,CUST0584,view,167.38,api
EVT0505350,2026-10-08 20:08:50,CUST0869,view,179.50,api
EVT0502454,2026-10-02 07:23:00,CUST0964,view,107.98,web
EVT0502698,2026-10-09 13:59:36,CUST0211,view,198.26,api
EVT0502826,2026-10-08 07:19:39,CUST0339,view,45.62,web
EVT0505521,2026-10-09 08:30:31,CUST0043,refund,42.77,api
EVT0501272,2026-10-04 11:09:00,CUST0779,purchase,70.64,web
EVT0502581,2026-10-02 17:28:00,CUST0094,refund,154.97,api
EVT0502290,2026-10-03 13:12:00,CUST0800,view,47.30,api
EVT0503596,2026-10-07 12:07:18,CUST0112,purchase,130.52,mobile
EVT0500019,2026-10-05 03:38:00,CUST0523,signup,7.03,api
EVT0500378,2026-10-04 22:11:00,CUST0882,view,139.86,web
EVT0501307,2026-10-04 04:46:00,CUST0814,signup,83.59,mobile
EVT0500097,2026-10-02 12:47:00,CUST0601,refund,35.89,api
EVT0504000,2026-10-06 20:41:13,CUST0516,purchase,80.00,api
EVT0503897,2026-10-08 12:07:12,CUST0413,refund,41.89,web
EVT0504162,2026-10-09 23:21:46,CUST0678,view,139.94,api
EVT0505721,2026-10-09 22:30:22,CUST0243,refund,116.77,web
EVT0503747,2026-10-06 17:09:45,CUST0263,signup,186.39,web
EVT0500291,2026-10-04 22:14:00,CUST0795,signup,107.67,web
EVT0500114,2026-10-05 19:07:00,CUST0618,view,42.18,web
EVT0505300,2026-10-08 03:08:14,CUST0819,purchase,161.00,mobile
EVT0504372,2026-10-10 02:39:14,CUST0888,purchase,17.64,api
EVT0504658,2026-10-06 13:23:54,CUST0177,view,123.46,mobile
EVT0504234,2026-10-07 01:07:34,CUST0750,view,166.58,api
EVT0503144,2026-10-10 03:01:08,CUST0657,purchase,163.28,web
EVT0502474,2026-10-05 23:16:00,CUST0984,view,115.38,mobile
EVT0505563,2026-10-08 22:19:06,CUST0085,signup,58.31,api
EVT0504295,2026-10-09 19:39:25,CUST0811,signup,189.15,mobile
EVT0502740,2026-10-10 00:23:03,CUST0253,purchase,13.80,api
EVT0500070,2026-10-03 06:47:00,CUST0574,view,25.90,api
EVT0504472,2026-10-06 10:28:13,CUST0988,purchase,54.64,mobile
EVT0503961,2026-10-06 20:35:22,CUST0477,refund,65.57,api
EVT0504035,2026-10-08 10:27:37,CUST0551,signup,92.95,web
EVT0505447,2026-10-07 18:36:44,CUST0966,signup,15.39,mobile
EVT0502508,2026-10-03 11:12:00,CUST0021,purchase,127.96,web
EVT0501774,2026-10-04 01:56:00,CUST0284,view,56.38,api
EVT0504443,2026-10-06 16:29:23,CUST0959,signup,43.91,web
EVT0500694,2026-10-03 03:54:00,CUST0201,view,56.78,api
EVT0505849,2026-10-09 14:20:17,CUST0371,refund,164.13,mobile
EVT0504217,2026-10-08 01:36:12,CUST0733,refund,160.29,mobile
EVT0502186,2026-10-03 02:23:00,CUST0696,view,8.82,mobile
EVT0502854,2026-10-10 03:27:26,CUST0367,view,55.98,api
EVT0500551,2026-10-05 15:49:00,CUST0058,signup,3.87,mobile
EVT0501390,2026-10-04 12:13:00,CUST0897,view,114.30,api
EVT0500828,2026-10-05 04:36:00,CUST0335,purchase,106.36,web
EVT0503949,2026-10-09 21:36:11,CUST0465,refund,61.13,api
EVT0502811,2026-10-07 18:34:00,CUST0324,signup,40.07,web
EVT0504486,2026-10-07 17:30:14,CUST0005,view,59.82,api
EVT0500957,2026-10-03 17:55:00,CUST0464,refund,154.09,web
EVT0501422,2026-10-05 07:42:00,CUST0929,view,126.14,web
EVT0502214,2026-10-05 05:11:00,CUST0724,view,19.18,web
EVT0500891,2026-10-06 02:15:00,CUST0398,signup,129.67,web
EVT0505184,2026-10-09 19:58:44,CUST0703,purchase,118.08,web
EVT0500419,2026-10-05 01:27:00,CUST0923,signup,155.03,mobile
EVT0500922,2026-10-02 19:58:00,CUST0429,view,141.14,api
EVT0501100,2026-10-04 20:36:00,CUST0607,purchase,7.00,mobile
EVT0505247,2026-10-08 01:46:21,CUST0766,signup,141.39,web
EVT0500218,2026-10-05 19:01:00,CUST0722,view,80.66,mobile
EVT0503237,2026-10-08 14:16:50,CUST0750,refund,197.69,web
EVT0505811,2026-10-06 16:11:56,CUST0333,signup,150.07,web
EVT0503760,2026-10-07 16:45:18,CUST0276,purchase,191.20,api
EVT0504496,2026-10-09 07:46:34,CUST0015,purchase,63.52,mobile
EVT0505504,2026-10-08 22:28:46,CUST0026,purchase,36.48,mobile
EVT0500873,2026-10-05 10:28:00,CUST0380,refund,123.01,web
EVT0502545,2026-10-02 11:35:00,CUST0058,refund,141.65,api
EVT0505969,2026-10-08 13:30:25,CUST0491,refund,8.53,mobile
EVT0500246,2026-10-05 11:34:00,CUST0750,view,91.02,web
EVT0504089,2026-10-08 20:50:23,CUST0605,refund,112.93,web
EVT0500992,2026-10-03 05:17:00,CUST0499,purchase,167.04,mobile
EVT0503884,2026-10-09 22:53:54,CUST0400,purchase,37.08,mobile
EVT0504167,2026-10-09 08:26:58,CUST0683,signup,141.79,web
EVT0505518,2026-10-09 18:19:51,CUST0040,view,41.66,api
EVT0590002,2026-02-30 12:00:00,CUST0776,view,100.74,mobile
EVT0503677,2026-10-07 03:44:54,CUST0193,refund,160.49,mobile
EVT0500979,2026-10-02 04:05:00,CUST0486,signup,162.23,api
EVT0503001,2026-10-07 01:37:48,CUST0514,refund,110.37,api
EVT0503112,2026-10-06 03:53:11,CUST0625,purchase,151.44,api
EVT0500989,2026-10-03 04:25:00,CUST0496,refund,165.93,mobile
EVT0504123,2026-10-09 12:31:32,CUST0639,signup,125.51,api
EVT0504955,2026-10-09 02:19:12,CUST0474,signup,33.35,mobile
EVT0504343,2026-10-07 01:42:52,CUST0859,signup,6.91,mobile
EVT0501535,2026-10-03 14:29:00,CUST0045,signup,167.95,mobile
EVT0501837,2026-10-03 11:42:00,CUST0347,refund,79.69,api
EVT0503803,2026-10-09 09:36:28,CUST0319,signup,7.11,mobile
EVT0501419,2026-10-02 14:07:00,CUST0926,signup,125.03,web
EVT0504453,2026-10-09 00:48:29,CUST0969,refund,47.61,api
EVT0503004,2026-10-06 13:38:42,CUST0517,purchase,111.48,api
EVT0503767,2026-10-06 20:15:31,CUST0283,signup,193.79,mobile
EVT0504101,2026-10-09 00:17:53,CUST0617,refund,117.37,web
EVT0505771,2026-10-07 00:14:32,CUST0293,signup,135.27,mobile
EVT0505008,2026-10-07 17:37:40,CUST0527,purchase,52.96,api
EVT0502625,2026-10-08 18:31:24,CUST0138,refund,171.25,web
EVT0500182,2026-10-03 13:50:00,CUST0686,view,67.34,mobile
EVT0501158,2026-10-05 10:48:00,CUST0665,view,28.46,web
EVT0505808,2026-10-06 13:51:03,CUST0330,purchase,148.96,web
EVT0502152,2026-10-05 13:32:00,CUST0662,purchase,196.24,api
EVT0502471,2026-10-04 20:49:00,CUST0981,signup,114.27,mobile
EVT0502212,2026-10-02 14:42:00,CUST0722,purchase,18.44,api
EVT0501678,2026-10-06 01:44:00,CUST0188,view,20.86,api
EVT0505016,2026-10-08 12:03:51,CUST0535,purchase,55.92,web
EVT0500354,2026-10-03 00:18:00,CUST0858,view,130.98,web
EVT0503956,2026-10-07 01:15:52,CUST0472,purchase,63.72,mobile
EVT0501332,2026-10-04 06:31:00,CUST0839,purchase,92.84,web
EVT0504757,2026-10-07 08:37:22,CUST0276,refund,160.09,mobile
EVT0505884,2026-10-10 02:33:43,CUST0406,purchase,177.08,api
EVT0503060,2026-10-06 22:39:02,CUST0573,purchase,132.20,web
EVT0504648,2026-10-08 08:24:22,CUST0167,purchase,119.76,api
EVT0505572,2026-10-06 19:43:18,CUST0094,purchase,61.64,api
EVT0503265,2026-10-08 06:18:53,CUST0778,refund,8.05,api
EVT0504327,2026-10-07 12:44:36,CUST0843,signup,0.99,api
EVT0504877,2026-10-09 18:20:55,CUST0396,refund,4.49,mobile
EVT0504059,2026-10-09 14:51:57,CUST0575,signup,101.83,web
EVT0500171,2026-10-04 03:52:00,CUST0675,signup,63.27,web
EVT0505520,2026-10-07 22:53:21,CUST0042,purchase,42.40,web
EVT0503852,2026-10-08 19:35:47,CUST0368,purchase,25.24,web
EVT0502285,2026-10-02 13:48:00,CUST0795,refund,45.45,mobile
EVT0502984,2026-10-09 04:37:35,CUST0497,purchase,104.08,mobile
EVT0502569,2026-10-02 08:44:00,CUST0082,refund,150.53,api
EVT0502166,2026-10-04 00:18:00,CUST0676,view,1.42,web
EVT0503290,2026-10-08 06:21:15,CUST0803,view,17.30,mobile
EVT0504997,2026-10-09 04:37:15,CUST0516,refund,48.89,mobile
EVT0503419,2026-10-09 08:26:00,CUST0932,signup,65.03,mobile
EVT0502194,2026-10-02 22:17:00,CUST0704,view,11.78,api
EVT0503827,2026-10-07 06:03:40,CUST0343,signup,15.99,mobile
EVT0502232,2026-10-05 12:11:00,CUST0742,purchase,25.84,web
EVT0502325,2026-10-03 11:03:00,CUST0835,refund,60.25,web
EVT0503913,2026-10-06 17:03:08,CUST0429,refund,47.81,api
EVT0502156,2026-10-04 18:23:00,CUST0666,purchase,197.72,mobile
EVT0505587,2026-10-08 17:30:14,CUST0109,signup,67.19,api
EVT0505626,2026-10-09 21:19:24,CUST0148,view,81.62,api
EVT0503542,2026-10-09 05:03:58,CUST0058,view,110.54,mobile
EVT0502623,2026-10-08 08:47:31,CUST0136,signup,170.51,api
EVT0504535,2026-10-08 09:16:02,CUST0054,signup,77.95,mobile
EVT0504706,2026-10-09 08:26:33,CUST0225,view,141.22,mobile
EVT0503461,2026-10-08 10:37:55,CUST0974,refund,80.57,mobile
EVT0501542,2026-10-05 02:17:00,CUST0052,view,170.54,web
EVT0500155,2026-10-02 14:19:00,CUST0659,signup,57.35,mobile
EVT0505100,2026-10-08 20:46:25,CUST0619,purchase,87.00,web
EVT0500725,2026-10-05 17:24:00,CUST0232,refund,68.25,mobile
EVT0503386,2026-10-08 03:09:41,CUST0899,view,52.82,mobile
EVT0505329,2026-10-06 04:20:09,CUST0848,refund,171.73,api
EVT0504937,2026-10-07 15:18:15,CUST0456,refund,26.69,mobile
EVT0500974,2026-10-04 16:12:00,CUST0481,view,160.38,mobile
EVT0503522,2026-10-09 17:05:14,CUST0038,view,103.14,web
EVT0503050,2026-10-08 00:44:41,CUST0563,view,128.50,mobile
EVT0500510,2026-10-02 22:09:00,CUST0017,view,188.70,web
EVT0501484,2026-10-05 17:47:00,CUST0991,purchase,149.08,mobile
EVT0503147,2026-10-06 18:28:53,CUST0660,signup,164.39,web
EVT0500676,2026-10-02 23:38:00,CUST0183,purchase,50.12,api
EVT0501599,2026-10-03 05:35:00,CUST0109,signup,191.63,web
EVT0503587,2026-10-09 13:59:59,CUST0103,signup,127.19,mobile
EVT0505437,2026-10-08 03:19:37,CUST0956,refund,11.69,api
EVT0504962,2026-10-08 17:51:41,CUST0481,view,35.94,web
EVT0501410,2026-10-02 14:01:00,CUST0917,view,121.70,web
EVT0503785,2026-10-06 08:05:17,CUST0301,refund,0.45,mobile
EVT0504332,2026-10-09 17:41:31,CUST0848,purchase,2.84,web
EVT0503665,2026-10-09 03:26:48,CUST0181,refund,156.05,mobile
EVT0504941,2026-10-08 23:34:30,CUST0460,refund,28.17,web
EVT0500370,2026-10-04 18:24:00,CUST0874,view,136.90,api
EVT0505131,2026-10-06 22:35:20,CUST0650,signup,98.47,api
EVT0500427,2026-10-02 14:08:00,CUST0931,signup,157.99,api
EVT0501660,2026-10-02 08:39:00,CUST0170,purchase,14.20,api
EVT0504124,2026-10-09 10:36:42,CUST0640,purchase,125.88,mobile
EVT0500628,2026-10-05 08:50:00,CUST0135,purchase,32.36,api
EVT0503644,2026-10-07 13:54:33,CUST0160,purchase,148.28,mobile
EVT0503788,2026-10-07 06:08:29,CUST0304,purchase,1.56,mobile
EVT0504725,2026-10-10 03:29:03,CUST0244,refund,148.25,web
EVT0500838,2026-10-02 09:05:00,CUST0345,view,110.06,api
EVT0503997,2026-10-09 22:19:36,CUST0513,refund,78.89,api
EVT0501487,2026-10-03 18:00:00,CUST0994,signup,150.19,mobile
EVT0505338,2026-10-07 23:45:18,CUST0857,view,175.06,api
EVT0502087,2026-10-05 00:27:00,CUST0597,signup,172.19,mobile
EVT0500004,2026-10-04 14:33:00,CUST0508,purchase,1.48,api
EVT0501269,2026-10-02 13:32:00,CUST0776,refund,69.53,web
EVT0504239,2026-10-09 15:17:16,CUST0755,signup,168.43,web
EVT0501294,2026-10-05 12:02:00,CUST0801,view,78.78,api
EVT0500069,2026-10-05 11:05:00,CUST0573,refund,25.53,web
EVT0505179,2026-10-09 20:50:21,CUST0698,signup,116.23,api
EVT0500417,2026-10-02 19:05:00,CUST0921,refund,154.29,web
EVT0504563,2026-10-08 20:36:36,CUST0082,signup,88.31,web
EVT0504048,2026-10-09 01:31:36,CUST0564,purchase,97.76,api
EVT0505088,2026-10-09 20:52:56,CUST0607,purchase,82.56,web
EVT0501341,2026-10-03 07:21:00,CUST0848,refund,96.17,web
EVT0502674,2026-10-07 04:56:08,CUST0187,view,189.38,api
EVT0501009,2026-10-04 11:31:00,CUST0516,refund,173.33,api
EVT0502544,2026-10-05 19:58:00,CUST0057,purchase,141.28,web
EVT0505553,2026-10-09 01:40:37,CUST0075,refund,54.61,web
EVT0504233,2026-10-08 09:36:25,CUST0749,refund,166.21,web
EVT0505812,2026-10-07 14:38:14,CUST0334,purchase,150.44,api
EVT0505465,2026-10-09 03:52:12,CUST0984,refund,22.05,mobile
EVT0501637,2026-10-05 05:15:00,CUST0147,refund,5.69,mobile
EVT0502935,2026-10-06 18:17:59,CUST0448,signup,85.95,api
EVT0501325,2026-10-02 05:26:00,CUST0832,refund,90.25,mobile
EVT0502110,2026-10-03 04:47:00,CUST0620,view,180.70,api
EVT0502132,2026-10-04 06:55:00,CUST0642,purchase,188.84,mobile
EVT0500051,2026-10-03 07:17:00,CUST0555,signup,18.87,web
EVT0503807,2026-10-07 23:09:07,CUST0323,signup,8.59,web
EVT0502341,2026-10-04 15:24:00,CUST0851,refund,66.17,api
EVT0500440,2026-10-05 00:36:00,CUST0944,purchase,162.80,mobile
EVT0501181,2026-10-04 03:58:00,CUST0688,refund,36.97,mobile
EVT0504551,2026-10-09 11:42:51,CUST0070,signup,83.87,web
EVT0502229,2026-10-02 22:05:00,CUST0739,refund,24.73,web
EVT0503816,2026-10-09 08:54:17,CUST0332,purchase,11.92,web
EVT0502151,2026-10-04 03:55:00,CUST0661,signup,195.87,web
EVT0502169,2026-10-03 11:59:00,CUST0679,refund,2.53,web
EVT0505765,2026-10-09 02:28:25,CUST0287,refund,133.05,mobile
EVT0503273,2026-10-08 07:35:49,CUST0786,refund,11.01,web
EVT0500738,2026-10-02 18:09:00,CUST0245,view,73.06,web
EVT0501409,2026-10-05 10:43:00,CUST0916,refund,121.33,mobile
EVT0501099,2026-10-02 12:51:00,CUST0606,signup,6.63,api
EVT0500287,2026-10-05 21:28:00,CUST0791,signup,106.19,mobile
EVT0504653,2026-10-08 15:45:20,CUST0172,refund,121.61,web
EVT0504514,2026-10-10 00:03:36,CUST0033,view,70.18,mobile
EVT0501299,2026-10-03 18:01:00,CUST0806,signup,80.63,web
EVT0500870,2026-10-05 02:13:00,CUST0377,view,121.90,web
EVT0501887,2026-10-02 12:59:00,CUST0397,signup,98.19,web
EVT0505515,2026-10-09 12:49:05,CUST0037,signup,40.55,api
EVT0503773,2026-10-08 09:32:42,CUST0289,refund,196.01,mobile
EVT0504716,2026-10-07 14:15:12,CUST0235,purchase,144.92,web
EVT0504555,2026-10-09 02:15:53,CUST0074,signup,85.35,api
EVT0504881,2026-10-06 20:54:23,CUST0400,refund,5.97,web
EVT0503598,2026-10-07 15:35:49,CUST0114,view,131.26,api
EVT0504929,2026-10-06 10:08:35,CUST0448,refund,23.73,web
EVT0505786,2026-10-10 01:35:21,CUST0308,view,140.82,mobile
EVT0502335,2026-10-05 20:34:00,CUST0845,signup,63.95,api
EVT0502801,2026-10-08 00:51:56,CUST0314,refund,36.37,mobile
EVT0502662,2026-10-07 23:47:46,CUST0175,view,184.94,api
EVT0501476,2026-10-02 04:10:00,CUST0983,purchase,146.12,web
EVT0500441,2026-10-02 18:22:00,CUST0945,refund,163.17,web
EVT0504801,2026-10-06 13:37:39,CUST0320,refund,176.37,api
EVT0503965,2026-10-06 16:29:15,CUST0481,refund,67.05,mobile
EVT0505259,2026-10-09 11:17:47,CUST0778,signup,145.83,web
EVT0504075,2026-10-07 16:32:01,CUST0591,signup,107.75,api
EVT0501315,2026-10-03 03:20:00,CUST0822,signup,86.55,api
EVT0505908,2026-10-07 15:50:24,CUST0430,purchase,185.96,api
EVT0501339,2026-10-04 03:46:00,CUST0846,signup,95.43,api
EVT0504735,2026-10-08 10:47:08,CUST0254,signup,151.95,api
EVT0500855,2026-10-04 23:16:00,CUST0362,signup,116.35,web
EVT0505464,2026-10-07 03:55:48,CUST0983,purchase,21.68,api
EVT0504880,2026-10-09 21:14:37,CUST0399,purchase,5.60,mobile
EVT0505317,2026-10-07 15:33:39,CUST0836,refund,167.29,api
EVT0504441,2026-10-08 19:04:37,CUST0957,refund,43.17,api
EVT0501052,2026-10-03 10:24:00,CUST0559,purchase,189.24,mobile
EVT0503090,2026-10-06 23:57:22,CUST0603,view,143.30,web
EVT0500958,2026-10-04 22:16:00,CUST0465,view,154.46,api
EVT0500578,2026-10-04 17:57:00,CUST0085,view,13.86,mobile
EVT0504127,2026-10-09 04:09:11,CUST0643,signup,126.99,mobile
EVT0505694,2026-10-08 23:37:47,CUST0216,view,106.78,web
EVT0500955,2026-10-03 21:03:00,CUST0462,signup,153.35,api
EVT0504548,2026-10-07 00:12:54,CUST0067,purchase,82.76,web
EVT0505141,2026-10-08 23:10:17,CUST0660,refund,102.17,mobile
EVT0505818,2026-10-07 18:43:56,CUST0340,view,152.66,api
EVT0505462,2026-10-08 12:13:11,CUST0981,view,20.94,mobile
EVT0501620,2026-10-05 16:53:00,CUST0130,purchase,199.40,web
EVT0501870,2026-10-05 09:49:00,CUST0380,view,91.90,api
EVT0501968,2026-10-03 04:32:00,CUST0478,purchase,128.16,web
EVT0503623,2026-10-07 03:09:25,CUST0139,signup,140.51,mobile
EVT0505835,2026-10-08 21:01:32,CUST0357,signup,158.95,web
EVT0505161,2026-10-07 09:54:37,CUST0680,refund,109.57,api
EVT0501639,2026-10-02 15:56:00,CUST0149,signup,6.43,api
EVT0505154,2026-10-07 08:47:12,CUST0673,view,106.98,web
EVT0502920,2026-10-06 16:36:07,CUST0433,purchase,80.40,api
EVT0502415,2026-10-02 11:04:00,CUST0925,signup,93.55,web
EVT0500125,2026-10-03 23:01:00,CUST0629,refund,46.25,mobile
EVT0501303,2026-10-04 20:29:00,CUST0810,signup,82.11,api
EVT0503235,2026-10-06 08:47:55,CUST0748,signup,196.95,api
EVT0502613,2026-10-07 17:48:51,CUST0126,refund,166.81,web
EVT0500632,2026-10-03 05:08:00,CUST0139,purchase,33.84,mobile
EVT0504107,2026-10-07 04:08:42,CUST0623,signup,119.59,web
EVT0503937,2026-10-09 09:59:33,CUST0453,refund,56.69,api
EVT0503795,2026-10-07 14:01:37,CUST0311,signup,4.15,web
EVT0500612,2026-10-02 23:57:00,CUST0119,purchase,26.44,web
EVT0505021,2026-10-07 18:14:46,CUST0540,refund,57.77,mobile
EVT0502292,2026-10-03 14:33:00,CUST0802,purchase,48.04,web
EVT0502584,2026-10-04 18:31:00,CUST0097,purchase,156.08,api
EVT0500617,2026-10-02 11:03:00,CUST0124,refund,28.29,mobile
EVT0502985,2026-10-09 17:22:03,CUST0498,refund,104.45,web
EVT0502460,2026-10-03 00:04:00,CUST0970,purchase,110.20,web
EVT0504226,2026-10-09 17:17:47,CUST0742,view,163.62,mobile
EVT0504768,2026-10-07 01:04:50,CUST0287,purchase,164.16,api
EVT0505009,2026-10-09 22:02:55,CUST0528,refund,53.33,mobile
EVT0502921,2026-10-08 13:18:07,CUST0434,refund,80.77,mobile
EVT0502244,2026-10-04 19:52:00,CUST0754,purchase,30.28,web
EVT0502782,2026-10-07 06:08:17,CUST0295,view,29.34,api
EVT0503538,2026-10-08 16:08:57,CUST0054,view,109.06,api
EVT0502269,2026-10-05 23:21:00,CUST0779,refund,39.53,api
EVT0502908,2026-10-08 15:24:59,CUST0421,purchase,75.96,api
EVT0501793,2026-10-03 06:36:00,CUST0303,refund,63.41,mobile
EVT0505492,2026-10-06 19:03:08,CUST0014,purchase,32.04,mobile
EVT0503038,2026-10-08 07:39:55,CUST0551,view,124.06,mobile
EVT0500862,2026-10-03 01:21:00,CUST0369,view,118.94,api
EVT0501974,2026-10-05 06:26:00,CUST0484,view,130.38,web
EVT0503659,2026-10-07 14:24:35,CUST0175,signup,153.83,mobile
EVT0502539,2026-10-02 22:27:00,CUST0052,signup,139.43,api
EVT0505582,2026-10-07 01:49:12,CUST0104,view,65.34,mobile
EVT0502234,2026-10-04 08:03:00,CUST0744,view,26.58,mobile
EVT0502470,2026-10-04 14:05:00,CUST0980,view,113.90,api
EVT0503733,2026-10-08 00:15:00,CUST0249,refund,181.21,api
EVT0503155,2026-10-08 23:28:42,CUST0668,signup,167.35,mobile
EVT0502095,2026-10-03 19:32:00,CUST0605,signup,175.15,api
EVT0500050,2026-10-03 11:52:00,CUST0554,view,18.50,mobile
EVT0502296,2026-10-02 08:52:00,CUST0806,purchase,49.52,api
EVT0504355,2026-10-06 05:12:02,CUST0871,signup,11.35,mobile
EVT0505047,2026-10-08 07:25:16,CUST0566,signup,67.39,api
EVT0503806,2026-10-08 05:45:11,CUST0322,view,8.22,mobile
EVT0502576,2026-10-05 19:29:00,CUST0089,purchase,153.12,mobile
EVT0504365,2026-10-09 16:06:01,CUST0881,refund,15.05,web
EVT0500668,2026-10-04 20:28:00,CUST0175,purchase,47.16,mobile
EVT0503405,2026-10-09 11:54:55,CUST0918,refund,59.85,web
EVT0500912,2026-10-02 11:54:00,CUST0419,purchase,137.44,web
EVT0500414,2026-10-03 23:33:00,CUST0918,view,153.18,web
EVT0504097,2026-10-06 16:58:25,CUST0613,refund,115.89,mobile
EVT0501450,2026-10-05 05:09:00,CUST0957,view,136.50,api
EVT0505844,2026-10-10 02:33:10,CUST0366,purchase,162.28,web
EVT0503879,2026-10-09 01:31:52,CUST0395,signup,35.23,web
EVT0503363,2026-10-09 12:09:19,CUST0876,signup,44.31,web
EVT0505769,2026-10-07 07:52:24,CUST0291,refund,134.53,web
EVT0504825,2026-10-09 14:18:35,CUST0344,refund,185.25,api
EVT0501647,2026-10-03 17:51:00,CUST0157,signup,9.39,web
EVT0505356,2026-10-07 05:32:39,CUST0875,purchase,181.72,api
EVT0503761,2026-10-08 18:45:18,CUST0277,refund,191.57,mobile
EVT0503044,2026-10-06 18:37:38,CUST0557,purchase,126.28,mobile
EVT0501243,2026-10-02 22:46:00,CUST0750,signup,59.91,api
EVT0503892,2026-10-06 12:54:14,CUST0408,purchase,40.04,api
EVT0502230,2026-10-04 20:05:00,CUST0740,view,25.10,api
EVT0503446,2026-10-10 01:21:29,CUST0959,view,75.02,mobile
EVT0503268,2026-10-09 06:54:22,CUST0781,purchase,9.16,api
EVT0501264,2026-10-02 15:20:00,CUST0771,purchase,67.68,api
EVT0500492,2026-10-04 19:28:00,CUST0996,purchase,182.04,web
EVT0503215,2026-10-08 10:08:40,CUST0728,signup,189.55,mobile
EVT0502865,2026-10-09 15:46:35,CUST0378,refund,60.05,web
EVT0503003,2026-10-07 17:19:30,CUST0516,signup,111.11,web
EVT0500994,2026-10-03 08:21:00,CUST0501,view,167.78,api
EVT0502915,2026-10-08 06:38:31,CUST0428,signup,78.55,mobile
EVT0504728,2026-10-08 04:07:26,CUST0247,purchase,149.36,web
EVT0505339,2026-10-06 04:05:39,CUST0858,signup,175.43,mobile
EVT0504019,2026-10-08 11:15:51,CUST0535,signup,87.03,mobile
EVT0500458,2026-10-02 21:00:00,CUST0962,view,169.46,mobile
EVT0501910,2026-10-02 18:18:00,CUST0420,view,106.70,mobile
EVT0501808,2026-10-02 11:29:00,CUST0318,purchase,68.96,mobile
EVT0501598,2026-10-03 04:33:00,CUST0108,view,191.26,mobile
EVT0503605,2026-10-09 14:47:23,CUST0121,refund,133.85,mobile
EVT0505929,2026-10-10 03:03:58,CUST0451,refund,193.73,api
EVT0502866,2026-10-09 22:34:43,CUST0379,view,60.42,api
EVT0502881,2026-10-06 18:03:56,CUST0394,refund,65.97,api
EVT0504752,2026-10-07 19:52:54,CUST0271,purchase,158.24,web
EVT0503291,2026-10-10 00:30:42,CUST0804,signup,17.67,web
EVT0502107,2026-10-02 14:56:00,CUST0617,signup,179.59,api
EVT0505648,2026-10-10 01:19:35,CUST0170,purchase,89.76,mobile
EVT0502551,2026-10-04 13:58:00,CUST0064,signup,143.87,api
EVT0502770,2026-10-06 05:56:55,CUST0283,view,24.90,api
EVT0501482,2026-10-04 05:23:00,CUST0989,view,148.34,web
EVT0504984,2026-10-08 07:48:30,CUST0503,purchase,44.08,api
EVT0505037,2026-10-07 08:37:21,CUST0556,refund,63.69,web
EVT0500631,2026-10-03 16:06:00,CUST0138,signup,33.47,api
EVT0505713,2026-10-06 17:08:32,CUST0235,refund,113.81,api
EVT0501031,2026-10-04 00:59:00,CUST0538,signup,181.47,mobile
EVT0500637,2026-10-03 20:38:00,CUST0144,refund,35.69,api
EVT0500695,2026-10-03 21:23:00,CUST0202,signup,57.15,mobile
EVT0500840,2026-10-05 17:13:00,CUST0347,purchase,110.80,web
EVT0502696,2026-10-09 21:44:02,CUST0209,purchase,197.52,mobile
EVT0504893,2026-10-07 01:12:38,CUST0412,refund,10.41,web
EVT0504857,2026-10-06 18:11:33,CUST0376,refund,197.09,web
EVT0504370,2026-10-09 04:55:30,CUST0886,view,16.90,mobile
EVT0501625,2026-10-05 05:02:00,CUST0135,refund,1.25,mobile
EVT0502829,2026-10-08 09:09:40,CUST0342,refund,46.73,web
EVT0504911,2026-10-06 12:48:32,CUST0430,signup,17.07,web
EVT0501144,2026-10-05 20:12:00,CUST0651,purchase,23.28,api
EVT0503602,2026-10-09 09:19:55,CUST0118,view,132.74,mobile
EVT0500804,2026-10-04 16:25:00,CUST0311,purchase,97.48,web
EVT0502601,2026-10-08 17:39:14,CUST0114,refund,162.37,web
EVT0505309,2026-10-09 19:03:36,CUST0828,refund,164.33,mobile
EVT0505019,2026-10-09 18:57:35,CUST0538,signup,57.03,web
EVT0505826,2026-10-06 04:30:54,CUST0348,view,155.62,web
EVT0505641,2026-10-09 11:39:03,CUST0163,refund,87.17,api
EVT0503647,2026-10-07 09:34:28,CUST0163,signup,149.39,mobile
EVT0502718,2026-10-06 18:23:35,CUST0231,view,5.66,web
EVT0504500,2026-10-08 04:55:05,CUST0019,purchase,65.00,web
EVT0505105,2026-10-07 03:02:58,CUST0624,refund,88.85,mobile
EVT0504300,2026-10-09 06:46:16,CUST0816,purchase,191.00,api
EVT0502638,2026-10-06 14:08:30,CUST0151,view,176.06,api
EVT0505653,2026-10-07 19:54:57,CUST0175,refund,91.61,api
EVT0501087,2026-10-03 15:40:00,CUST0594,signup,2.19,api
EVT0504702,2026-10-07 20:38:56,CUST0221,view,139.74,api
EVT0500442,2026-10-05 13:56:00,CUST0946,view,163.54,api
EVT0500387,2026-10-02 05:47:00,CUST0891,signup,143.19,web
EVT0503262,2026-10-09 15:40:15,CUST0775,view,6.94,api
EVT0504603,2026-10-09 16:27:14,CUST0122,signup,103.11,api
EVT0501032,2026-10-03 05:14:00,CUST0539,purchase,181.84,web
EVT0504931,2026-10-07 09:07:20,CUST0450,signup,24.47,mobile
EVT0501064,2026-10-02 20:12:00,CUST0571,purchase,193.68,mobile
EVT0500275,2026-10-05 20:17:00,CUST0779,signup,101.75,mobile
EVT0502527,2026-10-05 18:28:00,CUST0040,signup,134.99,api
EVT0505139,2026-10-09 10:10:45,CUST0658,signup,101.43,web
EVT0500858,2026-10-04 12:20:00,CUST0365,view,117.46,web
EVT0503232,2026-10-08 09:19:45,CUST0745,purchase,195.84,api
EVT0502157,2026-10-05 13:52:00,CUST0667,refund,198.09,web
EVT0503474,2026-10-07 13:28:50,CUST0987,view,85.38,web
EVT0505159,2026-10-06 13:14:35,CUST0678,signup,108.83,mobile
EVT0502118,2026-10-05 02:58:00,CUST0628,view,183.66,web
EVT0503832,2026-10-06 15:07:28,CUST0348,purchase,17.84,api
EVT0502868,2026-10-06 04:23:50,CUST0381,purchase,61.16,web
EVT0501114,2026-10-04 15:44:00,CUST0621,view,12.18,api
EVT0503387,2026-10-07 14:28:14,CUST0900,signup,53.19,web
EVT0501163,2026-10-03 04:49:00,CUST0670,signup,30.31,mobile
EVT0504504,2026-10-08 07:24:35,CUST0023,purchase,66.48,api
EVT0504301,2026-10-08 19:12:24,CUST0817,refund,191.37,mobile
EVT0504568,2026-10-08 23:52:05,CUST0087,purchase,90.16,mobile
EVT0502448,2026-10-02 13:50:00,CUST0958,purchase,105.76,web
EVT0500247,2026-10-03 20:13:00,CUST0751,signup,91.39,api
EVT0502108,2026-10-04 04:45:00,CUST0618,purchase,179.96,mobile
EVT0503878,2026-10-07 13:34:57,CUST0394,view,34.86,mobile
EVT0505962,2026-10-06 13:32:35,CUST0484,view,5.94,api
EVT0505436,2026-10-06 14:56:41,CUST0955,purchase,11.32,web
EVT0503394,2026-10-09 13:35:06,CUST0907,view,55.78,api
EVT0504473,2026-10-06 11:01:34,CUST0989,refund,55.01,web
EVT0504228,2026-10-07 04:08:32,CUST0744,purchase,164.36,api
EVT0500987,2026-10-04 12:56:00,CUST0494,signup,165.19,web
EVT0503905,2026-10-06 09:04:51,CUST0421,refund,44.85,mobile
EVT0504584,2026-10-09 15:21:43,CUST0103,purchase,96.08,web
EVT0503609,2026-10-09 18:45:10,CUST0125,refund,135.33,web
EVT0501306,2026-10-02 11:54:00,CUST0813,view,83.22,api
EVT0501926,2026-10-05 12:33:00,CUST0436,view,112.62,web
EVT0504155,2026-10-09 14:44:17,CUST0671,signup,137.35,web
EVT0504359,2026-10-08 04:16:03,CUST0875,signup,12.83,web
EVT0502947,2026-10-07 22:10:55,CUST0460,signup,90.39,api
EVT0504420,2026-10-08 10:50:34,CUST0936,purchase,35.40,api
EVT0505442,2026-10-07 00:46:45,CUST0961,view,13.54,web
EVT0501574,2026-10-03 14:35:00,CUST0084,view,182.38,mobile
EVT0502936,2026-10-08 05:13:37,CUST0449,purchase,86.32,mobile
EVT0501856,2026-10-05 15:58:00,CUST0366,purchase,86.72,mobile
EVT0504077,2026-10-09 03:07:40,CUST0593,refund,108.49,web
EVT0500759,2026-10-05 21:10:00,CUST0266,signup,80.83,web
EVT0505897,2026-10-08 18:48:05,CUST0419,refund,181.89,mobile
EVT0504707,2026-10-07 05:45:47,CUST0226,signup,141.59,web
EVT0505405,2026-10-06 14:16:16,CUST0924,refund,199.85,mobile
EVT0504296,2026-10-06 07:17:22,CUST0812,purchase,189.52,web
EVT0505441,2026-10-07 18:23:02,CUST0960,refund,13.17,mobile
EVT0501592,2026-10-05 08:30:00,CUST0102,purchase,189.04,mobile
EVT0503037,2026-10-07 08:44:47,CUST0550,refund,123.69,api
EVT0504319,2026-10-08 03:31:59,CUST0835,signup,198.03,mobile
EVT0503953,2026-10-06 05:38:45,CUST0469,refund,62.61,mobile
EVT0500691,2026-10-05 11:11:00,CUST0198,signup,55.67,api
EVT0501646,2026-10-04 11:51:00,CUST0156,view,9.02,mobile
EVT0502557,2026-10-03 03:38:00,CUST0070,refund,146.09,api
EVT0504542,2026-10-08 15:12:09,CUST0061,view,80.54,web
EVT0504081,2026-10-07 00:53:46,CUST0597,refund,109.97,api
EVT0500678,2026-10-03 01:38:00,CUST0185,view,50.86,web
EVT0501170,2026-10-03 17:04:00,CUST0677,view,32.90,web
EVT0500169,2026-10-06 00:47:00,CUST0673,refund,62.53,api
EVT0502200,2026-10-03 12:49:00,CUST0710,purchase,14.00,api
EVT0502595,2026-10-04 15:25:00,CUST0108,signup,160.15,web
EVT0505409,2026-10-06 18:33:36,CUST0928,refund,1.33,web
EVT0504950,2026-10-06 12:40:57,CUST0469,view,31.50,web
EVT0504491,2026-10-09 06:49:01,CUST0010,signup,61.67,web
EVT0503631,2026-10-07 18:57:14,CUST0147,signup,143.47,api
EVT0500355,2026-10-04 08:34:00,CUST0859,signup,131.35,api
EVT0501418,2026-10-04 11:31:00,CUST0925,view,124.66,mobile
EVT0502593,2026-10-04 11:11:00,CUST0106,refund,159.41,api
EVT0503335,2026-10-06 19:54:57,CUST0848,signup,33.95,mobile
EVT0500775,2026-10-02 18:45:00,CUST0282,signup,86.75,api
EVT0504386,2026-10-07 08:42:28,CUST0902,view,22.82,web
EVT0502632,2026-10-08 05:43:40,CUST0145,purchase,173.84,api
EVT0500868,2026-10-05 12:27:00,CUST0375,purchase,121.16,api
EVT0501538,2026-10-02 17:20:00,CUST0048,view,169.06,mobile
EVT0503227,2026-10-08 06:32:09,CUST0740,signup,193.99,mobile
EVT0504137,2026-10-09 14:56:11,CUST0653,refund,130.69,web
EVT0505625,2026-10-07 23:05:14,CUST0147,refund,81.25,web
EVT0504461,2026-10-07 06:59:22,CUST0977,refund,50.57,web
EVT0500801,2026-10-02 22:43:00,CUST0308,refund,96.37,web
EVT0502352,2026-10-05 17:13:00,CUST0862,purchase,70.24,web
EVT0505860,2026-10-07 15:43:38,CUST0382,purchase,168.20,api
EVT0500298,2026-10-04 18:31:00,CUST0802,view,110.26,api
EVT0500100,2026-10-05 11:43:00,CUST0604,purchase,37.00,api
EVT0503695,2026-10-06 14:56:07,CUST0211,signup,167.15,mobile
EVT0504502,2026-10-06 06:23:38,CUST0021,view,65.74,mobile
EVT0502799,2026-10-07 20:39:18,CUST0312,signup,35.63,web
EVT0502398,2026-10-04 07:16:00,CUST0908,view,87.26,api
EVT0503524,2026-10-08 18:39:37,CUST0040,purchase,103.88,mobile
EVT0504223,2026-10-09 16:03:04,CUST0739,signup,162.51,mobile
EVT0500292,2026-10-04 13:45:00,CUST0796,purchase,108.04,api
EVT0500736,2026-10-03 08:21:00,CUST0243,purchase,72.32,api
EVT0501074,2026-10-03 17:06:00,CUST0581,view,197.38,web
EVT0500261,2026-10-02 06:14:00,CUST0765,refund,96.57,web
EVT0502556,2026-10-03 00:29:00,CUST0069,purchase,145.72,web
EVT0501950,2026-10-04 21:38:00,CUST0460,view,121.50,web
EVT0505820,2026-10-08 12:50:50,CUST0342,purchase,153.40,web
EVT0505245,2026-10-07 21:08:47,CUST0764,refund,140.65,api
EVT0502279,2026-10-04 10:46:00,CUST0789,signup,43.23,mobile
EVT0502644,2026-10-07 16:22:48,CUST0157,purchase,178.28,api
EVT0502532,2026-10-02 15:16:00,CUST0045,purchase,136.84,web
EVT0502475,2026-10-03 17:43:00,CUST0985,signup,115.75,web
EVT0500376,2026-10-03 07:53:00,CUST0880,purchase,139.12,api
EVT0501414,2026-10-02 16:49:00,CUST0921,view,123.18,api
EVT0503450,2026-10-08 05:27:05,CUST0963,view,76.50,web
EVT0505935,2026-10-08 23:25:27,CUST0457,signup,195.95,api
EVT0502301,2026-10-05 19:04:00,CUST0811,refund,51.37,web
EVT0504963,2026-10-07 11:52:44,CUST0482,signup,36.31,api
EVT0501086,2026-10-02 20:35:00,CUST0593,view,1.82,web
EVT0505952,2026-10-07 20:14:05,CUST0474,purchase,2.24,web
EVT0504015,2026-10-07 10:26:19,CUST0531,signup,85.55,api
EVT0501746,2026-10-03 02:48:00,CUST0256,view,46.02,web
EVT0500643,2026-10-04 10:31:00,CUST0150,signup,37.91,api
EVT0505046,2026-10-06 21:01:21,CUST0565,view,67.02,web
EVT0505891,2026-10-06 12:30:50,CUST0413,signup,179.67,mobile
EVT0504251,2026-10-08 00:46:10,CUST0767,signup,172.87,web
EVT0503129,2026-10-08 21:11:46,CUST0642,refund,157.73,web
EVT0500826,2026-10-05 12:56:00,CUST0333,view,105.62,api
EVT0503258,2026-10-09 10:19:46,CUST0771,view,5.46,web
EVT0505759,2026-10-08 15:50:03,CUST0281,signup,130.83,mobile
EVT0500286,2026-10-06 03:25:00,CUST0790,view,105.82,api
EVT0502772,2026-10-07 15:02:49,CUST0285,purchase,25.64,web
EVT0505604,2026-10-09 20:12:17,CUST0126,purchase,73.48,web
EVT0504974,2026-10-08 14:15:56,CUST0493,view,40.38,web
EVT0505074,2026-10-07 02:00:39,CUST0593,view,77.38,api
EVT0501760,2026-10-04 04:23:00,CUST0270,purchase,51.20,mobile
EVT0500156,2026-10-05 03:22:00,CUST0660,purchase,57.72,web
EVT0502671,2026-10-06 17:52:19,CUST0184,signup,188.27,api
EVT0502196,2026-10-06 00:06:00,CUST0706,purchase,12.52,web
EVT0505171,2026-10-08 13:55:47,CUST0690,signup,113.27,mobile
EVT0503382,2026-10-09 00:51:40,CUST0895,view,51.34,api
EVT0500552,2026-10-05 13:07:00,CUST0059,purchase,4.24,web
EVT0503771,2026-10-08 17:26:36,CUST0287,signup,195.27,web
EVT0503049,2026-10-06 17:37:59,CUST0562,refund,128.13,api
EVT0503512,2026-10-09 13:19:29,CUST0028,purchase,99.44,mobile
EVT0500509,2026-10-05 03:02:00,CUST0016,refund,188.33,mobile
EVT0500319,2026-10-05 21:15:00,CUST0823,signup,118.03,api
EVT0504480,2026-10-07 11:20:48,CUST0996,purchase,57.60,api
EVT0503489,2026-10-08 23:18:54,CUST0005,refund,90.93,web
EVT0504724,2026-10-09 13:24:14,CUST0243,purchase,147.88,mobile
EVT0504272,2026-10-07 02:24:02,CUST0788,purchase,180.64,web
EVT0505273,2026-10-09 08:35:40,CUST0792,refund,151.01,mobile
EVT0502654,2026-10-09 01:10:04,CUST0167,view,181.98,mobile
EVT0500308,2026-10-03 04:51:00,CUST0812,purchase,113.96,mobile
EVT0502289,2026-10-05 22:24:00,CUST0799,refund,46.93,web
EVT0504021,2026-10-09 08:11:41,CUST0537,refund,87.77,api
EVT0505264,2026-10-07 15:55:50,CUST0783,purchase,147.68,mobile
EVT0501896,2026-10-05 17:47:00,CUST0406,purchase,101.52,web
EVT0500525,2026-10-03 13:41:00,CUST0032,refund,194.25,web
EVT0505873,2026-10-06 22:34:25,CUST0395,refund,173.01,mobile
EVT0504951,2026-10-08 08:44:23,CUST0470,signup,31.87,api
EVT0505077,2026-10-08 12:23:17,CUST0596,refund,78.49,api
EVT0505427,2026-10-06 21:18:54,CUST0946,signup,7.99,web
EVT0501942,2026-10-02 20:53:00,CUST0452,view,118.54,api
EVT0500158,2026-10-02 16:31:00,CUST0662,view,58.46,mobile
EVT0505757,2026-10-09 01:24:56,CUST0279,refund,130.09,web
EVT0502694,2026-10-06 13:00:27,CUST0207,view,196.78,web
EVT0503299,2026-10-07 05:24:55,CUST0812,signup,20.63,mobile
EVT0504740,2026-10-09 16:04:58,CUST0259,purchase,153.80,web
EVT0503973,2026-10-08 22:31:07,CUST0489,refund,70.01,api
EVT0505866,2026-10-09 18:28:18,CUST0388,view,170.42,api
EVT0501640,2026-10-04 12:12:00,CUST0150,purchase,6.80,mobile
EVT0505503,2026-10-07 04:50:34,CUST0025,signup,36.11,api
EVT0505060,2026-10-07 11:05:46,CUST0579,purchase,72.20,mobile
EVT0501517,2026-10-05 18:54:00,CUST0027,refund,161.29,mobile
EVT0502387,2026-10-04 12:39:00,CUST0897,signup,83.19,mobile
EVT0503019,2026-10-08 21:07:35,CUST0532,signup,117.03,api
EVT0504141,2026-10-06 04:49:10,CUST0657,refund,132.17,api
EVT0501695,2026-10-04 19:38:00,CUST0205,signup,27.15,web
EVT0501580,2026-10-05 23:53:00,CUST0090,purchase,184.60,mobile
EVT0504654,2026-10-07 03:56:07,CUST0173,view,121.98,api
EVT0505862,2026-10-10 01:57:34,CUST0384,view,168.94,web
EVT0501671,2026-10-05 09:18:00,CUST0181,signup,18.27,web
EVT0504567,2026-10-08 19:44:47,CUST0086,signup,89.79,api
EVT0504571,2026-10-07 22:03:26,CUST0090,signup,91.27,mobile
EVT0503174,2026-10-09 02:42:13,CUST0687,view,174.38,web
EVT0500277,2026-10-04 22:46:00,CUST0781,refund,102.49,api
EVT0502177,2026-10-05 23:46:00,CUST0687,refund,5.49,mobile
EVT0502332,2026-10-02 14:43:00,CUST0842,purchase,62.84,api
EVT0502719,2026-10-08 22:35:08,CUST0232,signup,6.03,api
EVT0500003,2026-10-04 18:05:00,CUST0507,signup,1.11,web
EVT0501458,2026-10-03 21:37:00,CUST0965,view,139.46,web
EVT0501261,2026-10-03 21:25:00,CUST0768,refund,66.57,api
EVT0504031,2026-10-06 04:04:56,CUST0547,signup,91.47,mobile
EVT0500381,2026-10-04 21:31:00,CUST0885,refund,140.97,web
EVT0504826,2026-10-08 10:06:25,CUST0345,view,185.62,mobile
EVT0500917,2026-10-03 15:12:00,CUST0424,refund,139.29,mobile
EVT0501060,2026-10-04 02:49:00,CUST0567,purchase,192.20,api
EVT0504652,2026-10-09 13:23:37,CUST0171,purchase,121.24,mobile
EVT0505435,2026-10-09 22:19:39,CUST0954,signup,10.95,mobile
EVT0502372,2026-10-03 09:34:00,CUST0882,purchase,77.64,mobile
EVT0505272,2026-10-09 21:14:31,CUST0791,purchase,150.64,api
EVT0505023,2026-10-06 20:23:04,CUST0542,signup,58.51,api
EVT0501217,2026-10-05 15:55:00,CUST0724,refund,50.29,mobile
EVT0505823,2026-10-08 21:34:17,CUST0345,signup,154.51,web
EVT0500682,2026-10-04 10:24:00,CUST0189,view,52.34,api
EVT0504154,2026-10-09 01:41:02,CUST0670,view,136.98,mobile
EVT0504009,2026-10-07 09:22:24,CUST0525,refund,83.33,api
EVT0504945,2026-10-07 14:15:09,CUST0464,refund,29.65,api
EVT0501048,2026-10-03 00:06:00,CUST0555,purchase,187.76,api
EVT0505222,2026-10-08 09:39:04,CUST0741,view,132.14,mobile
EVT0504338,2026-10-06 11:10:20,CUST0854,view,5.06,web
EVT0500597,2026-10-05 18:21:00,CUST0104,refund,20.89,web
EVT0503857,2026-10-06 21:43:04,CUST0373,refund,27.09,mobile
EVT0503254,2026-10-06 13:38:52,CUST0767,view,3.98,mobile
EVT0503342,2026-10-06 08:03:35,CUST0855,view,36.54,web
EVT0502986,2026-10-08 22:57:11,CUST0499,view,104.82,api
EVT0502832,2026-10-06 13:27:02,CUST0345,purchase,47.84,web
EVT0504425,2026-10-08 02:55:11,CUST0941,refund,37.25,web
EVT0500661,2026-10-03 10:49:00,CUST0168,refund,44.57,api
EVT0504237,2026-10-07 21:15:18,CUST0753,refund,167.69,api
EVT0500174,2026-10-05 23:10:00,CUST0678,view,64.38,web
EVT0501643,2026-10-03 16:58:00,CUST0153,signup,7.91,mobile
EVT0500127,2026-10-03 02:00:00,CUST0631,signup,46.99,api
EVT0504281,2026-10-08 21:03:25,CUST0797,refund,183.97,web
EVT0505385,2026-10-07 08:52:03,CUST0904,refund,192.45,web
EVT0501597,2026-10-04 19:56:00,CUST0107,refund,190.89,api
EVT0500252,2026-10-05 09:13:00,CUST0756,purchase,93.24,web
EVT0501616,2026-10-03 21:11:00,CUST0126,purchase,197.92,mobile
EVT0501395,2026-10-03 18:13:00,CUST0902,signup,116.15,web
EVT0503220,2026-10-07 09:01:05,CUST0733,purchase,191.40,api
EVT0503113,2026-10-09 12:11:27,CUST0626,refund,151.81,mobile
EVT0500047,2026-10-03 09:31:00,CUST0551,signup,17.39,mobile
EVT0501286,2026-10-05 03:53:00,CUST0793,view,75.82,mobile
EVT0500962,2026-10-02 16:27:00,CUST0469,view,155.94,mobile
EVT0505029,2026-10-06 15:12:55,CUST0548,refund,60.73,api
EVT0504992,2026-10-06 21:52:32,CUST0511,purchase,47.04,web
EVT0505643,2026-10-07 13:53:23,CUST0165,signup,87.91,web
EVT0500851,2026-10-04 12:57:00,CUST0358,signup,114.87,mobile
EVT0503317,2026-10-07 03:55:35,CUST0830,refund,27.29,mobile
EVT0505782,2026-10-08 10:31:10,CUST0304,view,139.34,api
EVT0502962,2026-10-08 20:40:48,CUST0475,view,95.94,api
EVT0504098,2026-10-09 18:31:34,CUST0614,view,116.26,web
EVT0501936,2026-10-05 02:43:00,CUST0446,purchase,116.32,api
EVT0502937,2026-10-09 17:47:28,CUST0450,refund,86.69,web
EVT0502185,2026-10-05 20:05:00,CUST0695,refund,8.45,api
EVT0504400,2026-10-06 20:52:37,CUST0916,purchase,28.00,mobile
EVT0500685,2026-10-03 09:26:00,CUST0192,refund,53.45,api
EVT0501691,2026-10-02 22:47:00,CUST0201,signup,25.67,mobile
EVT0500749,2026-10-05 00:01:00,CUST0256,refund,77.13,mobile
EVT0500276,2026-10-02 12:27:00,CUST0780,purchase,102.12,web
EVT0505189,2026-10-07 21:36:15,CUST0708,refund,119.93,mobile
EVT0503158,2026-10-06 10:26:45,CUST0671,view,168.46,mobile
EVT0504462,2026-10-07 05:59:34,CUST0978,view,50.94,api
EVT0500797,2026-10-03 00:15:00,CUST0304,refund,94.89,mobile
EVT0505883,2026-10-08 18:42:38,CUST0405,signup,176.71,web
EVT0500266,2026-10-04 13:03:00,CUST0770,view,98.42,mobile
EVT0500872,2026-10-02 03:41:00,CUST0379,purchase,122.64,mobile
EVT0505242,2026-10-09 18:31:50,CUST0761,view,139.54,api
EVT0505885,2026-10-07 06:40:06,CUST0407,refund,177.45,mobile
EVT0502309,2026-10-02 07:15:00,CUST0819,refund,54.33,mobile
EVT0505044,2026-10-07 15:18:55,CUST0563,purchase,66.28,api
EVT0501916,2026-10-03 01:35:00,CUST0426,purchase,108.92,mobile
EVT0502686,2026-10-08 20:31:52,CUST0199,view,193.82,api
EVT0504459,2026-10-07 14:06:53,CUST0975,signup,49.83,api
EVT0505710,2026-10-09 02:38:38,CUST0232,view,112.70,api
EVT0504047,2026-10-08 13:04:27,CUST0563,signup,97.39,web
EVT0500467,2026-10-03 00:04:00,CUST0971,signup,172.79,mobile
EVT0505501,2026-10-09 18:01:55,CUST0023,refund,35.37,mobile
EVT0504771,2026-10-07 00:41:42,CUST0290,signup,165.27,api
EVT0503559,2026-10-08 14:45:23,CUST0075,signup,116.83,api
EVT0502237,2026-10-03 03:28:00,CUST0747,refund,27.69,mobile
EVT0502568,2026-10-02 06:25:00,CUST0081,purchase,150.16,web
EVT0501817,2026-10-05 21:06:00,CUST0327,refund,72.29,mobile
EVT0500403,2026-10-06 00:38:00,CUST0907,signup,149.11,api
EVT0505108,2026-10-06 21:56:53,CUST0627,purchase,89.96,mobile
EVT0502057,2026-10-04 15:50:00,CUST0567,refund,161.09,mobile
EVT0504870,2026-10-07 08:52:21,CUST0389,view,1.90,api
EVT0502761,2026-10-09 15:10:20,CUST0274,refund,21.57,api
EVT0505558,2026-10-06 18:20:00,CUST0080,view,56.46,mobile
EVT0502347,2026-10-05 22:10:00,CUST0857,signup,68.39,api
EVT0504850,2026-10-06 15:53:32,CUST0369,view,194.50,mobile
EVT0503977,2026-10-07 10:59:25,CUST0493,refund,71.49,mobile
EVT0503166,2026-10-08 19:26:27,CUST0679,view,171.42,api
EVT0505102,2026-10-06 05:26:45,CUST0621,view,87.74,mobile
EVT0504109,2026-10-08 05:52:13,CUST0625,refund,120.33,mobile
EVT0502231,2026-10-05 15:29:00,CUST0741,signup,25.47,mobile
EVT0500000,2026-10-02 12:42:00,CUST0504,purchase,0.00,web
EVT0503478,2026-10-07 08:33:11,CUST0991,view,86.86,api
EVT0505177,2026-10-06 13:19:48,CUST0696,refund,115.49,mobile
EVT0503346,2026-10-09 17:23:12,CUST0859,view,38.02,api
EVT0500760,2026-10-02 22:25:00,CUST0267,purchase,81.20,api
EVT0503210,2026-10-06 15:01:28,CUST0723,view,187.70,web
EVT0501944,2026-10-03 09:52:00,CUST0454,purchase,119.28,web
EVT0504954,2026-10-06 16:36:31,CUST0473,view,32.98,api
EVT0500888,2026-10-03 20:06:00,CUST0395,purchase,128.56,web
EVT0504046,2026-10-07 10:42:28,CUST0562,view,97.02,mobile
EVT0500751,2026-10-02 22:05:00,CUST0258,signup,77.87,api
EVT0504799,2026-10-07 17:35:13,CUST0318,signup,175.63,mobile
EVT0503333,2026-10-07 09:43:04,CUST0846,refund,33.21,web
EVT0500464,2026-10-03 16:09:00,CUST0968,purchase,171.68,mobile
EVT0504558,2026-10-07 23:38:40,CUST0077,view,86.46,api
EVT0503064,2026-10-09 12:57:21,CUST0577,purchase,133.68,api
EVT0502146,2026-10-04 04:06:00,CUST0656,view,194.02,api
EVT0500108,2026-10-02 19:21:00,CUST0612,purchase,39.96,web
EVT0502953,2026-10-09 17:03:22,CUST0466,refund,92.61,api
EVT0503597,2026-10-06 06:47:03,CUST0113,refund,130.89,web
EVT0503732,2026-10-09 00:31:24,CUST0248,purchase,180.84,web
EVT0501155,2026-10-02 18:54:00,CUST0662,signup,27.35,web
EVT0504368,2026-10-08 21:32:54,CUST0884,purchase,16.16,web
EVT0503564,2026-10-09 05:05:09,CUST0080,purchase,118.68,web
EVT0501156,2026-10-05 18:11:00,CUST0663,purchase,27.72,api
EVT0502528,2026-10-02 22:09:00,CUST0041,purchase,135.36,mobile
EVT0501496,2026-10-03 15:41:00,CUST0006,purchase,153.52,mobile
EVT0505402,2026-10-06 10:44:40,CUST0921,view,198.74,mobile
EVT0501283,2026-10-05 04:43:00,CUST0790,signup,74.71,mobile
EVT0500824,2026-10-05 01:21:00,CUST0331,purchase,104.88,mobile
EVT0501281,2026-10-02 09:29:00,CUST0788,refund,73.97,web
EVT0503896,2026-10-06 08:32:50,CUST0412,purchase,41.52,mobile
EVT0502465,2026-10-05 00:55:00,CUST0975,refund,112.05,mobile
EVT0502091,2026-10-04 16:30:00,CUST0601,signup,173.67,web
EVT0503996,2026-10-08 11:12:40,CUST0512,purchase,78.52,web
EVT0502255,2026-10-04 14:50:00,CUST0765,signup,34.35,mobile
EVT0505717,2026-10-09 07:12:19,CUST0239,refund,115.29,mobile
EVT0505439,2026-10-10 03:10:33,CUST0958,signup,12.43,web
EVT0500645,2026-10-02 07:05:00,CUST0152,refund,38.65,web
EVT0502278,2026-10-05 03:09:00,CUST0788,view,42.86,api
EVT0500734,2026-10-05 13:18:00,CUST0241,view,71.58,mobile
EVT0504835,2026-10-07 10:40:37,CUST0354,signup,188.95,mobile
EVT0500434,2026-10-05 15:50:00,CUST0938,view,160.58,mobile
EVT0502652,2026-10-06 21:43:06,CUST0165,purchase,181.24,web
EVT0505976,2026-10-09 15:49:38,CUST0498,purchase,11.12,web
EVT0505098,2026-10-08 05:05:30,CUST0617,view,86.26,api
EVT0505466,2026-10-07 08:29:06,CUST0985,view,22.42,web
EVT0500950,2026-10-02 12:56:00,CUST0457,view,151.50,mobile
EVT0501853,2026-10-05 10:35:00,CUST0363,refund,85.61,mobile
EVT0503311,2026-10-09 16:47:00,CUST0824,signup,25.07,mobile
EVT0501989,2026-10-02 15:05:00,CUST0499,refund,135.93,web
EVT0500380,2026-10-02 17:17:00,CUST0884,purchase,140.60,mobile
EVT0500792,2026-10-03 08:09:00,CUST0299,purchase,93.04,web
EVT0503074,2026-10-07 17:54:45,CUST0587,view,137.38,mobile
EVT0500860,2026-10-03 04:10:00,CUST0367,purchase,118.20,mobile
EVT0505546,2026-10-09 16:04:55,CUST0068,view,52.02,mobile
EVT0502024,2026-10-03 13:20:00,CUST0534,purchase,148.88,mobile
EVT0501924,2026-10-05 06:54:00,CUST0434,purchase,111.88,api
EVT0504813,2026-10-08 17:29:47,CUST0332,refund,180.81,api
EVT0501973,2026-10-03 20:29:00,CUST0483,refund,130.01,mobile
EVT0505774,2026-10-08 19:35:17,CUST0296,view,136.38,mobile
EVT0501626,2026-10-02 05:01:00,CUST0136,view,1.62,web
EVT0503589,2026-10-10 01:04:44,CUST0105,refund,127.93,api
EVT0502458,2026-10-03 07:32:00,CUST0968,view,109.46,api
EVT0501833,2026-10-05 20:21:00,CUST0343,refund,78.21,web
EVT0503786,2026-10-08 17:23:44,CUST0302,view,0.82,web
EVT0503844,2026-10-07 02:03:53,CUST0360,purchase,22.28,api
EVT0500335,2026-10-03 11:44:00,CUST0839,signup,123.95,mobile
EVT0505805,2026-10-06 15:23:44,CUST0327,refund,147.85,web
EVT0502479,2026-10-04 04:01:00,CUST0989,signup,117.23,api
EVT0504966,2026-10-08 05:21:05,CUST0485,view,37.42,api
EVT0503097,2026-10-08 18:50:38,CUST0610,refund,145.89,api
EVT0505344,2026-10-08 20:19:58,CUST0863,purchase,177.28,api
EVT0505979,2026-10-08 14:01:57,CUST0501,signup,12.23,web
EVT0503909,2026-10-09 08:11:03,CUST0425,refund,46.33,web
EVT0501084,2026-10-02 23:11:00,CUST0591,purchase,1.08,api
EVT0500966,2026-10-05 07:44:00,CUST0473,view,157.42,web
EVT0504158,2026-10-07 07:51:32,CUST0674,view,138.46,web
EVT0503319,2026-10-07 16:35:06,CUST0832,signup,28.03,api
EVT0502093,2026-10-03 12:36:00,CUST0603,refund,174.41,mobile
EVT0500162,2026-10-05 05:51:00,CUST0666,view,59.94,web
EVT0503784,2026-10-06 21:32:15,CUST0300,purchase,0.08,api
EVT0501085,2026-10-04 09:32:00,CUST0592,refund,1.45,mobile
EVT0501056,2026-10-04 03:42:00,CUST0563,purchase,190.72,web
EVT0502017,2026-10-03 06:52:00,CUST0527,refund,146.29,api
EVT0501958,2026-10-03 07:36:00,CUST0468,view,124.46,mobile
EVT0501104,2026-10-04 13:32:00,CUST0611,purchase,8.48,web
EVT0505296,2026-10-07 17:57:40,CUST0815,purchase,159.52,api
EVT0504540,2026-10-06 11:19:29,CUST0059,purchase,79.80,api
EVT0502960,2026-10-08 00:15:33,CUST0473,purchase,95.20,mobile
EVT0502053,2026-10-02 12:23:00,CUST0563,refund,159.61,api
EVT0502284,2026-10-04 21:43:00,CUST0794,purchase,45.08,api
EVT0501752,2026-10-02 05:28:00,CUST0262,purchase,48.24,web
EVT0500692,2026-10-02 12:09:00,CUST0199,purchase,56.04,mobile
EVT0500185,2026-10-05 16:47:00,CUST0689,refund,68.45,mobile
EVT0501434,2026-10-05 08:38:00,CUST0941,view,130.58,web
EVT0501531,2026-10-04 17:04:00,CUST0041,signup,166.47,api
EVT0504546,2026-10-09 02:18:10,CUST0065,view,82.02,api
EVT0500758,2026-10-02 08:26:00,CUST0265,view,80.46,mobile
EVT0500461,2026-10-04 09:06:00,CUST0965,refund,170.57,mobile
EVT0500932,2026-10-03 15:08:00,CUST0439,purchase,144.84,mobile
EVT0501040,2026-10-03 03:46:00,CUST0547,purchase,184.80,mobile
EVT0501123,2026-10-05 20:24:00,CUST0630,signup,15.51,api
EVT0500330,2026-10-05 18:35:00,CUST0834,view,122.10,web
EVT0501258,2026-10-05 19:45:00,CUST0765,view,65.46,api
EVT0503066,2026-10-09 12:04:04,CUST0579,view,134.42,web
EVT0502246,2026-10-03 13:34:00,CUST0756,view,31.02,mobile
EVT0501553,2026-10-02 10:34:00,CUST0063,refund,174.61,mobile
EVT0504366,2026-10-07 20:28:09,CUST0882,view,15.42,api
EVT0503177,2026-10-09 18:04:21,CUST0690,refund,175.49,web
EVT0500202,2026-10-03 08:27:00,CUST0706,view,74.74,api
EVT0502133,2026-10-04 05:18:00,CUST0643,refund,189.21,web
EVT0501318,2026-10-05 11:30:00,CUST0825,view,87.66,api
EVT0503585,2026-10-06 13:57:29,CUST0101,refund,126.45,web
EVT0501015,2026-10-04 00:07:00,CUST0522,signup,175.55,api
EVT0502656,2026-10-08 10:09:57,CUST0169,purchase,182.72,api
EVT0503624,2026-10-08 15:06:18,CUST0140,purchase,140.88,web
EVT0504729,2026-10-06 12:43:05,CUST0248,refund,149.73,api
EVT0504816,2026-10-07 08:00:13,CUST0335,purchase,181.92,api
EVT0500496,2026-10-05 03:31:00,CUST0003,purchase,183.52,api
EVT0505662,2026-10-08 00:14:58,CUST0184,view,94.94,api
EVT0503272,2026-10-06 20:01:30,CUST0785,purchase,10.64,mobile
EVT0503650,2026-10-09 14:39:54,CUST0166,view,150.50,mobile
EVT0502067,2026-10-05 15:38:00,CUST0577,signup,164.79,web
EVT0501185,2026-10-04 20:52:00,CUST0692,refund,38.45,web
EVT0504415,2026-10-08 18:47:04,CUST0931,signup,33.55,mobile
EVT0501277,2026-10-02 09:50:00,CUST0784,refund,72.49,mobile
EVT0501175,2026-10-03 11:06:00,CUST0682,signup,34.75,mobile
EVT0503255,2026-10-07 23:43:53,CUST0768,signup,4.35,web
EVT0502520,2026-10-03 04:50:00,CUST0033,purchase,132.40,web
EVT0501624,2026-10-05 23:55:00,CUST0134,purchase,0.88,api
EVT0505399,2026-10-08 02:06:15,CUST0918,signup,197.63,mobile
EVT0502797,2026-10-06 07:47:52,CUST0310,refund,34.89,api
EVT0502547,2026-10-03 13:32:00,CUST0060,signup,142.39,web
EVT0504063,2026-10-10 01:08:16,CUST0579,signup,103.31,api
EVT0502507,2026-10-02 17:11:00,CUST0020,signup,127.59,mobile
EVT0501101,2026-10-03 17:01:00,CUST0608,refund,7.37,web
EVT0500488,2026-10-03 14:23:00,CUST0992,purchase,180.56,mobile
EVT0503414,2026-10-07 06:18:51,CUST0927,view,63.18,web
EVT0500481,2026-10-02 09:06:00,CUST0985,refund,177.97,api
EVT0501313,2026-10-05 09:18:00,CUST0820,refund,85.81,mobile
EVT0500173,2026-10-03 23:49:00,CUST0677,refund,64.01,mobile
EVT0505128,2026-10-07 12:03:04,CUST0647,purchase,97.36,api
EVT0504830,2026-10-09 02:20:22,CUST0349,view,187.10,web
EVT0500243,2026-10-03 19:55:00,CUST0747,signup,89.91,web
EVT0503863,2026-10-09 19:23:19,CUST0379,signup,29.31,mobile
EVT0500148,2026-10-06 02:29:00,CUST0652,purchase,54.76,api
EVT0503413,2026-10-06 09:45:28,CUST0926,refund,62.81,mobile
EVT0501188,2026-10-04 21:46:00,CUST0695,purchase,39.56,web
EVT0505576,2026-10-06 08:13:04,CUST0098,purchase,63.12,mobile
EVT0505055,2026-10-10 03:06:47,CUST0574,signup,70.35,web
EVT0500823,2026-10-04 12:18:00,CUST0330,signup,104.51,api
EVT0501404,2026-10-02 21:18:00,CUST0911,purchase,119.48,web
EVT0505846,2026-10-07 16:40:28,CUST0368,view,163.02,mobile
EVT0502629,2026-10-09 04:37:14,CUST0142,refund,172.73,api
EVT0505033,2026-10-06 05:57:37,CUST0552,refund,62.21,mobile
EVT0503428,2026-10-06 05:50:45,CUST0941,purchase,68.36,mobile
EVT0503865,2026-10-06 10:10:27,CUST0381,refund,30.05,api
EVT0501527,2026-10-02 17:25:00,CUST0037,signup,164.99,web
EVT0502509,2026-10-06 02:01:00,CUST0022,refund,128.33,api
EVT0502123,2026-10-05 20:07:00,CUST0633,signup,185.51,mobile
EVT0500735,2026-10-03 12:52:00,CUST0242,signup,71.95,web
EVT0500249,2026-10-03 03:28:00,CUST0753,refund,92.13,web
EVT0500045,2026-10-02 18:52:00,CUST0549,refund,16.65,web
EVT0503864,2026-10-06 06:48:20,CUST0380,purchase,29.68,web
EVT0501999,2026-10-05 06:28:00,CUST0509,signup,139.63,api
EVT0502942,2026-10-07 03:15:44,CUST0455,view,88.54,mobile
EVT0505185,2026-10-06 23:15:44,CUST0704,refund,118.45,api
EVT0501394,2026-10-02 03:34:00,CUST0901,view,115.78,mobile
EVT0500677,2026-10-03 16:05:00,CUST0184,refund,50.49,mobile
EVT0505661,2026-10-06 15:02:22,CUST0183,refund,94.57,web
EVT0501008,2026-10-05 16:23:00,CUST0515,purchase,172.96,web
EVT0502468,2026-10-04 00:39:00,CUST0978,purchase,113.16,mobile
EVT0503415,2026-10-08 09:08:58,CUST0928,signup,63.55,api
EVT0505681,2026-10-06 14:47:52,CUST0203,refund,101.97,mobile
EVT0501373,2026-10-03 00:53:00,CUST0880,refund,108.01,mobile
EVT0505906,2026-10-06 14:49:52,CUST0428,view,185.22,mobile
EVT0501267,2026-10-04 21:09:00,CUST0774,signup,68.79,api
EVT0500462,2026-10-05 07:09:00,CUST0966,view,170.94,web
EVT0504173,2026-10-10 00:18:07,CUST0689,refund,144.01,web
EVT0501493,2026-10-04 22:34:00,CUST0003,refund,152.41,mobile
EVT0500653,2026-10-02 13:27:00,CUST0160,refund,41.61,mobile
EVT0504310,2026-10-06 10:40:31,CUST0826,view,194.70,mobile
EVT0503978,2026-10-06 11:16:22,CUST0494,view,71.86,web
EVT0505182,2026-10-07 02:46:54,CUST0701,view,117.34,api
EVT0505794,2026-10-07 16:23:31,CUST0316,view,143.78,api
EVT0500558,2026-10-04 18:41:00,CUST0065,view,6.46,web
EVT0500777,2026-10-05 13:54:00,CUST0284,refund,87.49,web
EVT0502020,2026-10-03 04:42:00,CUST0530,purchase,147.40,api
EVT0505153,2026-10-10 03:21:44,CUST0672,refund,106.61,mobile
EVT0505384,2026-10-06 12:33:16,CUST0903,purchase,192.08,mobile
EVT0501046,2026-10-03 01:24:00,CUST0553,view,187.02,mobile
EVT0500457,2026-10-03 16:59:00,CUST0961,refund,169.09,api
EVT0504809,2026-10-06 09:02:17,CUST0328,refund,179.33,web
EVT0503231,2026-10-08 16:23:37,CUST0744,signup,195.47,web
EVT0502972,2026-10-08 05:41:25,CUST0485,purchase,99.64,mobile
EVT0500164,2026-10-02 22:36:00,CUST0668,purchase,60.68,mobile
EVT0505346,2026-10-10 02:54:31,CUST0865,view,178.02,web
EVT0500104,2026-10-04 23:47:00,CUST0608,purchase,38.48,mobile
EVT0500607,2026-10-03 06:27:00,CUST0114,signup,24.59,api
EVT0501824,2026-10-03 14:07:00,CUST0334,purchase,74.88,web
EVT0503724,2026-10-06 13:52:46,CUST0240,purchase,177.88,api
EVT0502034,2026-10-02 23:35:00,CUST0544,view,152.58,web
EVT0502825,2026-10-06 04:26:43,CUST0338,refund,45.25,mobile
EVT0505286,2026-10-07 22:24:30,CUST0805,view,155.82,web
EVT0502529,2026-10-02 12:21:00,CUST0042,refund,135.73,web
EVT0505452,2026-10-06 04:41:44,CUST0971,purchase,17.24,api
EVT0502874,2026-10-06 20:13:02,CUST0387,view,63.38,web
EVT0503051,2026-10-08 00:57:43,CUST0564,signup,128.87,web
EVT0500921,2026-10-03 06:14:00,CUST0428,refund,140.77,web
EVT0503098,2026-10-07 06:19:55,CUST0611,view,146.26,mobile
EVT0505099,2026-10-07 17:13:14,CUST0618,signup,86.63,mobile
EVT0501790,2026-10-05 16:30:00,CUST0300,view,62.30,mobile
EVT0504655,2026-10-06 09:32:47,CUST0174,signup,122.35,mobile
EVT0501266,2026-10-05 00:23:00,CUST0773,view,68.42,web
EVT0504293,2026-10-08 17:56:20,CUST0809,refund,188.41,web
EVT0501983,2026-10-03 01:07:00,CUST0493,signup,133.71,web
EVT0504976,2026-10-08 20:24:05,CUST0495,purchase,41.12,mobile
EVT0502530,2026-10-05 05:31:00,CUST0043,view,136.10,api
EVT0501613,2026-10-02 12:28:00,CUST0123,refund,196.81,mobile
EVT0504869,2026-10-10 02:44:55,CUST0388,refund,1.53,web
EVT0502757,2026-10-08 01:23:50,CUST0270,refund,20.09,web
EVT0505651,2026-10-08 03:27:21,CUST0173,signup,90.87,mobile
EVT0503179,2026-10-06 07:30:00,CUST0692,signup,176.23,mobile
EVT0502910,2026-10-07 21:34:57,CUST0423,view,76.70,web
EVT0501706,2026-10-02 04:23:00,CUST0216,view,31.22,mobile
EVT0500566,2026-10-03 19:58:00,CUST0073,view,9.42,mobile
EVT0505988,2026-10-09 01:08:44,CUST0510,purchase,15.56,web
EVT0502365,2026-10-05 12:31:00,CUST0875,refund,75.05,api
EVT0500343,2026-10-04 11:59:00,CUST0847,signup,126.91,api
EVT0501301,2026-10-02 19:28:00,CUST0808,refund,81.37,mobile
EVT0500383,2026-10-06 01:17:00,CUST0887,signup,141.71,mobile
EVT0501431,2026-10-02 05:17:00,CUST0938,signup,129.47,web
EVT0505095,2026-10-06 06:14:06,CUST0614,signup,85.15,api
EVT0502343,2026-10-02 21:42:00,CUST0853,signup,66.91,web
EVT0505109,2026-10-09 17:39:06,CUST0628,refund,90.33,web
EVT0502961,2026-10-09 06:05:44,CUST0474,refund,95.57,web
EVT0504331,2026-10-07 23:38:40,CUST0847,signup,2.47,mobile
EVT0504609,2026-10-06 05:19:41,CUST0128,refund,105.33,api
EVT0504697,2026-10-09 20:40:23,CUST0216,refund,137.89,mobile
EVT0500024,2026-10-05 17:42:00,CUST0528,purchase,8.88,web
EVT0502307,2026-10-02 16:24:00,CUST0817,signup,53.59,web
EVT0501772,2026-10-02 10:17:00,CUST0282,purchase,55.64,mobile
EVT0500120,2026-10-04 02:26:00,CUST0624,purchase,44.40,web
EVT0503690,2026-10-07 09:12:04,CUST0206,view,165.30,web
EVT0503592,2026-10-08 12:02:33,CUST0108,purchase,129.04,api
EVT0501525,2026-10-04 02:06:00,CUST0035,refund,164.25,api
EVT0502353,2026-10-04 01:13:00,CUST0863,refund,70.61,api
EVT0501091,2026-10-05 22:36:00,CUST0598,signup,3.67,mobile
EVT0502622,2026-10-06 08:54:47,CUST0135,view,170.14,web
EVT0500906,2026-10-04 17:42:00,CUST0413,view,135.22,web
EVT0505443,2026-10-07 19:42:59,CUST0962,signup,13.91,api
EVT0502422,2026-10-04 03:02:00,CUST0932,view,96.14,api
EVT0502725,2026-10-10 01:02:28,CUST0238,refund,8.25,api
EVT0500565,2026-10-02 11:00:00,CUST0072,refund,9.05,api
EVT0504759,2026-10-08 21:46:22,CUST0278,signup,160.83,api
EVT0504422,2026-10-07 20:49:32,CUST0938,view,36.14,web
EVT0500954,2026-10-05 22:59:00,CUST0461,view,152.98,web
EVT0502538,2026-10-04 08:00:00,CUST0051,view,139.06,web
EVT0500651,2026-10-04 17:34:00,CUST0158,signup,40.87,web
EVT0501210,2026-10-03 06:46:00,CUST0717,view,47.70,api
EVT0504926,2026-10-09 16:25:16,CUST0445,view,22.62,web
EVT0501229,2026-10-06 02:42:00,CUST0736,refund,54.73,mobile
EVT0505816,2026-10-07 00:59:29,CUST0338,purchase,151.92,mobile
EVT0501549,2026-10-03 04:30:00,CUST0059,refund,173.13,api
EVT0502602,2026-10-06 17:40:20,CUST0115,view,162.74,api
EVT0504464,2026-10-07 04:03:15,CUST0980,purchase,51.68,web
EVT0505834,2026-10-07 11:08:42,CUST0356,view,158.58,mobile
EVT0504309,2026-10-08 08:53:28,CUST0825,refund,194.33,api
EVT0504804,2026-10-08 16:51:13,CUST0323,purchase,177.48,api
EVT0504136,2026-10-08 13:48:25,CUST0652,purchase,130.32,mobile
EVT0500147,2026-10-05 21:20:00,CUST0651,signup,54.39,web
EVT0505323,2026-10-09 07:40:49,CUST0842,signup,169.51,api
EVT0505928,2026-10-09 20:31:57,CUST0450,purchase,193.36,web
EVT0500773,2026-10-03 20:01:00,CUST0280,refund,86.01,mobile
EVT0504215,2026-10-07 07:54:51,CUST0731,signup,159.55,web
EVT0505930,2026-10-06 17:04:11,CUST0452,view,194.10,mobile
EVT0500410,2026-10-03 02:56:00,CUST0914,view,151.70,mobile
EVT0504212,2026-10-06 13:20:11,CUST0728,purchase,158.44,web
EVT0500451,2026-10-02 05:43:00,CUST0955,signup,166.87,api
EVT0503146,2026-10-08 18:56:41,CUST0659,view,164.02,mobile
EVT0500572,2026-10-02 19:45:00,CUST0079,purchase,11.64,mobile
EVT0500230,2026-10-06 03:20:00,CUST0734,view,85.10,mobile
EVT0501180,2026-10-04 03:42:00,CUST0687,purchase,36.60,api
EVT0503132,2026-10-09 01:19:27,CUST0645,purchase,158.84,web
EVT0502039,2026-10-05 03:56:00,CUST0549,signup,154.43,mobile
EVT0504033,2026-10-09 21:46:36,CUST0549,refund,92.21,api
EVT0500463,2026-10-03 17:52:00,CUST0967,signup,171.31,api
EVT0500829,2026-10-04 03:23:00,CUST0336,refund,106.73,api
EVT0501545,2026-10-02 21:33:00,CUST0055,refund,171.65,web
EVT0505500,2026-10-08 23:34:06,CUST0022,purchase,35.00,api
EVT0504569,2026-10-08 23:50:07,CUST0088,refund,90.53,web
EVT0502879,2026-10-09 21:00:10,CUST0392,signup,65.23,mobile
EVT0501585,2026-10-02 10:57:00,CUST0095,refund,186.45,api
EVT0501814,2026-10-05 16:46:00,CUST0324,view,71.18,mobile
EVT0504072,2026-10-07 07:05:44,CUST0588,purchase,106.64,api
EVT0501477,2026-10-05 04:00:00,CUST0984,refund,146.49,api
EVT0502561,2026-10-05 14:16:00,CUST0074,refund,147.57,mobile
EVT0501567,2026-10-05 14:03:00,CUST0077,signup,179.79,api
EVT0501348,2026-10-03 18:08:00,CUST0855,purchase,98.76,api
EVT0504196,2026-10-08 08:54:10,CUST0712,purchase,152.52,mobile
EVT0502697,2026-10-09 16:35:53,CUST0210,refund,197.89,web
EVT0501903,2026-10-02 14:21:00,CUST0413,signup,104.11,api
EVT0505214,2026-10-08 18:47:08,CUST0733,view,129.18,web
EVT0501769,2026-10-04 00:42:00,CUST0279,refund,54.53,mobile
EVT0503601,2026-10-08 00:59:28,CUST0117,refund,132.37,api
EVT0504582,2026-10-07 20:55:16,CUST0101,view,95.34,api
EVT0502397,2026-10-04 19:28:00,CUST0907,refund,86.89,web
EVT0501552,2026-10-04 15:02:00,CUST0062,purchase,174.24,api
EVT0500808,2026-10-04 16:17:00,CUST0315,purchase,98.96,api
EVT0500035,2026-10-02 05:55:00,CUST0539,signup,12.95,mobile
EVT0501145,2026-10-03 13:29:00,CUST0652,refund,23.65,mobile
EVT0505310,2026-10-06 04:39:12,CUST0829,view,164.70,web
EVT0503142,2026-10-06 14:59:46,CUST0655,view,162.54,api
EVT0505817,2026-10-08 10:39:59,CUST0339,refund,152.29,web
EVT0504573,2026-10-08 16:30:17,CUST0092,refund,92.01,api
EVT0500821,2026-10-03 03:52:00,CUST0328,refund,103.77,mobile
EVT0504629,2026-10-07 10:27:36,CUST0148,refund,112.73,web
EVT0503539,2026-10-08 14:11:12,CUST0055,signup,109.43,mobile
EVT0503052,2026-10-09 00:01:53,CUST0565,purchase,129.24,api
EVT0504002,2026-10-09 17:41:00,CUST0518,view,80.74,web
EVT0505459,2026-10-07 11:49:41,CUST0978,signup,19.83,mobile
EVT0503919,2026-10-06 12:10:40,CUST0435,signup,50.03,api
EVT0505487,2026-10-07 15:45:11,CUST0009,signup,30.19,web
EVT0504682,2026-10-06 05:36:39,CUST0201,view,132.34,mobile
EVT0503735,2026-10-06 06:48:53,CUST0251,signup,181.95,web
EVT0503442,2026-10-06 07:39:59,CUST0955,view,73.54,api
EVT0503190,2026-10-10 02:59:44,CUST0703,view,180.30,api
EVT0505340,2026-10-08 08:02:14,CUST0859,purchase,175.80,web
EVT0503189,2026-10-09 03:26:16,CUST0702,refund,179.93,web
EVT0501935,2026-10-04 07:51:00,CUST0445,signup,115.95,web
EVT0505688,2026-10-08 07:51:01,CUST0210,purchase,104.56,web
EVT0505527,2026-10-09 04:00:12,CUST0049,signup,44.99,api
EVT0503252,2026-10-09 12:59:25,CUST0765,purchase,3.24,web
EVT0501407,2026-10-04 11:36:00,CUST0914,signup,120.59,web
EVT0502437,2026-10-03 12:42:00,CUST0947,refund,101.69,api
EVT0503185,2026-10-06 14:20:17,CUST0698,refund,178.45,mobile
EVT0500504,2026-10-02 17:27:00,CUST0011,purchase,186.48,web
EVT0503293,2026-10-08 04:03:53,CUST0806,refund,18.41,mobile
EVT0504928,2026-10-09 18:53:31,CUST0447,purchase,23.36,mobile
EVT0505318,2026-10-09 07:56:48,CUST0837,view,167.66,mobile
EVT0502786,2026-10-06 13:34:50,CUST0299,view,30.82,mobile
EVT0503983,2026-10-07 13:47:41,CUST0499,signup,73.71,mobile
EVT0502259,2026-10-05 01:26:00,CUST0769,signup,35.83,web
EVT0503245,2026-10-09 18:20:03,CUST0758,refund,0.65,mobile
EVT0504448,2026-10-10 01:01:15,CUST0964,purchase,45.76,mobile
EVT0503882,2026-10-07 02:34:51,CUST0398,view,36.34,web
EVT0503891,2026-10-09 05:10:31,CUST0407,signup,39.67,web
EVT0505966,2026-10-09 09:00:45,CUST0488,view,7.42,mobile
EVT0501049,2026-10-04 16:18:00,CUST0556,refund,188.13,mobile
EVT0500388,2026-10-04 07:30:00,CUST0892,purchase,143.56,api
EVT0500168,2026-10-05 17:13:00,CUST0672,purchase,62.16,web
EVT0504245,2026-10-09 11:35:47,CUST0761,refund,170.65,web
EVT0502558,2026-10-05 07:33:00,CUST0071,view,146.46,mobile
EVT0502121,2026-10-05 20:19:00,CUST0631,refund,184.77,web
EVT0502360,2026-10-03 09:09:00,CUST0870,purchase,73.20,mobile
EVT0501864,2026-10-04 13:28:00,CUST0374,purchase,89.68,api
EVT0500592,2026-10-05 18:19:00,CUST0099,purchase,19.04,api
EVT0503271,2026-10-07 13:43:03,CUST0784,signup,10.27,api
EVT0505278,2026-10-07 02:35:09,CUST0797,view,152.86,api
EVT0500322,2026-10-04 06:36:00,CUST0826,view,119.14,api
EVT0503730,2026-10-06 22:43:29,CUST0246,view,180.10,api
EVT0502010,2026-10-02 11:44:00,CUST0520,view,143.70,web
EVT0502485,2026-10-04 02:21:00,CUST0995,refund,119.45,api
EVT0501881,2026-10-04 13:30:00,CUST0391,refund,95.97,web
EVT0504231,2026-10-09 04:19:30,CUST0747,signup,165.47,api
EVT0500810,2026-10-02 05:28:00,CUST0317,view,99.70,web
EVT0500314,2026-10-04 17:31:00,CUST0818,view,116.18,mobile
EVT0505206,2026-10-09 08:53:17,CUST0725,view,126.22,api
EVT0504004,2026-10-06 21:26:46,CUST0520,purchase,81.48,mobile
EVT0501421,2026-10-03 14:53:00,CUST0928,refund,125.77,mobile
EVT0503459,2026-10-08 09:06:21,CUST0972,signup,79.83,web
EVT0503570,2026-10-06 22:59:55,CUST0086,view,120.90,web
EVT0500274,2026-10-02 04:46:00,CUST0778,view,101.38,api
EVT0500779,2026-10-05 18:24:00,CUST0286,signup,88.23,mobile
EVT0500998,2026-10-04 11:58:00,CUST0505,view,169.26,mobile
EVT0505806,2026-10-09 09:09:08,CUST0328,view,148.22,api
EVT0503266,2026-10-09 11:25:54,CUST0779,view,8.42,mobile
EVT0501116,2026-10-02 07:23:00,CUST0623,purchase,12.92,web
EVT0501635,2026-10-05 18:38:00,CUST0145,signup,4.95,web
EVT0501571,2026-10-05 08:41:00,CUST0081,signup,181.27,mobile
EVT0504791,2026-10-06 23:47:02,CUST0310,signup,172.67,web
EVT0505901,2026-10-09 08:47:24,CUST0423,refund,183.37,web
EVT0501590,2026-10-04 07:40:00,CUST0100,view,188.30,web
EVT0501949,2026-10-02 12:42:00,CUST0459,refund,121.13,mobile
EVT0501822,2026-10-03 11:34:00,CUST0332,view,74.14,api
EVT0505052,2026-10-07 07:04:17,CUST0571,purchase,69.24,web
EVT0500167,2026-10-02 17:41:00,CUST0671,signup,61.79,mobile
EVT0504120,2026-10-09 20:28:26,CUST0636,purchase,124.40,api
EVT0502136,2026-10-02 14:54:00,CUST0646,purchase,190.32,web
EVT0504312,2026-10-08 20:53:11,CUST0828,purchase,195.44,api
EVT0500696,2026-10-03 22:06:00,CUST0203,purchase,57.52,web
EVT0501878,2026-10-04 22:57:00,CUST0388,view,94.86,web
EVT0503608,2026-10-06 11:59:31,CUST0124,purchase,134.96,mobile
EVT0502425,2026-10-02 19:05:00,CUST0935,refund,97.25,api
EVT0500654,2026-10-05 23:38:00,CUST0161,view,41.98,web
EVT0503430,2026-10-09 17:58:01,CUST0943,view,69.10,api
EVT0503256,2026-10-06 06:23:37,CUST0769,purchase,4.72,api
EVT0501012,2026-10-03 09:55:00,CUST0519,purchase,174.44,api
EVT0500447,2026-10-05 00:16:00,CUST0951,signup,165.39,web
EVT0502771,2026-10-09 18:59:52,CUST0284,signup,25.27,mobile
EVT0505751,2026-10-07 23:15:10,CUST0273,signup,127.87,web
EVT0501214,2026-10-02 11:56:00,CUST0721,view,49.18,mobile
EVT0502163,2026-10-02 16:32:00,CUST0673,signup,0.31,web
EVT0504746,2026-10-07 10:38:45,CUST0265,view,156.02,web
EVT0502536,2026-10-04 23:07:00,CUST0049,purchase,138.32,api
EVT0504091,2026-10-09 06:25:49,CUST0607,signup,113.67,mobile
EVT0502174,2026-10-04 21:42:00,CUST0684,view,4.38,mobile
EVT0502812,2026-10-10 00:29:24,CUST0325,purchase,40.44,api
EVT0504958,2026-10-07 02:26:54,CUST0477,view,34.46,mobile
EVT0500468,2026-10-03 00:36:00,CUST0972,purchase,173.16,web
EVT0502054,2026-10-02 08:48:00,CUST0564,view,159.98,mobile
EVT0504391,2026-10-08 19:31:45,CUST0907,signup,24.67,mobile
EVT0504993,2026-10-07 08:30:40,CUST0512,refund,47.41,api
EVT0502614,2026-10-09 08:27:01,CUST0127,view,167.18,api
EVT0503005,2026-10-07 08:15:44,CUST0518,refund,111.85,mobile
EVT0504168,2026-10-07 09:19:10,CUST0684,purchase,142.16,api
EVT0501523,2026-10-05 16:15:00,CUST0033,signup,163.51,mobile
EVT0500820,2026-10-05 13:26:00,CUST0327,purchase,103.40,api
EVT0502220,2026-10-05 23:41:00,CUST0730,purchase,21.40,web
EVT0501906,2026-10-04 22:56:00,CUST0416,view,105.22,api
EVT0500898,2026-10-05 12:01:00,CUST0405,view,132.26,api
EVT0503330,2026-10-07 13:54:39,CUST0843,view,32.10,web
EVT0502014,2026-10-05 06:44:00,CUST0524,view,145.18,api
EVT0502016,2026-10-03 04:29:00,CUST0526,purchase,145.92,web
EVT0505295,2026-10-09 18:28:02,CUST0814,signup,159.15,web
EVT0504043,2026-10-07 05:15:53,CUST0559,signup,95.91,mobile
EVT0502760,2026-10-07 19:23:58,CUST0273,purchase,21.20,web
EVT0505396,2026-10-07 05:50:13,CUST0915,purchase,196.52,mobile
EVT0502008,2026-10-04 16:30:00,CUST0518,purchase,142.96,api
EVT0502643,2026-10-08 08:35:29,CUST0156,signup,177.91,web
EVT0503749,2026-10-08 16:30:43,CUST0265,refund,187.13,mobile
EVT0504601,2026-10-09 09:21:50,CUST0120,refund,102.37,mobile
EVT0501166,2026-10-02 13:38:00,CUST0673,view,31.42,mobile
EVT0502402,2026-10-05 03:06:00,CUST0912,view,88.74,mobile
EVT0501044,2026-10-02 17:01:00,CUST0551,purchase,186.28,web
EVT0502911,2026-10-08 04:59:13,CUST0424,signup,77.07,api
EVT0505377,2026-10-07 18:27:53,CUST0896,refund,189.49,api
EVT0500845,2026-10-05 03:58:00,CUST0352,refund,112.65,mobile
EVT0503622,2026-10-09 11:28:23,CUST0138,view,140.14,api
EVT0502377,2026-10-02 21:50:00,CUST0887,refund,79.49,api
EVT0501572,2026-10-05 11:13:00,CUST0082,purchase,181.64,web
EVT0504741,2026-10-06 11:53:03,CUST0260,refund,154.17,api
EVT0505524,2026-10-09 17:18:39,CUST0046,purchase,43.88,api
EVT0505986,2026-10-08 20:11:18,CUST0508,view,14.82,api
EVT0505639,2026-10-06 23:27:56,CUST0161,signup,86.43,mobile
EVT0504435,2026-10-10 01:26:47,CUST0951,signup,40.95,api
EVT0500905,2026-10-03 09:05:00,CUST0412,refund,134.85,mobile
EVT0500519,2026-10-05 02:18:00,CUST0026,signup,192.03,web
EVT0504498,2026-10-09 08:08:16,CUST0017,view,64.26,api
EVT0500057,2026-10-03 15:54:00,CUST0561,refund,21.09,web
EVT0500352,2026-10-03 07:17:00,CUST0856,purchase,130.24,api
EVT0505609,2026-10-07 01:20:28,CUST0131,refund,75.33,mobile
EVT0504161,2026-10-06 17:16:06,CUST0677,refund,139.57,web
EVT0502747,2026-10-08 17:47:42,CUST0260,signup,16.39,mobile
EVT0500671,2026-10-02 18:09:00,CUST0178,signup,48.27,mobile
EVT0504626,2026-10-08 19:38:04,CUST0145,view,111.62,web
EVT0501770,2026-10-02 18:36:00,CUST0280,view,54.90,web
EVT0504347,2026-10-06 06:18:07,CUST0863,signup,8.39,web
EVT0501605,2026-10-04 13:52:00,CUST0115,refund,193.85,web
EVT0502615,2026-10-08 17:38:43,CUST0128,signup,167.55,mobile
EVT0504900,2026-10-09 02:27:33,CUST0419,purchase,13.00,api
EVT0505417,2026-10-08 13:30:38,CUST0936,refund,4.29,mobile
EVT0505085,2026-10-09 19:34:23,CUST0604,refund,81.45,web
EVT0500170,2026-10-03 11:36:00,CUST0674,view,62.90,mobile
EVT0504508,2026-10-06 16:04:01,CUST0027,purchase,67.96,mobile
EVT0501797,2026-10-04 09:12:00,CUST0307,refund,64.89,web
EVT0504883,2026-10-06 04:35:18,CUST0402,signup,6.71,mobile
EVT0503984,2026-10-08 20:29:09,CUST0500,purchase,74.08,web
EVT0503794,2026-10-06 21:46:55,CUST0310,view,3.78,mobile
EVT0503535,2026-10-08 15:39:09,CUST0051,signup,107.95,api
EVT0502268,2026-10-04 20:55:00,CUST0778,purchase,39.16,web
EVT0505841,2026-10-08 00:25:21,CUST0363,refund,161.17,web
EVT0502992,2026-10-07 04:28:36,CUST0505,purchase,107.04,api
EVT0503636,2026-10-06 20:23:17,CUST0152,purchase,145.32,web
EVT0502525,2026-10-03 10:14:00,CUST0038,refund,134.25,mobile
EVT0502315,2026-10-02 18:27:00,CUST0825,signup,56.55,mobile
EVT0500297,2026-10-05 03:17:00,CUST0801,refund,109.89,web
EVT0500613,2026-10-02 11:18:00,CUST0120,refund,26.81,api
EVT0501759,2026-10-05 11:48:00,CUST0269,signup,50.83,api
EVT0501376,2026-10-03 11:54:00,CUST0883,purchase,109.12,mobile
EVT0503781,2026-10-09 18:30:34,CUST0297,refund,198.97,api
EVT0501788,2026-10-05 21:58:00,CUST0298,purchase,61.56,web
EVT0505554,2026-10-06 13:58:45,CUST0076,view,54.98,api
EVT0501773,2026-10-04 15:23:00,CUST0283,refund,56.01,web
EVT0500341,2026-10-03 22:27:00,CUST0845,refund,126.17,mobile
EVT0501509,2026-10-03 00:41:00,CUST0019,refund,158.33,web
EVT0502970,2026-10-06 17:06:10,CUST0483,view,98.90,web
EVT0505365,2026-10-09 08:21:13,CUST0884,refund,185.05,api
EVT0500329,2026-10-02 08:22:00,CUST0833,refund,121.73,mobile
EVT0503002,2026-10-09 08:09:04,CUST0515,view,110.74,mobile
EVT0500589,2026-10-05 00:16:00,CUST0096,refund,17.93,api
EVT0504292,2026-10-08 01:03:50,CUST0808,purchase,188.04,mobile
EVT0504972,2026-10-06 10:18:54,CUST0491,purchase,39.64,api
EVT0505282,2026-10-09 21:19:05,CUST0801,view,154.34,mobile
EVT0503776,2026-10-07 17:55:22,CUST0292,purchase,197.12,mobile
EVT0505111,2026-10-06 10:54:34,CUST0630,signup,91.07,mobile
EVT0503763,2026-10-07 15:10:20,CUST0279,signup,192.31,api
EVT0500187,2026-10-02 05:20:00,CUST0691,signup,69.19,api
EVT0503301,2026-10-08 17:57:49,CUST0814,refund,21.37,api
EVT0505408,2026-10-08 19:18:13,CUST0927,purchase,0.96,mobile
EVT0500334,2026-10-02 11:25:00,CUST0838,view,123.58,api
EVT0501498,2026-10-05 07:11:00,CUST0008,view,154.26,api
EVT0501401,2026-10-03 00:14:00,CUST0908,refund,118.37,web
EVT0500762,2026-10-04 22:11:00,CUST0269,view,81.94,web
EVT0501633,2026-10-04 19:37:00,CUST0143,refund,4.21,api
EVT0500106,2026-10-05 10:56:00,CUST0610,view,39.22,api
EVT0504903,2026-10-08 19:48:09,CUST0422,signup,14.11,api
EVT0502199,2026-10-03 15:20:00,CUST0709,signup,13.63,web
EVT0500325,2026-10-04 08:16:00,CUST0829,refund,120.25,api
EVT0505304,2026-10-08 00:28:55,CUST0823,purchase,162.48,web
EVT0502738,2026-10-06 05:01:57,CUST0251,view,13.06,mobile
EVT0504820,2026-10-08 18:13:14,CUST0339,purchase,183.40,mobile
EVT0504248,2026-10-08 18:53:02,CUST0764,purchase,171.76,web
EVT0503423,2026-10-08 20:52:27,CUST0936,signup,66.51,web
EVT0505758,2026-10-06 08:25:03,CUST0280,view,130.46,api
EVT0504052,2026-10-07 04:00:12,CUST0568,purchase,99.24,mobile
EVT0504617,2026-10-08 11:29:35,CUST0136,refund,108.29,web
EVT0504916,2026-10-06 12:41:34,CUST0435,purchase,18.92,mobile
EVT0503612,2026-10-08 09:58:30,CUST0128,purchase,136.44,web
EVT0500890,2026-10-03 02:37:00,CUST0397,view,129.30,mobile
EVT0502880,2026-10-08 08:51:34,CUST0393,purchase,65.60,web
EVT0503993,2026-10-08 14:03:53,CUST0509,refund,77.41,web
EVT0501391,2026-10-04 05:18:00,CUST0898,signup,114.67,mobile
EVT0500529,2026-10-03 01:33:00,CUST0036,refund,195.73,api
EVT0502026,2026-10-03 17:43:00,CUST0536,view,149.62,api
EVT0502612,2026-10-09 01:52:30,CUST0125,purchase,166.44,mobile
EVT0504465,2026-10-06 22:53:07,CUST0981,refund,52.05,api
EVT0504413,2026-10-09 08:30:14,CUST0929,refund,32.81,web
EVT0501690,2026-10-04 06:00:00,CUST0200,view,25.30,api
EVT0504851,2026-10-09 20:36:08,CUST0370,signup,194.87,web
EVT0500660,2026-10-02 03:45:00,CUST0167,purchase,44.20,web
EVT0500351,2026-10-04 11:53:00,CUST0855,signup,129.87,web
EVT0505775,2026-10-08 11:10:34,CUST0297,signup,136.75,web
EVT0500424,2026-10-03 20:48:00,CUST0928,purchase,156.88,api
EVT0501980,2026-10-06 01:37:00,CUST0490,purchase,132.60,web
EVT0504192,2026-10-08 06:10:18,CUST0708,purchase,151.04,api
EVT0501858,2026-10-05 20:08:00,CUST0368,view,87.46,api
EVT0504087,2026-10-07 06:49:46,CUST0603,signup,112.19,api
EVT0500722,2026-10-02 22:41:00,CUST0229,view,67.14,mobile
EVT0505796,2026-10-06 21:43:32,CUST0318,purchase,144.52,web
EVT0502835,2026-10-07 02:31:54,CUST0348,signup,48.95,web
EVT0500262,2026-10-03 23:06:00,CUST0766,view,96.94,api
EVT0501779,2026-10-02 09:28:00,CUST0289,signup,58.23,web
EVT0504214,2026-10-08 15:56:22,CUST0730,view,159.18,mobile
EVT0505669,2026-10-09 21:38:27,CUST0191,refund,97.53,mobile
EVT0502996,2026-10-08 22:38:17,CUST0509,purchase,108.52,mobile
EVT0503656,2026-10-06 11:12:57,CUST0172,purchase,152.72,mobile
EVT0505764,2026-10-07 06:57:49,CUST0286,purchase,132.68,api
EVT0505719,2026-10-08 21:17:06,CUST0241,signup,116.03,api
EVT0502887,2026-10-08 05:25:21,CUST0400,signup,68.19,api
EVT0503348,2026-10-08 11:04:45,CUST0861,purchase,38.76,web
EVT0501233,2026-10-03 22:42:00,CUST0740,refund,56.21,web
EVT0504242,2026-10-09 10:14:04,CUST0758,view,169.54,web
EVT0504457,2026-10-09 21:03:38,CUST0973,refund,49.09,mobile
EVT0503900,2026-10-06 05:19:58,CUST0416,purchase,43.00,web
EVT0502843,2026-10-06 18:35:23,CUST0356,signup,51.91,mobile
EVT0501559,2026-10-03 18:37:00,CUST0069,signup,176.83,mobile
EVT0503804,2026-10-08 22:30:40,CUST0320,purchase,7.48,web
EVT0504297,2026-10-07 12:58:11,CUST0813,refund,189.89,api
EVT0502882,2026-10-07 22:51:49,CUST0395,view,66.34,mobile
EVT0505606,2026-10-10 00:27:09,CUST0128,view,74.22,mobile
EVT0501507,2026-10-02 05:29:00,CUST0017,signup,157.59,api
EVT0505951,2026-10-07 11:23:06,CUST0473,signup,1.87,mobile
EVT0500270,2026-10-04 13:02:00,CUST0774,view,99.90,web
EVT0505224,2026-10-07 06:55:30,CUST0743,purchase,132.88,api
EVT0500389,2026-10-03 13:16:00,CUST0893,refund,143.93,mobile
EVT0504244,2026-10-09 15:40:33,CUST0760,purchase,170.28,mobile
EVT0505763,2026-10-08 06:46:41,CUST0285,signup,132.31,web
EVT0505941,2026-10-10 01:04:09,CUST0463,refund,198.17,api
EVT0501143,2026-10-05 19:16:00,CUST0650,signup,22.91,web
EVT0503615,2026-10-06 23:22:42,CUST0131,signup,137.55,web
EVT0501795,2026-10-06 03:27:00,CUST0305,signup,64.15,api
EVT0500140,2026-10-03 04:15:00,CUST0644,purchase,51.80,mobile
EVT0502048,2026-10-05 02:34:00,CUST0558,purchase,157.76,mobile
EVT0504450,2026-10-09 17:38:20,CUST0966,view,46.50,api
EVT0500963,2026-10-05 22:49:00,CUST0470,signup,156.31,web
EVT0504385,2026-10-07 00:04:39,CUST0901,refund,22.45,mobile
EVT0504732,2026-10-08 01:36:51,CUST0251,purchase,150.84,api
EVT0503107,2026-10-06 07:47:47,CUST0620,signup,149.59,mobile
EVT0503309,2026-10-07 16:44:28,CUST0822,refund,24.33,web
EVT0501979,2026-10-05 15:25:00,CUST0489,signup,132.23,mobile
EVT0500520,2026-10-05 20:58:00,CUST0027,purchase,192.40,api
EVT0504388,2026-10-08 06:53:47,CUST0904,purchase,23.56,mobile
EVT0504489,2026-10-07 08:19:11,CUST0008,refund,60.93,api
EVT0503667,2026-10-08 04:24:27,CUST0183,signup,156.79,api
EVT0503815,2026-10-08 05:47:21,CUST0331,signup,11.55,mobile
EVT0503569,2026-10-07 15:54:29,CUST0085,refund,120.53,mobile
EVT0500647,2026-10-04 16:07:00,CUST0154,signup,39.39,mobile
EVT0502597,2026-10-04 08:10:00,CUST0110,refund,160.89,mobile
EVT0505411,2026-10-06 07:15:37,CUST0930,signup,2.07,mobile
EVT0504104,2026-10-08 20:24:39,CUST0620,purchase,118.48,web
EVT0500116,2026-10-06 03:21:00,CUST0620,purchase,42.92,mobile
EVT0505426,2026-10-08 19:20:16,CUST0945,view,7.62,mobile
EVT0501787,2026-10-04 19:36:00,CUST0297,signup,61.19,mobile
EVT0500693,2026-10-03 04:59:00,CUST0200,refund,56.41,web
EVT0504862,2026-10-08 15:53:54,CUST0381,view,198.94,mobile
EVT0501253,2026-10-05 06:07:00,CUST0760,refund,63.61,mobile
EVT0500193,2026-10-05 20:34:00,CUST0697,refund,71.41,api
EVT0503006,2026-10-09 01:00:22,CUST0519,view,112.22,web
EVT0500886,2026-10-04 10:56:00,CUST0393,view,127.82,api
EVT0501331,2026-10-03 20:58:00,CUST0838,signup,92.47,mobile
EVT0502209,2026-10-05 17:59:00,CUST0719,refund,17.33,api
EVT0503096,2026-10-06 07:40:09,CUST0609,purchase,145.52,web
EVT0502154,2026-10-04 01:51:00,CUST0664,view,196.98,web
EVT0502029,2026-10-05 06:31:00,CUST0539,refund,150.73,api
EVT0504906,2026-10-07 20:48:14,CUST0425,view,15.22,api
EVT0504685,2026-10-07 13:12:25,CUST0204,refund,133.45,mobile
EVT0505678,2026-10-07 13:07:27,CUST0200,view,100.86,mobile
EVT0503016,2026-10-07 14:15:08,CUST0529,purchase,115.92,api
EVT0501372,2026-10-03 16:43:00,CUST0879,purchase,107.64,api
EVT0500008,2026-10-03 11:39:00,CUST0512,purchase,2.96,mobile
EVT0503214,2026-10-08 18:49:08,CUST0727,view,189.18,api
EVT0503528,2026-10-06 05:47:26,CUST0044,purchase,105.36,web
EVT0502895,2026-10-07 23:48:37,CUST0408,signup,71.15,web
EVT0502023,2026-10-02 22:27:00,CUST0533,signup,148.51,api
EVT0505750,2026-10-06 09:17:45,CUST0272,view,127.50,mobile
EVT0501832,2026-10-04 10:28:00,CUST0342,purchase,77.84,mobile
EVT0504074,2026-10-10 02:29:49,CUST0590,view,107.38,web
EVT0501374,2026-10-05 19:27:00,CUST0881,view,108.38,web
EVT0503119,2026-10-06 13:25:32,CUST0632,signup,154.03,mobile
EVT0501990,2026-10-03 10:40:00,CUST0500,view,136.30,api
EVT0502808,2026-10-08 16:35:12,CUST0321,purchase,38.96,web
EVT0502198,2026-10-02 04:45:00,CUST0708,view,13.26,mobile
EVT0500002,2026-10-03 19:23:00,CUST0506,view,0.74,mobile
EVT0501471,2026-10-03 05:07:00,CUST0978,signup,144.27,api
EVT0501551,2026-10-05 18:00:00,CUST0061,signup,173.87,web
EVT0500900,2026-10-02 15:54:00,CUST0407,purchase,133.00,web
EVT0505874,2026-10-07 21:46:34,CUST0396,view,173.38,web
EVT0500132,2026-10-05 04:04:00,CUST0636,purchase,48.84,web
EVT0502391,2026-10-02 20:24:00,CUST0901,signup,84.67,web
EVT0500788,2026-10-05 02:26:00,CUST0295,purchase,91.56,mobile
EVT0504304,2026-10-07 16:37:20,CUST0820,purchase,192.48,mobile
EVT0500357,2026-10-05 15:26:00,CUST0861,refund,132.09,web
EVT0501921,2026-10-03 16:24:00,CUST0431,refund,110.77,api
EVT0500681,2026-10-05 11:15:00,CUST0188,refund,51.97,web
EVT0501139,2026-10-05 15:01:00,CUST0646,signup,21.43,mobile
EVT0504515,2026-10-08 03:04:18,CUST0034,signup,70.55,web
EVT0501715,2026-10-03 10:37:00,CUST0225,signup,34.55,mobile
EVT0504874,2026-10-06 14:48:39,CUST0393,view,3.38,mobile
EVT0503124,2026-10-07 11:37:21,CUST0637,purchase,155.88,api
EVT0501432,2026-10-06 02:12:00,CUST0939,purchase,129.84,api
EVT0500288,2026-10-03 03:21:00,CUST0792,purchase,106.56,web
EVT0500166,2026-10-02 13:45:00,CUST0670,view,61.42,api
EVT0502413,2026-10-04 04:37:00,CUST0923,refund,92.81,api
EVT0501326,2026-10-04 22:39:00,CUST0833,view,90.62,web
EVT0501895,2026-10-05 01:09:00,CUST0405,signup,101.15,mobile
EVT0501515,2026-10-04 02:46:00,CUST0025,signup,160.55,web
EVT0503635,2026-10-07 20:20:04,CUST0151,signup,144.95,mobile
EVT0505322,2026-10-07 08:06:35,CUST0841,view,169.14,web
EVT0505227,2026-10-06 07:44:03,CUST0746,signup,133.99,api
EVT0503057,2026-10-09 01:05:15,CUST0570,refund,131.09,web
EVT0501928,2026-10-04 15:57:00,CUST0438,purchase,113.36,mobile
EVT0505689,2026-10-09 19:58:50,CUST0211,refund,104.93,api
EVT0505389,2026-10-07 00:15:49,CUST0908,refund,193.93,api
EVT0501384,2026-10-04 09:10:00,CUST0891,purchase,112.08,api
EVT0500397,2026-10-04 23:18:00,CUST0901,refund,146.89,api
EVT0500658,2026-10-02 10:37:00,CUST0165,view,43.46,api
EVT0590001,,CUST0775,refund,100.37,api
EVT0504050,2026-10-08 01:54:14,CUST0566,view,98.50,web
EVT0503281,2026-10-08 12:00:43,CUST0794,refund,13.97,mobile
EVT0502099,2026-10-04 12:56:00,CUST0609,signup,176.63,mobile
EVT0501614,2026-10-02 05:09:00,CUST0124,view,197.18,web
EVT0501755,2026-10-05 01:30:00,CUST0265,signup,49.35,web
EVT0505468,2026-10-09 06:38:52,CUST0987,purchase,23.16,mobile
EVT0501329,2026-10-05 21:27:00,CUST0836,refund,91.73,web
EVT0505254,2026-10-07 09:40:48,CUST0773,view,143.98,api
EVT0502395,2026-10-04 07:50:00,CUST0905,signup,86.15,api
EVT0502779,2026-10-08 05:19:59,CUST0292,signup,28.23,api
EVT0501079,2026-10-02 08:46:00,CUST0586,signup,199.23,mobile
EVT0505458,2026-10-08 23:08:04,CUST0977,view,19.46,api
EVT0503620,2026-10-06 07:47:36,CUST0136,purchase,139.40,mobile
EVT0500782,2026-10-04 03:52:00,CUST0289,view,89.34,mobile
EVT0501439,2026-10-03 21:47:00,CUST0946,signup,132.43,mobile
EVT0505561,2026-10-09 13:28:34,CUST0083,refund,57.57,mobile
EVT0505440,2026-10-06 07:28:22,CUST0959,purchase,12.80,api
EVT0500494,2026-10-03 17:05:00,CUST0001,view,182.78,mobile
EVT0503121,2026-10-08 20:07:04,CUST0634,refund,154.77,api
EVT0504169,2026-10-09 08:57:17,CUST0685,refund,142.53,mobile
EVT0501062,2026-10-03 21:56:00,CUST0569,view,192.94,web
EVT0501464,2026-10-04 18:07:00,CUST0971,purchase,141.68,web
EVT0500220,2026-10-03 04:01:00,CUST0724,purchase,81.40,api
EVT0500978,2026-10-04 14:55:00,CUST0485,view,161.86,web
EVT0500903,2026-10-04 10:30:00,CUST0410,signup,134.11,web
EVT0501680,2026-10-05 01:38:00,CUST0190,purchase,21.60,web
EVT0504968,2026-10-08 00:36:23,CUST0487,purchase,38.16,web
EVT0502443,2026-10-03 01:07:00,CUST0953,signup,103.91,api
EVT0500689,2026-10-03 07:32:00,CUST0196,refund,54.93,mobile
EVT0500548,2026-10-02 23:09:00,CUST0055,purchase,2.76,mobile
EVT0504229,2026-10-06 21:29:59,CUST0745,refund,164.73,mobile
EVT0504516,2026-10-09 18:57:32,CUST0035,purchase,70.92,api
EVT0502523,2026-10-03 12:41:00,CUST0036,signup,133.51,web
EVT0504953,2026-10-08 14:02:25,CUST0472,refund,32.61,web
EVT0501135,2026-10-02 06:15:00,CUST0642,signup,19.95,api
EVT0505720,2026-10-10 01:24:44,CUST0242,purchase,116.40,mobile
EVT0505567,2026-10-07 17:25:04,CUST0089,signup,59.79,mobile
EVT0505331,2026-10-07 12:47:29,CUST0850,signup,172.47,web
EVT0505878,2026-10-08 16:52:06,CUST0400,view,174.86,api
EVT0505871,2026-10-09 16:09:15,CUST0393,signup,172.27,web
EVT0503847,2026-10-09 15:56:19,CUST0363,signup,23.39,api
EVT0503934,2026-10-06 12:17:26,CUST0450,view,55.58,api
EVT0501707,2026-10-04 21:30:00,CUST0217,signup,31.59,web
EVT0505195,2026-10-08 22:41:47,CUST0714,signup,122.15,mobile
EVT0503444,2026-10-06 14:54:15,CUST0957,purchase,74.28,web
EVT0501270,2026-10-04 01:50:00,CUST0777,view,69.90,api
EVT0503883,2026-10-08 11:09:56,CUST0399,signup,36.71,api
EVT0503910,2026-10-07 19:50:36,CUST0426,view,46.70,api
EVT0501382,2026-10-02 20:58:00,CUST0889,view,111.34,mobile
EVT0503373,2026-10-07 23:48:19,CUST0886,refund,48.01,api
EVT0504190,2026-10-06 11:48:10,CUST0706,view,150.30,mobile
EVT0505404,2026-10-07 16:32:46,CUST0923,purchase,199.48,api
EVT0500248,2026-10-04 03:56:00,CUST0752,purchase,91.76,mobile
EVT0501138,2026-10-02 12:02:00,CUST0645,view,21.06,api
EVT0503305,2026-10-08 08:29:51,CUST0818,refund,22.85,mobile
EVT0504172,2026-10-07 11:46:47,CUST0688,purchase,143.64,mobile
EVT0502701,2026-10-06 23:21:13,CUST0214,refund,199.37,api
EVT0501305,2026-10-03 16:23:00,CUST0812,refund,82.85,web
EVT0502249,2026-10-03 09:12:00,CUST0759,refund,32.13,mobile
EVT0500346,2026-10-02 19:10:00,CUST0850,view,128.02,api
EVT0502755,2026-10-07 00:52:12,CUST0268,signup,19.35,api
EVT0502248,2026-10-03 16:43:00,CUST0758,purchase,31.76,api
EVT0503944,2026-10-07 13:22:07,CUST0460,purchase,59.28,mobile
EVT0505455,2026-10-06 05:06:19,CUST0974,signup,18.35,api
EVT0505857,2026-10-07 05:25:28,CUST0379,refund,167.09,api
EVT0504488,2026-10-08 21:38:56,CUST0007,purchase,60.56,web
EVT0501997,2026-10-04 08:58:00,CUST0507,refund,138.89,mobile
EVT0504111,2026-10-09 15:33:16,CUST0627,signup,121.07,api
EVT0503930,2026-10-09 22:53:55,CUST0446,view,54.10,web
EVT0505212,2026-10-06 19:06:43,CUST0731,purchase,128.44,api
EVT0504611,2026-10-09 09:38:05,CUST0130,signup,106.07,web
EVT0504405,2026-10-06 11:13:29,CUST0921,refund,29.85,api
EVT0504521,2026-10-10 02:46:29,CUST0040,refund,72.77,web
EVT0504527,2026-10-06 08:30:41,CUST0046,signup,74.99,web
EVT0504060,2026-10-08 12:49:48,CUST0576,purchase,102.20,api
EVT0501550,2026-10-04 15:21:00,CUST0060,view,173.50,mobile
EVT0503493,2026-10-09 16:40:07,CUST0009,refund,92.41,api
EVT0503099,2026-10-09 04:11:05,CUST0612,signup,146.63,web
EVT0500226,2026-10-04 16:27:00,CUST0730,view,83.62,api
EVT0500928,2026-10-03 10:26:00,CUST0435,purchase,143.36,api
EVT0505618,2026-10-08 19:11:23,CUST0140,view,78.66,mobile
EVT0501226,2026-10-03 18:17:00,CUST0733,view,53.62,mobile
EVT0503483,2026-10-08 20:59:53,CUST0996,signup,88.71,web
EVT0505043,2026-10-09 09:44:12,CUST0562,signup,65.91,web
EVT0505833,2026-10-07 15:27:09,CUST0355,refund,158.21,api
EVT0501027,2026-10-02 18:59:00,CUST0534,signup,179.99,api
EVT0505795,2026-10-08 04:06:39,CUST0317,signup,144.15,mobile
EVT0501721,2026-10-05 10:39:00,CUST0231,refund,36.77,mobile
EVT0500448,2026-10-03 08:23:00,CUST0952,purchase,165.76,api
EVT0501355,2026-10-04 13:47:00,CUST0862,signup,101.35,mobile
EVT0503440,2026-10-07 16:03:36,CUST0953,purchase,72.80,mobile
EVT0501569,2026-10-04 17:27:00,CUST0079,refund,180.53,web
EVT0505502,2026-10-09 05:25:52,CUST0024,view,35.74,web
EVT0501225,2026-10-04 06:10:00,CUST0732,refund,53.25,api
EVT0503861,2026-10-09 21:35:55,CUST0377,refund,28.57,web
EVT0505868,2026-10-09 01:54:08,CUST0390,purchase,171.16,web
EVT0503607,2026-10-08 10:47:42,CUST0123,signup,134.59,api
EVT0500739,2026-10-05 21:56:00,CUST0246,signup,73.43,api
EVT0502018,2026-10-05 01:46:00,CUST0528,view,146.66,mobile
EVT0501076,2026-10-05 20:04:00,CUST0583,purchase,198.12,mobile
EVT0590003,04/10/2026 12:00:00,CUST0777,signup,101.11,web
EVT0505133,2026-10-07 08:42:26,CUST0652,refund,99.21,web
EVT0501803,2026-10-02 20:31:00,CUST0313,signup,67.11,web
EVT0505146,2026-10-06 17:15:36,CUST0665,view,104.02,api
EVT0501089,2026-10-02 23:12:00,CUST0596,refund,2.93,web
EVT0502978,2026-10-09 02:49:06,CUST0491,view,101.86,mobile
EVT0501860,2026-10-05 17:56:00,CUST0370,purchase,88.20,web
EVT0501209,2026-10-05 16:10:00,CUST0716,refund,47.33,web
EVT0504709,2026-10-09 12:39:23,CUST0228,refund,142.33,mobile
EVT0504873,2026-10-10 02:58:31,CUST0392,refund,3.01,api
EVT0502733,2026-10-07 18:34:26,CUST0246,refund,11.21,web
EVT0502170,2026-10-04 17:18:00,CUST0680,view,2.90,api
EVT0501754,2026-10-05 14:44:00,CUST0264,view,48.98,mobile
EVT0505387,2026-10-08 22:19:13,CUST0906,signup,193.19,mobile
EVT0504036,2026-10-07 13:37:15,CUST0552,purchase,93.32,api
EVT0505053,2026-10-09 07:40:59,CUST0572,refund,69.61,api
EVT0505084,2026-10-08 02:29:27,CUST0603,purchase,81.08,mobile
EVT0501868,2026-10-05 17:53:00,CUST0378,purchase,91.16,mobile
EVT0501648,2026-10-03 21:21:00,CUST0158,purchase,9.76,api
EVT0504446,2026-10-08 08:29:54,CUST0962,view,45.02,web
EVT0500315,2026-10-04 20:45:00,CUST0819,signup,116.55,web
EVT0501952,2026-10-05 16:55:00,CUST0462,purchase,122.24,mobile
EVT0503460,2026-10-08 07:52:56,CUST0973,purchase,80.20,api
EVT0502773,2026-10-07 15:50:59,CUST0286,refund,26.01,api
EVT0504082,2026-10-08 10:45:07,CUST0598,view,110.34,mobile
EVT0503417,2026-10-07 22:10:43,CUST0930,refund,64.29,web
EVT0504794,2026-10-08 15:40:56,CUST0313,view,173.78,web
EVT0503850,2026-10-09 15:56:03,CUST0366,view,24.50,api
EVT0504541,2026-10-08 02:03:11,CUST0060,refund,80.17,mobile
EVT0503458,2026-10-06 21:23:30,CUST0971,view,79.46,mobile
EVT0501963,2026-10-03 09:58:00,CUST0473,signup,126.31,api
EVT0505061,2026-10-09 00:32:13,CUST0580,refund,72.57,web
EVT0505063,2026-10-06 17:20:42,CUST0582,signup,73.31,mobile
EVT0501662,2026-10-05 13:40:00,CUST0172,view,14.94,web
EVT0500857,2026-10-04 19:01:00,CUST0364,refund,117.09,mobile
EVT0503434,2026-10-06 22:45:52,CUST0947,view,70.58,mobile
EVT0500126,2026-10-04 23:33:00,CUST0630,view,46.62,web
EVT0500197,2026-10-05 17:10:00,CUST0701,refund,72.89,mobile
EVT0503821,2026-10-07 07:09:17,CUST0337,refund,13.77,mobile
EVT0503929,2026-10-06 21:57:54,CUST0445,refund,53.73,mobile
EVT0502002,2026-10-05 04:24:00,CUST0512,view,140.74,api
EVT0503344,2026-10-07 20:11:23,CUST0857,purchase,37.28,mobile
EVT0500085,2026-10-04 12:40:00,CUST0589,refund,31.45,api
EVT0505155,2026-10-07 01:46:30,CUST0674,signup,107.35,api
EVT0501002,2026-10-04 17:32:00,CUST0509,view,170.74,web
EVT0501207,2026-10-03 20:09:00,CUST0714,signup,46.59,api
EVT0505565,2026-10-09 20:24:17,CUST0087,refund,59.05,web
EVT0503484,2026-10-07 21:28:28,CUST0997,purchase,89.08,api
EVT0505362,2026-10-08 13:22:49,CUST0881,view,183.94,api
EVT0504258,2026-10-06 12:36:41,CUST0774,view,175.46,api
EVT0505218,2026-10-06 22:49:50,CUST0737,view,130.66,api
EVT0502956,2026-10-06 22:44:51,CUST0469,purchase,93.72,api
EVT0504476,2026-10-08 04:41:01,CUST0992,purchase,56.12,web
EVT0503069,2026-10-07 00:36:38,CUST0582,refund,135.53,web
EVT0501016,2026-10-02 22:43:00,CUST0523,purchase,175.92,mobile
EVT0500547,2026-10-05 13:01:00,CUST0054,signup,2.39,api
EVT0505334,2026-10-09 17:12:08,CUST0853,view,173.58,web
EVT0505691,2026-10-09 22:15:23,CUST0213,signup,105.67,web
EVT0503015,2026-10-07 10:24:11,CUST0528,signup,115.55,web
EVT0502503,2026-10-04 10:13:00,CUST0016,signup,126.11,api
EVT0505368,2026-10-08 15:05:38,CUST0887,purchase,186.16,api
EVT0500627,2026-10-04 06:50:00,CUST0134,signup,31.99,web
EVT0500686,2026-10-04 08:46:00,CUST0193,view,53.82,mobile
EVT0500748,2026-10-03 13:00:00,CUST0255,purchase,76.76,api
EVT0503438,2026-10-08 20:57:21,CUST0951,view,72.06,web
EVT0502839,2026-10-09 20:52:45,CUST0352,signup,50.43,api
EVT0503367,2026-10-07 05:52:56,CUST0880,signup,45.79,api
EVT0503384,2026-10-06 20:38:50,CUST0897,purchase,52.08,web
EVT0503899,2026-10-09 01:36:28,CUST0415,signup,42.63,mobile
EVT0504348,2026-10-10 01:05:55,CUST0864,purchase,8.76,api
EVT0501324,2026-10-02 04:49:00,CUST0831,purchase,89.88,api
EVT0504703,2026-10-09 21:09:41,CUST0222,signup,140.11,mobile
EVT0501730,2026-10-05 16:48:00,CUST0240,view,40.10,mobile
EVT0505406,2026-10-09 09:39:52,CUST0925,view,0.22,web
EVT0505578,2026-10-06 04:30:22,CUST0100,view,63.86,api
EVT0505460,2026-10-10 00:14:22,CUST0979,purchase,20.20,web
EVT0500444,2026-10-04 22:24:00,CUST0948,purchase,164.28,web
EVT0503339,2026-10-09 19:51:22,CUST0852,signup,35.43,web
EVT0500993,2026-10-05 18:48:00,CUST0500,refund,167.41,web
EVT0500776,2026-10-03 23:40:00,CUST0283,purchase,87.12,mobile
EVT0505956,2026-10-09 23:32:48,CUST0478,purchase,3.72,api
EVT0500614,2026-10-03 12:10:00,CUST0121,view,27.18,mobile
EVT0500526,2026-10-04 08:43:00,CUST0033,view,194.62,api
EVT0500774,2026-10-04 10:00:00,CUST0281,view,86.38,web
EVT0503697,2026-10-09 14:07:45,CUST0213,refund,167.89,api
EVT0503881,2026-10-09 07:24:20,CUST0397,refund,35.97,mobile
EVT0502711,2026-10-07 07:53:50,CUST0224,signup,3.07,mobile
EVT0501451,2026-10-03 12:34:00,CUST0958,signup,136.87,mobile
EVT0502830,2026-10-08 01:18:54,CUST0343,view,47.10,api
EVT0503377,2026-10-07 12:28:29,CUST0890,refund,49.49,mobile
EVT0503554,2026-10-08 00:38:20,CUST0070,view,114.98,mobile
EVT0500367,2026-10-03 00:33:00,CUST0871,signup,135.79,api
EVT0500485,2026-10-04 04:23:00,CUST0989,refund,179.45,mobile
EVT0500476,2026-10-03 10:41:00,CUST0980,purchase,176.12,mobile
EVT0502498,2026-10-05 14:22:00,CUST0011,view,124.26,mobile
EVT0503188,2026-10-10 00:02:31,CUST0701,purchase,179.56,mobile
EVT0500836,2026-10-05 20:46:00,CUST0343,purchase,109.32,mobile
EVT0500267,2026-10-02 12:25:00,CUST0771,signup,98.79,web
EVT0504085,2026-10-09 13:01:19,CUST0601,refund,111.45,mobile
EVT0503718,2026-10-07 08:29:38,CUST0234,view,175.66,api
EVT0503115,2026-10-08 22:28:15,CUST0628,signup,152.55,api
EVT0500241,2026-10-05 03:51:00,CUST0745,refund,89.17,api
EVT0500861,2026-10-03 18:55:00,CUST0368,refund,118.57,web
EVT0503427,2026-10-06 09:51:33,CUST0940,signup,67.99,api
EVT0502339,2026-10-05 06:26:00,CUST0849,signup,65.43,mobile
EVT0500532,2026-10-03 19:24:00,CUST0039,purchase,196.84,api
EVT0501343,2026-10-05 09:39:00,CUST0850,signup,96.91,mobile
EVT0500977,2026-10-02 22:34:00,CUST0484,refund,161.49,mobile
EVT0505822,2026-10-08 20:04:17,CUST0344,view,154.14,mobile
EVT0501072,2026-10-04 15:10:00,CUST0579,purchase,196.64,api
EVT0502441,2026-10-05 23:12:00,CUST0951,refund,103.17,mobile
EVT0502499,2026-10-05 10:57:00,CUST0012,signup,124.63,web
EVT0500324,2026-10-05 22:36:00,CUST0828,purchase,119.88,web
EVT0501518,2026-10-02 16:45:00,CUST0028,view,161.66,web
EVT0503042,2026-10-10 01:55:20,CUST0555,view,125.54,web
EVT0502955,2026-10-06 10:10:45,CUST0468,signup,93.35,web
EVT0501699,2026-10-05 16:12:00,CUST0209,signup,28.63,api
EVT0502333,2026-10-02 09:17:00,CUST0843,refund,63.21,mobile
EVT0504157,2026-10-09 22:49:21,CUST0673,refund,138.09,mobile
EVT0504897,2026-10-08 21:51:19,CUST0416,refund,11.89,api
EVT0501717,2026-10-04 18:25:00,CUST0227,refund,35.29,api
EVT0504843,2026-10-07 14:51:56,CUST0362,signup,191.91,api
EVT0500137,2026-10-03 15:50:00,CUST0641,refund,50.69,mobile
EVT0502149,2026-10-03 08:39:00,CUST0659,refund,195.13,api
EVT0502816,2026-10-07 12:18:48,CUST0329,purchase,41.92,mobile
EVT0501539,2026-10-04 21:12:00,CUST0049,signup,169.43,web
EVT0502746,2026-10-09 02:58:09,CUST0259,view,16.02,api
EVT0503409,2026-10-07 02:45:40,CUST0922,refund,61.33,api
EVT0505136,2026-10-08 10:41:48,CUST0655,purchase,100.32,web
EVT0504822,2026-10-08 12:22:58,CUST0341,view,184.14,api
EVT0505313,2026-10-08 09:10:12,CUST0832,refund,165.81,web
EVT0501588,2026-10-05 20:30:00,CUST0098,purchase,187.56,api
EVT0504247,2026-10-09 17:43:30,CUST0763,signup,171.39,mobile
EVT0503842,2026-10-06 18:09:35,CUST0358,view,21.54,mobile
EVT0504538,2026-10-07 01:58:48,CUST0057,view,79.06,mobile
EVT0501656,2026-10-05 19:36:00,CUST0166,purchase,12.72,web
EVT0500135,2026-10-02 19:37:00,CUST0639,signup,49.95,web
EVT0503911,2026-10-09 06:19:57,CUST0427,signup,47.07,mobile
EVT0503095,2026-10-09 06:50:59,CUST0608,signup,145.15,mobile
EVT0502731,2026-10-07 23:14:53,CUST0244,signup,10.47,api
EVT0504921,2026-10-09 13:17:36,CUST0440,refund,20.77,api
EVT0501694,2026-10-04 22:15:00,CUST0204,view,26.78,mobile
EVT0502708,2026-10-09 13:06:03,CUST0221,purchase,1.96,mobile
EVT0503759,2026-10-07 18:51:05,CUST0275,signup,190.83,web
EVT0500013,2026-10-04 17:26:00,CUST0517,refund,4.81,api
EVT0504943,2026-10-08 00:25:10,CUST0462,signup,28.91,mobile
EVT0501386,2026-10-04 19:01:00,CUST0893,view,112.82,web
EVT0504299,2026-10-06 20:56:44,CUST0815,signup,190.63,web
EVT0503556,2026-10-09 16:07:02,CUST0072,purchase,115.72,api
EVT0501543,2026-10-02 20:02:00,CUST0053,signup,170.91,api
EVT0500718,2026-10-02 15:24:00,CUST0225,view,65.66,api
EVT0505780,2026-10-06 20:53:42,CUST0302,purchase,138.60,mobile
EVT0503221,2026-10-07 12:20:18,CUST0734,refund,191.77,mobile
EVT0505732,2026-10-06 13:02:59,CUST0254,purchase,120.84,mobile
EVT0503497,2026-10-09 19:33:05,CUST0013,refund,93.89,mobile
EVT0501359,2026-10-05 12:22:00,CUST0866,signup,102.83,web
EVT0503362,2026-10-09 14:00:24,CUST0875,view,43.94,mobile
EVT0505488,2026-10-06 06:48:06,CUST0010,purchase,30.56,api
EVT0503721,2026-10-08 22:47:57,CUST0237,refund,176.77,api
EVT0501308,2026-10-03 17:38:00,CUST0815,purchase,83.96,web
EVT0503032,2026-10-08 13:15:45,CUST0545,purchase,121.84,mobile
EVT0500235,2026-10-04 20:46:00,CUST0739,signup,86.95,api
EVT0501017,2026-10-05 17:09:00,CUST0524,refund,176.29,web
EVT0502598,2026-10-03 14:40:00,CUST0111,view,161.26,web
EVT0504719,2026-10-08 07:06:21,CUST0238,signup,146.03,web
EVT0503198,2026-10-09 03:55:35,CUST0711,view,183.26,web
EVT0504360,2026-10-08 08:18:56,CUST0876,purchase,13.20,api
EVT0504689,2026-10-07 08:52:34,CUST0208,refund,134.93,web
EVT0503422,2026-10-08 00:25:06,CUST0935,view,66.14,mobile
EVT0503080,2026-10-06 23:42:09,CUST0593,purchase,139.60,mobile
EVT0504199,2026-10-06 10:12:26,CUST0715,signup,153.63,mobile
EVT0503800,2026-10-09 21:46:08,CUST0316,purchase,6.00,mobile
EVT0504663,2026-10-08 07:58:07,CUST0182,signup,125.31,api
EVT0501029,2026-10-03 08:26:00,CUST0536,refund,180.73,web
EVT0504744,2026-10-08 19:46:13,CUST0263,purchase,155.28,api
EVT0501591,2026-10-05 14:25:00,CUST0101,signup,188.67,api
EVT0505073,2026-10-09 16:48:17,CUST0592,refund,77.01,web
EVT0503138,2026-10-07 02:14:43,CUST0651,view,161.06,web
EVT0500539,2026-10-02 15:04:00,CUST0046,signup,199.43,mobile
EVT0502342,2026-10-02 15:37:00,CUST0852,view,66.54,mobile
EVT0503848,2026-10-07 04:04:54,CUST0364,purchase,23.76,mobile
EVT0502872,2026-10-09 22:30:34,CUST0385,purchase,62.64,api
EVT0502172,2026-10-03 14:43:00,CUST0682,purchase,3.64,web
EVT0501470,2026-10-04 00:30:00,CUST0977,view,143.90,web
EVT0501199,2026-10-05 12:25:00,CUST0706,signup,43.63,mobile
EVT0501088,2026-10-03 01:46:00,CUST0595,purchase,2.56,mobile
EVT0505181,2026-10-10 00:14:10,CUST0700,refund,116.97,web
EVT0503775,2026-10-07 14:31:38,CUST0291,signup,196.75,api
EVT0502368,2026-10-05 12:48:00,CUST0878,purchase,76.16,api
EVT0502758,2026-10-09 20:25:55,CUST0271,view,20.46,api
EVT0505205,2026-10-06 13:43:53,CUST0724,refund,125.85,web
EVT0501747,2026-10-02 17:35:00,CUST0257,signup,46.39,api
EVT0500869,2026-10-05 00:35:00,CUST0376,refund,121.53,mobile
EVT0504144,2026-10-06 10:35:32,CUST0660,purchase,133.28,api
EVT0500846,2026-10-05 07:19:00,CUST0353,view,113.02,web
EVT0502457,2026-10-04 01:09:00,CUST0967,refund,109.09,web
EVT0504793,2026-10-06 08:09:54,CUST0312,refund,173.41,mobile
EVT0501778,2026-10-04 21:43:00,CUST0288,view,57.86,mobile
EVT0503035,2026-10-09 19:04:51,CUST0548,signup,122.95,mobile
EVT0501765,2026-10-04 04:15:00,CUST0275,refund,53.05,api
EVT0505283,2026-10-08 15:44:24,CUST0802,signup,154.71,web
EVT0504606,2026-10-09 12:18:23,CUST0125,view,104.22,api
EVT0505528,2026-10-09 15:06:11,CUST0050,purchase,45.36,mobile
EVT0501675,2026-10-04 12:41:00,CUST0185,signup,19.75,api
EVT0502683,2026-10-07 00:50:50,CUST0196,signup,192.71,api
EVT0504224,2026-10-08 04:04:12,CUST0740,purchase,162.88,web
EVT0503700,2026-10-09 22:10:25,CUST0216,purchase,169.00,api
EVT0502534,2026-10-03 20:07:00,CUST0047,view,137.58,mobile
EVT0500644,2026-10-03 03:47:00,CUST0151,purchase,38.28,mobile
EVT0500083,2026-10-04 04:58:00,CUST0587,signup,30.71,mobile
EVT0503777,2026-10-07 03:53:36,CUST0293,refund,197.49,web
EVT0501033,2026-10-03 00:14:00,CUST0540,refund,182.21,api
EVT0501367,2026-10-05 18:25:00,CUST0874,signup,105.79,mobile
EVT0502500,2026-10-02 12:01:00,CUST0013,purchase,125.00,api
EVT0500493,2026-10-05 22:57:00,CUST0997,refund,182.41,api
EVT0501385,2026-10-03 22:27:00,CUST0892,refund,112.45,mobile
EVT0505646,2026-10-07 11:05:45,CUST0168,view,89.02,web
EVT0502033,2026-10-03 14:26:00,CUST0543,refund,152.21,mobile
EVT0500844,2026-10-02 18:37:00,CUST0351,purchase,112.28,api
EVT0504526,2026-10-07 20:12:15,CUST0045,view,74.62,mobile
EVT0500976,2026-10-03 21:08:00,CUST0483,purchase,161.12,api
EVT0502727,2026-10-09 07:35:10,CUST0240,signup,8.99,web
EVT0504754,2026-10-07 14:39:42,CUST0273,view,158.98,mobile
EVT0501141,2026-10-02 04:41:00,CUST0648,refund,22.17,api
EVT0505011,2026-10-07 23:44:43,CUST0530,signup,54.07,api
EVT0504140,2026-10-06 13:20:50,CUST0656,purchase,131.80,web
EVT0502677,2026-10-09 23:06:33,CUST0190,refund,190.49,api
EVT0500746,2026-10-05 06:32:00,CUST0253,view,76.02,mobile
EVT0500709,2026-10-04 12:35:00,CUST0216,refund,62.33,api
EVT0505299,2026-10-07 05:13:47,CUST0818,signup,160.63,api
EVT0503834,2026-10-09 04:06:14,CUST0350,view,18.58,web
EVT0501520,2026-10-05 16:00:00,CUST0030,purchase,162.40,mobile
EVT0501472,2026-10-03 19:46:00,CUST0979,purchase,144.64,mobile
EVT0502756,2026-10-09 12:04:48,CUST0269,purchase,19.72,mobile
EVT0500648,2026-10-05 04:56:00,CUST0155,purchase,39.76,web
EVT0504920,2026-10-07 12:30:36,CUST0439,purchase,20.40,web
EVT0505307,2026-10-06 04:06:02,CUST0826,signup,163.59,web
EVT0505845,2026-10-08 18:39:35,CUST0367,refund,162.65,api
EVT0502641,2026-10-06 04:14:26,CUST0154,refund,177.17,api
EVT0505065,2026-10-07 01:22:01,CUST0584,refund,74.05,api
EVT0502690,2026-10-09 03:12:51,CUST0203,view,195.30,mobile
EVT0503133,2026-10-07 20:38:50,CUST0646,refund,159.21,api
EVT0505731,2026-10-06 19:35:01,CUST0253,signup,120.47,api
EVT0503969,2026-10-07 05:45:51,CUST0485,refund,68.53,web
EVT0503825,2026-10-07 07:52:27,CUST0341,refund,15.25,web
EVT0504084,2026-10-08 11:05:07,CUST0600,purchase,111.08,api
EVT0500393,2026-10-05 08:21:00,CUST0897,refund,145.41,web
EVT0502354,2026-10-05 09:24:00,CUST0864,view,70.98,mobile
EVT0501191,2026-10-02 16:26:00,CUST0698,signup,40.67,web
EVT0504787,2026-10-07 04:59:04,CUST0306,signup,171.19,mobile
EVT0500583,2026-10-05 13:15:00,CUST0090,signup,15.71,api
EVT0505314,2026-10-07 19:33:30,CUST0833,view,166.18,api
EVT0505431,2026-10-07 02:24:12,CUST0950,signup,9.47,api
EVT0504499,2026-10-07 22:56:21,CUST0018,signup,64.63,mobile
EVT0501023,2026-10-05 16:42:00,CUST0530,signup,178.51,web
EVT0504637,2026-10-07 19:41:51,CUST0156,refund,115.69,mobile
EVT0500242,2026-10-02 16:44:00,CUST0746,view,89.54,mobile
EVT0503081,2026-10-09 19:19:06,CUST0594,refund,139.97,web
EVT0503249,2026-10-08 16:51:50,CUST0762,refund,2.13,web
EVT0500365,2026-10-03 06:42:00,CUST0869,refund,135.05,mobile
EVT0502323,2026-10-03 22:32:00,CUST0833,signup,59.51,api
EVT0503751,2026-10-08 23:59:52,CUST0267,signup,187.87,api
EVT0501798,2026-10-04 03:08:00,CUST0308,view,65.26,api
EVT0505398,2026-10-07 20:27:01,CUST0917,view,197.26,api
EVT0505982,2026-10-08 21:05:31,CUST0504,view,13.34,web
EVT0504115,2026-10-10 00:39:21,CUST0631,signup,122.55,mobile
EVT0500646,2026-10-03 17:07:00,CUST0153,view,39.02,api
EVT0500260,2026-10-03 21:51:00,CUST0764,purchase,96.20,mobile
EVT0503683,2026-10-09 19:33:17,CUST0199,signup,162.71,mobile
EVT0501333,2026-10-02 15:15:00,CUST0840,refund,93.21,api
EVT0504849,2026-10-09 07:27:50,CUST0368,refund,194.13,api
EVT0502720,2026-10-08 02:54:55,CUST0233,purchase,6.40,mobile
EVT0505083,2026-10-06 16:43:41,CUST0602,signup,80.71,api
EVT0504668,2026-10-08 08:15:36,CUST0187,purchase,127.16,web
EVT0504337,2026-10-06 10:38:37,CUST0853,refund,4.69,mobile
EVT0502489,2026-10-03 19:11:00,CUST0002,refund,120.93,mobile
EVT0502060,2026-10-05 23:00:00,CUST0570,purchase,162.20,mobile
EVT0505900,2026-10-07 16:19:41,CUST0422,purchase,183.00,mobile
EVT0500154,2026-10-03 21:10:00,CUST0658,view,56.98,api
EVT0504565,2026-10-07 21:25:46,CUST0084,refund,89.05,mobile
EVT0502897,2026-10-09 08:55:25,CUST0410,refund,71.89,mobile
EVT0505645,2026-10-10 01:25:32,CUST0167,refund,88.65,mobile
EVT0504961,2026-10-09 06:03:49,CUST0480,refund,35.57,mobile
EVT0505586,2026-10-08 12:33:28,CUST0108,view,66.82,web
EVT0502567,2026-10-05 01:33:00,CUST0080,signup,149.79,mobile
EVT0503191,2026-10-07 18:55:07,CUST0704,signup,180.67,mobile
EVT0503021,2026-10-06 08:28:55,CUST0534,refund,117.77,web
EVT0504915,2026-10-09 11:20:20,CUST0434,signup,18.55,api
EVT0502178,2026-10-05 15:04:00,CUST0688,view,5.86,web
EVT0504622,2026-10-06 09:55:24,CUST0141,view,110.14,mobile
EVT0502173,2026-10-03 16:59:00,CUST0683,refund,4.01,api
EVT0501673,2026-10-02 05:33:00,CUST0183,refund,19.01,mobile
EVT0503071,2026-10-10 01:05:58,CUST0584,signup,136.27,mobile
EVT0502946,2026-10-06 11:10:19,CUST0459,view,90.02,web
EVT0503988,2026-10-07 19:07:06,CUST0504,purchase,75.56,api
EVT0501810,2026-10-04 23:53:00,CUST0320,view,69.70,api
EVT0505174,2026-10-09 23:38:31,CUST0693,view,114.38,mobile
EVT0500234,2026-10-04 20:09:00,CUST0738,view,86.58,web
EVT0501068,2026-10-03 03:22:00,CUST0575,purchase,195.16,web
EVT0500854,2026-10-04 20:25:00,CUST0361,view,115.98,mobile
EVT0501383,2026-10-04 14:53:00,CUST0890,signup,111.71,web
EVT0504487,2026-10-07 21:36:57,CUST0006,signup,60.19,mobile
EVT0501151,2026-10-06 03:12:00,CUST0658,signup,25.87,mobile
EVT0504898,2026-10-08 23:49:00,CUST0417,view,12.26,mobile
EVT0504362,2026-10-06 11:00:37,CUST0878,view,13.94,web
EVT0505852,2026-10-06 11:17:12,CUST0374,purchase,165.24,mobile
EVT0500107,2026-10-02 21:39:00,CUST0611,signup,39.59,mobile
EVT0501246,2026-10-02 19:58:00,CUST0753,view,61.02,api
EVT0502998,2026-10-09 02:39:24,CUST0511,view,109.26,api
EVT0500975,2026-10-05 11:39:00,CUST0482,signup,160.75,web
EVT0500659,2026-10-03 05:54:00,CUST0166,signup,43.83,mobile
EVT0502833,2026-10-07 18:54:08,CUST0346,refund,48.21,api
EVT0502767,2026-10-08 00:30:19,CUST0280,signup,23.79,api
EVT0501220,2026-10-02 09:48:00,CUST0727,purchase,51.40,mobile
EVT0500001,2026-10-02 10:06:00,CUST0505,refund,0.37,api
EVT0501996,2026-10-02 23:47:00,CUST0506,purchase,138.52,api
EVT0503263,2026-10-09 23:54:02,CUST0776,signup,7.31,mobile
EVT0505315,2026-10-08 13:26:05,CUST0834,signup,166.55,mobile
EVT0501137,2026-10-05 01:15:00,CUST0644,refund,20.69,web
EVT0505123,2026-10-08 19:11:09,CUST0642,signup,95.51,mobile
EVT0503067,2026-10-10 03:11:08,CUST0580,signup,134.79,api
EVT0501097,2026-10-04 06:43:00,CUST0604,refund,5.89,mobile
EVT0505416,2026-10-09 15:21:52,CUST0935,purchase,3.92,api
EVT0500923,2026-10-02 15:47:00,CUST0430,signup,141.51,mobile
EVT0501816,2026-10-02 12:42:00,CUST0326,purchase,71.92,api
EVT0504554,2026-10-06 03:44:56,CUST0073,view,84.98,web
EVT0501844,2026-10-04 12:57:00,CUST0354,purchase,82.28,mobile
EVT0504264,2026-10-08 03:26:57,CUST0780,purchase,177.68,api
EVT0504631,2026-10-07 07:42:55,CUST0150,signup,113.47,mobile
EVT0504364,2026-10-06 14:53:06,CUST0880,purchase,14.68,mobile
EVT0502938,2026-10-07 11:24:24,CUST0451,view,87.06,api
EVT0504884,2026-10-10 02:53:48,CUST0403,purchase,7.08,web
EVT0500518,2026-10-03 03:43:00,CUST0025,view,191.66,mobile
EVT0503703,2026-10-10 01:16:00,CUST0219,signup,170.11,api
EVT0501392,2026-10-03 07:54:00,CUST0899,purchase,115.04,web
EVT0505494,2026-10-09 01:14:27,CUST0016,view,32.78,api
EVT0500046,2026-10-03 07:25:00,CUST0550,view,17.02,api
EVT0504591,2026-10-06 06:54:33,CUST0110,signup,98.67,api
EVT0501304,2026-10-04 15:13:00,CUST0811,purchase,82.48,mobile
EVT0503698,2026-10-09 07:47:53,CUST0214,view,168.26,mobile
EVT0500044,2026-10-02 05:06:00,CUST0548,purchase,16.28,mobile
EVT0503429,2026-10-08 17:23:57,CUST0942,refund,68.73,web
EVT0503520,2026-10-08 09:15:55,CUST0036,purchase,102.40,api
EVT0505987,2026-10-10 00:45:54,CUST0509,signup,15.19,mobile
EVT0500710,2026-10-03 02:13:00,CUST0217,view,62.70,mobile
EVT0503748,2026-10-07 20:26:40,CUST0264,purchase,186.76,api
EVT0505714,2026-10-09 09:45:20,CUST0236,view,114.18,mobile
EVT0500702,2026-10-04 17:21:00,CUST0209,view,59.74,web
EVT0503797,2026-10-08 03:56:38,CUST0313,refund,4.89,mobile
EVT0504616,2026-10-08 22:13:31,CUST0135,purchase,107.92,mobile
EVT0502253,2026-10-06 01:05:00,CUST0763,refund,33.61,web
EVT0504947,2026-10-07 11:55:21,CUST0466,signup,30.39,web
EVT0501676,2026-10-04 08:24:00,CUST0186,purchase,20.12,mobile
EVT0501161,2026-10-02 22:16:00,CUST0668,refund,29.57,web
EVT0500068,2026-10-05 18:49:00,CUST0572,purchase,25.16,mobile
EVT0500128,2026-10-04 08:45:00,CUST0632,purchase,47.36,mobile
EVT0505358,2026-10-08 01:59:36,CUST0877,view,182.46,web
EVT0500016,2026-10-05 00:08:00,CUST0520,purchase,5.92,api
EVT0500723,2026-10-05 00:43:00,CUST0230,signup,67.51,web
EVT0500730,2026-10-03 12:45:00,CUST0237,view,70.10,api
EVT0501371,2026-10-05 03:50:00,CUST0878,signup,107.27,web
EVT0504273,2026-10-08 14:39:56,CUST0789,refund,181.01,api
EVT0503914,2026-10-09 08:02:18,CUST0430,view,48.18,mobile
EVT0502409,2026-10-02 06:36:00,CUST0919,refund,91.33,web
EVT0502668,2026-10-08 12:38:28,CUST0181,purchase,187.16,api
EVT0501575,2026-10-05 07:03:00,CUST0085,signup,182.75,web
EVT0503523,2026-10-06 18:04:52,CUST0039,signup,103.51,api
EVT0501192,2026-10-04 08:27:00,CUST0699,purchase,41.04,api
EVT0501908,2026-10-03 15:51:00,CUST0418,purchase,105.96,web
EVT0500500,2026-10-02 16:27:00,CUST0007,purchase,185.00,mobile
EVT0505629,2026-10-06 10:51:07,CUST0151,refund,82.73,api
EVT0504539,2026-10-08 00:20:45,CUST0058,signup,79.43,web
EVT0500079,2026-10-03 04:12:00,CUST0583,signup,29.23,api
EVT0505760,2026-10-08 18:47:26,CUST0282,purchase,131.20,web
EVT0505279,2026-10-06 08:22:07,CUST0798,signup,153.23,mobile
EVT0501473,2026-10-04 08:03:00,CUST0980,refund,145.01,web
EVT0501584,2026-10-06 01:15:00,CUST0094,purchase,186.08,web
EVT0504613,2026-10-08 10:17:05,CUST0132,refund,106.81,mobile
EVT0500608,2026-10-02 13:40:00,CUST0115,purchase,24.96,mobile
EVT0504686,2026-10-09 04:57:13,CUST0205,view,133.82,web
EVT0500072,2026-10-05 03:36:00,CUST0576,purchase,26.64,web
EVT0500508,2026-10-03 07:14:00,CUST0015,purchase,187.96,api
EVT0505097,2026-10-09 00:28:41,CUST0616,refund,85.89,web
EVT0501618,2026-10-06 02:57:00,CUST0128,view,198.66,api
EVT0503926,2026-10-06 18:03:29,CUST0442,view,52.62,mobile
EVT0502117,2026-10-03 05:18:00,CUST0627,refund,183.29,mobile
EVT0505471,2026-10-09 21:52:18,CUST0990,signup,24.27,mobile
EVT0503582,2026-10-09 00:05:49,CUST0098,view,125.34,web
EVT0500933,2026-10-03 15:51:00,CUST0440,refund,145.21,web
EVT0501154,2026-10-02 07:13:00,CUST0661,view,26.98,mobile
EVT0504510,2026-10-08 12:29:52,CUST0029,view,68.70,api
EVT0505570,2026-10-09 18:48:25,CUST0092,view,60.90,mobile
EVT0501840,2026-10-04 02:35:00,CUST0350,purchase,80.80,api
EVT0500359,2026-10-05 12:21:00,CUST0863,signup,132.83,mobile
EVT0502744,2026-10-09 10:50:10,CUST0257,purchase,15.28,mobile
EVT0505096,2026-10-08 19:23:45,CUST0615,purchase,85.52,mobile
EVT0500781,2026-10-05 07:16:00,CUST0288,refund,88.97,api
EVT0504507,2026-10-06 13:31:58,CUST0026,signup,67.59,api
EVT0502090,2026-10-03 12:08:00,CUST0600,view,173.30,mobile
EVT0501202,2026-10-05 00:48:00,CUST0709,view,44.74,mobile
EVT0501667,2026-10-03 05:06:00,CUST0177,signup,16.79,mobile
EVT0503197,2026-10-06 08:10:00,CUST0710,refund,182.89,mobile
EVT0502891,2026-10-06 04:40:26,CUST0404,signup,69.67,mobile
EVT0502573,2026-10-05 17:50:00,CUST0086,refund,152.01,mobile
EVT0500985,2026-10-04 05:18:00,CUST0492,refund,164.45,api
EVT0505668,2026-10-06 09:49:20,CUST0190,purchase,97.16,api
EVT0503131,2026-10-07 20:49:09,CUST0644,signup,158.47,mobile
EVT0505961,2026-10-09 17:36:25,CUST0483,refund,5.57,web
EVT0501133,2026-10-04 21:36:00,CUST0640,refund,19.21,mobile
EVT0503491,2026-10-06 16:46:25,CUST0007,signup,91.67,mobile
EVT0503548,2026-10-07 00:11:41,CUST0064,purchase,112.76,mobile
EVT0502691,2026-10-09 20:27:43,CUST0204,signup,195.67,web
EVT0502735,2026-10-08 22:44:14,CUST0248,signup,11.95,mobile
EVT0505879,2026-10-08 19:16:12,CUST0401,signup,175.23,mobile
EVT0505957,2026-10-07 03:58:52,CUST0479,refund,4.09,mobile
EVT0504505,2026-10-07 08:49:37,CUST0024,refund,66.85,mobile
EVT0501564,2026-10-04 04:27:00,CUST0074,purchase,178.68,api
EVT0504263,2026-10-09 02:32:24,CUST0779,signup,177.31,web
EVT0502805,2026-10-08 01:59:13,CUST0318,refund,37.85,web
EVT0505482,2026-10-06 13:59:42,CUST0004,view,28.34,api
EVT0500540,2026-10-04 12:37:00,CUST0047,purchase,199.80,web
EVT0503792,2026-10-08 15:49:42,CUST0308,purchase,3.04,web
EVT0504983,2026-10-06 04:01:47,CUST0502,signup,43.71,web
EVT0504382,2026-10-07 21:55:18,CUST0898,view,21.34,mobile
EVT0502902,2026-10-09 04:03:11,CUST0415,view,73.74,api
EVT0505178,2026-10-07 13:23:38,CUST0697,view,115.86,web
EVT0504704,2026-10-09 08:42:44,CUST0223,purchase,140.48,web
EVT0501815,2026-10-02 16:01:00,CUST0325,signup,71.55,web
EVT0503729,2026-10-09 07:03:07,CUST0245,refund,179.73,web
EVT0504577,2026-10-09 05:14:14,CUST0096,refund,93.49,mobile
EVT0502302,2026-10-03 09:42:00,CUST0812,view,51.74,api
EVT0502867,2026-10-07 04:58:22,CUST0380,signup,60.79,mobile
EVT0503443,2026-10-08 22:35:23,CUST0956,signup,73.91,mobile
EVT0502483,2026-10-04 18:35:00,CUST0993,signup,118.71,mobile
EVT0502233,2026-10-02 08:17:00,CUST0743,refund,26.21,api
EVT0500032,2026-10-04 17:25:00,CUST0536,purchase,11.84,mobile
EVT0503755,2026-10-06 22:57:52,CUST0271,signup,189.35,mobile
EVT0501459,2026-10-04 15:45:00,CUST0966,signup,139.83,api
EVT0502447,2026-10-02 09:38:00,CUST0957,signup,105.39,mobile
EVT0502599,2026-10-03 15:26:00,CUST0112,signup,161.63,api
EVT0502251,2026-10-05 17:44:00,CUST0761,signup,32.87,api
EVT0500545,2026-10-03 16:34:00,CUST0052,refund,1.65,mobile
EVT0503068,2026-10-09 04:54:37,CUST0581,purchase,135.16,mobile
EVT0500456,2026-10-02 18:21:00,CUST0960,purchase,168.72,web
EVT0503968,2026-10-09 07:10:44,CUST0484,purchase,68.16,mobile
EVT0502899,2026-10-08 09:51:06,CUST0412,signup,72.63,api
EVT0502822,2026-10-09 08:43:33,CUST0335,view,44.14,mobile
EVT0502291,2026-10-03 02:39:00,CUST0801,signup,47.67,mobile
EVT0500501,2026-10-03 12:30:00,CUST0008,refund,185.37,web
EVT0504235,2026-10-10 02:18:25,CUST0751,signup,166.95,mobile
EVT0500970,2026-10-05 11:01:00,CUST0477,view,158.90,api
EVT0502300,2026-10-05 06:15:00,CUST0810,purchase,51.00,mobile
EVT0505991,2026-10-08 11:29:40,CUST0513,signup,16.67,web
EVT0505281,2026-10-06 14:16:25,CUST0800,refund,153.97,api
EVT0505288,2026-10-09 17:01:03,CUST0807,purchase,156.56,mobile
EVT0505168,2026-10-07 05:07:20,CUST0687,purchase,112.16,mobile
EVT0504022,2026-10-08 00:05:11,CUST0538,view,88.14,mobile
EVT0502180,2026-10-02 09:28:00,CUST0690,purchase,6.60,mobile
EVT0502591,2026-10-06 02:28:00,CUST0104,signup,158.67,mobile
EVT0502414,2026-10-02 18:24:00,CUST0924,view,93.18,mobile
EVT0502619,2026-10-08 10:10:17,CUST0132,signup,169.03,web
EVT0505612,2026-10-08 06:43:39,CUST0134,purchase,76.44,mobile
EVT0504737,2026-10-09 19:53:05,CUST0256,refund,152.69,web
EVT0503553,2026-10-08 18:25:24,CUST0069,refund,114.61,api
EVT0504865,2026-10-07 05:49:45,CUST0384,refund,0.05,mobile
EVT0500498,2026-10-03 12:11:00,CUST0005,view,184.26,web
EVT0501442,2026-10-03 18:19:00,CUST0949,view,133.54,mobile
EVT0501495,2026-10-04 19:35:00,CUST0005,signup,153.15,api
EVT0504731,2026-10-06 09:01:31,CUST0250,signup,150.47,web
EVT0505568,2026-10-08 18:32:18,CUST0090,purchase,60.16,web
EVT0504374,2026-10-06 04:14:23,CUST0890,view,18.38,web
EVT0505616,2026-10-08 03:20:52,CUST0138,purchase,77.92,web
EVT0501025,2026-10-05 09:27:00,CUST0532,refund,179.25,mobile
EVT0503727,2026-10-07 17:40:52,CUST0243,signup,178.99,api
EVT0505421,2026-10-08 19:26:54,CUST0940,refund,5.77,web
EVT0502407,2026-10-02 16:44:00,CUST0917,signup,90.59,api
EVT0502549,2026-10-05 16:10:00,CUST0062,refund,143.13,mobile
EVT0504808,2026-10-09 08:50:24,CUST0327,purchase,178.96,mobile
EVT0500729,2026-10-03 04:46:00,CUST0236,refund,69.73,web
EVT0504145,2026-10-09 16:42:09,CUST0661,refund,133.65,mobile
EVT0502399,2026-10-02 08:23:00,CUST0909,signup,87.63,mobile
EVT0504356,2026-10-08 16:19:46,CUST0872,purchase,11.72,web
EVT0502692,2026-10-07 00:40:04,CUST0205,purchase,196.04,api
EVT0503047,2026-10-09 07:31:44,CUST0560,signup,127.39,mobile
EVT0504068,2026-10-07 13:00:13,CUST0584,purchase,105.16,web
EVT0503855,2026-10-08 16:54:06,CUST0371,signup,26.35,web
EVT0503502,2026-10-06 23:14:21,CUST0018,view,95.74,api
EVT0503014,2026-10-07 02:02:09,CUST0527,view,115.18,mobile
EVT0500199,2026-10-04 07:42:00,CUST0703,signup,73.63,api
EVT0505773,2026-10-09 22:54:41,CUST0295,refund,136.01,api
EVT0502058,2026-10-03 08:34:00,CUST0568,view,161.46,web
EVT0500018,2026-10-03 09:07:00,CUST0522,view,6.66,web
EVT0505973,2026-10-06 12:54:34,CUST0495,refund,10.01,web
EVT0501630,2026-10-02 09:56:00,CUST0140,view,3.10,api
EVT0501297,2026-10-02 11:53:00,CUST0804,refund,79.89,api
EVT0502555,2026-10-03 12:11:00,CUST0068,signup,145.35,mobile
EVT0500379,2026-10-05 22:16:00,CUST0883,signup,140.23,api
EVT0500638,2026-10-05 03:16:00,CUST0145,view,36.06,mobile
EVT0501338,2026-10-04 04:55:00,CUST0845,view,95.06,web
EVT0502642,2026-10-08 15:55:52,CUST0155,view,177.54,mobile
EVT0503487,2026-10-10 02:36:23,CUST0003,signup,90.19,api
EVT0501663,2026-10-06 02:34:00,CUST0173,signup,15.31,api
EVT0504147,2026-10-06 04:05:23,CUST0663,signup,134.39,api
EVT0505613,2026-10-06 17:38:31,CUST0135,refund,76.81,web
EVT0501237,2026-10-03 07:29:00,CUST0744,refund,57.69,api
EVT0502875,2026-10-09 06:39:11,CUST0388,signup,63.75,api
EVT0504981,2026-10-08 22:47:57,CUST0500,refund,42.97,api
EVT0501720,2026-10-04 10:47:00,CUST0230,purchase,36.40,api
EVT0500301,2026-10-02 06:30:00,CUST0805,refund,111.37,api
EVT0505042,2026-10-07 14:03:13,CUST0561,view,65.54,mobile
EVT0502658,2026-10-07 13:00:24,CUST0171,view,183.46,web
EVT0505827,2026-10-07 22:53:56,CUST0349,signup,155.99,api
EVT0500809,2026-10-02 04:44:00,CUST0316,refund,99.33,mobile
EVT0500708,2026-10-04 08:41:00,CUST0215,purchase,61.96,web
EVT0504377,2026-10-07 03:28:27,CUST0893,refund,19.49,web
EVT0503752,2026-10-08 20:50:16,CUST0268,purchase,188.24,mobile
EVT0501750,2026-10-03 09:13:00,CUST0260,view,47.50,api
EVT0500763,2026-10-03 22:23:00,CUST0270,signup,82.31,api
EVT0501978,2026-10-02 04:20:00,CUST0488,view,131.86,api
EVT0501576,2026-10-03 01:33:00,CUST0086,purchase,183.12,api
EVT0503567,2026-10-08 20:54:05,CUST0083,signup,119.79,web
EVT0501416,2026-10-05 07:29:00,CUST0923,purchase,123.92,web
EVT0500088,2026-10-02 18:28:00,CUST0592,purchase,32.56,api
EVT0503135,2026-10-06 16:26:51,CUST0648,signup,159.95,web
EVT0504183,2026-10-06 09:16:14,CUST0699,signup,147.71,api
EVT0502240,2026-10-04 06:48:00,CUST0750,purchase,28.80,mobile
EVT0502732,2026-10-07 22:11:32,CUST0245,purchase,10.84,mobile
EVT0502348,2026-10-04 17:06:00,CUST0858,purchase,68.76,mobile
EVT0503513,2026-10-06 22:06:42,CUST0029,refund,99.81,web
EVT0505490,2026-10-09 07:45:27,CUST0012,view,31.30,web
EVT0502981,2026-10-09 20:53:32,CUST0494,refund,102.97,mobile
EVT0505793,2026-10-06 05:30:40,CUST0315,refund,143.41,web
EVT0505854,2026-10-06 13:00:25,CUST0376,view,165.98,api
EVT0501479,2026-10-05 03:52:00,CUST0986,signup,147.23,web
EVT0505226,2026-10-06 21:08:09,CUST0745,view,133.62,web
EVT0505997,2026-10-09 10:23:27,CUST0519,refund,18.89,web
EVT0501213,2026-10-04 17:54:00,CUST0720,refund,48.81,api
EVT0505469,2026-10-06 18:49:46,CUST0988,refund,23.53,web
EVT0504011,2026-10-09 20:39:17,CUST0527,signup,84.07,web
EVT0502319,2026-10-04 11:00:00,CUST0829,signup,58.03,web
EVT0505142,2026-10-08 13:10:28,CUST0661,view,102.54,web
EVT0504585,2026-10-07 08:56:46,CUST0104,refund,96.45,api
EVT0502553,2026-10-05 12:56:00,CUST0066,refund,144.61,web
EVT0504777,2026-10-08 14:29:16,CUST0296,refund,167.49,api
EVT0501537,2026-10-05 08:08:00,CUST0047,refund,168.69,api
EVT0500575,2026-10-03 08:06:00,CUST0082,signup,12.75,mobile
EVT0503437,2026-10-06 06:12:21,CUST0950,refund,71.69,mobile
EVT0503976,2026-10-08 00:07:02,CUST0492,purchase,71.12,api
EVT0500020,2026-10-03 00:36:00,CUST0524,purchase,7.40,mobile
EVT0500911,2026-10-02 08:47:00,CUST0418,signup,137.07,mobile
EVT0505636,2026-10-07 11:16:48,CUST0158,purchase,85.32,mobile
EVT0504710,2026-10-09 00:43:48,CUST0229,view,142.70,web
EVT0504334,2026-10-08 18:31:33,CUST0850,view,3.58,mobile
EVT0505608,2026-10-08 23:23:42,CUST0130,purchase,74.96,api
EVT0500017,2026-10-03 22:18:00,CUST0521,refund,6.29,mobile
EVT0501457,2026-10-06 00:20:00,CUST0964,refund,139.09,mobile
EVT0503990,2026-10-09 03:47:00,CUST0506,view,76.30,web
EVT0500567,2026-10-03 18:26:00,CUST0074,signup,9.79,web
EVT0501975,2026-10-02 07:48:00,CUST0485,signup,130.75,api
EVT0500778,2026-10-02 19:59:00,CUST0285,view,87.86,api
EVT0504701,2026-10-09 01:58:15,CUST0220,refund,139.37,web
EVT0501683,2026-10-03 11:48:00,CUST0193,signup,22.71,web
EVT0503932,2026-10-09 01:15:01,CUST0448,purchase,54.84,mobile
EVT0503234,2026-10-07 13:39:33,CUST0747,view,196.58,web
EVT0501251,2026-10-03 07:15:00,CUST0758,signup,62.87,web
EVT0504179,2026-10-09 09:41:20,CUST0695,signup,146.23,web
EVT0504805,2026-10-08 00:41:21,CUST0324,refund,177.85,mobile
EVT0502390,2026-10-03 18:50:00,CUST0900,view,84.30,mobile
EVT0505351,2026-10-09 03:33:06,CUST0870,signup,179.87,mobile
EVT0504166,2026-10-06 13:35:38,CUST0682,view,141.42,mobile
EVT0504837,2026-10-08 05:01:50,CUST0356,refund,189.69,api
EVT0505343,2026-10-06 19:20:31,CUST0862,signup,176.91,web
EVT0503963,2026-10-06 20:08:12,CUST0479,signup,66.31,web
EVT0500981,2026-10-03 04:11:00,CUST0488,refund,162.97,web
EVT0505237,2026-10-09 15:57:58,CUST0756,refund,137.69,mobile
EVT0504782,2026-10-08 22:50:25,CUST0301,view,169.34,web
EVT0500459,2026-10-04 03:07:00,CUST0963,signup,169.83,web
EVT0502223,2026-10-02 19:41:00,CUST0733,signup,22.51,web
EVT0504071,2026-10-09 04:52:06,CUST0587,signup,106.27,web
EVT0504495,2026-10-08 13:34:00,CUST0014,signup,63.15,api
EVT0502857,2026-10-06 05:24:59,CUST0370,refund,57.09,api
EVT0505150,2026-10-07 12:28:03,CUST0669,view,105.50,mobile
EVT0503433,2026-10-08 06:53:39,CUST0946,refund,70.21,api
EVT0503533,2026-10-09 20:10:46,CUST0049,refund,107.21,mobile
EVT0504225,2026-10-09 10:05:30,CUST0741,refund,163.25,api
EVT0501271,2026-10-05 21:30:00,CUST0778,signup,70.27,mobile
EVT0503705,2026-10-07 21:51:12,CUST0221,refund,170.85,web
EVT0503639,2026-10-08 20:11:18,CUST0155,signup,146.43,web
EVT0504181,2026-10-08 10:45:47,CUST0697,refund,146.97,mobile
EVT0503092,2026-10-09 04:12:20,CUST0605,purchase,144.04,mobile
EVT0500706,2026-10-04 01:03:00,CUST0213,view,61.22,api
EVT0503671,2026-10-10 03:25:25,CUST0187,signup,158.27,mobile
EVT0505446,2026-10-06 20:03:17,CUST0965,view,15.02,api
EVT0503960,2026-10-08 11:52:28,CUST0476,purchase,65.20,web
EVT0505752,2026-10-09 14:16:05,CUST0274,purchase,128.24,api
EVT0505539,2026-10-06 07:00:38,CUST0061,signup,49.43,api
EVT0503595,2026-10-09 18:07:22,CUST0111,signup,130.15,api
EVT0500967,2026-10-05 00:09:00,CUST0474,signup,157.79,api
EVT0503935,2026-10-09 07:54:32,CUST0451,signup,55.95,mobile
EVT0502277,2026-10-04 19:32:00,CUST0787,refund,42.49,web
EVT0503400,2026-10-06 18:45:51,CUST0913,purchase,58.00,api
EVT0501020,2026-10-04 06:08:00,CUST0527,purchase,177.40,web
EVT0500573,2026-10-05 01:48:00,CUST0080,refund,12.01,web
EVT0505397,2026-10-10 01:32:35,CUST0916,refund,196.89,web
EVT0504636,2026-10-08 00:15:21,CUST0155,purchase,115.32,api
EVT0500347,2026-10-04 17:24:00,CUST0851,signup,128.39,mobile
EVT0503270,2026-10-08 05:13:31,CUST0783,view,9.90,web
EVT0502620,2026-10-06 20:58:01,CUST0133,purchase,169.40,api
EVT0500258,2026-10-05 20:17:00,CUST0762,view,95.46,web
EVT0500866,2026-10-03 13:23:00,CUST0373,view,120.42,mobile
EVT0504651,2026-10-09 22:25:34,CUST0170,signup,120.87,api
EVT0504665,2026-10-06 23:36:47,CUST0184,refund,126.05,web
EVT0503287,2026-10-06 20:51:43,CUST0800,signup,16.19,mobile
EVT0502226,2026-10-03 07:09:00,CUST0736,view,23.62,web
EVT0505204,2026-10-07 03:26:06,CUST0723,purchase,125.48,mobile
EVT0500326,2026-10-03 13:46:00,CUST0830,view,120.62,mobile
EVT0502449,2026-10-02 16:58:00,CUST0959,refund,106.13,api
EVT0501988,2026-10-04 10:45:00,CUST0498,purchase,135.56,mobile
EVT0500740,2026-10-04 22:03:00,CUST0247,purchase,73.80,mobile
EVT0505138,2026-10-07 14:57:28,CUST0657,view,101.06,mobile
EVT0503901,2026-10-09 16:14:57,CUST0417,refund,43.37,api
EVT0505137,2026-10-07 20:34:36,CUST0656,refund,100.69,api
EVT0505650,2026-10-07 18:10:39,CUST0172,view,90.50,api
EVT0500715,2026-10-04 20:01:00,CUST0222,signup,64.55,api
EVT0500014,2026-10-03 00:28:00,CUST0518,view,5.18,mobile
EVT0505122,2026-10-06 13:56:28,CUST0641,view,95.14,api
EVT0502574,2026-10-05 09:26:00,CUST0087,view,152.38,web
EVT0505747,2026-10-07 15:11:12,CUST0269,signup,126.39,mobile
EVT0500960,2026-10-04 12:05:00,CUST0467,purchase,155.20,web
EVT0501316,2026-10-04 04:39:00,CUST0823,purchase,86.92,mobile
EVT0502933,2026-10-08 01:30:28,CUST0446,refund,85.21,mobile
EVT0503565,2026-10-09 16:26:30,CUST0081,refund,119.05,api
EVT0503352,2026-10-07 12:39:33,CUST0865,purchase,40.24,api
EVT0501912,2026-10-05 11:34:00,CUST0422,purchase,107.44,api
EVT0504389,2026-10-08 18:14:58,CUST0905,refund,23.93,web
EVT0503746,2026-10-06 04:43:55,CUST0262,view,186.02,mobile
EVT0503106,2026-10-08 03:20:04,CUST0619,view,149.22,api
EVT0505352,2026-10-10 02:45:00,CUST0871,purchase,180.24,web
EVT0502492,2026-10-04 21:52:00,CUST0005,purchase,122.04,mobile
EVT0505734,2026-10-10 00:18:27,CUST0256,view,121.58,api
EVT0500780,2026-10-04 04:45:00,CUST0287,purchase,88.60,web
EVT0503920,2026-10-10 03:12:27,CUST0436,purchase,50.40,mobile
EVT0501106,2026-10-03 02:45:00,CUST0613,view,9.22,mobile
EVT0502134,2026-10-04 19:21:00,CUST0644,view,189.58,api
EVT0500450,2026-10-05 14:10:00,CUST0954,view,166.50,web
EVT0504989,2026-10-08 16:04:00,CUST0508,refund,45.93,web
EVT0502228,2026-10-05 09:09:00,CUST0738,purchase,24.36,mobile
EVT0502037,2026-10-05 17:17:00,CUST0547,refund,153.69,web
EVT0502541,2026-10-05 13:24:00,CUST0054,refund,140.17,web
EVT0501714,2026-10-04 17:17:00,CUST0224,view,34.18,api
EVT0500134,2026-10-06 00:37:00,CUST0638,view,49.58,mobile
EVT0501796,2026-10-06 03:33:00,CUST0306,purchase,64.52,mobile
EVT0503054,2026-10-09 04:23:51,CUST0567,view,129.98,web
EVT0505434,2026-10-10 02:40:02,CUST0953,view,10.58,api
EVT0502603,2026-10-07 06:33:04,CUST0116,signup,163.11,mobile
EVT0502299,2026-10-03 18:53:00,CUST0809,signup,50.63,api
EVT0502794,2026-10-07 20:28:48,CUST0307,view,33.78,api
EVT0504254,2026-10-07 21:31:26,CUST0770,view,173.98,web
EVT0500216,2026-10-04 16:21:00,CUST0720,purchase,79.92,web
EVT0502994,2026-10-08 14:03:11,CUST0507,view,107.78,web
EVT0502012,2026-10-05 23:50:00,CUST0522,purchase,144.44,mobile
EVT0500151,2026-10-03 06:13:00,CUST0655,signup,55.87,api
EVT0502106,2026-10-03 01:35:00,CUST0616,view,179.22,web
EVT0504220,2026-10-06 14:37:29,CUST0736,purchase,161.40,mobile
EVT0500145,2026-10-05 23:24:00,CUST0649,refund,53.65,api
EVT0504827,2026-10-09 21:50:54,CUST0346,signup,185.99,web
EVT0502217,2026-10-05 23:01:00,CUST0727,refund,20.29,web
EVT0503120,2026-10-07 18:41:00,CUST0633,purchase,154.40,web
EVT0503985,2026-10-09 01:37:59,CUST0501,refund,74.45,api
EVT0501453,2026-10-04 13:33:00,CUST0960,refund,137.61,api
EVT0504700,2026-10-07 13:25:38,CUST0219,purchase,139.00,mobile
EVT0502311,2026-10-03 13:56:00,CUST0821,signup,55.07,api
EVT0502116,2026-10-04 20:48:00,CUST0626,purchase,182.92,api
EVT0504721,2026-10-07 19:51:10,CUST0240,refund,146.77,mobile
EVT0501379,2026-10-02 06:11:00,CUST0886,signup,110.23,mobile
EVT0503545,2026-10-07 19:12:31,CUST0061,refund,111.65,mobile
EVT0501554,2026-10-03 15:57:00,CUST0064,view,174.98,web
EVT0501356,2026-10-06 02:21:00,CUST0863,purchase,101.72,web
EVT0500947,2026-10-02 18:19:00,CUST0454,signup,150.39,mobile
EVT0501208,2026-10-06 01:18:00,CUST0715,purchase,46.96,mobile
EVT0503203,2026-10-07 05:34:16,CUST0716,signup,185.11,mobile
EVT0505974,2026-10-08 13:57:39,CUST0496,view,10.38,api
EVT0505940,2026-10-06 12:13:24,CUST0462,purchase,197.80,web
EVT0500716,2026-10-02 11:07:00,CUST0223,purchase,64.92,mobile
EVT0502283,2026-10-02 14:25:00,CUST0793,signup,44.71,web
EVT0503661,2026-10-06 20:20:01,CUST0177,refund,154.57,api
EVT0500119,2026-10-02 12:51:00,CUST0623,signup,44.03,mobile
EVT0505574,2026-10-07 08:03:27,CUST0096,view,62.38,web
EVT0505911,2026-10-09 23:45:03,CUST0433,signup,187.07,api
EVT0504012,2026-10-06 17:54:34,CUST0528,purchase,84.44,api
EVT0503948,2026-10-06 20:32:16,CUST0464,purchase,60.76,web
EVT0504600,2026-10-07 11:36:14,CUST0119,purchase,102.00,api
EVT0503391,2026-10-07 05:59:44,CUST0904,signup,54.67,api
EVT0501657,2026-10-02 09:26:00,CUST0167,refund,13.09,api
EVT0501533,2026-10-03 17:44:00,CUST0043,refund,167.21,web
EVT0501835,2026-10-02 09:49:00,CUST0345,signup,78.95,mobile
EVT0502182,2026-10-03 19:52:00,CUST0692,view,7.34,api
EVT0502679,2026-10-09 02:29:28,CUST0192,signup,191.23,web
EVT0501463,2026-10-04 16:08:00,CUST0970,signup,141.31,mobile
EVT0502491,2026-10-05 17:35:00,CUST0004,signup,121.67,api
EVT0504781,2026-10-06 11:31:42,CUST0300,refund,168.97,mobile
EVT0505838,2026-10-06 20:48:03,CUST0360,view,160.06,web
EVT0505424,2026-10-08 11:56:51,CUST0943,purchase,6.88,web
EVT0501977,2026-10-02 11:45:00,CUST0487,refund,131.49,web
EVT0501573,2026-10-05 10:49:00,CUST0083,refund,182.01,api
EVT0503476,2026-10-09 07:27:41,CUST0989,purchase,86.12,mobile
EVT0504552,2026-10-08 04:17:40,CUST0071,purchase,84.24,api
EVT0505673,2026-10-09 09:50:49,CUST0195,refund,99.01,web
EVT0505412,2026-10-08 13:55:07,CUST0931,purchase,2.44,web
EVT0502950,2026-10-08 01:28:52,CUST0463,view,91.50,api
EVT0502695,2026-10-10 01:29:28,CUST0208,signup,197.15,api
EVT0502403,2026-10-06 01:27:00,CUST0913,signup,89.11,web
EVT0504935,2026-10-09 18:47:08,CUST0454,signup,25.95,web
EVT0500328,2026-10-02 06:33:00,CUST0832,purchase,121.36,api
EVT0504557,2026-10-09 22:53:26,CUST0076,refund,86.09,web
EVT0502817,2026-10-10 00:34:40,CUST0330,refund,42.29,web
EVT0501398,2026-10-05 20:57:00,CUST0905,view,117.26,web
EVT0503018,2026-10-08 10:43:18,CUST0531,view,116.66,web
EVT0503420,2026-10-08 16:31:43,CUST0933,purchase,65.40,web
EVT0501171,2026-10-02 05:17:00,CUST0678,signup,33.27,api
EVT0502235,2026-10-04 18:59:00,CUST0745,signup,26.95,web
EVT0503030,2026-10-08 07:51:53,CUST0543,view,121.10,web
EVT0501524,2026-10-03 21:30:00,CUST0034,purchase,163.88,web
EVT0503557,2026-10-07 15:53:46,CUST0073,refund,116.09,mobile
EVT0500428,2026-10-05 20:17:00,CUST0932,purchase,158.36,mobile
EVT0501204,2026-10-04 02:12:00,CUST0711,purchase,45.48,api
EVT0504064,2026-10-09 02:49:25,CUST0580,purchase,103.68,mobile
EVT0505977,2026-10-07 13:53:26,CUST0499,refund,11.49,api
EVT0505965,2026-10-09 06:00:04,CUST0487,refund,7.05,api
EVT0500037,2026-10-03 12:36:00,CUST0541,refund,13.69,api
EVT0500256,2026-10-04 07:00:00,CUST0760,purchase,94.72,api
EVT0502155,2026-10-05 13:59:00,CUST0665,signup,197.35,api
EVT0504421,2026-10-09 21:15:48,CUST0937,refund,35.77,mobile
EVT0500606,2026-10-03 08:45:00,CUST0113,view,24.22,web
EVT0500876,2026-10-04 15:43:00,CUST0383,purchase,124.12,web
EVT0504270,2026-10-09 01:07:54,CUST0786,view,179.90,api
EVT0500848,2026-10-03 15:26:00,CUST0355,purchase,113.76,mobile
EVT0505851,2026-10-07 02:24:13,CUST0373,signup,164.87,api
EVT0505889,2026-10-09 07:41:04,CUST0411,refund,178.93,web
EVT0504268,2026-10-07 14:52:33,CUST0784,purchase,179.16,mobile
EVT0500194,2026-10-04 21:07:00,CUST0698,view,71.78,mobile
EVT0501364,2026-10-04 11:35:00,CUST0871,purchase,104.68,mobile
EVT0500223,2026-10-04 14:06:00,CUST0727,signup,82.51,api
EVT0502798,2026-10-08 06:28:42,CUST0311,view,35.26,mobile
EVT0500254,2026-10-05 15:10:00,CUST0758,view,93.98,mobile
EVT0501035,2026-10-03 18:34:00,CUST0542,signup,182.95,web
EVT0504517,2026-10-09 23:54:27,CUST0036,refund,71.29,mobile
EVT0503940,2026-10-09 12:19:56,CUST0456,purchase,57.80,api
EVT0505859,2026-10-08 12:48:59,CUST0381,signup,167.83,web
EVT0502821,2026-10-07 23:58:19,CUST0334,refund,43.77,api
EVT0502684,2026-10-07 12:47:49,CUST0197,purchase,193.08,mobile
EVT0502148,2026-10-03 21:14:00,CUST0658,purchase,194.76,web
EVT0505610,2026-10-06 08:40:27,CUST0132,view,75.70,web
EVT0502040,2026-10-02 20:29:00,CUST0550,purchase,154.80,web
EVT0501108,2026-10-02 23:09:00,CUST0615,purchase,9.96,api
EVT0501500,2026-10-04 14:40:00,CUST0010,purchase,155.00,web
EVT0504468,2026-10-09 12:20:29,CUST0984,purchase,53.16,api
EVT0503039,2026-10-08 10:59:22,CUST0552,signup,124.43,web
EVT0500830,2026-10-04 05:44:00,CUST0337,view,107.10,mobile
EVT0503340,2026-10-06 20:28:51,CUST0853,purchase,35.80,api
EVT0503108,2026-10-06 06:31:21,CUST0621,purchase,149.96,web
EVT0505086,2026-10-09 14:33:59,CUST0605,view,81.82,api
EVT0502420,2026-10-04 13:03:00,CUST0930,purchase,95.40,mobile
EVT0503467,2026-10-07 04:33:29,CUST0980,signup,82.79,mobile
EVT0503242,2026-10-08 03:28:24,CUST0755,view,199.54,mobile
EVT0501659,2026-10-04 19:01:00,CUST0169,signup,13.83,web
EVT0500600,2026-10-03 18:48:00,CUST0107,purchase,22.00,web
EVT0505637,2026-10-07 10:19:10,CUST0159,refund,85.69,web
EVT0505320,2026-10-07 17:17:39,CUST0839,purchase,168.40,api
EVT0503304,2026-10-08 10:22:43,CUST0817,purchase,22.48,api
EVT0503712,2026-10-06 04:34:36,CUST0228,purchase,173.44,api
EVT0505457,2026-10-06 13:03:54,CUST0976,refund,19.09,web
EVT0505395,2026-10-06 11:50:38,CUST0914,signup,196.15,api
EVT0501568,2026-10-06 01:47:00,CUST0078,purchase,180.16,mobile
EVT0501295,2026-10-02 19:29:00,CUST0802,signup,79.15,mobile
EVT0503830,2026-10-06 23:25:03,CUST0346,view,17.10,mobile
EVT0500208,2026-10-03 16:41:00,CUST0712,purchase,76.96,api
EVT0501522,2026-10-05 12:23:00,CUST0032,view,163.14,api
EVT0502927,2026-10-08 05:10:48,CUST0440,signup,82.99,mobile
EVT0505740,2026-10-08 06:33:43,CUST0262,purchase,123.80,api
EVT0505173,2026-10-09 05:02:31,CUST0692,refund,114.01,api
EVT0502161,2026-10-05 04:56:00,CUST0671,refund,199.57,api
EVT0500157,2026-10-05 13:25:00,CUST0661,refund,58.09,api
EVT0505418,2026-10-07 06:03:49,CUST0937,view,4.66,web
EVT0504713,2026-10-07 07:01:48,CUST0232,refund,143.81,web
EVT0503532,2026-10-06 19:36:57,CUST0048,purchase,106.84,api
EVT0500191,2026-10-05 02:31:00,CUST0695,signup,70.67,mobile
EVT0504642,2026-10-07 16:57:52,CUST0161,view,117.54,api
EVT0501285,2026-10-03 18:02:00,CUST0792,refund,75.45,api
EVT0503110,2026-10-08 05:30:05,CUST0623,view,150.70,mobile
EVT0504257,2026-10-08 21:58:20,CUST0773,refund,175.09,web
EVT0501757,2026-10-04 08:59:00,CUST0267,refund,50.09,mobile
EVT0503632,2026-10-06 04:02:56,CUST0148,purchase,143.84,mobile
EVT0500892,2026-10-03 22:38:00,CUST0399,purchase,130.04,api
EVT0500404,2026-10-03 17:46:00,CUST0908,purchase,149.48,mobile
EVT0504987,2026-10-06 11:28:57,CUST0506,signup,45.19,api
EVT0504013,2026-10-08 03:32:48,CUST0529,refund,84.81,mobile
EVT0501577,2026-10-05 12:51:00,CUST0087,refund,183.49,mobile
EVT0503820,2026-10-09 23:52:37,CUST0336,purchase,13.40,api
EVT0504375,2026-10-10 01:14:13,CUST0891,signup,18.75,api
EVT0505699,2026-10-06 17:44:49,CUST0221,signup,108.63,mobile
EVT0500495,2026-10-03 14:13:00,CUST0002,signup,183.15,web
EVT0505114,2026-10-08 00:26:51,CUST0633,view,92.18,mobile
EVT0505326,2026-10-09 06:34:00,CUST0845,view,170.62,api
EVT0501005,2026-10-05 16:30:00,CUST0512,refund,171.85,web
EVT0500576,2026-10-02 20:33:00,CUST0083,purchase,13.12,web
EVT0505807,2026-10-08 18:04:26,CUST0329,signup,148.59,mobile
EVT0500946,2026-10-03 16:58:00,CUST0453,view,150.02,api
EVT0505581,2026-10-08 08:43:23,CUST0103,refund,64.97,api
EVT0500655,2026-10-05 05:23:00,CUST0162,signup,42.35,api
EVT0504467,2026-10-09 12:48:32,CUST0983,signup,52.79,web
EVT0501782,2026-10-04 12:37:00,CUST0292,view,59.34,web
EVT0500902,2026-10-04 08:47:00,CUST0409,view,133.74,mobile
EVT0501786,2026-10-05 00:36:00,CUST0296,view,60.82,api
EVT0504994,2026-10-07 12:34:40,CUST0513,view,47.78,mobile
EVT0504485,2026-10-08 06:21:47,CUST0004,refund,59.45,web
EVT0503399,2026-10-07 08:07:06,CUST0912,signup,57.63,web
EVT0501934,2026-10-03 06:41:00,CUST0444,view,115.58,mobile
EVT0501556,2026-10-02 23:33:00,CUST0066,purchase,175.72,mobile
EVT0500747,2026-10-04 01:33:00,CUST0254,signup,76.39,web
EVT0503689,2026-10-07 05:20:59,CUST0205,refund,164.93,mobile
EVT0505376,2026-10-09 17:09:43,CUST0895,purchase,189.12,web
EVT0505617,2026-10-09 02:44:37,CUST0139,refund,78.29,api
EVT0501111,2026-10-04 12:01:00,CUST0618,signup,11.07,api
EVT0500771,2026-10-02 03:52:00,CUST0278,signup,85.27,web
EVT0501608,2026-10-02 19:59:00,CUST0118,purchase,194.96,web
EVT0504049,2026-10-08 16:07:21,CUST0565,refund,98.13,mobile
EVT0502224,2026-10-05 11:56:00,CUST0734,purchase,22.88,api
EVT0502100,2026-10-02 21:20:00,CUST0610,purchase,177.00,web
EVT0501891,2026-10-03 19:49:00,CUST0401,signup,99.67,api
EVT0504553,2026-10-07 10:45:48,CUST0072,refund,84.61,mobile
EVT0501160,2026-10-05 19:55:00,CUST0667,purchase,29.20,mobile
EVT0504041,2026-10-07 14:39:13,CUST0557,refund,95.17,web
EVT0500358,2026-10-03 09:45:00,CUST0862,view,132.46,api
EVT0502467,2026-10-03 06:22:00,CUST0977,signup,112.79,api
EVT0502666,2026-10-06 05:32:15,CUST0179,view,186.42,mobile
EVT0500796,2026-10-04 19:17:00,CUST0303,purchase,94.52,api
EVT0505964,2026-10-06 05:22:46,CUST0486,purchase,6.68,web
EVT0503716,2026-10-06 12:18:55,CUST0232,purchase,174.92,mobile
EVT0503296,2026-10-06 19:00:10,CUST0809,purchase,19.52,mobile
EVT0502258,2026-10-04 05:42:00,CUST0768,view,35.46,mobile
EVT0501734,2026-10-04 22:36:00,CUST0244,view,41.58,web
EVT0503673,2026-10-08 05:49:10,CUST0189,refund,159.01,api
EVT0503176,2026-10-08 09:40:11,CUST0689,purchase,175.12,mobile
EVT0505004,2026-10-06 05:18:02,CUST0523,purchase,51.48,web
EVT0500988,2026-10-05 20:51:00,CUST0495,purchase,165.56,api
EVT0501238,2026-10-02 07:07:00,CUST0745,view,58.06,mobile
EVT0504055,2026-10-08 04:24:16,CUST0571,signup,100.35,mobile
EVT0503547,2026-10-08 17:48:21,CUST0063,signup,112.39,api
EVT0500680,2026-10-06 01:19:00,CUST0187,purchase,51.60,mobile
EVT0502741,2026-10-08 20:13:46,CUST0254,refund,14.17,mobile
EVT0501723,2026-10-06 00:38:00,CUST0233,signup,37.51,api
EVT0504657,2026-10-09 01:32:10,CUST0176,refund,123.09,api
EVT0500091,2026-10-03 07:08:00,CUST0595,signup,33.67,api
EVT0504227,2026-10-08 09:02:42,CUST0743,signup,163.99,web
EVT0503687,2026-10-09 06:58:10,CUST0203,signup,164.19,web
EVT0505324,2026-10-06 13:16:38,CUST0843,purchase,169.88,mobile
EVT0505209,2026-10-07 05:25:44,CUST0728,refund,127.33,api
EVT0502716,2026-10-09 08:54:13,CUST0229,purchase,4.92,api
EVT0502886,2026-10-09 20:02:14,CUST0399,view,67.82,web
EVT0502064,2026-10-03 02:42:00,CUST0574,purchase,163.68,web
EVT0501489,2026-10-05 02:04:00,CUST0996,refund,150.93,api
EVT0500543,2026-10-05 02:12:00,CUST0050,signup,0.91,web
EVT0500105,2026-10-04 01:58:00,CUST0609,refund,38.85,web
EVT0505470,2026-10-08 21:57:45,CUST0989,view,23.90,api
EVT0505166,2026-10-06 15:48:47,CUST0685,view,111.42,web
EVT0500799,2026-10-03 11:02:00,CUST0306,signup,95.63,api
EVT0504788,2026-10-09 06:30:23,CUST0307,purchase,171.56,web
EVT0501411,2026-10-03 16:07:00,CUST0918,signup,122.07,api
EVT0501664,2026-10-04 02:38:00,CUST0174,purchase,15.68,mobile
EVT0502210,2026-10-05 15:58:00,CUST0720,view,17.70,mobile
EVT0501293,2026-10-04 09:48:00,CUST0800,refund,78.41,web
EVT0502640,2026-10-06 15:18:09,CUST0153,purchase,176.80,web
EVT0505328,2026-10-06 21:29:20,CUST0847,purchase,171.36,web
EVT0504219,2026-10-08 21:21:13,CUST0735,signup,161.03,api
EVT0505030,2026-10-07 07:47:33,CUST0549,view,61.10,mobile
EVT0502197,2026-10-03 07:59:00,CUST0707,refund,12.89,api
EVT0501636,2026-10-03 01:01:00,CUST0146,purchase,5.32,api
EVT0505559,2026-10-07 04:39:45,CUST0081,signup,56.83,web
EVT0502164,2026-10-03 21:03:00,CUST0674,purchase,0.68,api
EVT0505018,2026-10-09 06:03:25,CUST0537,view,56.66,mobile
EVT0501857,2026-10-03 10:27:00,CUST0367,refund,87.09,web
EVT0500929,2026-10-02 13:59:00,CUST0436,refund,143.73,mobile
EVT0502021,2026-10-05 05:58:00,CUST0531,refund,147.77,mobile
EVT0505068,2026-10-07 04:39:03,CUST0587,purchase,75.16,api
EVT0505598,2026-10-07 14:31:45,CUST0120,view,71.26,web
EVT0501828,2026-10-05 08:18:00,CUST0338,purchase,76.36,api
EVT0501095,2026-10-04 03:42:00,CUST0602,signup,5.15,web
EVT0504656,2026-10-07 07:57:20,CUST0175,purchase,122.72,web
EVT0500082,2026-10-05 10:56:00,CUST0586,view,30.34,api
EVT0503289,2026-10-09 03:10:48,CUST0802,refund,16.93,api
EVT0503826,2026-10-08 22:33:04,CUST0342,view,15.62,api
EVT0502564,2026-10-03 05:36:00,CUST0077,purchase,148.68,mobile
EVT0504298,2026-10-08 17:55:12,CUST0814,view,190.26,mobile
EVT0500837,2026-10-02 08:49:00,CUST0344,refund,109.69,web
EVT0505198,2026-10-06 21:40:10,CUST0717,view,123.26,mobile
EVT0505768,2026-10-08 10:16:42,CUST0290,purchase,134.16,mobile
EVT0501874,2026-10-05 16:33:00,CUST0384,view,93.38,mobile
EVT0500700,2026-10-05 03:06:00,CUST0207,purchase,59.00,api
EVT0501288,2026-10-03 03:06:00,CUST0795,purchase,76.56,api
EVT0502849,2026-10-07 01:15:46,CUST0362,refund,54.13,mobile
EVT0501393,2026-10-05 17:59:00,CUST0900,refund,115.41,api
EVT0503103,2026-10-07 17:11:28,CUST0616,signup,148.11,api
EVT0501665,2026-10-04 17:28:00,CUST0175,refund,16.05,web
EVT0502991,2026-10-07 09:22:23,CUST0504,signup,106.67,web
EVT0502819,2026-10-06 04:07:27,CUST0332,signup,43.03,mobile
EVT0503680,2026-10-09 03:44:22,CUST0196,purchase,161.60,mobile
EVT0500052,2026-10-02 07:29:00,CUST0556,purchase,19.24,api
EVT0501631,2026-10-03 21:12:00,CUST0141,signup,3.47,mobile
EVT0501969,2026-10-04 17:06:00,CUST0479,refund,128.53,api
EVT0505552,2026-10-07 03:55:51,CUST0074,purchase,54.24,mobile
EVT0503380,2026-10-06 19:31:25,CUST0893,purchase,50.60,mobile
EVT0504775,2026-10-07 13:38:05,CUST0294,signup,166.75,mobile
EVT0501611,2026-10-02 19:16:00,CUST0121,signup,196.07,web
EVT0501693,2026-10-04 05:56:00,CUST0203,refund,26.41,api
EVT0505006,2026-10-09 15:50:14,CUST0525,view,52.22,mobile
EVT0505739,2026-10-09 01:19:31,CUST0261,signup,123.43,web
EVT0504824,2026-10-06 04:42:27,CUST0343,purchase,184.88,web
EVT0501366,2026-10-02 08:44:00,CUST0873,view,105.42,api
EVT0505041,2026-10-06 09:02:09,CUST0560,refund,65.17,api
EVT0502647,2026-10-08 19:22:52,CUST0160,signup,179.39,api
EVT0502753,2026-10-06 10:39:53,CUST0266,refund,18.61,mobile
EVT0501400,2026-10-04 09:12:00,CUST0907,purchase,118.00,mobile
EVT0500766,2026-10-06 01:52:00,CUST0273,view,83.42,api
EVT0504266,2026-10-08 22:49:42,CUST0782,view,178.42,web
EVT0502913,2026-10-06 08:23:14,CUST0426,refund,77.81,web
EVT0501672,2026-10-02 15:46:00,CUST0182,purchase,18.64,api
EVT0503211,2026-10-09 04:41:26,CUST0724,signup,188.07,api
EVT0502383,2026-10-05 03:52:00,CUST0893,signup,81.71,api
EVT0505781,2026-10-09 21:27:17,CUST0303,refund,138.97,web
EVT0502504,2026-10-03 02:47:00,CUST0017,purchase,126.48,mobile
EVT0500323,2026-10-04 23:25:00,CUST0827,signup,119.51,mobile
EVT0505949,2026-10-07 04:47:48,CUST0471,refund,1.13,web
EVT0502254,2026-10-05 23:58:00,CUST0764,view,33.98,api
EVT0500675,2026-10-04 06:02:00,CUST0182,signup,49.75,web
EVT0500542,2026-10-05 18:49:00,CUST0049,view,0.54,mobile
EVT0504821,2026-10-09 19:32:26,CUST0340,refund,183.77,web
EVT0504073,2026-10-06 04:26:28,CUST0589,refund,107.01,mobile
EVT0503593,2026-10-09 21:24:43,CUST0109,refund,129.41,mobile
EVT0500914,2026-10-03 03:02:00,CUST0421,view,138.18,mobile
EVT0504650,2026-10-09 02:34:43,CUST0169,view,120.50,web
EVT0501130,2026-10-04 07:49:00,CUST0637,view,18.10,mobile
EVT0501805,2026-10-03 03:06:00,CUST0315,refund,67.85,mobile
EVT0502013,2026-10-05 21:15:00,CUST0523,refund,144.81,web
EVT0502905,2026-10-07 20:43:51,CUST0418,refund,74.85,api
EVT0502191,2026-10-04 18:29:00,CUST0701,signup,10.67,api
EVT0504483,2026-10-09 03:44:18,CUST0002,signup,58.71,api
EVT0504095,2026-10-08 13:09:56,CUST0611,signup,115.15,web
EVT0501771,2026-10-05 01:03:00,CUST0281,signup,55.27,api
EVT0503846,2026-10-06 23:45:58,CUST0362,view,23.02,web
EVT0504318,2026-10-06 05:19:58,CUST0834,view,197.66,api
EVT0500421,2026-10-04 12:43:00,CUST0925,refund,155.77,api
EVT0505506,2026-10-06 14:42:14,CUST0028,view,37.22,api
EVT0500918,2026-10-05 10:56:00,CUST0425,view,139.66,web
EVT0501900,2026-10-02 20:13:00,CUST0410,purchase,103.00,api
EVT0504437,2026-10-09 13:13:07,CUST0953,refund,41.69,web
EVT0505045,2026-10-08 20:01:36,CUST0564,refund,66.65,mobile
EVT0503783,2026-10-08 16:03:28,CUST0299,signup,199.71,web
EVT0501396,2026-10-02 03:35:00,CUST0903,purchase,116.52,api
EVT0504284,2026-10-08 00:42:53,CUST0800,purchase,185.08,web
EVT0504379,2026-10-06 21:43:55,CUST0895,signup,20.23,mobile
EVT0500203,2026-10-04 18:48:00,CUST0707,signup,75.11,mobile
EVT0503223,2026-10-08 11:13:04,CUST0736,signup,192.51,api
EVT0503888,2026-10-09 05:43:36,CUST0404,purchase,38.56,web
EVT0503436,2026-10-06 15:25:11,CUST0949,purchase,71.32,api
EVT0500063,2026-10-05 21:13:00,CUST0567,signup,23.31,web
EVT0503156,2026-10-06 13:58:39,CUST0669,purchase,167.72,web
EVT0504201,2026-10-09 05:05:15,CUST0717,refund,154.37,api
EVT0503530,2026-10-07 01:12:18,CUST0046,view,106.10,mobile
EVT0501871,2026-10-04 10:53:00,CUST0381,signup,92.27,mobile
EVT0504152,2026-10-08 17:16:50,CUST0668,purchase,136.24,web
EVT0504917,2026-10-07 06:43:46,CUST0436,refund,19.29,web
EVT0503853,2026-10-09 23:05:39,CUST0369,refund,25.61,api
EVT0501292,2026-10-03 02:30:00,CUST0799,purchase,78.04,mobile
EVT0503421,2026-10-07 09:34:14,CUST0934,refund,65.77,api
EVT0501882,2026-10-03 04:38:00,CUST0392,view,96.34,api
EVT0500337,2026-10-02 06:01:00,CUST0841,refund,124.69,api
EVT0504965,2026-10-08 22:58:50,CUST0484,refund,37.05,web
EVT0505690,2026-10-09 06:03:08,CUST0212,view,105.30,mobile
EVT0504570,2026-10-09 07:02:55,CUST0089,view,90.90,api
EVT0503860,2026-10-08 13:42:48,CUST0376,purchase,28.20,mobile
EVT0505519,2026-10-09 08:56:11,CUST0041,signup,42.03,mobile
EVT0500411,2026-10-02 22:39:00,CUST0915,signup,152.07,web
EVT0501467,2026-10-03 06:19:00,CUST0974,signup,142.79,web
EVT0503162,2026-10-07 22:28:56,CUST0675,view,169.94,web
EVT0505392,2026-10-09 13:58:37,CUST0911,purchase,195.04,api
EVT0501872,2026-10-04 10:21:00,CUST0382,purchase,92.64,web
EVT0501249,2026-10-03 11:27:00,CUST0756,refund,62.13,api
EVT0502165,2026-10-03 00:38:00,CUST0675,refund,1.05,mobile
EVT0503200,2026-10-06 16:50:28,CUST0713,purchase,184.00,mobile
EVT0501352,2026-10-03 12:25:00,CUST0859,purchase,100.24,mobile
EVT0503141,2026-10-10 03:17:39,CUST0654,refund,162.17,web
EVT0500688,2026-10-05 17:52:00,CUST0195,purchase,54.56,api
EVT0500321,2026-10-03 05:09:00,CUST0825,refund,118.77,web
EVT0505120,2026-10-08 14:42:40,CUST0639,purchase,94.40,mobile
EVT0501013,2026-10-04 00:48:00,CUST0520,refund,174.81,mobile
EVT0504206,2026-10-06 08:36:15,CUST0722,view,156.22,web
EVT0503157,2026-10-08 11:28:23,CUST0670,refund,168.09,api
EVT0501917,2026-10-03 11:05:00,CUST0427,refund,109.29,web
EVT0503055,2026-10-07 14:35:06,CUST0568,signup,130.35,api
EVT0503924,2026-10-10 02:55:20,CUST0440,purchase,51.88,web
EVT0504789,2026-10-08 02:50:43,CUST0308,refund,171.93,api
EVT0501501,2026-10-06 02:03:00,CUST0011,refund,155.37,api
EVT0501093,2026-10-04 16:36:00,CUST0600,refund,4.41,api
EVT0500635,2026-10-04 09:51:00,CUST0142,signup,34.95,mobile
EVT0504253,2026-10-06 20:34:16,CUST0769,refund,173.61,mobile
EVT0504129,2026-10-09 07:18:13,CUST0645,refund,127.73,api
EVT0501670,2026-10-04 00:25:00,CUST0180,view,17.90,mobile
EVT0503833,2026-10-09 03:36:39,CUST0349,refund,18.21,mobile
EVT0503284,2026-10-07 17:33:36,CUST0797,purchase,15.08,mobile
EVT0505375,2026-10-06 18:55:57,CUST0894,signup,188.75,mobile
EVT0500364,2026-10-05 19:15:00,CUST0868,purchase,134.68,api
EVT0505872,2026-10-07 17:52:11,CUST0394,purchase,172.64,api
EVT0502651,2026-10-08 09:35:25,CUST0164,signup,180.87,mobile
EVT0505937,2026-10-07 13:21:43,CUST0459,refund,196.69,web
EVT0505414,2026-10-08 18:42:48,CUST0933,view,3.18,mobile
EVT0503100,2026-10-07 19:37:02,CUST0613,purchase,147.00,api
EVT0501982,2026-10-05 06:49:00,CUST0492,view,133.34,mobile
EVT0503576,2026-10-07 05:41:30,CUST0092,purchase,123.12,web
EVT0502313,2026-10-02 11:30:00,CUST0823,refund,55.81,web
EVT0501466,2026-10-05 01:50:00,CUST0973,view,142.42,mobile
EVT0505701,2026-10-07 08:38:29,CUST0223,refund,109.37,api
EVT0505486,2026-10-06 16:28:39,CUST0008,view,29.82,mobile
EVT0503518,2026-10-09 00:43:05,CUST0034,view,101.66,mobile
EVT0504844,2026-10-06 15:30:34,CUST0363,purchase,192.28,mobile
EVT0501462,2026-10-04 22:05:00,CUST0969,view,140.94,api
EVT0505579,2026-10-06 08:19:08,CUST0101,signup,64.23,mobile
EVT0502724,2026-10-09 08:10:49,CUST0237,purchase,7.88,web
EVT0500212,2026-10-05 08:30:00,CUST0716,purchase,78.44,mobile
EVT0504209,2026-10-07 18:14:28,CUST0725,refund,157.33,web
EVT0500669,2026-10-06 01:17:00,CUST0176,refund,47.53,web
EVT0500915,2026-10-05 04:34:00,CUST0422,signup,138.55,web
EVT0500454,2026-10-02 06:14:00,CUST0958,view,167.98,api
EVT0502931,2026-10-07 16:20:03,CUST0444,signup,84.47,web
EVT0505382,2026-10-09 15:35:00,CUST0901,view,191.34,web
EVT0505837,2026-10-08 17:37:50,CUST0359,refund,159.69,mobile
EVT0503062,2026-10-06 14:57:42,CUST0575,view,132.94,mobile
EVT0503240,2026-10-06 23:37:01,CUST0753,purchase,198.80,web
EVT0502288,2026-10-02 07:56:00,CUST0798,purchase,46.56,mobile
EVT0502766,2026-10-09 17:31:01,CUST0279,view,23.42,web
EVT0505994,2026-10-07 01:26:21,CUST0516,view,17.78,web
EVT0504380,2026-10-08 17:53:14,CUST0896,purchase,20.60,web
EVT0503904,2026-10-07 12:39:46,CUST0420,purchase,44.48,api
EVT0503811,2026-10-06 10:52:45,CUST0327,signup,10.07,api
EVT0504148,2026-10-07 07:38:37,CUST0664,purchase,134.76,mobile
EVT0500927,2026-10-04 23:16:00,CUST0434,signup,142.99,web
EVT0504340,2026-10-06 10:23:55,CUST0856,purchase,5.80,mobile
EVT0504045,2026-10-07 16:19:43,CUST0561,refund,96.65,api
EVT0505663,2026-10-09 07:54:55,CUST0185,signup,95.31,mobile
EVT0501006,2026-10-05 13:02:00,CUST0513,view,172.22,api
EVT0502699,2026-10-07 02:52:56,CUST0212,signup,198.63,mobile
EVT0500402,2026-10-03 08:53:00,CUST0906,view,148.74,web
EVT0504833,2026-10-06 10:42:51,CUST0352,refund,188.21,web
EVT0503329,2026-10-07 07:46:49,CUST0842,refund,31.73,mobile
EVT0505815,2026-10-08 08:26:29,CUST0337,signup,151.55,api
EVT0505151,2026-10-07 03:08:30,CUST0670,signup,105.87,web
EVT0501405,2026-10-05 07:18:00,CUST0912,refund,119.85,api
EVT0504357,2026-10-06 22:40:04,CUST0873,refund,12.09,api
EVT0505191,2026-10-08 04:03:07,CUST0710,signup,120.67,api
EVT0501219,2026-10-02 05:22:00,CUST0726,signup,51.03,api
EVT0500093,2026-10-05 05:28:00,CUST0597,refund,34.41,web
EVT0502521,2026-10-04 21:08:00,CUST0034,refund,132.77,api
EVT0500878,2026-10-05 23:37:00,CUST0385,view,124.86,mobile
EVT0502266,2026-10-03 12:11:00,CUST0776,view,38.42,api
EVT0500625,2026-10-04 21:33:00,CUST0132,refund,31.25,api
EVT0503230,2026-10-09 15:32:37,CUST0743,view,195.10,mobile
EVT0503181,2026-10-08 00:41:19,CUST0694,refund,176.97,api
EVT0503549,2026-10-09 01:01:42,CUST0065,refund,113.13,web
EVT0502003,2026-10-06 03:17:00,CUST0513,signup,141.11,mobile
EVT0501849,2026-10-04 18:28:00,CUST0359,refund,84.13,api
EVT0505660,2026-10-06 13:36:51,CUST0182,purchase,94.20,mobile
EVT0504679,2026-10-08 23:05:29,CUST0198,signup,131.23,mobile
EVT0500972,2026-10-02 14:36:00,CUST0479,purchase,159.64,web
EVT0500623,2026-10-03 15:15:00,CUST0130,signup,30.51,mobile
EVT0501767,2026-10-02 18:31:00,CUST0277,signup,53.79,web
EVT0504351,2026-10-08 08:41:09,CUST0867,signup,9.87,api
EVT0501627,2026-10-05 05:08:00,CUST0137,signup,1.99,api
EVT0501621,2026-10-02 06:17:00,CUST0131,refund,199.77,api
EVT0505130,2026-10-06 09:26:43,CUST0649,view,98.10,web
EVT0501704,2026-10-02 18:47:00,CUST0214,purchase,30.48,web
EVT0500839,2026-10-04 13:24:00,CUST0346,signup,110.43,mobile
EVT0501753,2026-10-03 16:34:00,CUST0263,refund,48.61,api
EVT0504531,2026-10-09 11:18:11,CUST0050,signup,76.47,api
EVT0501448,2026-10-02 14:09:00,CUST0955,purchase,135.76,mobile
EVT0502575,2026-10-05 12:29:00,CUST0088,signup,152.75,api
EVT0501456,2026-10-03 00:16:00,CUST0963,purchase,138.72,api
EVT0505665,2026-10-06 04:19:39,CUST0187,refund,96.05,api
EVT0502088,2026-10-04 21:44:00,CUST0598,purchase,172.56,web
EVT0501888,2026-10-05 21:04:00,CUST0398,purchase,98.56,api
EVT0505523,2026-10-06 23:15:20,CUST0045,signup,43.51,web
EVT0504670,2026-10-08 23:23:56,CUST0189,view,127.90,mobile
EVT0503877,2026-10-09 06:52:38,CUST0393,refund,34.49,api
EVT0502042,2026-10-04 03:53:00,CUST0552,view,155.54,mobile
EVT0501566,2026-10-04 14:15:00,CUST0076,view,179.42,web
EVT0500176,2026-10-06 02:32:00,CUST0680,purchase,65.12,mobile
EVT0503178,2026-10-06 19:31:23,CUST0691,view,175.86,api
EVT0501321,2026-10-02 16:15:00,CUST0828,refund,88.77,api
EVT0505297,2026-10-09 01:57:50,CUST0816,refund,159.89,mobile
EVT0504512,2026-10-07 11:55:01,CUST0031,purchase,69.44,web
EVT0504402,2026-10-09 12:31:28,CUST0918,view,28.74,api
EVT0505263,2026-10-08 01:12:06,CUST0782,signup,147.31,api
EVT0501877,2026-10-03 12:52:00,CUST0387,refund,94.49,mobile
EVT0502369,2026-10-04 13:11:00,CUST0879,refund,76.53,mobile
EVT0500511,2026-10-05 21:55:00,CUST0018,signup,189.07,api
EVT0500999,2026-10-03 16:13:00,CUST0506,signup,169.63,web
EVT0505998,2026-10-10 01:39:44,CUST0520,view,19.26,api
EVT0502846,2026-10-09 17:14:44,CUST0359,view,53.02,mobile
EVT0501893,2026-10-02 15:22:00,CUST0403,refund,100.41,web
EVT0500426,2026-10-05 03:16:00,CUST0930,view,157.62,web
EVT0501783,2026-10-03 16:45:00,CUST0293,signup,59.71,api
EVT0504957,2026-10-08 01:12:43,CUST0476,refund,34.09,api
EVT0504949,2026-10-08 02:46:35,CUST0468,refund,31.13,mobile
EVT0505628,2026-10-09 03:42:08,CUST0150,purchase,82.36,web
EVT0505715,2026-10-06 16:03:41,CUST0237,signup,114.55,web
EVT0504252,2026-10-06 19:01:29,CUST0768,purchase,173.24,api
EVT0505993,2026-10-08 07:09:07,CUST0515,refund,17.41,mobile
EVT0505036,2026-10-09 04:37:51,CUST0555,purchase,63.32,mobile
EVT0503537,2026-10-08 06:17:18,CUST0053,refund,108.69,web
EVT0504550,2026-10-09 20:41:19,CUST0069,view,83.50,mobile
EVT0503728,2026-10-08 09:31:50,CUST0244,purchase,179.36,mobile
EVT0502605,2026-10-08 21:29:46,CUST0118,refund,163.85,api
EVT0503325,2026-10-09 07:52:59,CUST0838,refund,30.25,api
EVT0504672,2026-10-08 09:38:43,CUST0191,purchase,128.64,api
EVT0504198,2026-10-08 18:17:01,CUST0714,view,153.26,api
EVT0504289,2026-10-10 01:48:48,CUST0805,refund,186.93,mobile
EVT0505429,2026-10-09 20:00:21,CUST0948,refund,8.73,mobile
EVT0500701,2026-10-04 17:40:00,CUST0208,refund,59.37,mobile
EVT0500560,2026-10-05 04:27:00,CUST0067,purchase,7.20,mobile
EVT0503457,2026-10-10 02:21:03,CUST0970,refund,79.09,api
EVT0505430,2026-10-08 07:49:21,CUST0949,view,9.10,web
EVT0501187,2026-10-03 11:26:00,CUST0694,signup,39.19,mobile
EVT0503704,2026-10-08 10:38:57,CUST0220,purchase,170.48,mobile
EVT0505341,2026-10-09 13:16:31,CUST0860,refund,176.17,api
EVT0500491,2026-10-03 14:36:00,CUST0995,signup,181.67,mobile
EVT0502607,2026-10-06 09:43:02,CUST0120,signup,164.59,web
EVT0502802,2026-10-06 13:56:43,CUST0315,view,36.74,web
EVT0503026,2026-10-08 23:18:39,CUST0539,view,119.62,mobile
EVT0505072,2026-10-06 21:56:21,CUST0591,purchase,76.64,mobile
EVT0502310,2026-10-05 19:51:00,CUST0820,view,54.70,web
EVT0500333,2026-10-02 13:56:00,CUST0837,refund,123.21,web
EVT0502883,2026-10-07 18:45:54,CUST0396,signup,66.71,web
EVT0501736,2026-10-02 05:50:00,CUST0246,purchase,42.32,mobile
EVT0505970,2026-10-08 13:27:26,CUST0492,view,8.90,web
EVT0502243,2026-10-04 20:36:00,CUST0753,signup,29.91,mobile
EVT0502871,2026-10-06 12:05:09,CUST0384,signup,62.27,web
EVT0504294,2026-10-09 12:54:35,CUST0810,view,188.78,api
EVT0503207,2026-10-09 18:39:02,CUST0720,signup,186.59,web
EVT0501346,2026-10-05 19:14:00,CUST0853,view,98.02,mobile
EVT0503241,2026-10-09 23:23:09,CUST0754,refund,199.17,api
EVT0503950,2026-10-06 12:37:41,CUST0466,view,61.50,mobile
EVT0502989,2026-10-06 20:02:23,CUST0502,refund,105.93,api
EVT0504325,2026-10-06 21:15:04,CUST0841,refund,0.25,mobile
EVT0500049,2026-10-02 06:52:00,CUST0553,refund,18.13,api
EVT0504742,2026-10-10 02:13:55,CUST0261,view,154.54,mobile
EVT0502098,2026-10-05 00:12:00,CUST0608,view,176.26,api
EVT0500455,2026-10-02 03:48:00,CUST0959,signup,168.35,mobile
EVT0501460,2026-10-05 02:50:00,CUST0967,purchase,140.20,mobile
EVT0501886,2026-10-03 02:53:00,CUST0396,view,97.82,mobile
EVT0500353,2026-10-04 22:10:00,CUST0857,refund,130.61,mobile
EVT0500908,2026-10-03 04:06:00,CUST0415,purchase,135.96,mobile
EVT0505864,2026-10-06 13:01:59,CUST0386,purchase,169.68,mobile
EVT0502101,2026-10-05 14:13:00,CUST0611,refund,177.37,api
EVT0500406,2026-10-05 21:35:00,CUST0910,view,150.22,api
EVT0502859,2026-10-07 05:34:02,CUST0372,signup,57.83,web
EVT0505112,2026-10-08 02:45:12,CUST0631,purchase,91.44,web
EVT0503111,2026-10-08 02:48:10,CUST0624,signup,151.07,web
EVT0502546,2026-10-02 17:40:00,CUST0059,view,142.02,mobile
EVT0504032,2026-10-09 00:10:28,CUST0548,purchase,91.84,web
EVT0505076,2026-10-07 00:34:16,CUST0595,purchase,78.12,web
EVT0503378,2026-10-06 08:23:44,CUST0891,view,49.86,web
EVT0505534,2026-10-10 01:11:24,CUST0056,view,47.58,mobile
EVT0500452,2026-10-03 19:48:00,CUST0956,purchase,167.24,mobile
EVT0503247,2026-10-08 00:58:14,CUST0760,signup,1.39,api
EVT0500852,2026-10-05 04:23:00,CUST0359,purchase,115.24,web
EVT0500177,2026-10-02 15:26:00,CUST0681,refund,65.49,web
EVT0502565,2026-10-05 21:44:00,CUST0078,refund,149.05,web
EVT0501127,2026-10-04 01:56:00,CUST0634,signup,16.99,mobile
EVT0504644,2026-10-07 02:33:28,CUST0163,purchase,118.28,web
EVT0501126,2026-10-03 17:39:00,CUST0633,view,16.62,api
EVT0500964,2026-10-05 13:50:00,CUST0471,purchase,156.68,api
EVT0500874,2026-10-05 05:07:00,CUST0381,view,123.38,api
EVT0505950,2026-10-07 23:43:25,CUST0472,view,1.50,api
EVT0505342,2026-10-09 01:46:52,CUST0861,view,176.54,mobile
EVT0500136,2026-10-06 00:47:00,CUST0640,purchase,50.32,api
EVT0501758,2026-10-02 18:18:00,CUST0268,view,50.46,web
EVT0501722,2026-10-03 06:42:00,CUST0232,view,37.14,web
EVT0500884,2026-10-05 15:26:00,CUST0391,purchase,127.08,mobile
EVT0504792,2026-10-09 07:30:47,CUST0311,purchase,173.04,api
EVT0504165,2026-10-06 21:32:21,CUST0681,refund,141.05,api
EVT0502321,2026-10-04 02:08:00,CUST0831,refund,58.77,mobile
EVT0505926,2026-10-06 09:59:37,CUST0448,view,192.62,api
EVT0504638,2026-10-09 06:55:41,CUST0157,view,116.06,web
EVT0500022,2026-10-03 06:45:00,CUST0526,view,8.14,api
EVT0502073,2026-10-04 01:35:00,CUST0583,refund,167.01,web
EVT0504313,2026-10-07 08:39:57,CUST0829,refund,195.81,mobile
EVT0501617,2026-10-05 05:46:00,CUST0127,refund,198.29,web
EVT0502764,2026-10-06 15:39:05,CUST0277,purchase,22.68,api
EVT0501516,2026-10-03 03:15:00,CUST0026,purchase,160.92,api
EVT0505742,2026-10-07 16:47:19,CUST0264,view,124.54,web
EVT0504479,2026-10-09 04:58:09,CUST0995,signup,57.23,web
EVT0501703,2026-10-03 16:14:00,CUST0213,signup,30.11,mobile
EVT0502104,2026-10-05 03:57:00,CUST0614,purchase,178.48,api
EVT0500630,2026-10-05 13:19:00,CUST0137,view,33.10,web
EVT0501802,2026-10-05 23:43:00,CUST0312,view,66.74,mobile
EVT0505400,2026-10-09 18:08:54,CUST0919,purchase,198.00,web
EVT0504286,2026-10-07 12:17:30,CUST0802,view,185.82,mobile
EVT0500078,2026-10-02 17:46:00,CUST0582,view,28.86,web
EVT0502408,2026-10-05 22:39:00,CUST0918,purchase,90.96,mobile
EVT0504083,2026-10-07 23:32:32,CUST0599,signup,110.71,web
EVT0500750,2026-10-05 01:44:00,CUST0257,view,77.50,web
EVT0502964,2026-10-06 14:57:15,CUST0477,purchase,96.68,web
EVT0501511,2026-10-05 07:00:00,CUST0021,signup,159.07,mobile
EVT0501560,2026-10-04 18:09:00,CUST0070,purchase,177.20,web
EVT0501063,2026-10-04 08:49:00,CUST0570,signup,193.31,api
EVT0504416,2026-10-07 06:43:54,CUST0932,purchase,33.92,web
EVT0503706,2026-10-09 21:26:38,CUST0222,view,171.22,api
EVT0503411,2026-10-07 05:22:01,CUST0924,signup,62.07,web
EVT0501712,2026-10-04 19:36:00,CUST0222,purchase,33.44,mobile
EVT0505821,2026-10-08 11:00:42,CUST0343,refund,153.77,api
EVT0503285,2026-10-06 13:08:00,CUST0798,refund,15.45,web
EVT0503568,2026-10-08 13:27:44,CUST0084,purchase,120.16,api
EVT0502102,2026-10-04 09:02:00,CUST0612,view,177.74,mobile
EVT0504690,2026-10-08 05:17:21,CUST0209,view,135.30,api
EVT0501377,2026-10-05 14:28:00,CUST0884,refund,109.49,web
EVT0501153,2026-10-03 06:18:00,CUST0660,refund,26.61,api
EVT0505463,2026-10-06 19:48:01,CUST0982,signup,21.31,web
EVT0505652,2026-10-08 09:42:21,CUST0174,purchase,91.24,web
EVT0504174,2026-10-09 17:53:13,CUST0690,view,144.38,api
EVT0502238,2026-10-04 11:46:00,CUST0748,view,28.06,web
EVT0503862,2026-10-07 17:58:27,CUST0378,view,28.94,api
EVT0503007,2026-10-08 13:05:09,CUST0520,signup,112.59,api
EVT0505830,2026-10-06 04:40:23,CUST0352,view,157.10,api
EVT0504932,2026-10-09 23:07:04,CUST0451,purchase,24.84,web
EVT0502478,2026-10-02 05:10:00,CUST0988,view,116.86,web
EVT0503490,2026-10-08 21:22:31,CUST0006,view,91.30,api
EVT0502828,2026-10-08 20:48:00,CUST0341,purchase,46.36,mobile
EVT0505484,2026-10-07 02:22:51,CUST0006,purchase,29.08,web
EVT0505223,2026-10-07 16:00:27,CUST0742,signup,132.51,web
EVT0500619,2026-10-05 20:33:00,CUST0126,signup,29.03,api
EVT0500257,2026-10-02 19:31:00,CUST0761,refund,95.09,mobile
EVT0501649,2026-10-04 14:33:00,CUST0159,refund,10.13,mobile
EVT0502831,2026-10-08 08:09:07,CUST0344,signup,47.47,mobile
EVT0501102,2026-10-04 13:18:00,CUST0609,view,7.74,api
EVT0504478,2026-10-07 17:09:13,CUST0994,view,56.86,mobile
EVT0500745,2026-10-03 12:07:00,CUST0252,refund,75.65,api
EVT0505032,2026-10-09 16:29:31,CUST0551,purchase,61.84,api
EVT0505996,2026-10-07 01:44:31,CUST0518,purchase,18.52,mobile
EVT0503762,2026-10-07 10:51:15,CUST0278,view,191.94,web
EVT0505333,2026-10-09 23:10:14,CUST0852,refund,173.21,mobile
EVT0505892,2026-10-09 02:20:23,CUST0414,purchase,180.04,web
EVT0500899,2026-10-04 21:03:00,CUST0406,signup,132.63,mobile
EVT0505861,2026-10-07 23:19:26,CUST0383,refund,168.57,mobile
EVT0502518,2026-10-04 22:35:00,CUST0031,view,131.66,api
EVT0501469,2026-10-05 20:27:00,CUST0976,refund,143.53,mobile
EVT0505432,2026-10-09 02:45:12,CUST0951,purchase,9.84,mobile
EVT0500887,2026-10-05 07:41:00,CUST0394,signup,128.19,mobile
EVT0503577,2026-10-08 08:47:27,CUST0093,refund,123.49,api
EVT0500847,2026-10-03 13:16:00,CUST0354,signup,113.39,api
EVT0502600,2026-10-09 21:33:03,CUST0113,purchase,162.00,mobile
EVT0505176,2026-10-07 04:52:38,CUST0695,purchase,115.12,api
EVT0505942,2026-10-07 11:27:59,CUST0464,view,198.54,mobile
EVT0503714,2026-10-09 14:43:37,CUST0230,view,174.18,web
EVT0503334,2026-10-09 11:25:48,CUST0847,view,33.58,api
EVT0504387,2026-10-06 17:54:34,CUST0903,signup,23.19,api
EVT0503209,2026-10-09 22:28:43,CUST0722,refund,187.33,mobile
EVT0502870,2026-10-09 15:19:56,CUST0383,view,61.90,mobile
EVT0501883,2026-10-05 07:53:00,CUST0393,signup,96.71,mobile
EVT0502124,2026-10-05 08:59:00,CUST0634,purchase,185.88,web
EVT0500295,2026-10-02 22:48:00,CUST0799,signup,109.15,api
EVT0503928,2026-10-07 11:38:03,CUST0444,purchase,53.36,api
EVT0504676,2026-10-07 18:49:53,CUST0195,purchase,130.12,mobile
EVT0503802,2026-10-09 05:35:48,CUST0318,view,6.74,api
EVT0500073,2026-10-04 17:14:00,CUST0577,refund,27.01,api
EVT0501026,2026-10-05 18:58:00,CUST0533,view,179.62,web
EVT0501992,2026-10-04 01:56:00,CUST0502,purchase,137.04,web
EVT0500959,2026-10-03 07:40:00,CUST0466,signup,154.83,mobile
EVT0501483,2026-10-02 07:32:00,CUST0990,signup,148.71,api
EVT0500306,2026-10-03 23:55:00,CUST0810,view,113.22,web
EVT0505266,2026-10-06 04:27:54,CUST0785,view,148.42,api
EVT0503649,2026-10-07 17:46:42,CUST0165,refund,150.13,api
EVT0501604,2026-10-02 05:28:00,CUST0114,purchase,193.48,mobile
EVT0501855,2026-10-05 21:01:00,CUST0365,signup,86.35,api
EVT0503734,2026-10-09 13:53:55,CUST0250,view,181.58,mobile
EVT0500859,2026-10-02 10:54:00,CUST0366,signup,117.83,api
EVT0501820,2026-10-04 00:39:00,CUST0330,purchase,73.40,mobile
EVT0503073,2026-10-06 05:47:24,CUST0586,refund,137.01,api
EVT0505623,2026-10-06 09:22:20,CUST0145,signup,80.51,api
EVT0502375,2026-10-05 00:23:00,CUST0885,signup,78.75,mobile
EVT0500690,2026-10-04 11:26:00,CUST0197,view,55.30,web
EVT0502763,2026-10-08 03:56:34,CUST0276,signup,22.31,web
EVT0500948,2026-10-03 21:07:00,CUST0455,purchase,150.76,web
EVT0504352,2026-10-07 07:40:50,CUST0868,purchase,10.24,mobile
EVT0503584,2026-10-09 09:16:43,CUST0100,purchase,126.08,mobile
EVT0503017,2026-10-09 22:07:53,CUST0530,refund,116.29,mobile
EVT0501142,2026-10-05 02:58:00,CUST0649,view,22.54,mobile
EVT0505538,2026-10-09 13:43:17,CUST0060,view,49.06,web
EVT0502776,2026-10-06 19:16:16,CUST0289,purchase,27.12,api
EVT0505213,2026-10-08 02:54:53,CUST0732,refund,128.81,mobile
EVT0503675,2026-10-09 07:00:22,CUST0191,signup,159.75,web
EVT0501904,2026-10-02 14:11:00,CUST0414,purchase,104.48,mobile
EVT0502930,2026-10-06 10:52:37,CUST0443,view,84.10,mobile
EVT0503126,2026-10-07 12:09:31,CUST0639,view,156.62,web
EVT0504020,2026-10-07 22:51:43,CUST0536,purchase,87.40,web
EVT0504076,2026-10-06 16:50:45,CUST0592,purchase,108.12,mobile
EVT0502484,2026-10-04 14:43:00,CUST0994,purchase,119.08,web
EVT0505121,2026-10-08 04:12:45,CUST0640,refund,94.77,web
EVT0500772,2026-10-04 04:20:00,CUST0279,purchase,85.64,api
EVT0503638,2026-10-06 05:38:02,CUST0154,view,146.06,mobile
EVT0505697,2026-10-09 23:10:14,CUST0219,refund,107.89,web
EVT0500785,2026-10-05 22:11:00,CUST0292,refund,90.45,mobile
EVT0503151,2026-10-07 23:43:15,CUST0664,signup,165.87,api
EVT0504501,2026-10-09 17:11:42,CUST0020,refund,65.37,api
EVT0501232,2026-10-05 16:02:00,CUST0739,purchase,55.84,mobile
EVT0501019,2026-10-04 03:21:00,CUST0526,signup,177.03,mobile
EVT0505825,2026-10-09 18:06:36,CUST0347,refund,155.25,mobile
EVT0505167,2026-10-06 22:06:44,CUST0686,signup,111.79,api
EVT0505048,2026-10-08 23:39:29,CUST0567,purchase,67.76,mobile
EVT0503986,2026-10-08 06:55:37,CUST0502,view,74.82,mobile
EVT0500901,2026-10-02 03:46:00,CUST0408,refund,133.37,api
EVT0504182,2026-10-06 14:41:10,CUST0698,view,147.34,web
EVT0505686,2026-10-09 00:30:24,CUST0208,view,103.82,api
EVT0501519,2026-10-02 08:46:00,CUST0029,signup,162.03,api
EVT0502356,2026-10-03 15:32:00,CUST0866,purchase,71.72,api
EVT0505544,2026-10-09 01:24:26,CUST0066,purchase,51.28,web
EVT0501902,2026-10-04 16:49:00,CUST0412,view,103.74,web
EVT0500843,2026-10-02 11:07:00,CUST0350,signup,111.91,web
EVT0504492,2026-10-06 18:21:45,CUST0011,purchase,62.04,api
EVT0501839,2026-10-04 13:49:00,CUST0349,signup,80.43,web
EVT0503253,2026-10-06 04:09:00,CUST0766,refund,3.61,api
EVT0503870,2026-10-07 17:58:32,CUST0386,view,31.90,web
EVT0502032,2026-10-05 14:43:00,CUST0542,purchase,151.84,api
EVT0504739,2026-10-09 17:36:08,CUST0258,signup,153.43,mobile
EVT0503543,2026-10-08 08:26:49,CUST0059,signup,110.91,web
EVT0505718,2026-10-09 07:21:12,CUST0240,view,115.66,web
EVT0504116,2026-10-09 17:05:16,CUST0632,purchase,122.92,web
EVT0505347,2026-10-06 23:57:40,CUST0866,signup,178.39,api
EVT0501510,2026-10-02 09:30:00,CUST0020,view,158.70,api
EVT0504484,2026-10-09 15:17:12,CUST0003,purchase,59.08,mobile
EVT0501512,2026-10-04 18:48:00,CUST0022,purchase,159.44,web
EVT0500717,2026-10-05 03:35:00,CUST0224,refund,65.29,web
EVT0500213,2026-10-05 13:46:00,CUST0717,refund,78.81,web
EVT0500206,2026-10-05 16:00:00,CUST0710,view,76.22,mobile
EVT0501513,2026-10-06 02:32:00,CUST0023,refund,159.81,api
EVT0505644,2026-10-08 23:49:46,CUST0166,purchase,88.28,api
EVT0504828,2026-10-06 12:27:07,CUST0347,purchase,186.36,api
EVT0503320,2026-10-06 08:20:27,CUST0833,purchase,28.40,mobile
EVT0502036,2026-10-04 12:05:00,CUST0546,purchase,153.32,mobile
EVT0504326,2026-10-09 04:38:15,CUST0842,view,0.62,web
EVT0504633,2026-10-09 06:05:22,CUST0152,refund,114.21,api
EVT0500767,2026-10-04 10:03:00,CUST0274,signup,83.79,mobile
EVT0503613,2026-10-08 21:05:27,CUST0129,refund,136.81,api
EVT0502702,2026-10-07 17:22:49,CUST0215,view,199.74,mobile
EVT0501358,2026-10-03 05:06:00,CUST0865,view,102.46,mobile
EVT0500229,2026-10-02 18:52:00,CUST0733,refund,84.73,api
EVT0503614,2026-10-09 09:13:53,CUST0130,view,137.18,mobile
EVT0501279,2026-10-03 15:24:00,CUST0786,signup,73.23,api
EVT0501931,2026-10-02 21:28:00,CUST0441,signup,114.47,mobile
EVT0504005,2026-10-09 18:01:15,CUST0521,refund,81.85,web
EVT0504695,2026-10-07 19:01:34,CUST0214,signup,137.15,web
EVT0502703,2026-10-09 22:04:55,CUST0216,signup,0.11,web
EVT0502914,2026-10-09 15:15:29,CUST0427,view,78.18,api
EVT0501465,2026-10-03 19:49:00,CUST0972,refund,142.05,api
EVT0501677,2026-10-03 08:46:00,CUST0187,refund,20.49,web
EVT0502046,2026-10-02 17:23:00,CUST0556,view,157.02,web
EVT0500061,2026-10-03 20:04:00,CUST0565,refund,22.57,api
EVT0500744,2026-10-03 11:52:00,CUST0251,purchase,75.28,web
EVT0501164,2026-10-05 15:35:00,CUST0671,purchase,30.68,web
EVT0501162,2026-10-04 09:43:00,CUST0669,view,29.94,api
EVT0502316,2026-10-03 06:00:00,CUST0826,purchase,56.92,web
EVT0504894,2026-10-07 15:12:42,CUST0413,view,10.78,api
EVT0501744,2026-10-03 02:24:00,CUST0254,purchase,45.28,api
EVT0503406,2026-10-09 11:41:08,CUST0919,view,60.22,api
EVT0504620,2026-10-06 20:37:44,CUST0139,purchase,109.40,web
EVT0502917,2026-10-06 05:23:04,CUST0430,refund,79.29,api
EVT0504705,2026-10-07 10:08:59,CUST0224,refund,140.85,api
EVT0500150,2026-10-05 20:31:00,CUST0654,view,55.50,web
EVT0500502,2026-10-03 09:34:00,CUST0009,view,185.74,api
EVT0505280,2026-10-07 16:22:19,CUST0799,purchase,153.60,web
EVT0505556,2026-10-09 09:01:10,CUST0078,purchase,55.72,web
EVT0502150,2026-10-02 16:10:00,CUST0660,view,195.50,mobile
EVT0501909,2026-10-04 00:59:00,CUST0419,refund,106.33,api
EVT0504959,2026-10-08 02:06:55,CUST0478,signup,34.83,web
EVT0502428,2026-10-04 16:46:00,CUST0938,purchase,98.36,api
EVT0503511,2026-10-07 22:44:51,CUST0027,signup,99.07,api
EVT0502514,2026-10-03 11:32:00,CUST0027,view,130.18,web
EVT0505119,2026-10-06 11:44:30,CUST0638,signup,94.03,api
EVT0502314,2026-10-05 14:17:00,CUST0824,view,56.18,api
EVT0504853,2026-10-06 14:11:01,CUST0372,refund,195.61,mobile
EVT0504132,2026-10-06 12:33:04,CUST0648,purchase,128.84,api
EVT0502462,2026-10-03 10:28:00,CUST0972,view,110.94,mobile
EVT0502103,2026-10-05 00:46:00,CUST0613,signup,178.11,web
EVT0505319,2026-10-09 00:37:04,CUST0838,signup,168.03,web
EVT0505152,2026-10-10 00:24:47,CUST0671,purchase,106.24,api
EVT0505163,2026-10-09 01:02:16,CUST0682,signup,110.31,web
EVT0500650,2026-10-02 09:43:00,CUST0157,view,40.50,mobile
EVT0505225,2026-10-07 18:57:36,CUST0744,refund,133.25,mobile
EVT0500761,2026-10-06 01:01:00,CUST0268,refund,81.57,mobile
EVT0500141,2026-10-03 07:56:00,CUST0645,refund,52.17,web
EVT0504122,2026-10-06 06:21:12,CUST0638,view,125.14,web
EVT0505580,2026-10-08 22:48:52,CUST0102,purchase,64.60,web
EVT0503307,2026-10-06 14:02:37,CUST0820,signup,23.59,api
EVT0505210,2026-10-07 02:55:06,CUST0729,view,127.70,mobile
EVT0505545,2026-10-06 20:10:24,CUST0067,refund,51.65,api
EVT0503494,2026-10-06 19:51:11,CUST0010,view,92.78,mobile
EVT0503772,2026-10-09 06:03:55,CUST0288,purchase,195.64,api
EVT0505001,2026-10-08 22:01:15,CUST0520,refund,50.37,web
EVT0501716,2026-10-03 22:46:00,CUST0226,purchase,34.92,web
EVT0502803,2026-10-09 05:57:17,CUST0316,signup,37.11,api
EVT0503202,2026-10-09 02:29:50,CUST0715,view,184.74,api
EVT0505877,2026-10-07 07:09:39,CUST0399,refund,174.49,web
EVT0503591,2026-10-06 10:14:25,CUST0107,signup,128.67,web
EVT0503508,2026-10-08 09:01:04,CUST0024,purchase,97.96,api
EVT0503801,2026-10-06 14:32:39,CUST0317,refund,6.37,web
EVT0503279,2026-10-07 07:44:06,CUST0792,signup,13.23,web
EVT0500423,2026-10-05 10:37:00,CUST0927,signup,156.51,web
EVT0501503,2026-10-02 11:19:00,CUST0013,signup,156.11,web
EVT0501268,2026-10-03 23:05:00,CUST0775,purchase,69.16,mobile
EVT0502030,2026-10-03 05:36:00,CUST0540,view,151.10,mobile
EVT0502280,2026-10-02 11:06:00,CUST0790,purchase,43.60,web
EVT0505959,2026-10-09 17:20:11,CUST0481,signup,4.83,api
EVT0505936,2026-10-08 23:16:46,CUST0458,purchase,196.32,mobile
EVT0505267,2026-10-10 00:36:02,CUST0786,signup,148.79,mobile
EVT0503139,2026-10-10 02:02:14,CUST0652,signup,161.43,api
EVT0501105,2026-10-04 17:59:00,CUST0612,refund,8.85,api
EVT0504970,2026-10-06 13:49:07,CUST0489,view,38.90,mobile
EVT0504197,2026-10-09 01:07:21,CUST0713,refund,152.89,web
EVT0500471,2026-10-05 11:50:00,CUST0975,signup,174.27,web
EVT0505202,2026-10-06 18:02:45,CUST0721,view,124.74,web
EVT0503662,2026-10-06 17:39:33,CUST0178,view,154.94,mobile
EVT0501446,2026-10-02 05:33:00,CUST0953,view,135.02,web
EVT0504727,2026-10-09 06:54:57,CUST0246,signup,148.99,mobile
EVT0505107,2026-10-07 00:06:28,CUST0626,signup,89.59,api
EVT0504106,2026-10-08 17:38:29,CUST0622,view,119.22,mobile
EVT0504039,2026-10-07 16:44:57,CUST0555,signup,94.43,api
EVT0500995,2026-10-04 22:39:00,CUST0502,signup,168.15,mobile
EVT0502303,2026-10-04 02:34:00,CUST0813,signup,52.11,mobile
EVT0502617,2026-10-07 06:33:51,CUST0130,refund,168.29,api
EVT0504645,2026-10-09 17:28:16,CUST0164,refund,118.65,api
EVT0505116,2026-10-06 16:05:14,CUST0635,purchase,92.92,api
EVT0504823,2026-10-09 14:03:19,CUST0342,signup,184.51,mobile
EVT0501596,2026-10-05 09:08:00,CUST0106,purchase,190.52,web
EVT0503137,2026-10-07 08:35:17,CUST0650,refund,160.69,mobile
EVT0504756,2026-10-06 06:03:57,CUST0275,purchase,159.72,api
EVT0501010,2026-10-05 13:52:00,CUST0517,view,173.70,mobile
EVT0502512,2026-10-03 04:16:00,CUST0025,purchase,129.44,api
EVT0503737,2026-10-07 11:20:59,CUST0253,refund,182.69,mobile
EVT0500991,2026-10-03 15:05:00,CUST0498,signup,166.67,api
EVT0501254,2026-10-02 13:53:00,CUST0761,view,63.98,web
EVT0504271,2026-10-08 19:33:17,CUST0787,signup,180.27,mobile
EVT0504996,2026-10-07 22:27:46,CUST0515,purchase,48.52,api
EVT0503300,2026-10-09 04:33:48,CUST0813,purchase,21.00,web
EVT0503248,2026-10-09 01:57:28,CUST0761,purchase,1.76,mobile
EVT0501037,2026-10-05 12:56:00,CUST0544,refund,183.69,mobile
EVT0501809,2026-10-02 09:00:00,CUST0319,refund,69.33,web
EVT0503600,2026-10-08 14:00:30,CUST0116,purchase,132.00,web
EVT0505992,2026-10-10 03:33:46,CUST0514,purchase,17.04,api
EVT0503572,2026-10-08 11:32:28,CUST0088,purchase,121.64,mobile
EVT0504891,2026-10-07 21:00:18,CUST0410,signup,9.67,api
EVT0504758,2026-10-07 02:01:32,CUST0277,view,160.46,web
EVT0502894,2026-10-07 09:03:25,CUST0407,view,70.78,mobile
EVT0503942,2026-10-09 16:04:40,CUST0458,view,58.54,web
EVT0502329,2026-10-05 07:01:00,CUST0839,refund,61.73,api
EVT0505761,2026-10-08 14:31:54,CUST0283,refund,131.57,api
EVT0500652,2026-10-04 08:35:00,CUST0159,purchase,41.24,api
EVT0505265,2026-10-08 05:30:19,CUST0784,refund,148.05,web
EVT0501186,2026-10-05 19:34:00,CUST0693,view,38.82,api
EVT0505117,2026-10-08 16:59:19,CUST0636,refund,93.29,mobile
EVT0501211,2026-10-02 13:47:00,CUST0718,signup,48.07,mobile
EVT0503020,2026-10-09 18:25:30,CUST0533,purchase,117.40,mobile
EVT0501686,2026-10-03 17:58:00,CUST0196,view,23.82,web
EVT0500811,2026-10-05 17:57:00,CUST0318,signup,100.07,api
EVT0505390,2026-10-09 19:19:36,CUST0909,view,194.30,mobile
EVT0505493,2026-10-07 10:41:02,CUST0015,refund,32.41,web
EVT0501107,2026-10-03 07:39:00,CUST0614,signup,9.59,web
EVT0504614,2026-10-07 14:30:15,CUST0133,view,107.18,web
EVT0505337,2026-10-10 01:34:52,CUST0856,refund,174.69,web
EVT0505363,2026-10-08 03:42:23,CUST0882,signup,184.31,mobile
EVT0502359,2026-10-04 13:34:00,CUST0869,signup,72.83,api
EVT0505880,2026-10-09 14:52:15,CUST0402,purchase,175.60,web
EVT0505203,2026-10-08 02:22:31,CUST0722,signup,125.11,api
EVT0500048,2026-10-04 13:01:00,CUST0552,purchase,17.76,web
EVT0503742,2026-10-09 18:51:29,CUST0258,view,184.54,api
EVT0505002,2026-10-09 13:02:48,CUST0521,view,50.74,api
EVT0500909,2026-10-06 03:20:00,CUST0416,refund,136.33,web
EVT0501732,2026-10-03 20:10:00,CUST0242,purchase,40.84,api
EVT0502286,2026-10-03 03:28:00,CUST0796,view,45.82,web
EVT0503499,2026-10-09 20:27:50,CUST0015,signup,94.63,api
EVT0503000,2026-10-08 12:49:20,CUST0513,purchase,110.00,web
EVT0505542,2026-10-06 20:44:42,CUST0064,view,50.54,api
EVT0503898,2026-10-08 12:34:35,CUST0414,view,42.26,api
EVT0500284,2026-10-02 09:35:00,CUST0788,purchase,105.08,mobile
EVT0504267,2026-10-07 03:05:27,CUST0783,signup,178.79,api
EVT0504014,2026-10-06 20:05:22,CUST0530,view,85.18,web
EVT0502977,2026-10-07 10:59:25,CUST0490,refund,101.49,api
EVT0502052,2026-10-05 12:23:00,CUST0562,purchase,159.24,web
EVT0501474,2026-10-05 12:13:00,CUST0981,view,145.38,api
EVT0500986,2026-10-05 18:47:00,CUST0493,view,164.82,mobile
EVT0503666,2026-10-08 21:35:58,CUST0182,view,156.42,web
EVT0505735,2026-10-07 19:44:00,CUST0257,signup,121.95,mobile
EVT0504490,2026-10-09 08:02:21,CUST0009,view,61.30,mobile
EVT0503580,2026-10-07 01:25:58,CUST0096,purchase,124.60,api
EVT0500033,2026-10-03 10:50:00,CUST0537,refund,12.21,web
EVT0502429,2026-10-06 03:12:00,CUST0939,refund,98.73,mobile
EVT0503244,2026-10-07 10:29:16,CUST0757,purchase,0.28,api
EVT0505912,2026-10-06 12:52:06,CUST0434,purchase,187.44,mobile
EVT0500712,2026-10-04 02:25:00,CUST0219,purchase,63.44,api
EVT0500142,2026-10-04 15:15:00,CUST0646,view,52.54,api
EVT0505115,2026-10-08 05:13:28,CUST0634,signup,92.55,web
EVT0504790,2026-10-10 02:20:05,CUST0309,view,172.30,mobile
EVT0505480,2026-10-08 00:28:27,CUST0002,purchase,27.60,mobile
EVT0505766,2026-10-07 15:08:17,CUST0288,view,133.42,web
EVT0500697,2026-10-03 10:47:00,CUST0204,refund,57.89,api
EVT0504612,2026-10-08 19:35:57,CUST0131,purchase,106.44,api
EVT0500396,2026-10-04 05:52:00,CUST0900,purchase,146.52,web
EVT0501735,2026-10-02 11:00:00,CUST0245,signup,41.95,api
EVT0500415,2026-10-03 07:39:00,CUST0919,signup,153.55,api
EVT0502221,2026-10-04 15:26:00,CUST0731,refund,21.77,api
EVT0501475,2026-10-05 10:19:00,CUST0982,signup,145.75,mobile
EVT0503449,2026-10-07 10:42:57,CUST0962,refund,76.13,mobile
EVT0503693,2026-10-07 00:38:37,CUST0209,refund,166.41,web
EVT0500413,2026-10-03 20:03:00,CUST0917,refund,152.81,mobile
EVT0502113,2026-10-02 21:09:00,CUST0623,refund,181.81,api
EVT0503555,2026-10-06 06:58:30,CUST0071,signup,115.35,web
EVT0504102,2026-10-10 00:35:15,CUST0618,view,117.74,api
EVT0500698,2026-10-02 10:19:00,CUST0205,view,58.26,mobile
EVT0502239,2026-10-04 18:14:00,CUST0749,signup,28.43,api
EVT0505240,2026-10-07 01:55:13,CUST0759,purchase,138.80,mobile
EVT0500553,2026-10-03 19:58:00,CUST0060,refund,4.61,api
EVT0505126,2026-10-06 16:43:08,CUST0645,view,96.62,mobile
EVT0500009,2026-10-05 00:41:00,CUST0513,refund,3.33,web
EVT0502306,2026-10-04 01:41:00,CUST0816,view,53.22,mobile
EVT0504814,2026-10-09 07:00:09,CUST0333,view,181.18,mobile
EVT0505960,2026-10-08 21:21:38,CUST0482,purchase,5.20,mobile
EVT0501582,2026-10-04 23:35:00,CUST0092,view,185.34,api
EVT0504632,2026-10-07 01:44:01,CUST0151,purchase,113.84,web
EVT0502648,2026-10-06 07:12:57,CUST0161,purchase,179.76,mobile
EVT0502171,2026-10-02 17:48:00,CUST0681,signup,3.27,mobile
EVT0500146,2026-10-03 20:37:00,CUST0650,view,54.02,mobile
EVT0500622,2026-10-02 23:36:00,CUST0129,view,30.14,api
EVT0503393,2026-10-09 05:06:21,CUST0906,refund,55.41,web
EVT0504204,2026-10-06 12:15:54,CUST0720,purchase,155.48,api
EVT0504146,2026-10-09 05:10:30,CUST0662,view,134.02,web
EVT0504692,2026-10-06 13:15:34,CUST0211,purchase,136.04,web
EVT0505785,2026-10-08 17:54:22,CUST0307,refund,140.45,api
EVT0500054,2026-10-05 19:06:00,CUST0558,view,19.98,web
EVT0501991,2026-10-02 08:51:00,CUST0501,signup,136.67,mobile
EVT0503072,2026-10-09 13:18:05,CUST0585,purchase,136.64,web
EVT0502592,2026-10-03 22:33:00,CUST0105,purchase,159.04,web
EVT0500407,2026-10-04 16:08:00,CUST0911,signup,150.59,mobile
EVT0504070,2026-10-07 08:27:10,CUST0586,view,105.90,mobile
EVT0503286,2026-10-08 18:46:28,CUST0799,view,15.82,api
EVT0503702,2026-10-06 19:31:16,CUST0218,view,169.74,web
EVT0501361,2026-10-02 13:53:00,CUST0868,refund,103.57,mobile
EVT0502271,2026-10-05 03:52:00,CUST0781,signup,40.27,web
EVT0504581,2026-10-09 00:16:22,CUST0100,refund,94.97,web
EVT0502860,2026-10-08 06:36:31,CUST0373,purchase,58.20,api
EVT0500711,2026-10-02 05:55:00,CUST0218,signup,63.07,web
EVT0503086,2026-10-07 01:40:29,CUST0599,view,141.82,mobile
EVT0500931,2026-10-04 02:49:00,CUST0438,signup,144.47,api
EVT0504871,2026-10-06 09:44:17,CUST0390,signup,2.27,mobile
EVT0501876,2026-10-04 12:03:00,CUST0386,purchase,94.12,api
EVT0505359,2026-10-06 14:39:12,CUST0878,signup,182.83,api
EVT0502723,2026-10-07 15:46:35,CUST0236,signup,7.51,mobile
EVT0502627,2026-10-09 01:30:34,CUST0140,signup,171.99,mobile
EVT0501353,2026-10-02 20:37:00,CUST0860,refund,100.61,web
EVT0504846,2026-10-09 15:05:33,CUST0365,view,193.02,api
EVT0505079,2026-10-06 13:47:20,CUST0598,signup,79.23,web
EVT0501132,2026-10-06 00:40:00,CUST0639,purchase,18.84,api
EVT0503360,2026-10-09 16:09:28,CUST0873,purchase,43.20,web
EVT0505698,2026-10-07 02:14:36,CUST0220,view,108.26,api
EVT0504698,2026-10-09 20:41:04,CUST0217,view,138.26,web
EVT0502327,2026-10-05 04:18:00,CUST0837,signup,60.99,mobile
EVT0501862,2026-10-04 09:11:00,CUST0372,view,88.94,mobile
EVT0505927,2026-10-07 16:05:18,CUST0449,signup,192.99,mobile
EVT0504532,2026-10-08 08:42:57,CUST0051,purchase,76.84,mobile
EVT0503359,2026-10-09 23:45:35,CUST0872,signup,42.83,mobile
EVT0501152,2026-10-03 04:04:00,CUST0659,purchase,26.24,web
EVT0500056,2026-10-03 20:33:00,CUST0560,purchase,20.72,mobile
EVT0501966,2026-10-02 11:03:00,CUST0476,view,127.42,api
EVT0504845,2026-10-07 01:32:29,CUST0364,refund,192.65,web
EVT0501468,2026-10-04 08:50:00,CUST0975,purchase,143.16,api
EVT0505378,2026-10-09 10:23:52,CUST0897,view,189.86,mobile
EVT0500633,2026-10-02 09:49:00,CUST0140,refund,34.21,web
EVT0505321,2026-10-06 05:35:46,CUST0840,refund,168.77,mobile
EVT0502380,2026-10-05 20:12:00,CUST0890,purchase,80.60,api
EVT0503036,2026-10-09 19:31:27,CUST0549,purchase,123.32,web
EVT0503925,2026-10-08 07:31:35,CUST0441,refund,52.25,api
EVT0503109,2026-10-06 04:20:52,CUST0622,refund,150.33,api
EVT0503699,2026-10-07 02:53:17,CUST0215,signup,168.63,web
EVT0502294,2026-10-03 18:25:00,CUST0804,view,48.78,mobile
EVT0501957,2026-10-03 19:09:00,CUST0467,refund,124.09,api
EVT0500123,2026-10-04 19:08:00,CUST0627,signup,45.51,web
EVT0500374,2026-10-05 11:09:00,CUST0878,view,138.38,mobile
EVT0500835,2026-10-04 19:31:00,CUST0342,signup,108.95,api
EVT0500372,2026-10-02 22:31:00,CUST0876,purchase,137.64,web
EVT0503859,2026-10-07 10:56:05,CUST0375,signup,27.83,api
EVT0501602,2026-10-03 03:38:00,CUST0112,view,192.74,web
EVT0505075,2026-10-10 00:37:32,CUST0594,signup,77.75,mobile
EVT0504734,2026-10-07 14:59:42,CUST0253,view,151.58,web
EVT0503246,2026-10-09 21:23:24,CUST0759,view,1.02,web
EVT0504544,2026-10-08 10:19:30,CUST0063,purchase,81.28,mobile
EVT0502778,2026-10-06 12:57:30,CUST0291,view,27.86,web
EVT0502400,2026-10-04 20:54:00,CUST0910,purchase,88.00,web
EVT0500657,2026-10-05 09:53:00,CUST0164,refund,43.09,web
EVT0504811,2026-10-09 07:01:54,CUST0330,signup,180.07,mobile
EVT0502979,2026-10-08 10:08:55,CUST0492,signup,102.23,web
EVT0502176,2026-10-05 12:13:00,CUST0686,purchase,5.12,api
EVT0502274,2026-10-05 05:15:00,CUST0784,view,41.38,web
EVT0504586,2026-10-10 03:07:15,CUST0105,view,96.82,mobile
EVT0500023,2026-10-03 23:30:00,CUST0527,signup,8.51,mobile
EVT0503885,2026-10-07 19:31:26,CUST0401,refund,37.45,web
EVT0500724,2026-10-03 20:58:00,CUST0231,purchase,67.88,api
EVT0503824,2026-10-08 15:05:53,CUST0340,purchase,14.88,mobile
EVT0505232,2026-10-07 12:54:20,CUST0751,purchase,135.84,web
EVT0504428,2026-10-07 16:06:30,CUST0944,purchase,38.36,web
EVT0502031,2026-10-03 04:28:00,CUST0541,signup,151.47,web
EVT0505783,2026-10-09 08:46:54,CUST0305,signup,139.71,mobile
EVT0503676,2026-10-09 22:12:07,CUST0192,purchase,160.12,api
EVT0502059,2026-10-02 11:19:00,CUST0569,signup,161.83,api
EVT0502205,2026-10-04 02:33:00,CUST0715,refund,15.85,web
EVT0502501,2026-10-04 07:58:00,CUST0014,refund,125.37,mobile
EVT0502081,2026-10-02 14:09:00,CUST0591,refund,169.97,mobile
EVT0500875,2026-10-03 06:41:00,CUST0382,signup,123.75,mobile
EVT0504135,2026-10-09 21:13:51,CUST0651,signup,129.95,api
EVT0505369,2026-10-06 06:04:33,CUST0888,refund,186.53,mobile
EVT0503809,2026-10-06 12:16:08,CUST0325,refund,9.33,mobile
EVT0504683,2026-10-09 14:41:34,CUST0202,signup,132.71,web
EVT0501830,2026-10-02 11:58:00,CUST0340,view,77.10,web
EVT0502242,2026-10-03 17:48:00,CUST0752,view,29.54,api
EVT0500531,2026-10-05 12:59:00,CUST0038,signup,196.47,web
EVT0500822,2026-10-02 05:20:00,CUST0329,view,104.14,web
EVT0501365,2026-10-03 09:51:00,CUST0872,refund,105.05,web
EVT0501923,2026-10-06 01:22:00,CUST0433,signup,111.51,web
EVT0505722,2026-10-08 03:44:55,CUST0244,view,117.14,api
EVT0502143,2026-10-05 10:54:00,CUST0653,signup,192.91,api
EVT0500570,2026-10-06 01:41:00,CUST0077,view,10.90,web
EVT0505595,2026-10-07 04:51:12,CUST0117,signup,70.15,web
EVT0504810,2026-10-08 18:37:53,CUST0329,view,179.70,api
EVT0504533,2026-10-06 09:24:39,CUST0052,refund,77.21,web
EVT0502878,2026-10-08 01:31:30,CUST0391,view,64.86,api
EVT0502769,2026-10-06 11:20:28,CUST0282,refund,24.53,web
EVT0504646,2026-10-06 18:27:02,CUST0165,view,119.02,mobile
EVT0504475,2026-10-09 01:02:27,CUST0991,signup,55.75,mobile
EVT0505535,2026-10-08 01:17:10,CUST0057,signup,47.95,web
EVT0505509,2026-10-09 20:15:20,CUST0031,refund,38.33,api
EVT0505373,2026-10-07 21:26:42,CUST0892,refund,188.01,web
EVT0505679,2026-10-06 11:20:54,CUST0201,signup,101.23,web
EVT0505125,2026-10-09 19:41:58,CUST0644,refund,96.25,api
EVT0500883,2026-10-05 11:10:00,CUST0390,signup,126.71,api
EVT0504909,2026-10-08 20:37:55,CUST0428,refund,16.33,api
EVT0505101,2026-10-06 07:27:04,CUST0620,refund,87.37,api
EVT0503652,2026-10-09 05:10:16,CUST0168,purchase,151.24,api
EVT0500317,2026-10-03 03:37:00,CUST0821,refund,117.29,mobile
EVT0504409,2026-10-06 13:22:02,CUST0925,refund,31.33,mobile
EVT0505388,2026-10-08 09:18:04,CUST0907,purchase,193.56,web
EVT0504590,2026-10-08 16:50:49,CUST0109,view,98.30,web
EVT0503869,2026-10-07 08:00:03,CUST0385,refund,31.53,mobile
EVT0500831,2026-10-03 09:16:00,CUST0338,signup,107.47,web
EVT0505799,2026-10-07 05:08:47,CUST0321,signup,145.63,web
EVT0505706,2026-10-09 01:00:51,CUST0228,view,111.22,web
EVT0504914,2026-10-09 04:37:17,CUST0433,view,18.18,web
EVT0502188,2026-10-03 19:06:00,CUST0698,purchase,9.56,api
EVT0505925,2026-10-08 07:02:32,CUST0447,refund,192.25,web
EVT0504796,2026-10-10 00:04:23,CUST0315,purchase,174.52,mobile
EVT0504259,2026-10-09 04:12:22,CUST0775,signup,175.83,mobile
EVT0504578,2026-10-09 18:27:45,CUST0097,view,93.86,web
EVT0505778,2026-10-08 22:32:59,CUST0300,view,137.86,web
EVT0500997,2026-10-03 06:09:00,CUST0504,refund,168.89,api
EVT0503546,2026-10-08 21:13:39,CUST0062,view,112.02,web
EVT0503306,2026-10-08 08:33:00,CUST0819,view,23.22,web
EVT0504711,2026-10-06 17:33:54,CUST0230,signup,143.07,api
EVT0504160,2026-10-06 18:56:09,CUST0676,purchase,139.20,mobile
EVT0500505,2026-10-04 00:51:00,CUST0012,refund,186.85,api
EVT0500021,2026-10-02 05:53:00,CUST0525,refund,7.77,web
EVT0502338,2026-10-04 16:57:00,CUST0848,view,65.06,api
EVT0500186,2026-10-03 22:11:00,CUST0690,view,68.82,web
EVT0503563,2026-10-10 00:25:21,CUST0079,signup,118.31,mobile
EVT0505051,2026-10-07 22:27:56,CUST0570,signup,68.87,mobile
EVT0505575,2026-10-08 17:10:38,CUST0097,signup,62.75,api
EVT0500795,2026-10-05 10:39:00,CUST0302,signup,94.15,web
EVT0505931,2026-10-06 12:00:44,CUST0453,signup,194.47,web
EVT0504121,2026-10-09 10:40:24,CUST0637,refund,124.77,mobile
EVT0501240,2026-10-04 22:17:00,CUST0747,purchase,58.80,api
EVT0504523,2026-10-07 05:52:45,CUST0042,signup,73.51,mobile
EVT0505548,2026-10-08 22:40:35,CUST0070,purchase,52.76,api
EVT0504605,2026-10-06 05:29:10,CUST0124,refund,103.85,web
EVT0502047,2026-10-02 11:45:00,CUST0557,signup,157.39,api
EVT0504766,2026-10-07 17:02:21,CUST0285,view,163.42,mobile
EVT0501642,2026-10-05 10:46:00,CUST0152,view,7.54,api
EVT0500409,2026-10-05 03:03:00,CUST0913,refund,151.33,api
EVT0502543,2026-10-03 19:27:00,CUST0056,signup,140.91,mobile
EVT0501075,2026-10-03 10:37:00,CUST0582,signup,197.75,api
EVT0504867,2026-10-10 00:51:19,CUST0386,signup,0.79,api
EVT0504125,2026-10-06 21:20:13,CUST0641,refund,126.25,web
EVT0505069,2026-10-08 10:06:30,CUST0588,refund,75.53,mobile
EVT0505743,2026-10-09 03:49:29,CUST0265,signup,124.91,api
EVT0501756,2026-10-05 15:55:00,CUST0266,purchase,49.72,api
EVT0504669,2026-10-06 23:37:11,CUST0188,refund,127.53,api
EVT0502350,2026-10-03 15:19:00,CUST0860,view,69.50,api
EVT0505160,2026-10-09 17:17:59,CUST0679,purchase,109.20,web
EVT0500768,2026-10-05 12:08:00,CUST0275,purchase,84.16,web
EVT0503633,2026-10-10 00:21:50,CUST0149,refund,144.21,web
EVT0502256,2026-10-06 01:58:00,CUST0766,purchase,34.72,web
EVT0502586,2026-10-03 19:41:00,CUST0099,view,156.82,web
EVT0502646,2026-10-07 20:32:28,CUST0159,view,179.02,web
EVT0502192,2026-10-02 04:34:00,CUST0702,purchase,11.04,mobile
EVT0505590,2026-10-08 13:31:02,CUST0112,view,68.30,api
EVT0500282,2026-10-05 22:49:00,CUST0786,view,104.34,web
EVT0500435,2026-10-03 20:53:00,CUST0939,signup,160.95,web
EVT0505550,2026-10-08 20:54:43,CUST0072,view,53.50,web
EVT0503453,2026-10-09 23:28:01,CUST0966,refund,77.61,web
EVT0504848,2026-10-07 13:09:35,CUST0367,purchase,193.76,web
EVT0504232,2026-10-09 20:51:44,CUST0748,purchase,165.84,mobile
EVT0502636,2026-10-07 04:06:37,CUST0149,purchase,175.32,mobile
EVT0504860,2026-10-10 03:14:20,CUST0379,purchase,198.20,web
EVT0505270,2026-10-07 16:11:50,CUST0789,view,149.90,mobile
EVT0505932,2026-10-08 12:04:24,CUST0454,purchase,194.84,api
EVT0504090,2026-10-10 02:33:42,CUST0606,view,113.30,api
EVT0502940,2026-10-06 14:26:26,CUST0453,purchase,87.80,web
EVT0500489,2026-10-05 17:23:00,CUST0993,refund,180.93,web
EVT0505253,2026-10-06 15:06:51,CUST0772,refund,143.61,web
EVT0502542,2026-10-02 05:42:00,CUST0055,view,140.54,api
EVT0500086,2026-10-06 00:17:00,CUST0590,view,31.82,mobile
EVT0501369,2026-10-03 15:49:00,CUST0876,refund,106.53,api
EVT0505967,2026-10-08 06:07:41,CUST0489,signup,7.79,web
EVT0500620,2026-10-05 13:27:00,CUST0127,purchase,29.40,mobile
EVT0500211,2026-10-04 02:43:00,CUST0715,signup,78.07,api
EVT0504454,2026-10-10 03:23:37,CUST0970,view,47.98,mobile
EVT0504241,2026-10-07 12:13:19,CUST0757,refund,169.17,mobile
EVT0503229,2026-10-07 14:48:51,CUST0742,refund,194.73,api
EVT0500817,2026-10-03 05:52:00,CUST0324,refund,102.29,api
EVT0505745,2026-10-08 05:41:12,CUST0267,refund,125.65,web
EVT0504982,2026-10-07 19:31:00,CUST0501,view,43.34,mobile
EVT0502063,2026-10-04 03:46:00,CUST0573,signup,163.31,mobile
EVT0503823,2026-10-06 18:53:43,CUST0339,signup,14.51,api
EVT0504890,2026-10-07 09:52:39,CUST0409,view,9.30,web
EVT0504494,2026-10-06 08:07:16,CUST0013,view,62.78,web
EVT0504879,2026-10-06 18:11:05,CUST0398,signup,5.23,api
EVT0500703,2026-10-04 16:58:00,CUST0210,signup,60.11,api
EVT0502326,2026-10-04 01:59:00,CUST0836,view,60.62,api
EVT0502655,2026-10-08 04:41:45,CUST0168,signup,182.35,web
EVT0500190,2026-10-03 06:51:00,CUST0694,view,70.30,api
EVT0501653,2026-10-03 05:58:00,CUST0163,refund,11.61,web
EVT0504207,2026-10-08 15:47:52,CUST0723,signup,156.59,api
EVT0504783,2026-10-07 22:17:16,CUST0302,signup,169.71,api
EVT0590004,2026-10-05T12:00:00,CUST0778,purchase,101.48,api
EVT0504194,2026-10-07 16:05:33,CUST0710,view,151.78,web
EVT0500237,2026-10-05 23:50:00,CUST0741,refund,87.69,web
EVT0503257,2026-10-07 00:23:45,CUST0770,refund,5.09,mobile
EVT0502796,2026-10-06 11:57:12,CUST0309,purchase,34.52,web
EVT0503105,2026-10-09 12:00:02,CUST0618,refund,148.85,web
EVT0504321,2026-10-07 20:23:01,CUST0837,refund,198.77,api
EVT0502147,2026-10-04 04:58:00,CUST0657,signup,194.39,mobile
EVT0501661,2026-10-04 22:21:00,CUST0171,refund,14.57,mobile
EVT0503322,2026-10-07 22:20:53,CUST0835,view,29.14,api
EVT0501480,2026-10-03 20:38:00,CUST0987,purchase,147.60,api
EVT0504414,2026-10-08 21:22:10,CUST0930,view,33.18,api
EVT0501889,2026-10-04 02:52:00,CUST0399,refund,98.93,mobile
EVT0504780,2026-10-07 04:01:49,CUST0299,purchase,168.60,api
EVT0504037,2026-10-08 17:56:28,CUST0553,refund,93.69,mobile
EVT0504528,2026-10-06 08:40:16,CUST0047,purchase,75.36,api
EVT0503239,2026-10-09 16:01:20,CUST0752,signup,198.43,mobile
EVT0505335,2026-10-09 00:48:50,CUST0854,signup,173.95,api
EVT0503989,2026-10-08 01:16:13,CUST0505,refund,75.93,mobile
EVT0502494,2026-10-05 17:48:00,CUST0007,view,122.78,api
EVT0500666,2026-10-04 23:30:00,CUST0173,view,46.42,web
EVT0501918,2026-10-02 13:06:00,CUST0428,view,109.66,api
EVT0503793,2026-10-08 13:17:58,CUST0309,refund,3.41,api
EVT0502717,2026-10-08 03:38:47,CUST0230,refund,5.29,mobile
EVT0503798,2026-10-07 01:24:55,CUST0314,view,5.26,web
EVT0503931,2026-10-08 20:36:40,CUST0447,signup,54.47,api
EVT0502190,2026-10-05 10:38:00,CUST0700,view,10.30,web
EVT0500196,2026-10-05 07:37:00,CUST0700,purchase,72.52,api
EVT0500934,2026-10-05 16:41:00,CUST0441,view,145.58,api
EVT0503952,2026-10-09 23:02:54,CUST0468,purchase,62.24,api
EVT0503140,2026-10-08 14:02:43,CUST0653,purchase,161.80,mobile
EVT0504583,2026-10-07 18:49:19,CUST0102,signup,95.71,mobile
EVT0504373,2026-10-07 10:36:53,CUST0889,refund,18.01,mobile
EVT0502206,2026-10-05 17:29:00,CUST0716,view,16.22,api
EVT0503738,2026-10-07 10:05:20,CUST0254,view,183.06,web
EVT0500937,2026-10-05 17:47:00,CUST0444,refund,146.69,api
EVT0504749,2026-10-09 04:23:40,CUST0268,refund,157.13,web
EVT0500201,2026-10-04 03:18:00,CUST0705,refund,74.37,web
EVT0501845,2026-10-03 02:57:00,CUST0355,refund,82.65,web
EVT0505250,2026-10-09 13:27:29,CUST0769,view,142.50,web
EVT0503851,2026-10-08 12:21:26,CUST0367,signup,24.87,mobile
EVT0500707,2026-10-03 17:33:00,CUST0214,signup,61.59,mobile
EVT0502885,2026-10-09 16:43:19,CUST0398,refund,67.45,mobile
EVT0504308,2026-10-07 13:35:03,CUST0824,purchase,193.96,web
EVT0503183,2026-10-06 04:11:42,CUST0696,signup,177.71,web
EVT0502513,2026-10-03 18:36:00,CUST0026,refund,129.81,mobile
EVT0503590,2026-10-06 20:36:01,CUST0106,view,128.30,mobile
EVT0502089,2026-10-04 11:44:00,CUST0599,refund,172.93,api
EVT0504118,2026-10-06 11:22:09,CUST0634,view,123.66,mobile
EVT0504589,2026-10-09 10:13:58,CUST0108,refund,97.93,mobile
EVT0502456,2026-10-03 08:29:00,CUST0966,purchase,108.72,mobile
EVT0505450,2026-10-07 09:39:31,CUST0969,view,16.50,mobile
EVT0504449,2026-10-09 19:19:51,CUST0965,refund,46.13,web
EVT0502519,2026-10-02 09:38:00,CUST0032,signup,132.03,mobile
EVT0503627,2026-10-06 16:29:36,CUST0143,signup,141.99,web
EVT0503479,2026-10-10 01:41:42,CUST0992,signup,87.23,mobile
EVT0504027,2026-10-09 19:11:49,CUST0543,signup,89.99,api
EVT0502111,2026-10-05 17:10:00,CUST0621,signup,181.07,mobile
EVT0503875,2026-10-09 01:31:21,CUST0391,signup,33.75,mobile
EVT0502918,2026-10-07 20:16:52,CUST0431,view,79.66,mobile
EVT0501866,2026-10-03 11:37:00,CUST0376,view,90.42,web
EVT0502262,2026-10-02 13:39:00,CUST0772,view,36.94,web
EVT0502688,2026-10-08 13:21:07,CUST0201,purchase,194.56,web
EVT0502840,2026-10-09 14:52:31,CUST0353,purchase,50.80,mobile
EVT0500938,2026-10-02 20:11:00,CUST0445,view,147.06,mobile
EVT0500956,2026-10-03 04:49:00,CUST0463,purchase,153.72,mobile
EVT0505953,2026-10-06 15:50:22,CUST0475,refund,2.61,api
EVT0505882,2026-10-07 22:21:50,CUST0404,view,176.34,mobile
EVT0501327,2026-10-04 05:02:00,CUST0834,signup,90.99,api
EVT0502076,2026-10-04 06:59:00,CUST0586,purchase,168.12,web
EVT0501532,2026-10-04 07:58:00,CUST0042,purchase,166.84,mobile
EVT0501351,2026-10-03 22:37:00,CUST0858,signup,99.87,api
EVT0501692,2026-10-04 07:40:00,CUST0202,purchase,26.04,web
EVT0505917,2026-10-08 18:18:33,CUST0439,refund,189.29,api
EVT0503385,2026-10-07 00:41:44,CUST0898,refund,52.45,api
EVT0505934,2026-10-09 22:52:29,CUST0456,view,195.58,web
EVT0500814,2026-10-05 01:06:00,CUST0321,view,101.18,api
EVT0502749,2026-10-07 01:34:08,CUST0262,refund,17.13,api
EVT0502324,2026-10-02 09:39:00,CUST0834,purchase,59.88,mobile
EVT0504647,2026-10-07 00:37:02,CUST0166,signup,119.39,web
EVT0504664,2026-10-09 13:51:27,CUST0183,purchase,125.68,mobile
EVT0503125,2026-10-08 05:46:51,CUST0638,refund,156.25,mobile
EVT0503500,2026-10-07 21:08:45,CUST0016,purchase,95.00,mobile
EVT0503331,2026-10-08 14:02:17,CUST0844,signup,32.47,api
EVT0501445,2026-10-05 09:21:00,CUST0952,refund,134.65,mobile
