order_id,customer_id,event_timestamp,amount,currency,status,region,channel
ORD-P000001,CUST-0001,2026-10-05 12:00:00,10.00,EUR,CREATED,region-00001,web
ORD-P000002,CUST-0002,2026-10-05 12:00:00,10.01,EUR,CREATED,region-00002,web
ORD-P000003,CUST-0003,2026-10-05 12:00:00,10.02,EUR,CREATED,region-00003,web
ORD-P000004,CUST-0004,2026-10-05 12:00:00,10.03,EUR,CREATED,region-00004,web
ORD-P000005,CUST-0005,2026-10-05 12:00:00,10.04,EUR,CREATED,region-00005,web
ORD-P000006,CUST-0006,2026-10-05 12:00:00,10.05,EUR,CREATED,region-00006,web
ORD-P000007,CUST-0007,2026-10-05 12:00:00,10.06,EUR,CREATED,region-00007,web
ORD-P000008,CUST-0008,2026-10-05 12:00:00,10.07,EUR,CREATED,region-00008,web
ORD-P000009,CUST-0009,2026-10-05 12:00:00,10.08,EUR,CREATED,region-00009,web
ORD-P000010,CUST-0010,2026-10-05 12:00:00,10.09,EUR,CREATED,region-00010,web
ORD-P000011,CUST-0011,2026-10-05 12:00:00,10.10,EUR,CREATED,region-00011,web
ORD-P000012,CUST-0012,2026-10-05 12:00:00,10.11,EUR,CREATED,region-00012,web
ORD-P000013,CUST-0013,2026-10-05 12:00:00,10.12,EUR,CREATED,region-00013,web
ORD-P000014,CUST-0014,2026-10-05 12:00:00,10.13,EUR,CREATED,region-00014,web
ORD-P000015,CUST-0015,2026-10-05 12:00:00,10.14,EUR,CREATED,region-00015,web
ORD-P000016,CUST-0016,2026-10-05 12:00:00,10.15,EUR,CREATED,region-00016,web
ORD-P000017,CUST-0017,2026-10-05 12:00:00,10.16,EUR,CREATED,region-00017,web
ORD-P000018,CUST-0018,2026-10-05 12:00:00,10.17,EUR,CREATED,region-00018,web
ORD-P000019,CUST-0019,2026-10-05 12:00:00,10.18,EUR,CREATED,region-00019,web
ORD-P000020,CUST-0020,2026-10-05 12:00:00,10.19,EUR,CREATED,region-00020,web
ORD-P000021,CUST-0021,2026-10-05 12:00:00,10.20,EUR,CREATED,region-00021,web
ORD-P000022,CUST-0022,2026-10-05 12:00:00,10.21,EUR,CREATED,region-00022,web
ORD-P000023,CUST-0023,2026-10-05 12:00:00,10.22,EUR,CREATED,region-00023,web
ORD-P000024,CUST-0024,2026-10-05 12:00:00,10.23,EUR,CREATED,region-00024,web
ORD-P000025,CUST-0025,2026-10-05 12:00:00,10.24,EUR,CREATED,region-00025,web
ORD-P000026,CUST-0026,2026-10-05 12:00:00,10.25,EUR,CREATED,region-00026,web
ORD-P000027,CUST-0027,2026-10-05 12:00:00,10.26,EUR,CREATED,region-00027,web
ORD-P000028,CUST-0028,2026-10-05 12:00:00,10.27,EUR,CREATED,region-00028,web
ORD-P000029,CUST-0029,2026-10-05 12:00:00,10.28,EUR,CREATED,region-00029,web
ORD-P000030,CUST-0030,2026-10-05 12:00:00,10.29,EUR,CREATED,region-00030,web
ORD-P000031,CUST-0031,2026-10-05 12:00:00,10.30,EUR,CREATED,region-00031,web
ORD-P000032,CUST-0032,2026-10-05 12:00:00,10.31,EUR,CREATED,region-00032,web
ORD-P000033,CUST-0033,2026-10-05 12:00:00,10.32,EUR,CREATED,region-00033,web
ORD-P000034,CUST-0034,2026-10-05 12:00:00,10.33,EUR,CREATED,region-00034,web
ORD-P000035,CUST-0035,2026-10-05 12:00:00,10.34,EUR,CREATED,region-00035,web
ORD-P000036,CUST-0036,2026-10-05 12:00:00,10.35,EUR,CREATED,region-00036,web
ORD-P000037,CUST-0037,2026-10-05 12:00:00,10.36,EUR,CREATED,region-00037,web
ORD-P000038,CUST-0038,2026-10-05 12:00:00,10.37,EUR,CREATED,region-00038,web
ORD-P000039,CUST-0039,2026-10-05 12:00:00,10.38,EUR,CREATED,region-00039,web
ORD-P000040,CUST-0040,2026-10-05 12:00:00,10.39,EUR,CREATED,region-00040,web
ORD-P000041,CUST-0041,2026-10-05 12:00:00,10.40,EUR,CREATED,region-00041,web
ORD-P000042,CUST-0042,2026-10-05 12:00:00,10.41,EUR,CREATED,region-00042,web
ORD-P000043,CUST-0043,2026-10-05 12:00:00,10.42,EUR,CREATED,region-00043,web
ORD-P000044,CUST-0044,2026-10-05 12:00:00,10.43,EUR,CREATED,region-00044,web
ORD-P000045,CUST-0045,2026-10-05 12:00:00,10.44,EUR,CREATED,region-00045,web
ORD-P000046,CUST-0046,2026-10-05 12:00:00,10.45,EUR,CREATED,region-00046,web
ORD-P000047,CUST-0047,2026-10-05 12:00:00,10.46,EUR,CREATED,region-00047,web
ORD-P000048,CUST-0048,2026-10-05 12:00:00,10.47,EUR,CREATED,region-00048,web
ORD-P000049,CUST-0049,2026-10-05 12:00:00,10.48,EUR,CREATED,region-00049,web
ORD-P000050,CUST-0050,2026-10-05 12:00:00,10.49,EUR,CREATED,region-00050,web
ORD-P000051,CUST-0051,2026-10-05 12:00:00,10.50,EUR,CREATED,region-00051,web
ORD-P000052,CUST-0052,2026-10-05 12:00:00,10.51,EUR,CREATED,region-00052,web
ORD-P000053,CUST-0053,2026-10-05 12:00:00,10.52,EUR,CREATED,region-00053,web
ORD-P000054,CUST-0054,2026-10-05 12:00:00,10.53,EUR,CREATED,region-00054,web
ORD-P000055,CUST-0055,2026-10-05 12:00:00,10.54,EUR,CREATED,region-00055,web
ORD-P000056,CUST-0056,2026-10-05 12:00:00,10.55,EUR,CREATED,region-00056,web
ORD-P000057,CUST-0057,2026-10-05 12:00:00,10.56,EUR,CREATED,region-00057,web
ORD-P000058,CUST-0058,2026-10-05 12:00:00,10.57,EUR,CREATED,region-00058,web
ORD-P000059,CUST-0059,2026-10-05 12:00:00,10.58,EUR,CREATED,region-00059,web
ORD-P000060,CUST-0060,2026-10-05 12:00:00,10.59,EUR,CREATED,region-00060,web
ORD-P000061,CUST-0061,2026-10-05 12:00:00,10.60,EUR,CREATED,region-00061,web
ORD-P000062,CUST-0062,2026-10-05 12:00:00,10.61,EUR,CREATED,region-00062,web
ORD-P000063,CUST-0063,2026-10-05 12:00:00,10.62,EUR,CREATED,region-00063,web
ORD-P000064,CUST-0064,2026-10-05 12:00:00,10.63,EUR,CREATED,region-00064,web
ORD-P000065,CUST-0065,2026-10-05 12:00:00,10.64,EUR,CREATED,region-00065,web
ORD-P000066,CUST-0066,2026-10-05 12:00:00,10.65,EUR,CREATED,region-00066,web
ORD-P000067,CUST-0067,2026-10-05 12:00:00,10.66,EUR,CREATED,region-00067,web
ORD-P000068,CUST-0068,2026-10-05 12:00:00,10.67,EUR,CREATED,region-00068,web
ORD-P000069,CUST-0069,2026-10-05 12:00:00,10.68,EUR,CREATED,region-00069,web
ORD-P000070,CUST-0070,2026-10-05 12:00:00,10.69,EUR,CREATED,region-00070,web
ORD-P000071,CUST-0071,2026-10-05 12:00:00,10.70,EUR,CREATED,region-00071,web
ORD-P000072,CUST-0072,2026-10-05 12:00:00,10.71,EUR,CREATED,region-00072,web
ORD-P000073,CUST-0073,2026-10-05 12:00:00,10.72,EUR,CREATED,region-00073,web
ORD-P000074,CUST-0074,2026-10-05 12:00:00,10.73,EUR,CREATED,region-00074,web
ORD-P000075,CUST-0075,2026-10-05 12:00:00,10.74,EUR,CREATED,region-00075,web
ORD-P000076,CUST-0076,2026-10-05 12:00:00,10.75,EUR,CREATED,region-00076,web
ORD-P000077,CUST-0077,2026-10-05 12:00:00,10.76,EUR,CREATED,region-00077,web
ORD-P000078,CUST-0078,2026-10-05 12:00:00,10.77,EUR,CREATED,region-00078,web
ORD-P000079,CUST-0079,2026-10-05 12:00:00,10.78,EUR,CREATED,region-00079,web
ORD-P000080,CUST-0080,2026-10-05 12:00:00,10.79,EUR,CREATED,region-00080,web
ORD-P000081,CUST-0081,2026-10-05 12:00:00,10.80,EUR,CREATED,region-00081,web
ORD-P000082,CUST-0082,2026-10-05 12:00:00,10.81,EUR,CREATED,region-00082,web
ORD-P000083,CUST-0083,2026-10-05 12:00:00,10.82,EUR,CREATED,region-00083,web
ORD-P000084,CUST-0084,2026-10-05 12:00:00,10.83,EUR,CREATED,region-00084,web
ORD-P000085,CUST-0085,2026-10-05 12:00:00,10.84,EUR,CREATED,region-00085,web
ORD-P000086,CUST-0086,2026-10-05 12:00:00,10.85,EUR,CREATED,region-00086,web
ORD-P000087,CUST-0087,2026-10-05 12:00:00,10.86,EUR,CREATED,region-00087,web
ORD-P000088,CUST-0088,2026-10-05 12:00:00,10.87,EUR,CREATED,region-00088,web
ORD-P000089,CUST-0089,2026-10-05 12:00:00,10.88,EUR,CREATED,region-00089,web
ORD-P000090,CUST-0090,2026-10-05 12:00:00,10.89,EUR,CREATED,region-00090,web
ORD-P000091,CUST-0091,2026-10-05 12:00:00,10.90,EUR,CREATED,region-00091,web
ORD-P000092,CUST-0092,2026-10-05 12:00:00,10.91,EUR,CREATED,region-00092,web
ORD-P000093,CUST-0093,2026-10-05 12:00:00,10.92,EUR,CREATED,region-00093,web
ORD-P000094,CUST-0094,2026-10-05 12:00:00,10.93,EUR,CREATED,region-00094,web
ORD-P000095,CUST-0095,2026-10-05 12:00:00,10.94,EUR,CREATED,region-00095,web
ORD-P000096,CUST-0096,2026-10-05 12:00:00,10.95,EUR,CREATED,region-00096,web
ORD-P000097,CUST-0097,2026-10-05 12:00:00,10.96,EUR,CREATED,region-00097,web
ORD-P000098,CUST-0098,2026-10-05 12:00:00,10.97,EUR,CREATED,region-00098,web
ORD-P000099,CUST-0099,2026-10-05 12:00:00,10.98,EUR,CREATED,region-00099,web
ORD-P000100,CUST-0100,2026-10-05 12:00:00,10.99,EUR,CREATED,region-00100,web
ORD-P000101,CUST-0101,2026-10-05 12:00:00,11.00,EUR,CREATED,region-00101,web
ORD-P000102,CUST-0102,2026-10-05 12:00:00,11.01,EUR,CREATED,region-00102,web
ORD-P000103,CUST-0103,2026-10-05 12:00:00,11.02,EUR,CREATED,region-00103,web
ORD-P000104,CUST-0104,2026-10-05 12:00:00,11.03,EUR,CREATED,region-00104,web
ORD-P000105,CUST-0105,2026-10-05 12:00:00,11.04,EUR,CREATED,region-00105,web
ORD-P000106,CUST-0106,2026-10-05 12:00:00,11.05,EUR,CREATED,region-00106,web
ORD-P000107,CUST-0107,2026-10-05 12:00:00,11.06,EUR,CREATED,region-00107,web
ORD-P000108,CUST-0108,2026-10-05 12:00:00,11.07,EUR,CREATED,region-00108,web
ORD-P000109,CUST-0109,2026-10-05 12:00:00,11.08,EUR,CREATED,region-00109,web
ORD-P000110,CUST-0110,2026-10-05 12:00:00,11.09,EUR,CREATED,region-00110,web
ORD-P000111,CUST-0111,2026-10-05 12:00:00,11.10,EUR,CREATED,region-00111,web
ORD-P000112,CUST-0112,2026-10-05 12:00:00,11.11,EUR,CREATED,region-00112,web
ORD-P000113,CUST-0113,2026-10-05 12:00:00,11.12,EUR,CREATED,region-00113,web
ORD-P000114,CUST-0114,2026-10-05 12:00:00,11.13,EUR,CREATED,region-00114,web
ORD-P000115,CUST-0115,2026-10-05 12:00:00,11.14,EUR,CREATED,region-00115,web
ORD-P000116,CUST-0116,2026-10-05 12:00:00,11.15,EUR,CREATED,region-00116,web
ORD-P000117,CUST-0117,2026-10-05 12:00:00,11.16,EUR,CREATED,region-00117,web
ORD-P000118,CUST-0118,2026-10-05 12:00:00,11.17,EUR,CREATED,region-00118,web
ORD-P000119,CUST-0119,2026-10-05 12:00:00,11.18,EUR,CREATED,region-00119,web
ORD-P000120,CUST-0120,2026-10-05 12:00:00,11.19,EUR,CREATED,region-00120,web
ORD-P000121,CUST-0121,2026-10-05 12:00:00,11.20,EUR,CREATED,region-00121,web
ORD-P000122,CUST-0122,2026-10-05 12:00:00,11.21,EUR,CREATED,region-00122,web
ORD-P000123,CUST-0123,2026-10-05 12:00:00,11.22,EUR,CREATED,region-00123,web
ORD-P000124,CUST-0124,2026-10-05 12:00:00,11.23,EUR,CREATED,region-00124,web
ORD-P000125,CUST-0125,2026-10-05 12:00:00,11.24,EUR,CREATED,region-00125,web
ORD-P000126,CUST-0126,2026-10-05 12:00:00,11.25,EUR,CREATED,region-00126,web
ORD-P000127,CUST-0127,2026-10-05 12:00:00,11.26,EUR,CREATED,region-00127,web
ORD-P000128,CUST-0128,2026-10-05 12:00:00,11.27,EUR,CREATED,region-00128,web
ORD-P000129,CUST-0129,2026-10-05 12:00:00,11.28,EUR,CREATED,region-00129,web
ORD-P000130,CUST-0130,2026-10-05 12:00:00,11.29,EUR,CREATED,region-00130,web
ORD-P000131,CUST-0131,2026-10-05 12:00:00,11.30,EUR,CREATED,region-00131,web
ORD-P000132,CUST-0132,2026-10-05 12:00:00,11.31,EUR,CREATED,region-00132,web
ORD-P000133,CUST-0133,2026-10-05 12:00:00,11.32,EUR,CREATED,region-00133,web
ORD-P000134,CUST-0134,2026-10-05 12:00:00,11.33,EUR,CREATED,region-00134,web
ORD-P000135,CUST-0135,2026-10-05 12:00:00,11.34,EUR,CREATED,region-00135,web
ORD-P000136,CUST-0136,2026-10-05 12:00:00,11.35,EUR,CREATED,region-00136,web
ORD-P000137,CUST-0137,2026-10-05 12:00:00,11.36,EUR,CREATED,region-00137,web
ORD-P000138,CUST-0138,2026-10-05 12:00:00,11.37,EUR,CREATED,region-00138,web
ORD-P000139,CUST-0139,2026-10-05 12:00:00,11.38,EUR,CREATED,region-00139,web
ORD-P000140,CUST-0140,2026-10-05 12:00:00,11.39,EUR,CREATED,region-00140,web
ORD-P000141,CUST-0141,2026-10-05 12:00:00,11.40,EUR,CREATED,region-00141,web
ORD-P000142,CUST-0142,2026-10-05 12:00:00,11.41,EUR,CREATED,region-00142,web
ORD-P000143,CUST-0143,2026-10-05 12:00:00,11.42,EUR,CREATED,region-00143,web
ORD-P000144,CUST-0144,2026-10-05 12:00:00,11.43,EUR,CREATED,region-00144,web
ORD-P000145,CUST-0145,2026-10-05 12:00:00,11.44,EUR,CREATED,region-00145,web
ORD-P000146,CUST-0146,2026-10-05 12:00:00,11.45,EUR,CREATED,region-00146,web
ORD-P000147,CUST-0147,2026-10-05 12:00:00,11.46,EUR,CREATED,region-00147,web
ORD-P000148,CUST-0148,2026-10-05 12:00:00,11.47,EUR,CREATED,region-00148,web
ORD-P000149,CUST-0149,2026-10-05 12:00:00,11.48,EUR,CREATED,region-00149,web
ORD-P000150,CUST-0150,2026-10-05 12:00:00,11.49,EUR,CREATED,region-00150,web
ORD-P000151,CUST-0151,2026-10-05 12:00:00,11.50,EUR,CREATED,region-00151,web
ORD-P000152,CUST-0152,2026-10-05 12:00:00,11.51,EUR,CREATED,region-00152,web
ORD-P000153,CUST-0153,2026-10-05 12:00:00,11.52,EUR,CREATED,region-00153,web
ORD-P000154,CUST-0154,2026-10-05 12:00:00,11.53,EUR,CREATED,region-00154,web
ORD-P000155,CUST-0155,2026-10-05 12:00:00,11.54,EUR,CREATED,region-00155,web
ORD-P000156,CUST-0156,2026-10-05 12:00:00,11.55,EUR,CREATED,region-00156,web
ORD-P000157,CUST-0157,2026-10-05 12:00:00,11.56,EUR,CREATED,region-00157,web
ORD-P000158,CUST-0158,2026-10-05 12:00:00,11.57,EUR,CREATED,region-00158,web
ORD-P000159,CUST-0159,2026-10-05 12:00:00,11.58,EUR,CREATED,region-00159,web
ORD-P000160,CUST-0160,2026-10-05 12:00:00,11.59,EUR,CREATED,region-00160,web
ORD-P000161,CUST-0161,2026-10-05 12:00:00,11.60,EUR,CREATED,region-00161,web
ORD-P000162,CUST-0162,2026-10-05 12:00:00,11.61,EUR,CREATED,region-00162,web
ORD-P000163,CUST-0163,2026-10-05 12:00:00,11.62,EUR,CREATED,region-00163,web
ORD-P000164,CUST-0164,2026-10-05 12:00:00,11.63,EUR,CREATED,region-00164,web
ORD-P000165,CUST-0165,2026-10-05 12:00:00,11.64,EUR,CREATED,region-00165,web
ORD-P000166,CUST-0166,2026-10-05 12:00:00,11.65,EUR,CREATED,region-00166,web
ORD-P000167,CUST-0167,2026-10-05 12:00:00,11.66,EUR,CREATED,region-00167,web
ORD-P000168,CUST-0168,2026-10-05 12:00:00,11.67,EUR,CREATED,region-00168,web
ORD-P000169,CUST-0169,2026-10-05 12:00:00,11.68,EUR,CREATED,region-00169,web
ORD-P000170,CUST-0170,2026-10-05 12:00:00,11.69,EUR,CREATED,region-00170,web
ORD-P000171,CUST-0171,2026-10-05 12:00:00,11.70,EUR,CREATED,region-00171,web
ORD-P000172,CUST-0172,2026-10-05 12:00:00,11.71,EUR,CREATED,region-00172,web
ORD-P000173,CUST-0173,2026-10-05 12:00:00,11.72,EUR,CREATED,region-00173,web
ORD-P000174,CUST-0174,2026-10-05 12:00:00,11.73,EUR,CREATED,region-00174,web
ORD-P000175,CUST-0175,2026-10-05 12:00:00,11.74,EUR,CREATED,region-00175,web
ORD-P000176,CUST-0176,2026-10-05 12:00:00,11.75,EUR,CREATED,region-00176,web
ORD-P000177,CUST-0177,2026-10-05 12:00:00,11.76,EUR,CREATED,region-00177,web
ORD-P000178,CUST-0178,2026-10-05 12:00:00,11.77,EUR,CREATED,region-00178,web
ORD-P000179,CUST-0179,2026-10-05 12:00:00,11.78,EUR,CREATED,region-00179,web
ORD-P000180,CUST-0180,2026-10-05 12:00:00,11.79,EUR,CREATED,region-00180,web
ORD-P000181,CUST-0181,2026-10-05 12:00:00,11.80,EUR,CREATED,region-00181,web
ORD-P000182,CUST-0182,2026-10-05 12:00:00,11.81,EUR,CREATED,region-00182,web
ORD-P000183,CUST-0183,2026-10-05 12:00:00,11.82,EUR,CREATED,region-00183,web
ORD-P000184,CUST-0184,2026-10-05 12:00:00,11.83,EUR,CREATED,region-00184,web
ORD-P000185,CUST-0185,2026-10-05 12:00:00,11.84,EUR,CREATED,region-00185,web
ORD-P000186,CUST-0186,2026-10-05 12:00:00,11.85,EUR,CREATED,region-00186,web
ORD-P000187,CUST-0187,2026-10-05 12:00:00,11.86,EUR,CREATED,region-00187,web
ORD-P000188,CUST-0188,2026-10-05 12:00:00,11.87,EUR,CREATED,region-00188,web
ORD-P000189,CUST-0189,2026-10-05 12:00:00,11.88,EUR,CREATED,region-00189,web
ORD-P000190,CUST-0190,2026-10-05 12:00:00,11.89,EUR,CREATED,region-00190,web
ORD-P000191,CUST-0191,2026-10-05 12:00:00,11.90,EUR,CREATED,region-00191,web
ORD-P000192,CUST-0192,2026-10-05 12:00:00,11.91,EUR,CREATED,region-00192,web
ORD-P000193,CUST-0193,2026-10-05 12:00:00,11.92,EUR,CREATED,region-00193,web
ORD-P000194,CUST-0194,2026-10-05 12:00:00,11.93,EUR,CREATED,region-00194,web
ORD-P000195,CUST-0195,2026-10-05 12:00:00,11.94,EUR,CREATED,region-00195,web
ORD-P000196,CUST-0196,2026-10-05 12:00:00,11.95,EUR,CREATED,region-00196,web
ORD-P000197,CUST-0197,2026-10-05 12:00:00,11.96,EUR,CREATED,region-00197,web
ORD-P000198,CUST-0198,2026-10-05 12:00:00,11.97,EUR,CREATED,region-00198,web
ORD-P000199,CUST-0199,2026-10-05 12:00:00,11.98,EUR,CREATED,region-00199,web
ORD-P000200,CUST-0200,2026-10-05 12:00:00,11.99,EUR,CREATED,region-00200,web
ORD-P000201,CUST-0201,2026-10-05 12:00:00,12.00,EUR,CREATED,region-00201,web
ORD-P000202,CUST-0202,2026-10-05 12:00:00,12.01,EUR,CREATED,region-00202,web
ORD-P000203,CUST-0203,2026-10-05 12:00:00,12.02,EUR,CREATED,region-00203,web
ORD-P000204,CUST-0204,2026-10-05 12:00:00,12.03,EUR,CREATED,region-00204,web
ORD-P000205,CUST-0205,2026-10-05 12:00:00,12.04,EUR,CREATED,region-00205,web
ORD-P000206,CUST-0206,2026-10-05 12:00:00,12.05,EUR,CREATED,region-00206,web
ORD-P000207,CUST-0207,2026-10-05 12:00:00,12.06,EUR,CREATED,region-00207,web
ORD-P000208,CUST-0208,2026-10-05 12:00:00,12.07,EUR,CREATED,region-00208,web
ORD-P000209,CUST-0209,2026-10-05 12:00:00,12.08,EUR,CREATED,region-00209,web
ORD-P000210,CUST-0210,2026-10-05 12:00:00,12.09,EUR,CREATED,region-00210,web
ORD-P000211,CUST-0211,2026-10-05 12:00:00,12.10,EUR,CREATED,region-00211,web
ORD-P000212,CUST-0212,2026-10-05 12:00:00,12.11,EUR,CREATED,region-00212,web
ORD-P000213,CUST-0213,2026-10-05 12:00:00,12.12,EUR,CREATED,region-00213,web
ORD-P000214,CUST-0214,2026-10-05 12:00:00,12.13,EUR,CREATED,region-00214,web
ORD-P000215,CUST-0215,2026-10-05 12:00:00,12.14,EUR,CREATED,region-00215,web
ORD-P000216,CUST-0216,2026-10-05 12:00:00,12.15,EUR,CREATED,region-00216,web
ORD-P000217,CUST-0217,2026-10-05 12:00:00,12.16,EUR,CREATED,region-00217,web
ORD-P000218,CUST-0218,2026-10-05 12:00:00,12.17,EUR,CREATED,region-00218,web
ORD-P000219,CUST-0219,2026-10-05 12:00:00,12.18,EUR,CREATED,region-00219,web
ORD-P000220,CUST-0220,2026-10-05 12:00:00,12.19,EUR,CREATED,region-00220,web
ORD-P000221,CUST-0221,2026-10-05 12:00:00,12.20,EUR,CREATED,region-00221,web
ORD-P000222,CUST-0222,2026-10-05 12:00:00,12.21,EUR,CREATED,region-00222,web
ORD-P000223,CUST-0223,2026-10-05 12:00:00,12.22,EUR,CREATED,region-00223,web
ORD-P000224,CUST-0224,2026-10-05 12:00:00,12.23,EUR,CREATED,region-00224,web
ORD-P000225,CUST-0225,2026-10-05 12:00:00,12.24,EUR,CREATED,region-00225,web
ORD-P000226,CUST-0226,2026-10-05 12:00:00,12.25,EUR,CREATED,region-00226,web
ORD-P000227,CUST-0227,2026-10-05 12:00:00,12.26,EUR,CREATED,region-00227,web
ORD-P000228,CUST-0228,2026-10-05 12:00:00,12.27,EUR,CREATED,region-00228,web
ORD-P000229,CUST-0229,2026-10-05 12:00:00,12.28,EUR,CREATED,region-00229,web
ORD-P000230,CUST-0230,2026-10-05 12:00:00,12.29,EUR,CREATED,region-00230,web
ORD-P000231,CUST-0231,2026-10-05 12:00:00,12.30,EUR,CREATED,region-00231,web
ORD-P000232,CUST-0232,2026-10-05 12:00:00,12.31,EUR,CREATED,region-00232,web
ORD-P000233,CUST-0233,2026-10-05 12:00:00,12.32,EUR,CREATED,region-00233,web
ORD-P000234,CUST-0234,2026-10-05 12:00:00,12.33,EUR,CREATED,region-00234,web
ORD-P000235,CUST-0235,2026-10-05 12:00:00,12.34,EUR,CREATED,region-00235,web
ORD-P000236,CUST-0236,2026-10-05 12:00:00,12.35,EUR,CREATED,region-00236,web
ORD-P000237,CUST-0237,2026-10-05 12:00:00,12.36,EUR,CREATED,region-00237,web
ORD-P000238,CUST-0238,2026-10-05 12:00:00,12.37,EUR,CREATED,region-00238,web
ORD-P000239,CUST-0239,2026-10-05 12:00:00,12.38,EUR,CREATED,region-00239,web
ORD-P000240,CUST-0240,2026-10-05 12:00:00,12.39,EUR,CREATED,region-00240,web
ORD-P000241,CUST-0241,2026-10-05 12:00:00,12.40,EUR,CREATED,region-00241,web
ORD-P000242,CUST-0242,2026-10-05 12:00:00,12.41,EUR,CREATED,region-00242,web
ORD-P000243,CUST-0243,2026-10-05 12:00:00,12.42,EUR,CREATED,region-00243,web
ORD-P000244,CUST-0244,2026-10-05 12:00:00,12.43,EUR,CREATED,region-00244,web
ORD-P000245,CUST-0245,2026-10-05 12:00:00,12.44,EUR,CREATED,region-00245,web
ORD-P000246,CUST-0246,2026-10-05 12:00:00,12.45,EUR,CREATED,region-00246,web
ORD-P000247,CUST-0247,2026-10-05 12:00:00,12.46,EUR,CREATED,region-00247,web
ORD-P000248,CUST-0248,2026-10-05 12:00:00,12.47,EUR,CREATED,region-00248,web
ORD-P000249,CUST-0249,2026-10-05 12:00:00,12.48,EUR,CREATED,region-00249,web
ORD-P000250,CUST-0250,2026-10-05 12:00:00,12.49,EUR,CREATED,region-00250,web
ORD-P000251,CUST-0251,2026-10-05 12:00:00,12.50,EUR,CREATED,region-00251,web
ORD-P000252,CUST-0252,2026-10-05 12:00:00,12.51,EUR,CREATED,region-00252,web
ORD-P000253,CUST-0253,2026-10-05 12:00:00,12.52,EUR,CREATED,region-00253,web
ORD-P000254,CUST-0254,2026-10-05 12:00:00,12.53,EUR,CREATED,region-00254,web
ORD-P000255,CUST-0255,2026-10-05 12:00:00,12.54,EUR,CREATED,region-00255,web
ORD-P000256,CUST-0256,2026-10-05 12:00:00,12.55,EUR,CREATED,region-00256,web
ORD-P000257,CUST-0257,2026-10-05 12:00:00,12.56,EUR,CREATED,region-00257,web
ORD-P000258,CUST-0258,2026-10-05 12:00:00,12.57,EUR,CREATED,region-00258,web
ORD-P000259,CUST-0259,2026-10-05 12:00:00,12.58,EUR,CREATED,region-00259,web
ORD-P000260,CUST-0260,2026-10-05 12:00:00,12.59,EUR,CREATED,region-00260,web
ORD-P000261,CUST-0261,2026-10-05 12:00:00,12.60,EUR,CREATED,region-00261,web
ORD-P000262,CUST-0262,2026-10-05 12:00:00,12.61,EUR,CREATED,region-00262,web
ORD-P000263,CUST-0263,2026-10-05 12:00:00,12.62,EUR,CREATED,region-00263,web
ORD-P000264,CUST-0264,2026-10-05 12:00:00,12.63,EUR,CREATED,region-00264,web
ORD-P000265,CUST-0265,2026-10-05 12:00:00,12.64,EUR,CREATED,region-00265,web
ORD-P000266,CUST-0266,2026-10-05 12:00:00,12.65,EUR,CREATED,region-00266,web
ORD-P000267,CUST-0267,2026-10-05 12:00:00,12.66,EUR,CREATED,region-00267,web
ORD-P000268,CUST-0268,2026-10-05 12:00:00,12.67,EUR,CREATED,region-00268,web
ORD-P000269,CUST-0269,2026-10-05 12:00:00,12.68,EUR,CREATED,region-00269,web
ORD-P000270,CUST-0270,2026-10-05 12:00:00,12.69,EUR,CREATED,region-00270,web
ORD-P000271,CUST-0271,2026-10-05 12:00:00,12.70,EUR,CREATED,region-00271,web
ORD-P000272,CUST-0272,2026-10-05 12:00:00,12.71,EUR,CREATED,region-00272,web
ORD-P000273,CUST-0273,2026-10-05 12:00:00,12.72,EUR,CREATED,region-00273,web
ORD-P000274,CUST-0274,2026-10-05 12:00:00,12.73,EUR,CREATED,region-00274,web
ORD-P000275,CUST-0275,2026-10-05 12:00:00,12.74,EUR,CREATED,region-00275,web
ORD-P000276,CUST-0276,2026-10-05 12:00:00,12.75,EUR,CREATED,region-00276,web
ORD-P000277,CUST-0277,2026-10-05 12:00:00,12.76,EUR,CREATED,region-00277,web
ORD-P000278,CUST-0278,2026-10-05 12:00:00,12.77,EUR,CREATED,region-00278,web
ORD-P000279,CUST-0279,2026-10-05 12:00:00,12.78,EUR,CREATED,region-00279,web
ORD-P000280,CUST-0280,2026-10-05 12:00:00,12.79,EUR,CREATED,region-00280,web
ORD-P000281,CUST-0281,2026-10-05 12:00:00,12.80,EUR,CREATED,region-00281,web
ORD-P000282,CUST-0282,2026-10-05 12:00:00,12.81,EUR,CREATED,region-00282,web
ORD-P000283,CUST-0283,2026-10-05 12:00:00,12.82,EUR,CREATED,region-00283,web
ORD-P000284,CUST-0284,2026-10-05 12:00:00,12.83,EUR,CREATED,region-00284,web
ORD-P000285,CUST-0285,2026-10-05 12:00:00,12.84,EUR,CREATED,region-00285,web
ORD-P000286,CUST-0286,2026-10-05 12:00:00,12.85,EUR,CREATED,region-00286,web
ORD-P000287,CUST-0287,2026-10-05 12:00:00,12.86,EUR,CREATED,region-00287,web
ORD-P000288,CUST-0288,2026-10-05 12:00:00,12.87,EUR,CREATED,region-00288,web
ORD-P000289,CUST-0289,2026-10-05 12:00:00,12.88,EUR,CREATED,region-00289,web
ORD-P000290,CUST-0290,2026-10-05 12:00:00,12.89,EUR,CREATED,region-00290,web
ORD-P000291,CUST-0291,2026-10-05 12:00:00,12.90,EUR,CREATED,region-00291,web
ORD-P000292,CUST-0292,2026-10-05 12:00:00,12.91,EUR,CREATED,region-00292,web
ORD-P000293,CUST-0293,2026-10-05 12:00:00,12.92,EUR,CREATED,region-00293,web
ORD-P000294,CUST-0294,2026-10-05 12:00:00,12.93,EUR,CREATED,region-00294,web
ORD-P000295,CUST-0295,2026-10-05 12:00:00,12.94,EUR,CREATED,region-00295,web
ORD-P000296,CUST-0296,2026-10-05 12:00:00,12.95,EUR,CREATED,region-00296,web
ORD-P000297,CUST-0297,2026-10-05 12:00:00,12.96,EUR,CREATED,region-00297,web
ORD-P000298,CUST-0298,2026-10-05 12:00:00,12.97,EUR,CREATED,region-00298,web
ORD-P000299,CUST-0299,2026-10-05 12:00:00,12.98,EUR,CREATED,region-00299,web
ORD-P000300,CUST-0300,2026-10-05 12:00:00,12.99,EUR,CREATED,region-00300,web
ORD-P000301,CUST-0301,2026-10-05 12:00:00,13.00,EUR,CREATED,region-00301,web
ORD-P000302,CUST-0302,2026-10-05 12:00:00,13.01,EUR,CREATED,region-00302,web
ORD-P000303,CUST-0303,2026-10-05 12:00:00,13.02,EUR,CREATED,region-00303,web
ORD-P000304,CUST-0304,2026-10-05 12:00:00,13.03,EUR,CREATED,region-00304,web
ORD-P000305,CUST-0305,2026-10-05 12:00:00,13.04,EUR,CREATED,region-00305,web
ORD-P000306,CUST-0306,2026-10-05 12:00:00,13.05,EUR,CREATED,region-00306,web
ORD-P000307,CUST-0307,2026-10-05 12:00:00,13.06,EUR,CREATED,region-00307,web
ORD-P000308,CUST-0308,2026-10-05 12:00:00,13.07,EUR,CREATED,region-00308,web
ORD-P000309,CUST-0309,2026-10-05 12:00:00,13.08,EUR,CREATED,region-00309,web
ORD-P000310,CUST-0310,2026-10-05 12:00:00,13.09,EUR,CREATED,region-00310,web
ORD-P000311,CUST-0311,2026-10-05 12:00:00,13.10,EUR,CREATED,region-00311,web
ORD-P000312,CUST-0312,2026-10-05 12:00:00,13.11,EUR,CREATED,region-00312,web
ORD-P000313,CUST-0313,2026-10-05 12:00:00,13.12,EUR,CREATED,region-00313,web
ORD-P000314,CUST-0314,2026-10-05 12:00:00,13.13,EUR,CREATED,region-00314,web
ORD-P000315,CUST-0315,2026-10-05 12:00:00,13.14,EUR,CREATED,region-00315,web
ORD-P000316,CUST-0316,2026-10-05 12:00:00,13.15,EUR,CREATED,region-00316,web
ORD-P000317,CUST-0317,2026-10-05 12:00:00,13.16,EUR,CREATED,region-00317,web
ORD-P000318,CUST-0318,2026-10-05 12:00:00,13.17,EUR,CREATED,region-00318,web
ORD-P000319,CUST-0319,2026-10-05 12:00:00,13.18,EUR,CREATED,region-00319,web
ORD-P000320,CUST-0320,2026-10-05 12:00:00,13.19,EUR,CREATED,region-00320,web
ORD-P000321,CUST-0321,2026-10-05 12:00:00,13.20,EUR,CREATED,region-00321,web
ORD-P000322,CUST-0322,2026-10-05 12:00:00,13.21,EUR,CREATED,region-00322,web
ORD-P000323,CUST-0323,2026-10-05 12:00:00,13.22,EUR,CREATED,region-00323,web
ORD-P000324,CUST-0324,2026-10-05 12:00:00,13.23,EUR,CREATED,region-00324,web
ORD-P000325,CUST-0325,2026-10-05 12:00:00,13.24,EUR,CREATED,region-00325,web
ORD-P000326,CUST-0326,2026-10-05 12:00:00,13.25,EUR,CREATED,region-00326,web
ORD-P000327,CUST-0327,2026-10-05 12:00:00,13.26,EUR,CREATED,region-00327,web
ORD-P000328,CUST-0328,2026-10-05 12:00:00,13.27,EUR,CREATED,region-00328,web
ORD-P000329,CUST-0329,2026-10-05 12:00:00,13.28,EUR,CREATED,region-00329,web
ORD-P000330,CUST-0330,2026-10-05 12:00:00,13.29,EUR,CREATED,region-00330,web
ORD-P000331,CUST-0331,2026-10-05 12:00:00,13.30,EUR,CREATED,region-00331,web
ORD-P000332,CUST-0332,2026-10-05 12:00:00,13.31,EUR,CREATED,region-00332,web
ORD-P000333,CUST-0333,2026-10-05 12:00:00,13.32,EUR,CREATED,region-00333,web
ORD-P000334,CUST-0334,2026-10-05 12:00:00,13.33,EUR,CREATED,region-00334,web
ORD-P000335,CUST-0335,2026-10-05 12:00:00,13.34,EUR,CREATED,region-00335,web
ORD-P000336,CUST-0336,2026-10-05 12:00:00,13.35,EUR,CREATED,region-00336,web
ORD-P000337,CUST-0337,2026-10-05 12:00:00,13.36,EUR,CREATED,region-00337,web
ORD-P000338,CUST-0338,2026-10-05 12:00:00,13.37,EUR,CREATED,region-00338,web
ORD-P000339,CUST-0339,2026-10-05 12:00:00,13.38,EUR,CREATED,region-00339,web
ORD-P000340,CUST-0340,2026-10-05 12:00:00,13.39,EUR,CREATED,region-00340,web
ORD-P000341,CUST-0341,2026-10-05 12:00:00,13.40,EUR,CREATED,region-00341,web
ORD-P000342,CUST-0342,2026-10-05 12:00:00,13.41,EUR,CREATED,region-00342,web
ORD-P000343,CUST-0343,2026-10-05 12:00:00,13.42,EUR,CREATED,region-00343,web
ORD-P000344,CUST-0344,2026-10-05 12:00:00,13.43,EUR,CREATED,region-00344,web
ORD-P000345,CUST-0345,2026-10-05 12:00:00,13.44,EUR,CREATED,region-00345,web
ORD-P000346,CUST-0346,2026-10-05 12:00:00,13.45,EUR,CREATED,region-00346,web
ORD-P000347,CUST-0347,2026-10-05 12:00:00,13.46,EUR,CREATED,region-00347,web
ORD-P000348,CUST-0348,2026-10-05 12:00:00,13.47,EUR,CREATED,region-00348,web
ORD-P000349,CUST-0349,2026-10-05 12:00:00,13.48,EUR,CREATED,region-00349,web
ORD-P000350,CUST-0350,2026-10-05 12:00:00,13.49,EUR,CREATED,region-00350,web
ORD-P000351,CUST-0351,2026-10-05 12:00:00,13.50,EUR,CREATED,region-00351,web
ORD-P000352,CUST-0352,2026-10-05 12:00:00,13.51,EUR,CREATED,region-00352,web
ORD-P000353,CUST-0353,2026-10-05 12:00:00,13.52,EUR,CREATED,region-00353,web
ORD-P000354,CUST-0354,2026-10-05 12:00:00,13.53,EUR,CREATED,region-00354,web
ORD-P000355,CUST-0355,2026-10-05 12:00:00,13.54,EUR,CREATED,region-00355,web
ORD-P000356,CUST-0356,2026-10-05 12:00:00,13.55,EUR,CREATED,region-00356,web
ORD-P000357,CUST-0357,2026-10-05 12:00:00,13.56,EUR,CREATED,region-00357,web
ORD-P000358,CUST-0358,2026-10-05 12:00:00,13.57,EUR,CREATED,region-00358,web
ORD-P000359,CUST-0359,2026-10-05 12:00:00,13.58,EUR,CREATED,region-00359,web
ORD-P000360,CUST-0360,2026-10-05 12:00:00,13.59,EUR,CREATED,region-00360,web
ORD-P000361,CUST-0361,2026-10-05 12:00:00,13.60,EUR,CREATED,region-00361,web
ORD-P000362,CUST-0362,2026-10-05 12:00:00,13.61,EUR,CREATED,region-00362,web
ORD-P000363,CUST-0363,2026-10-05 12:00:00,13.62,EUR,CREATED,region-00363,web
ORD-P000364,CUST-0364,2026-10-05 12:00:00,13.63,EUR,CREATED,region-00364,web
ORD-P000365,CUST-0365,2026-10-05 12:00:00,13.64,EUR,CREATED,region-00365,web
ORD-P000366,CUST-0366,2026-10-05 12:00:00,13.65,EUR,CREATED,region-00366,web
ORD-P000367,CUST-0367,2026-10-05 12:00:00,13.66,EUR,CREATED,region-00367,web
ORD-P000368,CUST-0368,2026-10-05 12:00:00,13.67,EUR,CREATED,region-00368,web
ORD-P000369,CUST-0369,2026-10-05 12:00:00,13.68,EUR,CREATED,region-00369,web
ORD-P000370,CUST-0370,2026-10-05 12:00:00,13.69,EUR,CREATED,region-00370,web
ORD-P000371,CUST-0371,2026-10-05 12:00:00,13.70,EUR,CREATED,region-00371,web
ORD-P000372,CUST-0372,2026-10-05 12:00:00,13.71,EUR,CREATED,region-00372,web
ORD-P000373,CUST-0373,2026-10-05 12:00:00,13.72,EUR,CREATED,region-00373,web
ORD-P000374,CUST-0374,2026-10-05 12:00:00,13.73,EUR,CREATED,region-00374,web
ORD-P000375,CUST-0375,2026-10-05 12:00:00,13.74,EUR,CREATED,region-00375,web
ORD-P000376,CUST-0376,2026-10-05 12:00:00,13.75,EUR,CREATED,region-00376,web
ORD-P000377,CUST-0377,2026-10-05 12:00:00,13.76,EUR,CREATED,region-00377,web
ORD-P000378,CUST-0378,2026-10-05 12:00:00,13.77,EUR,CREATED,region-00378,web
ORD-P000379,CUST-0379,2026-10-05 12:00:00,13.78,EUR,CREATED,region-00379,web
ORD-P000380,CUST-0380,2026-10-05 12:00:00,13.79,EUR,CREATED,region-00380,web
ORD-P000381,CUST-0381,2026-10-05 12:00:00,13.80,EUR,CREATED,region-00381,web
ORD-P000382,CUST-0382,2026-10-05 12:00:00,13.81,EUR,CREATED,region-00382,web
ORD-P000383,CUST-0383,2026-10-05 12:00:00,13.82,EUR,CREATED,region-00383,web
ORD-P000384,CUST-0384,2026-10-05 12:00:00,13.83,EUR,CREATED,region-00384,web
ORD-P000385,CUST-0385,2026-10-05 12:00:00,13.84,EUR,CREATED,region-00385,web
ORD-P000386,CUST-0386,2026-10-05 12:00:00,13.85,EUR,CREATED,region-00386,web
ORD-P000387,CUST-0387,2026-10-05 12:00:00,13.86,EUR,CREATED,region-00387,web
ORD-P000388,CUST-0388,2026-10-05 12:00:00,13.87,EUR,CREATED,region-00388,web
ORD-P000389,CUST-0389,2026-10-05 12:00:00,13.88,EUR,CREATED,region-00389,web
ORD-P000390,CUST-0390,2026-10-05 12:00:00,13.89,EUR,CREATED,region-00390,web
ORD-P000391,CUST-0391,2026-10-05 12:00:00,13.90,EUR,CREATED,region-00391,web
ORD-P000392,CUST-0392,2026-10-05 12:00:00,13.91,EUR,CREATED,region-00392,web
ORD-P000393,CUST-0393,2026-10-05 12:00:00,13.92,EUR,CREATED,region-00393,web
ORD-P000394,CUST-0394,2026-10-05 12:00:00,13.93,EUR,CREATED,region-00394,web
ORD-P000395,CUST-0395,2026-10-05 12:00:00,13.94,EUR,CREATED,region-00395,web
ORD-P000396,CUST-0396,2026-10-05 12:00:00,13.95,EUR,CREATED,region-00396,web
ORD-P000397,CUST-0397,2026-10-05 12:00:00,13.96,EUR,CREATED,region-00397,web
ORD-P000398,CUST-0398,2026-10-05 12:00:00,13.97,EUR,CREATED,region-00398,web
ORD-P000399,CUST-0399,2026-10-05 12:00:00,13.98,EUR,CREATED,region-00399,web
ORD-P000400,CUST-0400,2026-10-05 12:00:00,13.99,EUR,CREATED,region-00400,web
ORD-P000401,CUST-0401,2026-10-05 12:00:00,14.00,EUR,CREATED,region-00401,web
ORD-P000402,CUST-0402,2026-10-05 12:00:00,14.01,EUR,CREATED,region-00402,web
ORD-P000403,CUST-0403,2026-10-05 12:00:00,14.02,EUR,CREATED,region-00403,web
ORD-P000404,CUST-0404,2026-10-05 12:00:00,14.03,EUR,CREATED,region-00404,web
ORD-P000405,CUST-0405,2026-10-05 12:00:00,14.04,EUR,CREATED,region-00405,web
ORD-P000406,CUST-0406,2026-10-05 12:00:00,14.05,EUR,CREATED,region-00406,web
ORD-P000407,CUST-0407,2026-10-05 12:00:00,14.06,EUR,CREATED,region-00407,web
ORD-P000408,CUST-0408,2026-10-05 12:00:00,14.07,EUR,CREATED,region-00408,web
ORD-P000409,CUST-0409,2026-10-05 12:00:00,14.08,EUR,CREATED,region-00409,web
ORD-P000410,CUST-0410,2026-10-05 12:00:00,14.09,EUR,CREATED,region-00410,web
ORD-P000411,CUST-0411,2026-10-05 12:00:00,14.10,EUR,CREATED,region-00411,web
ORD-P000412,CUST-0412,2026-10-05 12:00:00,14.11,EUR,CREATED,region-00412,web
ORD-P000413,CUST-0413,2026-10-05 12:00:00,14.12,EUR,CREATED,region-00413,web
ORD-P000414,CUST-0414,2026-10-05 12:00:00,14.13,EUR,CREATED,region-00414,web
ORD-P000415,CUST-0415,2026-10-05 12:00:00,14.14,EUR,CREATED,region-00415,web
ORD-P000416,CUST-0416,2026-10-05 12:00:00,14.15,EUR,CREATED,region-00416,web
ORD-P000417,CUST-0417,2026-10-05 12:00:00,14.16,EUR,CREATED,region-00417,web
ORD-P000418,CUST-0418,2026-10-05 12:00:00,14.17,EUR,CREATED,region-00418,web
ORD-P000419,CUST-0419,2026-10-05 12:00:00,14.18,EUR,CREATED,region-00419,web
ORD-P000420,CUST-0420,2026-10-05 12:00:00,14.19,EUR,CREATED,region-00420,web
ORD-P000421,CUST-0421,2026-10-05 12:00:00,14.20,EUR,CREATED,region-00421,web
ORD-P000422,CUST-0422,2026-10-05 12:00:00,14.21,EUR,CREATED,region-00422,web
ORD-P000423,CUST-0423,2026-10-05 12:00:00,14.22,EUR,CREATED,region-00423,web
ORD-P000424,CUST-0424,2026-10-05 12:00:00,14.23,EUR,CREATED,region-00424,web
ORD-P000425,CUST-0425,2026-10-05 12:00:00,14.24,EUR,CREATED,region-00425,web
ORD-P000426,CUST-0426,2026-10-05 12:00:00,14.25,EUR,CREATED,region-00426,web
ORD-P000427,CUST-0427,2026-10-05 12:00:00,14.26,EUR,CREATED,region-00427,web
ORD-P000428,CUST-0428,2026-10-05 12:00:00,14.27,EUR,CREATED,region-00428,web
ORD-P000429,CUST-0429,2026-10-05 12:00:00,14.28,EUR,CREATED,region-00429,web
ORD-P000430,CUST-0430,2026-10-05 12:00:00,14.29,EUR,CREATED,region-00430,web
ORD-P000431,CUST-0431,2026-10-05 12:00:00,14.30,EUR,CREATED,region-00431,web
ORD-P000432,CUST-0432,2026-10-05 12:00:00,14.31,EUR,CREATED,region-00432,web
ORD-P000433,CUST-0433,2026-10-05 12:00:00,14.32,EUR,CREATED,region-00433,web
ORD-P000434,CUST-0434,2026-10-05 12:00:00,14.33,EUR,CREATED,region-00434,web
ORD-P000435,CUST-0435,2026-10-05 12:00:00,14.34,EUR,CREATED,region-00435,web
ORD-P000436,CUST-0436,2026-10-05 12:00:00,14.35,EUR,CREATED,region-00436,web
ORD-P000437,CUST-0437,2026-10-05 12:00:00,14.36,EUR,CREATED,region-00437,web
ORD-P000438,CUST-0438,2026-10-05 12:00:00,14.37,EUR,CREATED,region-00438,web
ORD-P000439,CUST-0439,2026-10-05 12:00:00,14.38,EUR,CREATED,region-00439,web
ORD-P000440,CUST-0440,2026-10-05 12:00:00,14.39,EUR,CREATED,region-00440,web
ORD-P000441,CUST-0441,2026-10-05 12:00:00,14.40,EUR,CREATED,region-00441,web
ORD-P000442,CUST-0442,2026-10-05 12:00:00,14.41,EUR,CREATED,region-00442,web
ORD-P000443,CUST-0443,2026-10-05 12:00:00,14.42,EUR,CREATED,region-00443,web
ORD-P000444,CUST-0444,2026-10-05 12:00:00,14.43,EUR,CREATED,region-00444,web
ORD-P000445,CUST-0445,2026-10-05 12:00:00,14.44,EUR,CREATED,region-00445,web
ORD-P000446,CUST-0446,2026-10-05 12:00:00,14.45,EUR,CREATED,region-00446,web
ORD-P000447,CUST-0447,2026-10-05 12:00:00,14.46,EUR,CREATED,region-00447,web
ORD-P000448,CUST-0448,2026-10-05 12:00:00,14.47,EUR,CREATED,region-00448,web
ORD-P000449,CUST-0449,2026-10-05 12:00:00,14.48,EUR,CREATED,region-00449,web
ORD-P000450,CUST-0450,2026-10-05 12:00:00,14.49,EUR,CREATED,region-00450,web
ORD-P000451,CUST-0451,2026-10-05 12:00:00,14.50,EUR,CREATED,region-00451,web
ORD-P000452,CUST-0452,2026-10-05 12:00:00,14.51,EUR,CREATED,region-00452,web
ORD-P000453,CUST-0453,2026-10-05 12:00:00,14.52,EUR,CREATED,region-00453,web
ORD-P000454,CUST-0454,2026-10-05 12:00:00,14.53,EUR,CREATED,region-00454,web
ORD-P000455,CUST-0455,2026-10-05 12:00:00,14.54,EUR,CREATED,region-00455,web
ORD-P000456,CUST-0456,2026-10-05 12:00:00,14.55,EUR,CREATED,region-00456,web
ORD-P000457,CUST-0457,2026-10-05 12:00:00,14.56,EUR,CREATED,region-00457,web
ORD-P000458,CUST-0458,2026-10-05 12:00:00,14.57,EUR,CREATED,region-00458,web
ORD-P000459,CUST-0459,2026-10-05 12:00:00,14.58,EUR,CREATED,region-00459,web
ORD-P000460,CUST-0460,2026-10-05 12:00:00,14.59,EUR,CREATED,region-00460,web
ORD-P000461,CUST-0461,2026-10-05 12:00:00,14.60,EUR,CREATED,region-00461,web
ORD-P000462,CUST-0462,2026-10-05 12:00:00,14.61,EUR,CREATED,region-00462,web
ORD-P000463,CUST-0463,2026-10-05 12:00:00,14.62,EUR,CREATED,region-00463,web
ORD-P000464,CUST-0464,2026-10-05 12:00:00,14.63,EUR,CREATED,region-00464,web
ORD-P000465,CUST-0465,2026-10-05 12:00:00,14.64,EUR,CREATED,region-00465,web
ORD-P000466,CUST-0466,2026-10-05 12:00:00,14.65,EUR,CREATED,region-00466,web
ORD-P000467,CUST-0467,2026-10-05 12:00:00,14.66,EUR,CREATED,region-00467,web
ORD-P000468,CUST-0468,2026-10-05 12:00:00,14.67,EUR,CREATED,region-00468,web
ORD-P000469,CUST-0469,2026-10-05 12:00:00,14.68,EUR,CREATED,region-00469,web
ORD-P000470,CUST-0470,2026-10-05 12:00:00,14.69,EUR,CREATED,region-00470,web
ORD-P000471,CUST-0471,2026-10-05 12:00:00,14.70,EUR,CREATED,region-00471,web
ORD-P000472,CUST-0472,2026-10-05 12:00:00,14.71,EUR,CREATED,region-00472,web
ORD-P000473,CUST-0473,2026-10-05 12:00:00,14.72,EUR,CREATED,region-00473,web
ORD-P000474,CUST-0474,2026-10-05 12:00:00,14.73,EUR,CREATED,region-00474,web
ORD-P000475,CUST-0475,2026-10-05 12:00:00,14.74,EUR,CREATED,region-00475,web
ORD-P000476,CUST-0476,2026-10-05 12:00:00,14.75,EUR,CREATED,region-00476,web
ORD-P000477,CUST-0477,2026-10-05 12:00:00,14.76,EUR,CREATED,region-00477,web
ORD-P000478,CUST-0478,2026-10-05 12:00:00,14.77,EUR,CREATED,region-00478,web
ORD-P000479,CUST-0479,2026-10-05 12:00:00,14.78,EUR,CREATED,region-00479,web
ORD-P000480,CUST-0480,2026-10-05 12:00:00,14.79,EUR,CREATED,region-00480,web
ORD-P000481,CUST-0481,2026-10-05 12:00:00,14.80,EUR,CREATED,region-00481,web
ORD-P000482,CUST-0482,2026-10-05 12:00:00,14.81,EUR,CREATED,region-00482,web
ORD-P000483,CUST-0483,2026-10-05 12:00:00,14.82,EUR,CREATED,region-00483,web
ORD-P000484,CUST-0484,2026-10-05 12:00:00,14.83,EUR,CREATED,region-00484,web
ORD-P000485,CUST-0485,2026-10-05 12:00:00,14.84,EUR,CREATED,region-00485,web
ORD-P000486,CUST-0486,2026-10-05 12:00:00,14.85,EUR,CREATED,region-00486,web
ORD-P000487,CUST-0487,2026-10-05 12:00:00,14.86,EUR,CREATED,region-00487,web
ORD-P000488,CUST-0488,2026-10-05 12:00:00,14.87,EUR,CREATED,region-00488,web
ORD-P000489,CUST-0489,2026-10-05 12:00:00,14.88,EUR,CREATED,region-00489,web
ORD-P000490,CUST-0490,2026-10-05 12:00:00,14.89,EUR,CREATED,region-00490,web
ORD-P000491,CUST-0491,2026-10-05 12:00:00,14.90,EUR,CREATED,region-00491,web
ORD-P000492,CUST-0492,2026-10-05 12:00:00,14.91,EUR,CREATED,region-00492,web
ORD-P000493,CUST-0493,2026-10-05 12:00:00,14.92,EUR,CREATED,region-00493,web
ORD-P000494,CUST-0494,2026-10-05 12:00:00,14.93,EUR,CREATED,region-00494,web
ORD-P000495,CUST-0495,2026-10-05 12:00:00,14.94,EUR,CREATED,region-00495,web
ORD-P000496,CUST-0496,2026-10-05 12:00:00,14.95,EUR,CREATED,region-00496,web
ORD-P000497,CUST-0497,2026-10-05 12:00:00,14.96,EUR,CREATED,region-00497,web
ORD-P000498,CUST-0498,2026-10-05 12:00:00,14.97,EUR,CREATED,region-00498,web
ORD-P000499,CUST-0499,2026-10-05 12:00:00,14.98,EUR,CREATED,region-00499,web
ORD-P000500,CUST-0500,2026-10-05 12:00:00,14.99,EUR,CREATED,region-00500,web
ORD-P000501,CUST-0501,2026-10-05 12:00:00,15.00,EUR,CREATED,region-00501,web
ORD-P000502,CUST-0502,2026-10-05 12:00:00,15.01,EUR,CREATED,region-00502,web
ORD-P000503,CUST-0503,2026-10-05 12:00:00,15.02,EUR,CREATED,region-00503,web
ORD-P000504,CUST-0504,2026-10-05 12:00:00,15.03,EUR,CREATED,region-00504,web
ORD-P000505,CUST-0505,2026-10-05 12:00:00,15.04,EUR,CREATED,region-00505,web
ORD-P000506,CUST-0506,2026-10-05 12:00:00,15.05,EUR,CREATED,region-00506,web
ORD-P000507,CUST-0507,2026-10-05 12:00:00,15.06,EUR,CREATED,region-00507,web
ORD-P000508,CUST-0508,2026-10-05 12:00:00,15.07,EUR,CREATED,region-00508,web
ORD-P000509,CUST-0509,2026-10-05 12:00:00,15.08,EUR,CREATED,region-00509,web
ORD-P000510,CUST-0510,2026-10-05 12:00:00,15.09,EUR,CREATED,region-00510,web
ORD-P000511,CUST-0511,2026-10-05 12:00:00,15.10,EUR,CREATED,region-00511,web
ORD-P000512,CUST-0512,2026-10-05 12:00:00,15.11,EUR,CREATED,region-00512,web
ORD-P000513,CUST-0513,2026-10-05 12:00:00,15.12,EUR,CREATED,region-00513,web
ORD-P000514,CUST-0514,2026-10-05 12:00:00,15.13,EUR,CREATED,region-00514,web
ORD-P000515,CUST-0515,2026-10-05 12:00:00,15.14,EUR,CREATED,region-00515,web
ORD-P000516,CUST-0516,2026-10-05 12:00:00,15.15,EUR,CREATED,region-00516,web
ORD-P000517,CUST-0517,2026-10-05 12:00:00,15.16,EUR,CREATED,region-00517,web
ORD-P000518,CUST-0518,2026-10-05 12:00:00,15.17,EUR,CREATED,region-00518,web
ORD-P000519,CUST-0519,2026-10-05 12:00:00,15.18,EUR,CREATED,region-00519,web
ORD-P000520,CUST-0520,2026-10-05 12:00:00,15.19,EUR,CREATED,region-00520,web
ORD-P000521,CUST-0521,2026-10-05 12:00:00,15.20,EUR,CREATED,region-00521,web
ORD-P000522,CUST-0522,2026-10-05 12:00:00,15.21,EUR,CREATED,region-00522,web
ORD-P000523,CUST-0523,2026-10-05 12:00:00,15.22,EUR,CREATED,region-00523,web
ORD-P000524,CUST-0524,2026-10-05 12:00:00,15.23,EUR,CREATED,region-00524,web
ORD-P000525,CUST-0525,2026-10-05 12:00:00,15.24,EUR,CREATED,region-00525,web
ORD-P000526,CUST-0526,2026-10-05 12:00:00,15.25,EUR,CREATED,region-00526,web
ORD-P000527,CUST-0527,2026-10-05 12:00:00,15.26,EUR,CREATED,region-00527,web
ORD-P000528,CUST-0528,2026-10-05 12:00:00,15.27,EUR,CREATED,region-00528,web
ORD-P000529,CUST-0529,2026-10-05 12:00:00,15.28,EUR,CREATED,region-00529,web
ORD-P000530,CUST-0530,2026-10-05 12:00:00,15.29,EUR,CREATED,region-00530,web
ORD-P000531,CUST-0531,2026-10-05 12:00:00,15.30,EUR,CREATED,region-00531,web
ORD-P000532,CUST-0532,2026-10-05 12:00:00,15.31,EUR,CREATED,region-00532,web
ORD-P000533,CUST-0533,2026-10-05 12:00:00,15.32,EUR,CREATED,region-00533,web
ORD-P000534,CUST-0534,2026-10-05 12:00:00,15.33,EUR,CREATED,region-00534,web
ORD-P000535,CUST-0535,2026-10-05 12:00:00,15.34,EUR,CREATED,region-00535,web
ORD-P000536,CUST-0536,2026-10-05 12:00:00,15.35,EUR,CREATED,region-00536,web
ORD-P000537,CUST-0537,2026-10-05 12:00:00,15.36,EUR,CREATED,region-00537,web
ORD-P000538,CUST-0538,2026-10-05 12:00:00,15.37,EUR,CREATED,region-00538,web
ORD-P000539,CUST-0539,2026-10-05 12:00:00,15.38,EUR,CREATED,region-00539,web
ORD-P000540,CUST-0540,2026-10-05 12:00:00,15.39,EUR,CREATED,region-00540,web
ORD-P000541,CUST-0541,2026-10-05 12:00:00,15.40,EUR,CREATED,region-00541,web
ORD-P000542,CUST-0542,2026-10-05 12:00:00,15.41,EUR,CREATED,region-00542,web
ORD-P000543,CUST-0543,2026-10-05 12:00:00,15.42,EUR,CREATED,region-00543,web
ORD-P000544,CUST-0544,2026-10-05 12:00:00,15.43,EUR,CREATED,region-00544,web
ORD-P000545,CUST-0545,2026-10-05 12:00:00,15.44,EUR,CREATED,region-00545,web
ORD-P000546,CUST-0546,2026-10-05 12:00:00,15.45,EUR,CREATED,region-00546,web
ORD-P000547,CUST-0547,2026-10-05 12:00:00,15.46,EUR,CREATED,region-00547,web
ORD-P000548,CUST-0548,2026-10-05 12:00:00,15.47,EUR,CREATED,region-00548,web
ORD-P000549,CUST-0549,2026-10-05 12:00:00,15.48,EUR,CREATED,region-00549,web
ORD-P000550,CUST-0550,2026-10-05 12:00:00,15.49,EUR,CREATED,region-00550,web
ORD-P000551,CUST-0551,2026-10-05 12:00:00,15.50,EUR,CREATED,region-00551,web
ORD-P000552,CUST-0552,2026-10-05 12:00:00,15.51,EUR,CREATED,region-00552,web
ORD-P000553,CUST-0553,2026-10-05 12:00:00,15.52,EUR,CREATED,region-00553,web
ORD-P000554,CUST-0554,2026-10-05 12:00:00,15.53,EUR,CREATED,region-00554,web
ORD-P000555,CUST-0555,2026-10-05 12:00:00,15.54,EUR,CREATED,region-00555,web
ORD-P000556,CUST-0556,2026-10-05 12:00:00,15.55,EUR,CREATED,region-00556,web
ORD-P000557,CUST-0557,2026-10-05 12:00:00,15.56,EUR,CREATED,region-00557,web
ORD-P000558,CUST-0558,2026-10-05 12:00:00,15.57,EUR,CREATED,region-00558,web
ORD-P000559,CUST-0559,2026-10-05 12:00:00,15.58,EUR,CREATED,region-00559,web
ORD-P000560,CUST-0560,2026-10-05 12:00:00,15.59,EUR,CREATED,region-00560,web
ORD-P000561,CUST-0561,2026-10-05 12:00:00,15.60,EUR,CREATED,region-00561,web
ORD-P000562,CUST-0562,2026-10-05 12:00:00,15.61,EUR,CREATED,region-00562,web
ORD-P000563,CUST-0563,2026-10-05 12:00:00,15.62,EUR,CREATED,region-00563,web
ORD-P000564,CUST-0564,2026-10-05 12:00:00,15.63,EUR,CREATED,region-00564,web
ORD-P000565,CUST-0565,2026-10-05 12:00:00,15.64,EUR,CREATED,region-00565,web
ORD-P000566,CUST-0566,2026-10-05 12:00:00,15.65,EUR,CREATED,region-00566,web
ORD-P000567,CUST-0567,2026-10-05 12:00:00,15.66,EUR,CREATED,region-00567,web
ORD-P000568,CUST-0568,2026-10-05 12:00:00,15.67,EUR,CREATED,region-00568,web
ORD-P000569,CUST-0569,2026-10-05 12:00:00,15.68,EUR,CREATED,region-00569,web
ORD-P000570,CUST-0570,2026-10-05 12:00:00,15.69,EUR,CREATED,region-00570,web
ORD-P000571,CUST-0571,2026-10-05 12:00:00,15.70,EUR,CREATED,region-00571,web
ORD-P000572,CUST-0572,2026-10-05 12:00:00,15.71,EUR,CREATED,region-00572,web
ORD-P000573,CUST-0573,2026-10-05 12:00:00,15.72,EUR,CREATED,region-00573,web
ORD-P000574,CUST-0574,2026-10-05 12:00:00,15.73,EUR,CREATED,region-00574,web
ORD-P000575,CUST-0575,2026-10-05 12:00:00,15.74,EUR,CREATED,region-00575,web
ORD-P000576,CUST-0576,2026-10-05 12:00:00,15.75,EUR,CREATED,region-00576,web
ORD-P000577,CUST-0577,2026-10-05 12:00:00,15.76,EUR,CREATED,region-00577,web
ORD-P000578,CUST-0578,2026-10-05 12:00:00,15.77,EUR,CREATED,region-00578,web
ORD-P000579,CUST-0579,2026-10-05 12:00:00,15.78,EUR,CREATED,region-00579,web
ORD-P000580,CUST-0580,2026-10-05 12:00:00,15.79,EUR,CREATED,region-00580,web
ORD-P000581,CUST-0581,2026-10-05 12:00:00,15.80,EUR,CREATED,region-00581,web
ORD-P000582,CUST-0582,2026-10-05 12:00:00,15.81,EUR,CREATED,region-00582,web
ORD-P000583,CUST-0583,2026-10-05 12:00:00,15.82,EUR,CREATED,region-00583,web
ORD-P000584,CUST-0584,2026-10-05 12:00:00,15.83,EUR,CREATED,region-00584,web
ORD-P000585,CUST-0585,2026-10-05 12:00:00,15.84,EUR,CREATED,region-00585,web
ORD-P000586,CUST-0586,2026-10-05 12:00:00,15.85,EUR,CREATED,region-00586,web
ORD-P000587,CUST-0587,2026-10-05 12:00:00,15.86,EUR,CREATED,region-00587,web
ORD-P000588,CUST-0588,2026-10-05 12:00:00,15.87,EUR,CREATED,region-00588,web
ORD-P000589,CUST-0589,2026-10-05 12:00:00,15.88,EUR,CREATED,region-00589,web
ORD-P000590,CUST-0590,2026-10-05 12:00:00,15.89,EUR,CREATED,region-00590,web
ORD-P000591,CUST-0591,2026-10-05 12:00:00,15.90,EUR,CREATED,region-00591,web
ORD-P000592,CUST-0592,2026-10-05 12:00:00,15.91,EUR,CREATED,region-00592,web
ORD-P000593,CUST-0593,2026-10-05 12:00:00,15.92,EUR,CREATED,region-00593,web
ORD-P000594,CUST-0594,2026-10-05 12:00:00,15.93,EUR,CREATED,region-00594,web
ORD-P000595,CUST-0595,2026-10-05 12:00:00,15.94,EUR,CREATED,region-00595,web
ORD-P000596,CUST-0596,2026-10-05 12:00:00,15.95,EUR,CREATED,region-00596,web
ORD-P000597,CUST-0597,2026-10-05 12:00:00,15.96,EUR,CREATED,region-00597,web
ORD-P000598,CUST-0598,2026-10-05 12:00:00,15.97,EUR,CREATED,region-00598,web
ORD-P000599,CUST-0599,2026-10-05 12:00:00,15.98,EUR,CREATED,region-00599,web
ORD-P000600,CUST-0600,2026-10-05 12:00:00,15.99,EUR,CREATED,region-00600,web
ORD-P000601,CUST-0601,2026-10-05 12:00:00,16.00,EUR,CREATED,region-00601,web
ORD-P000602,CUST-0602,2026-10-05 12:00:00,16.01,EUR,CREATED,region-00602,web
ORD-P000603,CUST-0603,2026-10-05 12:00:00,16.02,EUR,CREATED,region-00603,web
ORD-P000604,CUST-0604,2026-10-05 12:00:00,16.03,EUR,CREATED,region-00604,web
ORD-P000605,CUST-0605,2026-10-05 12:00:00,16.04,EUR,CREATED,region-00605,web
ORD-P000606,CUST-0606,2026-10-05 12:00:00,16.05,EUR,CREATED,region-00606,web
ORD-P000607,CUST-0607,2026-10-05 12:00:00,16.06,EUR,CREATED,region-00607,web
ORD-P000608,CUST-0608,2026-10-05 12:00:00,16.07,EUR,CREATED,region-00608,web
ORD-P000609,CUST-0609,2026-10-05 12:00:00,16.08,EUR,CREATED,region-00609,web
ORD-P000610,CUST-0610,2026-10-05 12:00:00,16.09,EUR,CREATED,region-00610,web
ORD-P000611,CUST-0611,2026-10-05 12:00:00,16.10,EUR,CREATED,region-00611,web
ORD-P000612,CUST-0612,2026-10-05 12:00:00,16.11,EUR,CREATED,region-00612,web
ORD-P000613,CUST-0613,2026-10-05 12:00:00,16.12,EUR,CREATED,region-00613,web
ORD-P000614,CUST-0614,2026-10-05 12:00:00,16.13,EUR,CREATED,region-00614,web
ORD-P000615,CUST-0615,2026-10-05 12:00:00,16.14,EUR,CREATED,region-00615,web
ORD-P000616,CUST-0616,2026-10-05 12:00:00,16.15,EUR,CREATED,region-00616,web
ORD-P000617,CUST-0617,2026-10-05 12:00:00,16.16,EUR,CREATED,region-00617,web
ORD-P000618,CUST-0618,2026-10-05 12:00:00,16.17,EUR,CREATED,region-00618,web
ORD-P000619,CUST-0619,2026-10-05 12:00:00,16.18,EUR,CREATED,region-00619,web
ORD-P000620,CUST-0620,2026-10-05 12:00:00,16.19,EUR,CREATED,region-00620,web
ORD-P000621,CUST-0621,2026-10-05 12:00:00,16.20,EUR,CREATED,region-00621,web
ORD-P000622,CUST-0622,2026-10-05 12:00:00,16.21,EUR,CREATED,region-00622,web
ORD-P000623,CUST-0623,2026-10-05 12:00:00,16.22,EUR,CREATED,region-00623,web
ORD-P000624,CUST-0624,2026-10-05 12:00:00,16.23,EUR,CREATED,region-00624,web
ORD-P000625,CUST-0625,2026-10-05 12:00:00,16.24,EUR,CREATED,region-00625,web
ORD-P000626,CUST-0626,2026-10-05 12:00:00,16.25,EUR,CREATED,region-00626,web
ORD-P000627,CUST-0627,2026-10-05 12:00:00,16.26,EUR,CREATED,region-00627,web
ORD-P000628,CUST-0628,2026-10-05 12:00:00,16.27,EUR,CREATED,region-00628,web
ORD-P000629,CUST-0629,2026-10-05 12:00:00,16.28,EUR,CREATED,region-00629,web
ORD-P000630,CUST-0630,2026-10-05 12:00:00,16.29,EUR,CREATED,region-00630,web
ORD-P000631,CUST-0631,2026-10-05 12:00:00,16.30,EUR,CREATED,region-00631,web
ORD-P000632,CUST-0632,2026-10-05 12:00:00,16.31,EUR,CREATED,region-00632,web
ORD-P000633,CUST-0633,2026-10-05 12:00:00,16.32,EUR,CREATED,region-00633,web
ORD-P000634,CUST-0634,2026-10-05 12:00:00,16.33,EUR,CREATED,region-00634,web
ORD-P000635,CUST-0635,2026-10-05 12:00:00,16.34,EUR,CREATED,region-00635,web
ORD-P000636,CUST-0636,2026-10-05 12:00:00,16.35,EUR,CREATED,region-00636,web
ORD-P000637,CUST-0637,2026-10-05 12:00:00,16.36,EUR,CREATED,region-00637,web
ORD-P000638,CUST-0638,2026-10-05 12:00:00,16.37,EUR,CREATED,region-00638,web
ORD-P000639,CUST-0639,2026-10-05 12:00:00,16.38,EUR,CREATED,region-00639,web
ORD-P000640,CUST-0640,2026-10-05 12:00:00,16.39,EUR,CREATED,region-00640,web
ORD-P000641,CUST-0641,2026-10-05 12:00:00,16.40,EUR,CREATED,region-00641,web
ORD-P000642,CUST-0642,2026-10-05 12:00:00,16.41,EUR,CREATED,region-00642,web
ORD-P000643,CUST-0643,2026-10-05 12:00:00,16.42,EUR,CREATED,region-00643,web
ORD-P000644,CUST-0644,2026-10-05 12:00:00,16.43,EUR,CREATED,region-00644,web
ORD-P000645,CUST-0645,2026-10-05 12:00:00,16.44,EUR,CREATED,region-00645,web
ORD-P000646,CUST-0646,2026-10-05 12:00:00,16.45,EUR,CREATED,region-00646,web
ORD-P000647,CUST-0647,2026-10-05 12:00:00,16.46,EUR,CREATED,region-00647,web
ORD-P000648,CUST-0648,2026-10-05 12:00:00,16.47,EUR,CREATED,region-00648,web
ORD-P000649,CUST-0649,2026-10-05 12:00:00,16.48,EUR,CREATED,region-00649,web
ORD-P000650,CUST-0650,2026-10-05 12:00:00,16.49,EUR,CREATED,region-00650,web
ORD-P000651,CUST-0651,2026-10-05 12:00:00,16.50,EUR,CREATED,region-00651,web
ORD-P000652,CUST-0652,2026-10-05 12:00:00,16.51,EUR,CREATED,region-00652,web
ORD-P000653,CUST-0653,2026-10-05 12:00:00,16.52,EUR,CREATED,region-00653,web
ORD-P000654,CUST-0654,2026-10-05 12:00:00,16.53,EUR,CREATED,region-00654,web
ORD-P000655,CUST-0655,2026-10-05 12:00:00,16.54,EUR,CREATED,region-00655,web
ORD-P000656,CUST-0656,2026-10-05 12:00:00,16.55,EUR,CREATED,region-00656,web
ORD-P000657,CUST-0657,2026-10-05 12:00:00,16.56,EUR,CREATED,region-00657,web
ORD-P000658,CUST-0658,2026-10-05 12:00:00,16.57,EUR,CREATED,region-00658,web
ORD-P000659,CUST-0659,2026-10-05 12:00:00,16.58,EUR,CREATED,region-00659,web
ORD-P000660,CUST-0660,2026-10-05 12:00:00,16.59,EUR,CREATED,region-00660,web
ORD-P000661,CUST-0661,2026-10-05 12:00:00,16.60,EUR,CREATED,region-00661,web
ORD-P000662,CUST-0662,2026-10-05 12:00:00,16.61,EUR,CREATED,region-00662,web
ORD-P000663,CUST-0663,2026-10-05 12:00:00,16.62,EUR,CREATED,region-00663,web
ORD-P000664,CUST-0664,2026-10-05 12:00:00,16.63,EUR,CREATED,region-00664,web
ORD-P000665,CUST-0665,2026-10-05 12:00:00,16.64,EUR,CREATED,region-00665,web
ORD-P000666,CUST-0666,2026-10-05 12:00:00,16.65,EUR,CREATED,region-00666,web
ORD-P000667,CUST-0667,2026-10-05 12:00:00,16.66,EUR,CREATED,region-00667,web
ORD-P000668,CUST-0668,2026-10-05 12:00:00,16.67,EUR,CREATED,region-00668,web
ORD-P000669,CUST-0669,2026-10-05 12:00:00,16.68,EUR,CREATED,region-00669,web
ORD-P000670,CUST-0670,2026-10-05 12:00:00,16.69,EUR,CREATED,region-00670,web
ORD-P000671,CUST-0671,2026-10-05 12:00:00,16.70,EUR,CREATED,region-00671,web
ORD-P000672,CUST-0672,2026-10-05 12:00:00,16.71,EUR,CREATED,region-00672,web
ORD-P000673,CUST-0673,2026-10-05 12:00:00,16.72,EUR,CREATED,region-00673,web
ORD-P000674,CUST-0674,2026-10-05 12:00:00,16.73,EUR,CREATED,region-00674,web
ORD-P000675,CUST-0675,2026-10-05 12:00:00,16.74,EUR,CREATED,region-00675,web
ORD-P000676,CUST-0676,2026-10-05 12:00:00,16.75,EUR,CREATED,region-00676,web
ORD-P000677,CUST-0677,2026-10-05 12:00:00,16.76,EUR,CREATED,region-00677,web
ORD-P000678,CUST-0678,2026-10-05 12:00:00,16.77,EUR,CREATED,region-00678,web
ORD-P000679,CUST-0679,2026-10-05 12:00:00,16.78,EUR,CREATED,region-00679,web
ORD-P000680,CUST-0680,2026-10-05 12:00:00,16.79,EUR,CREATED,region-00680,web
ORD-P000681,CUST-0681,2026-10-05 12:00:00,16.80,EUR,CREATED,region-00681,web
ORD-P000682,CUST-0682,2026-10-05 12:00:00,16.81,EUR,CREATED,region-00682,web
ORD-P000683,CUST-0683,2026-10-05 12:00:00,16.82,EUR,CREATED,region-00683,web
ORD-P000684,CUST-0684,2026-10-05 12:00:00,16.83,EUR,CREATED,region-00684,web
ORD-P000685,CUST-0685,2026-10-05 12:00:00,16.84,EUR,CREATED,region-00685,web
ORD-P000686,CUST-0686,2026-10-05 12:00:00,16.85,EUR,CREATED,region-00686,web
ORD-P000687,CUST-0687,2026-10-05 12:00:00,16.86,EUR,CREATED,region-00687,web
ORD-P000688,CUST-0688,2026-10-05 12:00:00,16.87,EUR,CREATED,region-00688,web
ORD-P000689,CUST-0689,2026-10-05 12:00:00,16.88,EUR,CREATED,region-00689,web
ORD-P000690,CUST-0690,2026-10-05 12:00:00,16.89,EUR,CREATED,region-00690,web
ORD-P000691,CUST-0691,2026-10-05 12:00:00,16.90,EUR,CREATED,region-00691,web
ORD-P000692,CUST-0692,2026-10-05 12:00:00,16.91,EUR,CREATED,region-00692,web
ORD-P000693,CUST-0693,2026-10-05 12:00:00,16.92,EUR,CREATED,region-00693,web
ORD-P000694,CUST-0694,2026-10-05 12:00:00,16.93,EUR,CREATED,region-00694,web
ORD-P000695,CUST-0695,2026-10-05 12:00:00,16.94,EUR,CREATED,region-00695,web
ORD-P000696,CUST-0696,2026-10-05 12:00:00,16.95,EUR,CREATED,region-00696,web
ORD-P000697,CUST-0697,2026-10-05 12:00:00,16.96,EUR,CREATED,region-00697,web
ORD-P000698,CUST-0698,2026-10-05 12:00:00,16.97,EUR,CREATED,region-00698,web
ORD-P000699,CUST-0699,2026-10-05 12:00:00,16.98,EUR,CREATED,region-00699,web
ORD-P000700,CUST-0700,2026-10-05 12:00:00,16.99,EUR,CREATED,region-00700,web
ORD-P000701,CUST-0701,2026-10-05 12:00:00,17.00,EUR,CREATED,region-00701,web
ORD-P000702,CUST-0702,2026-10-05 12:00:00,17.01,EUR,CREATED,region-00702,web
ORD-P000703,CUST-0703,2026-10-05 12:00:00,17.02,EUR,CREATED,region-00703,web
ORD-P000704,CUST-0704,2026-10-05 12:00:00,17.03,EUR,CREATED,region-00704,web
ORD-P000705,CUST-0705,2026-10-05 12:00:00,17.04,EUR,CREATED,region-00705,web
ORD-P000706,CUST-0706,2026-10-05 12:00:00,17.05,EUR,CREATED,region-00706,web
ORD-P000707,CUST-0707,2026-10-05 12:00:00,17.06,EUR,CREATED,region-00707,web
ORD-P000708,CUST-0708,2026-10-05 12:00:00,17.07,EUR,CREATED,region-00708,web
ORD-P000709,CUST-0709,2026-10-05 12:00:00,17.08,EUR,CREATED,region-00709,web
ORD-P000710,CUST-0710,2026-10-05 12:00:00,17.09,EUR,CREATED,region-00710,web
ORD-P000711,CUST-0711,2026-10-05 12:00:00,17.10,EUR,CREATED,region-00711,web
ORD-P000712,CUST-0712,2026-10-05 12:00:00,17.11,EUR,CREATED,region-00712,web
ORD-P000713,CUST-0713,2026-10-05 12:00:00,17.12,EUR,CREATED,region-00713,web
ORD-P000714,CUST-0714,2026-10-05 12:00:00,17.13,EUR,CREATED,region-00714,web
ORD-P000715,CUST-0715,2026-10-05 12:00:00,17.14,EUR,CREATED,region-00715,web
ORD-P000716,CUST-0716,2026-10-05 12:00:00,17.15,EUR,CREATED,region-00716,web
ORD-P000717,CUST-0717,2026-10-05 12:00:00,17.16,EUR,CREATED,region-00717,web
ORD-P000718,CUST-0718,2026-10-05 12:00:00,17.17,EUR,CREATED,region-00718,web
ORD-P000719,CUST-0719,2026-10-05 12:00:00,17.18,EUR,CREATED,region-00719,web
ORD-P000720,CUST-0720,2026-10-05 12:00:00,17.19,EUR,CREATED,region-00720,web
ORD-P000721,CUST-0721,2026-10-05 12:00:00,17.20,EUR,CREATED,region-00721,web
ORD-P000722,CUST-0722,2026-10-05 12:00:00,17.21,EUR,CREATED,region-00722,web
ORD-P000723,CUST-0723,2026-10-05 12:00:00,17.22,EUR,CREATED,region-00723,web
ORD-P000724,CUST-0724,2026-10-05 12:00:00,17.23,EUR,CREATED,region-00724,web
ORD-P000725,CUST-0725,2026-10-05 12:00:00,17.24,EUR,CREATED,region-00725,web
ORD-P000726,CUST-0726,2026-10-05 12:00:00,17.25,EUR,CREATED,region-00726,web
ORD-P000727,CUST-0727,2026-10-05 12:00:00,17.26,EUR,CREATED,region-00727,web
ORD-P000728,CUST-0728,2026-10-05 12:00:00,17.27,EUR,CREATED,region-00728,web
ORD-P000729,CUST-0729,2026-10-05 12:00:00,17.28,EUR,CREATED,region-00729,web
ORD-P000730,CUST-0730,2026-10-05 12:00:00,17.29,EUR,CREATED,region-00730,web
ORD-P000731,CUST-0731,2026-10-05 12:00:00,17.30,EUR,CREATED,region-00731,web
ORD-P000732,CUST-0732,2026-10-05 12:00:00,17.31,EUR,CREATED,region-00732,web
ORD-P000733,CUST-0733,2026-10-05 12:00:00,17.32,EUR,CREATED,region-00733,web
ORD-P000734,CUST-0734,2026-10-05 12:00:00,17.33,EUR,CREATED,region-00734,web
ORD-P000735,CUST-0735,2026-10-05 12:00:00,17.34,EUR,CREATED,region-00735,web
ORD-P000736,CUST-0736,2026-10-05 12:00:00,17.35,EUR,CREATED,region-00736,web
ORD-P000737,CUST-0737,2026-10-05 12:00:00,17.36,EUR,CREATED,region-00737,web
ORD-P000738,CUST-0738,2026-10-05 12:00:00,17.37,EUR,CREATED,region-00738,web
ORD-P000739,CUST-0739,2026-10-05 12:00:00,17.38,EUR,CREATED,region-00739,web
ORD-P000740,CUST-0740,2026-10-05 12:00:00,17.39,EUR,CREATED,region-00740,web
ORD-P000741,CUST-0741,2026-10-05 12:00:00,17.40,EUR,CREATED,region-00741,web
ORD-P000742,CUST-0742,2026-10-05 12:00:00,17.41,EUR,CREATED,region-00742,web
ORD-P000743,CUST-0743,2026-10-05 12:00:00,17.42,EUR,CREATED,region-00743,web
ORD-P000744,CUST-0744,2026-10-05 12:00:00,17.43,EUR,CREATED,region-00744,web
ORD-P000745,CUST-0745,2026-10-05 12:00:00,17.44,EUR,CREATED,region-00745,web
ORD-P000746,CUST-0746,2026-10-05 12:00:00,17.45,EUR,CREATED,region-00746,web
ORD-P000747,CUST-0747,2026-10-05 12:00:00,17.46,EUR,CREATED,region-00747,web
ORD-P000748,CUST-0748,2026-10-05 12:00:00,17.47,EUR,CREATED,region-00748,web
ORD-P000749,CUST-0749,2026-10-05 12:00:00,17.48,EUR,CREATED,region-00749,web
ORD-P000750,CUST-0750,2026-10-05 12:00:00,17.49,EUR,CREATED,region-00750,web
ORD-P000751,CUST-0751,2026-10-05 12:00:00,17.50,EUR,CREATED,region-00751,web
ORD-P000752,CUST-0752,2026-10-05 12:00:00,17.51,EUR,CREATED,region-00752,web
ORD-P000753,CUST-0753,2026-10-05 12:00:00,17.52,EUR,CREATED,region-00753,web
ORD-P000754,CUST-0754,2026-10-05 12:00:00,17.53,EUR,CREATED,region-00754,web
ORD-P000755,CUST-0755,2026-10-05 12:00:00,17.54,EUR,CREATED,region-00755,web
ORD-P000756,CUST-0756,2026-10-05 12:00:00,17.55,EUR,CREATED,region-00756,web
ORD-P000757,CUST-0757,2026-10-05 12:00:00,17.56,EUR,CREATED,region-00757,web
ORD-P000758,CUST-0758,2026-10-05 12:00:00,17.57,EUR,CREATED,region-00758,web
ORD-P000759,CUST-0759,2026-10-05 12:00:00,17.58,EUR,CREATED,region-00759,web
ORD-P000760,CUST-0760,2026-10-05 12:00:00,17.59,EUR,CREATED,region-00760,web
ORD-P000761,CUST-0761,2026-10-05 12:00:00,17.60,EUR,CREATED,region-00761,web
ORD-P000762,CUST-0762,2026-10-05 12:00:00,17.61,EUR,CREATED,region-00762,web
ORD-P000763,CUST-0763,2026-10-05 12:00:00,17.62,EUR,CREATED,region-00763,web
ORD-P000764,CUST-0764,2026-10-05 12:00:00,17.63,EUR,CREATED,region-00764,web
ORD-P000765,CUST-0765,2026-10-05 12:00:00,17.64,EUR,CREATED,region-00765,web
ORD-P000766,CUST-0766,2026-10-05 12:00:00,17.65,EUR,CREATED,region-00766,web
ORD-P000767,CUST-0767,2026-10-05 12:00:00,17.66,EUR,CREATED,region-00767,web
ORD-P000768,CUST-0768,2026-10-05 12:00:00,17.67,EUR,CREATED,region-00768,web
ORD-P000769,CUST-0769,2026-10-05 12:00:00,17.68,EUR,CREATED,region-00769,web
ORD-P000770,CUST-0770,2026-10-05 12:00:00,17.69,EUR,CREATED,region-00770,web
ORD-P000771,CUST-0771,2026-10-05 12:00:00,17.70,EUR,CREATED,region-00771,web
ORD-P000772,CUST-0772,2026-10-05 12:00:00,17.71,EUR,CREATED,region-00772,web
ORD-P000773,CUST-0773,2026-10-05 12:00:00,17.72,EUR,CREATED,region-00773,web
ORD-P000774,CUST-0774,2026-10-05 12:00:00,17.73,EUR,CREATED,region-00774,web
ORD-P000775,CUST-0775,2026-10-05 12:00:00,17.74,EUR,CREATED,region-00775,web
ORD-P000776,CUST-0776,2026-10-05 12:00:00,17.75,EUR,CREATED,region-00776,web
ORD-P000777,CUST-0777,2026-10-05 12:00:00,17.76,EUR,CREATED,region-00777,web
ORD-P000778,CUST-0778,2026-10-05 12:00:00,17.77,EUR,CREATED,region-00778,web
ORD-P000779,CUST-0779,2026-10-05 12:00:00,17.78,EUR,CREATED,region-00779,web
ORD-P000780,CUST-0780,2026-10-05 12:00:00,17.79,EUR,CREATED,region-00780,web
ORD-P000781,CUST-0781,2026-10-05 12:00:00,17.80,EUR,CREATED,region-00781,web
ORD-P000782,CUST-0782,2026-10-05 12:00:00,17.81,EUR,CREATED,region-00782,web
ORD-P000783,CUST-0783,2026-10-05 12:00:00,17.82,EUR,CREATED,region-00783,web
ORD-P000784,CUST-0784,2026-10-05 12:00:00,17.83,EUR,CREATED,region-00784,web
ORD-P000785,CUST-0785,2026-10-05 12:00:00,17.84,EUR,CREATED,region-00785,web
ORD-P000786,CUST-0786,2026-10-05 12:00:00,17.85,EUR,CREATED,region-00786,web
ORD-P000787,CUST-0787,2026-10-05 12:00:00,17.86,EUR,CREATED,region-00787,web
ORD-P000788,CUST-0788,2026-10-05 12:00:00,17.87,EUR,CREATED,region-00788,web
ORD-P000789,CUST-0789,2026-10-05 12:00:00,17.88,EUR,CREATED,region-00789,web
ORD-P000790,CUST-0790,2026-10-05 12:00:00,17.89,EUR,CREATED,region-00790,web
ORD-P000791,CUST-0791,2026-10-05 12:00:00,17.90,EUR,CREATED,region-00791,web
ORD-P000792,CUST-0792,2026-10-05 12:00:00,17.91,EUR,CREATED,region-00792,web
ORD-P000793,CUST-0793,2026-10-05 12:00:00,17.92,EUR,CREATED,region-00793,web
ORD-P000794,CUST-0794,2026-10-05 12:00:00,17.93,EUR,CREATED,region-00794,web
ORD-P000795,CUST-0795,2026-10-05 12:00:00,17.94,EUR,CREATED,region-00795,web
ORD-P000796,CUST-0796,2026-10-05 12:00:00,17.95,EUR,CREATED,region-00796,web
ORD-P000797,CUST-0797,2026-10-05 12:00:00,17.96,EUR,CREATED,region-00797,web
ORD-P000798,CUST-0798,2026-10-05 12:00:00,17.97,EUR,CREATED,region-00798,web
ORD-P000799,CUST-0799,2026-10-05 12:00:00,17.98,EUR,CREATED,region-00799,web
ORD-P000800,CUST-0800,2026-10-05 12:00:00,17.99,EUR,CREATED,region-00800,web
ORD-P000801,CUST-0801,2026-10-05 12:00:00,18.00,EUR,CREATED,region-00801,web
ORD-P000802,CUST-0802,2026-10-05 12:00:00,18.01,EUR,CREATED,region-00802,web
ORD-P000803,CUST-0803,2026-10-05 12:00:00,18.02,EUR,CREATED,region-00803,web
ORD-P000804,CUST-0804,2026-10-05 12:00:00,18.03,EUR,CREATED,region-00804,web
ORD-P000805,CUST-0805,2026-10-05 12:00:00,18.04,EUR,CREATED,region-00805,web
ORD-P000806,CUST-0806,2026-10-05 12:00:00,18.05,EUR,CREATED,region-00806,web
ORD-P000807,CUST-0807,2026-10-05 12:00:00,18.06,EUR,CREATED,region-00807,web
ORD-P000808,CUST-0808,2026-10-05 12:00:00,18.07,EUR,CREATED,region-00808,web
ORD-P000809,CUST-0809,2026-10-05 12:00:00,18.08,EUR,CREATED,region-00809,web
ORD-P000810,CUST-0810,2026-10-05 12:00:00,18.09,EUR,CREATED,region-00810,web
ORD-P000811,CUST-0811,2026-10-05 12:00:00,18.10,EUR,CREATED,region-00811,web
ORD-P000812,CUST-0812,2026-10-05 12:00:00,18.11,EUR,CREATED,region-00812,web
ORD-P000813,CUST-0813,2026-10-05 12:00:00,18.12,EUR,CREATED,region-00813,web
ORD-P000814,CUST-0814,2026-10-05 12:00:00,18.13,EUR,CREATED,region-00814,web
ORD-P000815,CUST-0815,2026-10-05 12:00:00,18.14,EUR,CREATED,region-00815,web
ORD-P000816,CUST-0816,2026-10-05 12:00:00,18.15,EUR,CREATED,region-00816,web
ORD-P000817,CUST-0817,2026-10-05 12:00:00,18.16,EUR,CREATED,region-00817,web
ORD-P000818,CUST-0818,2026-10-05 12:00:00,18.17,EUR,CREATED,region-00818,web
ORD-P000819,CUST-0819,2026-10-05 12:00:00,18.18,EUR,CREATED,region-00819,web
ORD-P000820,CUST-0820,2026-10-05 12:00:00,18.19,EUR,CREATED,region-00820,web
ORD-P000821,CUST-0821,2026-10-05 12:00:00,18.20,EUR,CREATED,region-00821,web
ORD-P000822,CUST-0822,2026-10-05 12:00:00,18.21,EUR,CREATED,region-00822,web
ORD-P000823,CUST-0823,2026-10-05 12:00:00,18.22,EUR,CREATED,region-00823,web
ORD-P000824,CUST-0824,2026-10-05 12:00:00,18.23,EUR,CREATED,region-00824,web
ORD-P000825,CUST-0825,2026-10-05 12:00:00,18.24,EUR,CREATED,region-00825,web
ORD-P000826,CUST-0826,2026-10-05 12:00:00,18.25,EUR,CREATED,region-00826,web
ORD-P000827,CUST-0827,2026-10-05 12:00:00,18.26,EUR,CREATED,region-00827,web
ORD-P000828,CUST-0828,2026-10-05 12:00:00,18.27,EUR,CREATED,region-00828,web
ORD-P000829,CUST-0829,2026-10-05 12:00:00,18.28,EUR,CREATED,region-00829,web
ORD-P000830,CUST-0830,2026-10-05 12:00:00,18.29,EUR,CREATED,region-00830,web
ORD-P000831,CUST-0831,2026-10-05 12:00:00,18.30,EUR,CREATED,region-00831,web
ORD-P000832,CUST-0832,2026-10-05 12:00:00,18.31,EUR,CREATED,region-00832,web
ORD-P000833,CUST-0833,2026-10-05 12:00:00,18.32,EUR,CREATED,region-00833,web
ORD-P000834,CUST-0834,2026-10-05 12:00:00,18.33,EUR,CREATED,region-00834,web
ORD-P000835,CUST-0835,2026-10-05 12:00:00,18.34,EUR,CREATED,region-00835,web
ORD-P000836,CUST-0836,2026-10-05 12:00:00,18.35,EUR,CREATED,region-00836,web
ORD-P000837,CUST-0837,2026-10-05 12:00:00,18.36,EUR,CREATED,region-00837,web
ORD-P000838,CUST-0838,2026-10-05 12:00:00,18.37,EUR,CREATED,region-00838,web
ORD-P000839,CUST-0839,2026-10-05 12:00:00,18.38,EUR,CREATED,region-00839,web
ORD-P000840,CUST-0840,2026-10-05 12:00:00,18.39,EUR,CREATED,region-00840,web
ORD-P000841,CUST-0841,2026-10-05 12:00:00,18.40,EUR,CREATED,region-00841,web
ORD-P000842,CUST-0842,2026-10-05 12:00:00,18.41,EUR,CREATED,region-00842,web
ORD-P000843,CUST-0843,2026-10-05 12:00:00,18.42,EUR,CREATED,region-00843,web
ORD-P000844,CUST-0844,2026-10-05 12:00:00,18.43,EUR,CREATED,region-00844,web
ORD-P000845,CUST-0845,2026-10-05 12:00:00,18.44,EUR,CREATED,region-00845,web
ORD-P000846,CUST-0846,2026-10-05 12:00:00,18.45,EUR,CREATED,region-00846,web
ORD-P000847,CUST-0847,2026-10-05 12:00:00,18.46,EUR,CREATED,region-00847,web
ORD-P000848,CUST-0848,2026-10-05 12:00:00,18.47,EUR,CREATED,region-00848,web
ORD-P000849,CUST-0849,2026-10-05 12:00:00,18.48,EUR,CREATED,region-00849,web
ORD-P000850,CUST-0850,2026-10-05 12:00:00,18.49,EUR,CREATED,region-00850,web
ORD-P000851,CUST-0851,2026-10-05 12:00:00,18.50,EUR,CREATED,region-00851,web
ORD-P000852,CUST-0852,2026-10-05 12:00:00,18.51,EUR,CREATED,region-00852,web
ORD-P000853,CUST-0853,2026-10-05 12:00:00,18.52,EUR,CREATED,region-00853,web
ORD-P000854,CUST-0854,2026-10-05 12:00:00,18.53,EUR,CREATED,region-00854,web
ORD-P000855,CUST-0855,2026-10-05 12:00:00,18.54,EUR,CREATED,region-00855,web
ORD-P000856,CUST-0856,2026-10-05 12:00:00,18.55,EUR,CREATED,region-00856,web
ORD-P000857,CUST-0857,2026-10-05 12:00:00,18.56,EUR,CREATED,region-00857,web
ORD-P000858,CUST-0858,2026-10-05 12:00:00,18.57,EUR,CREATED,region-00858,web
ORD-P000859,CUST-0859,2026-10-05 12:00:00,18.58,EUR,CREATED,region-00859,web
ORD-P000860,CUST-0860,2026-10-05 12:00:00,18.59,EUR,CREATED,region-00860,web
ORD-P000861,CUST-0861,2026-10-05 12:00:00,18.60,EUR,CREATED,region-00861,web
ORD-P000862,CUST-0862,2026-10-05 12:00:00,18.61,EUR,CREATED,region-00862,web
ORD-P000863,CUST-0863,2026-10-05 12:00:00,18.62,EUR,CREATED,region-00863,web
ORD-P000864,CUST-0864,2026-10-05 12:00:00,18.63,EUR,CREATED,region-00864,web
ORD-P000865,CUST-0865,2026-10-05 12:00:00,18.64,EUR,CREATED,region-00865,web
ORD-P000866,CUST-0866,2026-10-05 12:00:00,18.65,EUR,CREATED,region-00866,web
ORD-P000867,CUST-0867,2026-10-05 12:00:00,18.66,EUR,CREATED,region-00867,web
ORD-P000868,CUST-0868,2026-10-05 12:00:00,18.67,EUR,CREATED,region-00868,web
ORD-P000869,CUST-0869,2026-10-05 12:00:00,18.68,EUR,CREATED,region-00869,web
ORD-P000870,CUST-0870,2026-10-05 12:00:00,18.69,EUR,CREATED,region-00870,web
ORD-P000871,CUST-0871,2026-10-05 12:00:00,18.70,EUR,CREATED,region-00871,web
ORD-P000872,CUST-0872,2026-10-05 12:00:00,18.71,EUR,CREATED,region-00872,web
ORD-P000873,CUST-0873,2026-10-05 12:00:00,18.72,EUR,CREATED,region-00873,web
ORD-P000874,CUST-0874,2026-10-05 12:00:00,18.73,EUR,CREATED,region-00874,web
ORD-P000875,CUST-0875,2026-10-05 12:00:00,18.74,EUR,CREATED,region-00875,web
ORD-P000876,CUST-0876,2026-10-05 12:00:00,18.75,EUR,CREATED,region-00876,web
ORD-P000877,CUST-0877,2026-10-05 12:00:00,18.76,EUR,CREATED,region-00877,web
ORD-P000878,CUST-0878,2026-10-05 12:00:00,18.77,EUR,CREATED,region-00878,web
ORD-P000879,CUST-0879,2026-10-05 12:00:00,18.78,EUR,CREATED,region-00879,web
ORD-P000880,CUST-0880,2026-10-05 12:00:00,18.79,EUR,CREATED,region-00880,web
ORD-P000881,CUST-0881,2026-10-05 12:00:00,18.80,EUR,CREATED,region-00881,web
ORD-P000882,CUST-0882,2026-10-05 12:00:00,18.81,EUR,CREATED,region-00882,web
ORD-P000883,CUST-0883,2026-10-05 12:00:00,18.82,EUR,CREATED,region-00883,web
ORD-P000884,CUST-0884,2026-10-05 12:00:00,18.83,EUR,CREATED,region-00884,web
ORD-P000885,CUST-0885,2026-10-05 12:00:00,18.84,EUR,CREATED,region-00885,web
ORD-P000886,CUST-0886,2026-10-05 12:00:00,18.85,EUR,CREATED,region-00886,web
ORD-P000887,CUST-0887,2026-10-05 12:00:00,18.86,EUR,CREATED,region-00887,web
ORD-P000888,CUST-0888,2026-10-05 12:00:00,18.87,EUR,CREATED,region-00888,web
ORD-P000889,CUST-0889,2026-10-05 12:00:00,18.88,EUR,CREATED,region-00889,web
ORD-P000890,CUST-0890,2026-10-05 12:00:00,18.89,EUR,CREATED,region-00890,web
ORD-P000891,CUST-0891,2026-10-05 12:00:00,18.90,EUR,CREATED,region-00891,web
ORD-P000892,CUST-0892,2026-10-05 12:00:00,18.91,EUR,CREATED,region-00892,web
ORD-P000893,CUST-0893,2026-10-05 12:00:00,18.92,EUR,CREATED,region-00893,web
ORD-P000894,CUST-0894,2026-10-05 12:00:00,18.93,EUR,CREATED,region-00894,web
ORD-P000895,CUST-0895,2026-10-05 12:00:00,18.94,EUR,CREATED,region-00895,web
ORD-P000896,CUST-0896,2026-10-05 12:00:00,18.95,EUR,CREATED,region-00896,web
ORD-P000897,CUST-0897,2026-10-05 12:00:00,18.96,EUR,CREATED,region-00897,web
ORD-P000898,CUST-0898,2026-10-05 12:00:00,18.97,EUR,CREATED,region-00898,web
ORD-P000899,CUST-0899,2026-10-05 12:00:00,18.98,EUR,CREATED,region-00899,web
ORD-P000900,CUST-0900,2026-10-05 12:00:00,18.99,EUR,CREATED,region-00900,web
ORD-P000901,CUST-0901,2026-10-05 12:00:00,19.00,EUR,CREATED,region-00901,web
ORD-P000902,CUST-0902,2026-10-05 12:00:00,19.01,EUR,CREATED,region-00902,web
ORD-P000903,CUST-0903,2026-10-05 12:00:00,19.02,EUR,CREATED,region-00903,web
ORD-P000904,CUST-0904,2026-10-05 12:00:00,19.03,EUR,CREATED,region-00904,web
ORD-P000905,CUST-0905,2026-10-05 12:00:00,19.04,EUR,CREATED,region-00905,web
ORD-P000906,CUST-0906,2026-10-05 12:00:00,19.05,EUR,CREATED,region-00906,web
ORD-P000907,CUST-0907,2026-10-05 12:00:00,19.06,EUR,CREATED,region-00907,web
ORD-P000908,CUST-0908,2026-10-05 12:00:00,19.07,EUR,CREATED,region-00908,web
ORD-P000909,CUST-0909,2026-10-05 12:00:00,19.08,EUR,CREATED,region-00909,web
ORD-P000910,CUST-0910,2026-10-05 12:00:00,19.09,EUR,CREATED,region-00910,web
ORD-P000911,CUST-0911,2026-10-05 12:00:00,19.10,EUR,CREATED,region-00911,web
ORD-P000912,CUST-0912,2026-10-05 12:00:00,19.11,EUR,CREATED,region-00912,web
ORD-P000913,CUST-0913,2026-10-05 12:00:00,19.12,EUR,CREATED,region-00913,web
ORD-P000914,CUST-0914,2026-10-05 12:00:00,19.13,EUR,CREATED,region-00914,web
ORD-P000915,CUST-0915,2026-10-05 12:00:00,19.14,EUR,CREATED,region-00915,web
ORD-P000916,CUST-0916,2026-10-05 12:00:00,19.15,EUR,CREATED,region-00916,web
ORD-P000917,CUST-0917,2026-10-05 12:00:00,19.16,EUR,CREATED,region-00917,web
ORD-P000918,CUST-0918,2026-10-05 12:00:00,19.17,EUR,CREATED,region-00918,web
ORD-P000919,CUST-0919,2026-10-05 12:00:00,19.18,EUR,CREATED,region-00919,web
ORD-P000920,CUST-0920,2026-10-05 12:00:00,19.19,EUR,CREATED,region-00920,web
ORD-P000921,CUST-0921,2026-10-05 12:00:00,19.20,EUR,CREATED,region-00921,web
ORD-P000922,CUST-0922,2026-10-05 12:00:00,19.21,EUR,CREATED,region-00922,web
ORD-P000923,CUST-0923,2026-10-05 12:00:00,19.22,EUR,CREATED,region-00923,web
ORD-P000924,CUST-0924,2026-10-05 12:00:00,19.23,EUR,CREATED,region-00924,web
ORD-P000925,CUST-0925,2026-10-05 12:00:00,19.24,EUR,CREATED,region-00925,web
ORD-P000926,CUST-0926,2026-10-05 12:00:00,19.25,EUR,CREATED,region-00926,web
ORD-P000927,CUST-0927,2026-10-05 12:00:00,19.26,EUR,CREATED,region-00927,web
ORD-P000928,CUST-0928,2026-10-05 12:00:00,19.27,EUR,CREATED,region-00928,web
ORD-P000929,CUST-0929,2026-10-05 12:00:00,19.28,EUR,CREATED,region-00929,web
ORD-P000930,CUST-0930,2026-10-05 12:00:00,19.29,EUR,CREATED,region-00930,web
ORD-P000931,CUST-0931,2026-10-05 12:00:00,19.30,EUR,CREATED,region-00931,web
ORD-P000932,CUST-0932,2026-10-05 12:00:00,19.31,EUR,CREATED,region-00932,web
ORD-P000933,CUST-0933,2026-10-05 12:00:00,19.32,EUR,CREATED,region-00933,web
ORD-P000934,CUST-0934,2026-10-05 12:00:00,19.33,EUR,CREATED,region-00934,web
ORD-P000935,CUST-0935,2026-10-05 12:00:00,19.34,EUR,CREATED,region-00935,web
ORD-P000936,CUST-0936,2026-10-05 12:00:00,19.35,EUR,CREATED,region-00936,web
ORD-P000937,CUST-0937,2026-10-05 12:00:00,19.36,EUR,CREATED,region-00937,web
ORD-P000938,CUST-0938,2026-10-05 12:00:00,19.37,EUR,CREATED,region-00938,web
ORD-P000939,CUST-0939,2026-10-05 12:00:00,19.38,EUR,CREATED,region-00939,web
ORD-P000940,CUST-0940,2026-10-05 12:00:00,19.39,EUR,CREATED,region-00940,web
ORD-P000941,CUST-0941,2026-10-05 12:00:00,19.40,EUR,CREATED,region-00941,web
ORD-P000942,CUST-0942,2026-10-05 12:00:00,19.41,EUR,CREATED,region-00942,web
ORD-P000943,CUST-0943,2026-10-05 12:00:00,19.42,EUR,CREATED,region-00943,web
ORD-P000944,CUST-0944,2026-10-05 12:00:00,19.43,EUR,CREATED,region-00944,web
ORD-P000945,CUST-0945,2026-10-05 12:00:00,19.44,EUR,CREATED,region-00945,web
ORD-P000946,CUST-0946,2026-10-05 12:00:00,19.45,EUR,CREATED,region-00946,web
ORD-P000947,CUST-0947,2026-10-05 12:00:00,19.46,EUR,CREATED,region-00947,web
ORD-P000948,CUST-0948,2026-10-05 12:00:00,19.47,EUR,CREATED,region-00948,web
ORD-P000949,CUST-0949,2026-10-05 12:00:00,19.48,EUR,CREATED,region-00949,web
ORD-P000950,CUST-0950,2026-10-05 12:00:00,19.49,EUR,CREATED,region-00950,web
ORD-P000951,CUST-0951,2026-10-05 12:00:00,19.50,EUR,CREATED,region-00951,web
ORD-P000952,CUST-0952,2026-10-05 12:00:00,19.51,EUR,CREATED,region-00952,web
ORD-P000953,CUST-0953,2026-10-05 12:00:00,19.52,EUR,CREATED,region-00953,web
ORD-P000954,CUST-0954,2026-10-05 12:00:00,19.53,EUR,CREATED,region-00954,web
ORD-P000955,CUST-0955,2026-10-05 12:00:00,19.54,EUR,CREATED,region-00955,web
ORD-P000956,CUST-0956,2026-10-05 12:00:00,19.55,EUR,CREATED,region-00956,web
ORD-P000957,CUST-0957,2026-10-05 12:00:00,19.56,EUR,CREATED,region-00957,web
ORD-P000958,CUST-0958,2026-10-05 12:00:00,19.57,EUR,CREATED,region-00958,web
ORD-P000959,CUST-0959,2026-10-05 12:00:00,19.58,EUR,CREATED,region-00959,web
ORD-P000960,CUST-0960,2026-10-05 12:00:00,19.59,EUR,CREATED,region-00960,web
ORD-P000961,CUST-0961,2026-10-05 12:00:00,19.60,EUR,CREATED,region-00961,web
ORD-P000962,CUST-0962,2026-10-05 12:00:00,19.61,EUR,CREATED,region-00962,web
ORD-P000963,CUST-0963,2026-10-05 12:00:00,19.62,EUR,CREATED,region-00963,web
ORD-P000964,CUST-0964,2026-10-05 12:00:00,19.63,EUR,CREATED,region-00964,web
ORD-P000965,CUST-0965,2026-10-05 12:00:00,19.64,EUR,CREATED,region-00965,web
ORD-P000966,CUST-0966,2026-10-05 12:00:00,19.65,EUR,CREATED,region-00966,web
ORD-P000967,CUST-0967,2026-10-05 12:00:00,19.66,EUR,CREATED,region-00967,web
ORD-P000968,CUST-0968,2026-10-05 12:00:00,19.67,EUR,CREATED,region-00968,web
ORD-P000969,CUST-0969,2026-10-05 12:00:00,19.68,EUR,CREATED,region-00969,web
ORD-P000970,CUST-0970,2026-10-05 12:00:00,19.69,EUR,CREATED,region-00970,web
ORD-P000971,CUST-0971,2026-10-05 12:00:00,19.70,EUR,CREATED,region-00971,web
ORD-P000972,CUST-0972,2026-10-05 12:00:00,19.71,EUR,CREATED,region-00972,web
ORD-P000973,CUST-0973,2026-10-05 12:00:00,19.72,EUR,CREATED,region-00973,web
ORD-P000974,CUST-0974,2026-10-05 12:00:00,19.73,EUR,CREATED,region-00974,web
ORD-P000975,CUST-0975,2026-10-05 12:00:00,19.74,EUR,CREATED,region-00975,web
ORD-P000976,CUST-0976,2026-10-05 12:00:00,19.75,EUR,CREATED,region-00976,web
ORD-P000977,CUST-0977,2026-10-05 12:00:00,19.76,EUR,CREATED,region-00977,web
ORD-P000978,CUST-0978,2026-10-05 12:00:00,19.77,EUR,CREATED,region-00978,web
ORD-P000979,CUST-0979,2026-10-05 12:00:00,19.78,EUR,CREATED,region-00979,web
ORD-P000980,CUST-0980,2026-10-05 12:00:00,19.79,EUR,CREATED,region-00980,web
ORD-P000981,CUST-0981,2026-10-05 12:00:00,19.80,EUR,CREATED,region-00981,web
ORD-P000982,CUST-0982,2026-10-05 12:00:00,19.81,EUR,CREATED,region-00982,web
ORD-P000983,CUST-0983,2026-10-05 12:00:00,19.82,EUR,CREATED,region-00983,web
ORD-P000984,CUST-0984,2026-10-05 12:00:00,19.83,EUR,CREATED,region-00984,web
ORD-P000985,CUST-0985,2026-10-05 12:00:00,19.84,EUR,CREATED,region-00985,web
ORD-P000986,CUST-0986,2026-10-05 12:00:00,19.85,EUR,CREATED,region-00986,web
ORD-P000987,CUST-0987,2026-10-05 12:00:00,19.86,EUR,CREATED,region-00987,web
ORD-P000988,CUST-0988,2026-10-05 12:00:00,19.87,EUR,CREATED,region-00988,web
ORD-P000989,CUST-0989,2026-10-05 12:00:00,19.88,EUR,CREATED,region-00989,web
ORD-P000990,CUST-0990,2026-10-05 12:00:00,19.89,EUR,CREATED,region-00990,web
ORD-P000991,CUST-0991,2026-10-05 12:00:00,19.90,EUR,CREATED,region-00991,web
ORD-P000992,CUST-0992,2026-10-05 12:00:00,19.91,EUR,CREATED,region-00992,web
ORD-P000993,CUST-0993,2026-10-05 12:00:00,19.92,EUR,CREATED,region-00993,web
ORD-P000994,CUST-0994,2026-10-05 12:00:00,19.93,EUR,CREATED,region-00994,web
ORD-P000995,CUST-0995,2026-10-05 12:00:00,19.94,EUR,CREATED,region-00995,web
ORD-P000996,CUST-0996,2026-10-05 12:00:00,19.95,EUR,CREATED,region-00996,web
ORD-P000997,CUST-0997,2026-10-05 12:00:00,19.96,EUR,CREATED,region-00997,web
ORD-P000998,CUST-0998,2026-10-05 12:00:00,19.97,EUR,CREATED,region-00998,web
ORD-P000999,CUST-0999,2026-10-05 12:00:00,19.98,EUR,CREATED,region-00999,web
ORD-P001000,CUST-1000,2026-10-05 12:00:00,19.99,EUR,CREATED,region-01000,web
ORD-P001001,CUST-1001,2026-10-05 12:00:00,20.00,EUR,CREATED,region-01001,web
ORD-P001002,CUST-1002,2026-10-05 12:00:00,20.01,EUR,CREATED,region-01002,web
ORD-P001003,CUST-1003,2026-10-05 12:00:00,20.02,EUR,CREATED,region-01003,web
ORD-P001004,CUST-1004,2026-10-05 12:00:00,20.03,EUR,CREATED,region-01004,web
ORD-P001005,CUST-1005,2026-10-05 12:00:00,20.04,EUR,CREATED,region-01005,web
ORD-P001006,CUST-1006,2026-10-05 12:00:00,20.05,EUR,CREATED,region-01006,web
ORD-P001007,CUST-1007,2026-10-05 12:00:00,20.06,EUR,CREATED,region-01007,web
ORD-P001008,CUST-1008,2026-10-05 12:00:00,20.07,EUR,CREATED,region-01008,web
ORD-P001009,CUST-1009,2026-10-05 12:00:00,20.08,EUR,CREATED,region-01009,web
ORD-P001010,CUST-1010,2026-10-05 12:00:00,20.09,EUR,CREATED,region-01010,web
ORD-P001011,CUST-1011,2026-10-05 12:00:00,20.10,EUR,CREATED,region-01011,web
ORD-P001012,CUST-1012,2026-10-05 12:00:00,20.11,EUR,CREATED,region-01012,web
ORD-P001013,CUST-1013,2026-10-05 12:00:00,20.12,EUR,CREATED,region-01013,web
ORD-P001014,CUST-1014,2026-10-05 12:00:00,20.13,EUR,CREATED,region-01014,web
ORD-P001015,CUST-1015,2026-10-05 12:00:00,20.14,EUR,CREATED,region-01015,web
ORD-P001016,CUST-1016,2026-10-05 12:00:00,20.15,EUR,CREATED,region-01016,web
ORD-P001017,CUST-1017,2026-10-05 12:00:00,20.16,EUR,CREATED,region-01017,web
ORD-P001018,CUST-1018,2026-10-05 12:00:00,20.17,EUR,CREATED,region-01018,web
ORD-P001019,CUST-1019,2026-10-05 12:00:00,20.18,EUR,CREATED,region-01019,web
ORD-P001020,CUST-1020,2026-10-05 12:00:00,20.19,EUR,CREATED,region-01020,web
ORD-P001021,CUST-1021,2026-10-05 12:00:00,20.20,EUR,CREATED,region-01021,web
ORD-P001022,CUST-1022,2026-10-05 12:00:00,20.21,EUR,CREATED,region-01022,web
ORD-P001023,CUST-1023,2026-10-05 12:00:00,20.22,EUR,CREATED,region-01023,web
ORD-P001024,CUST-1024,2026-10-05 12:00:00,20.23,EUR,CREATED,region-01024,web
ORD-P001025,CUST-1025,2026-10-05 12:00:00,20.24,EUR,CREATED,region-01025,web
ORD-P001026,CUST-1026,2026-10-05 12:00:00,20.25,EUR,CREATED,region-01026,web
ORD-P001027,CUST-1027,2026-10-05 12:00:00,20.26,EUR,CREATED,region-01027,web
ORD-P001028,CUST-1028,2026-10-05 12:00:00,20.27,EUR,CREATED,region-01028,web
ORD-P001029,CUST-1029,2026-10-05 12:00:00,20.28,EUR,CREATED,region-01029,web
ORD-P001030,CUST-1030,2026-10-05 12:00:00,20.29,EUR,CREATED,region-01030,web
ORD-P001031,CUST-1031,2026-10-05 12:00:00,20.30,EUR,CREATED,region-01031,web
ORD-P001032,CUST-1032,2026-10-05 12:00:00,20.31,EUR,CREATED,region-01032,web
ORD-P001033,CUST-1033,2026-10-05 12:00:00,20.32,EUR,CREATED,region-01033,web
ORD-P001034,CUST-1034,2026-10-05 12:00:00,20.33,EUR,CREATED,region-01034,web
ORD-P001035,CUST-1035,2026-10-05 12:00:00,20.34,EUR,CREATED,region-01035,web
ORD-P001036,CUST-1036,2026-10-05 12:00:00,20.35,EUR,CREATED,region-01036,web
ORD-P001037,CUST-1037,2026-10-05 12:00:00,20.36,EUR,CREATED,region-01037,web
ORD-P001038,CUST-1038,2026-10-05 12:00:00,20.37,EUR,CREATED,region-01038,web
ORD-P001039,CUST-1039,2026-10-05 12:00:00,20.38,EUR,CREATED,region-01039,web
ORD-P001040,CUST-1040,2026-10-05 12:00:00,20.39,EUR,CREATED,region-01040,web
ORD-P001041,CUST-1041,2026-10-05 12:00:00,20.40,EUR,CREATED,region-01041,web
ORD-P001042,CUST-1042,2026-10-05 12:00:00,20.41,EUR,CREATED,region-01042,web
ORD-P001043,CUST-1043,2026-10-05 12:00:00,20.42,EUR,CREATED,region-01043,web
ORD-P001044,CUST-1044,2026-10-05 12:00:00,20.43,EUR,CREATED,region-01044,web
ORD-P001045,CUST-1045,2026-10-05 12:00:00,20.44,EUR,CREATED,region-01045,web
ORD-P001046,CUST-1046,2026-10-05 12:00:00,20.45,EUR,CREATED,region-01046,web
ORD-P001047,CUST-1047,2026-10-05 12:00:00,20.46,EUR,CREATED,region-01047,web
ORD-P001048,CUST-1048,2026-10-05 12:00:00,20.47,EUR,CREATED,region-01048,web
ORD-P001049,CUST-1049,2026-10-05 12:00:00,20.48,EUR,CREATED,region-01049,web
ORD-P001050,CUST-1050,2026-10-05 12:00:00,20.49,EUR,CREATED,region-01050,web
ORD-P001051,CUST-1051,2026-10-05 12:00:00,20.50,EUR,CREATED,region-01051,web
ORD-P001052,CUST-1052,2026-10-05 12:00:00,20.51,EUR,CREATED,region-01052,web
ORD-P001053,CUST-1053,2026-10-05 12:00:00,20.52,EUR,CREATED,region-01053,web
ORD-P001054,CUST-1054,2026-10-05 12:00:00,20.53,EUR,CREATED,region-01054,web
ORD-P001055,CUST-1055,2026-10-05 12:00:00,20.54,EUR,CREATED,region-01055,web
ORD-P001056,CUST-1056,2026-10-05 12:00:00,20.55,EUR,CREATED,region-01056,web
ORD-P001057,CUST-1057,2026-10-05 12:00:00,20.56,EUR,CREATED,region-01057,web
ORD-P001058,CUST-1058,2026-10-05 12:00:00,20.57,EUR,CREATED,region-01058,web
ORD-P001059,CUST-1059,2026-10-05 12:00:00,20.58,EUR,CREATED,region-01059,web
ORD-P001060,CUST-1060,2026-10-05 12:00:00,20.59,EUR,CREATED,region-01060,web
ORD-P001061,CUST-1061,2026-10-05 12:00:00,20.60,EUR,CREATED,region-01061,web
ORD-P001062,CUST-1062,2026-10-05 12:00:00,20.61,EUR,CREATED,region-01062,web
ORD-P001063,CUST-1063,2026-10-05 12:00:00,20.62,EUR,CREATED,region-01063,web
ORD-P001064,CUST-1064,2026-10-05 12:00:00,20.63,EUR,CREATED,region-01064,web
ORD-P001065,CUST-1065,2026-10-05 12:00:00,20.64,EUR,CREATED,region-01065,web
ORD-P001066,CUST-1066,2026-10-05 12:00:00,20.65,EUR,CREATED,region-01066,web
ORD-P001067,CUST-1067,2026-10-05 12:00:00,20.66,EUR,CREATED,region-01067,web
ORD-P001068,CUST-1068,2026-10-05 12:00:00,20.67,EUR,CREATED,region-01068,web
ORD-P001069,CUST-1069,2026-10-05 12:00:00,20.68,EUR,CREATED,region-01069,web
ORD-P001070,CUST-1070,2026-10-05 12:00:00,20.69,EUR,CREATED,region-01070,web
ORD-P001071,CUST-1071,2026-10-05 12:00:00,20.70,EUR,CREATED,region-01071,web
ORD-P001072,CUST-1072,2026-10-05 12:00:00,20.71,EUR,CREATED,region-01072,web
ORD-P001073,CUST-1073,2026-10-05 12:00:00,20.72,EUR,CREATED,region-01073,web
ORD-P001074,CUST-1074,2026-10-05 12:00:00,20.73,EUR,CREATED,region-01074,web
ORD-P001075,CUST-1075,2026-10-05 12:00:00,20.74,EUR,CREATED,region-01075,web
ORD-P001076,CUST-1076,2026-10-05 12:00:00,20.75,EUR,CREATED,region-01076,web
ORD-P001077,CUST-1077,2026-10-05 12:00:00,20.76,EUR,CREATED,region-01077,web
ORD-P001078,CUST-1078,2026-10-05 12:00:00,20.77,EUR,CREATED,region-01078,web
ORD-P001079,CUST-1079,2026-10-05 12:00:00,20.78,EUR,CREATED,region-01079,web
ORD-P001080,CUST-1080,2026-10-05 12:00:00,20.79,EUR,CREATED,region-01080,web
ORD-P001081,CUST-1081,2026-10-05 12:00:00,20.80,EUR,CREATED,region-01081,web
ORD-P001082,CUST-1082,2026-10-05 12:00:00,20.81,EUR,CREATED,region-01082,web
ORD-P001083,CUST-1083,2026-10-05 12:00:00,20.82,EUR,CREATED,region-01083,web
ORD-P001084,CUST-1084,2026-10-05 12:00:00,20.83,EUR,CREATED,region-01084,web
ORD-P001085,CUST-1085,2026-10-05 12:00:00,20.84,EUR,CREATED,region-01085,web
ORD-P001086,CUST-1086,2026-10-05 12:00:00,20.85,EUR,CREATED,region-01086,web
ORD-P001087,CUST-1087,2026-10-05 12:00:00,20.86,EUR,CREATED,region-01087,web
ORD-P001088,CUST-1088,2026-10-05 12:00:00,20.87,EUR,CREATED,region-01088,web
ORD-P001089,CUST-1089,2026-10-05 12:00:00,20.88,EUR,CREATED,region-01089,web
ORD-P001090,CUST-1090,2026-10-05 12:00:00,20.89,EUR,CREATED,region-01090,web
ORD-P001091,CUST-1091,2026-10-05 12:00:00,20.90,EUR,CREATED,region-01091,web
ORD-P001092,CUST-1092,2026-10-05 12:00:00,20.91,EUR,CREATED,region-01092,web
ORD-P001093,CUST-1093,2026-10-05 12:00:00,20.92,EUR,CREATED,region-01093,web
ORD-P001094,CUST-1094,2026-10-05 12:00:00,20.93,EUR,CREATED,region-01094,web
ORD-P001095,CUST-1095,2026-10-05 12:00:00,20.94,EUR,CREATED,region-01095,web
ORD-P001096,CUST-1096,2026-10-05 12:00:00,20.95,EUR,CREATED,region-01096,web
ORD-P001097,CUST-1097,2026-10-05 12:00:00,20.96,EUR,CREATED,region-01097,web
ORD-P001098,CUST-1098,2026-10-05 12:00:00,20.97,EUR,CREATED,region-01098,web
ORD-P001099,CUST-1099,2026-10-05 12:00:00,20.98,EUR,CREATED,region-01099,web
ORD-P001100,CUST-1100,2026-10-05 12:00:00,20.99,EUR,CREATED,region-01100,web
ORD-P001101,CUST-1101,2026-10-05 12:00:00,21.00,EUR,CREATED,region-01101,web
ORD-P001102,CUST-1102,2026-10-05 12:00:00,21.01,EUR,CREATED,region-01102,web
ORD-P001103,CUST-1103,2026-10-05 12:00:00,21.02,EUR,CREATED,region-01103,web
ORD-P001104,CUST-1104,2026-10-05 12:00:00,21.03,EUR,CREATED,region-01104,web
ORD-P001105,CUST-1105,2026-10-05 12:00:00,21.04,EUR,CREATED,region-01105,web
ORD-P001106,CUST-1106,2026-10-05 12:00:00,21.05,EUR,CREATED,region-01106,web
ORD-P001107,CUST-1107,2026-10-05 12:00:00,21.06,EUR,CREATED,region-01107,web
ORD-P001108,CUST-1108,2026-10-05 12:00:00,21.07,EUR,CREATED,region-01108,web
ORD-P001109,CUST-1109,2026-10-05 12:00:00,21.08,EUR,CREATED,region-01109,web
ORD-P001110,CUST-1110,2026-10-05 12:00:00,21.09,EUR,CREATED,region-01110,web
ORD-P001111,CUST-1111,2026-10-05 12:00:00,21.10,EUR,CREATED,region-01111,web
ORD-P001112,CUST-1112,2026-10-05 12:00:00,21.11,EUR,CREATED,region-01112,web
ORD-P001113,CUST-1113,2026-10-05 12:00:00,21.12,EUR,CREATED,region-01113,web
ORD-P001114,CUST-1114,2026-10-05 12:00:00,21.13,EUR,CREATED,region-01114,web
ORD-P001115,CUST-1115,2026-10-05 12:00:00,21.14,EUR,CREATED,region-01115,web
ORD-P001116,CUST-1116,2026-10-05 12:00:00,21.15,EUR,CREATED,region-01116,web
ORD-P001117,CUST-1117,2026-10-05 12:00:00,21.16,EUR,CREATED,region-01117,web
ORD-P001118,CUST-1118,2026-10-05 12:00:00,21.17,EUR,CREATED,region-01118,web
ORD-P001119,CUST-1119,2026-10-05 12:00:00,21.18,EUR,CREATED,region-01119,web
ORD-P001120,CUST-1120,2026-10-05 12:00:00,21.19,EUR,CREATED,region-01120,web
ORD-P001121,CUST-1121,2026-10-05 12:00:00,21.20,EUR,CREATED,region-01121,web
ORD-P001122,CUST-1122,2026-10-05 12:00:00,21.21,EUR,CREATED,region-01122,web
ORD-P001123,CUST-1123,2026-10-05 12:00:00,21.22,EUR,CREATED,region-01123,web
ORD-P001124,CUST-1124,2026-10-05 12:00:00,21.23,EUR,CREATED,region-01124,web
ORD-P001125,CUST-1125,2026-10-05 12:00:00,21.24,EUR,CREATED,region-01125,web
ORD-P001126,CUST-1126,2026-10-05 12:00:00,21.25,EUR,CREATED,region-01126,web
ORD-P001127,CUST-1127,2026-10-05 12:00:00,21.26,EUR,CREATED,region-01127,web
ORD-P001128,CUST-1128,2026-10-05 12:00:00,21.27,EUR,CREATED,region-01128,web
ORD-P001129,CUST-1129,2026-10-05 12:00:00,21.28,EUR,CREATED,region-01129,web
ORD-P001130,CUST-1130,2026-10-05 12:00:00,21.29,EUR,CREATED,region-01130,web
ORD-P001131,CUST-1131,2026-10-05 12:00:00,21.30,EUR,CREATED,region-01131,web
ORD-P001132,CUST-1132,2026-10-05 12:00:00,21.31,EUR,CREATED,region-01132,web
ORD-P001133,CUST-1133,2026-10-05 12:00:00,21.32,EUR,CREATED,region-01133,web
ORD-P001134,CUST-1134,2026-10-05 12:00:00,21.33,EUR,CREATED,region-01134,web
ORD-P001135,CUST-1135,2026-10-05 12:00:00,21.34,EUR,CREATED,region-01135,web
ORD-P001136,CUST-1136,2026-10-05 12:00:00,21.35,EUR,CREATED,region-01136,web
ORD-P001137,CUST-1137,2026-10-05 12:00:00,21.36,EUR,CREATED,region-01137,web
ORD-P001138,CUST-1138,2026-10-05 12:00:00,21.37,EUR,CREATED,region-01138,web
ORD-P001139,CUST-1139,2026-10-05 12:00:00,21.38,EUR,CREATED,region-01139,web
ORD-P001140,CUST-1140,2026-10-05 12:00:00,21.39,EUR,CREATED,region-01140,web
ORD-P001141,CUST-1141,2026-10-05 12:00:00,21.40,EUR,CREATED,region-01141,web
ORD-P001142,CUST-1142,2026-10-05 12:00:00,21.41,EUR,CREATED,region-01142,web
ORD-P001143,CUST-1143,2026-10-05 12:00:00,21.42,EUR,CREATED,region-01143,web
ORD-P001144,CUST-1144,2026-10-05 12:00:00,21.43,EUR,CREATED,region-01144,web
ORD-P001145,CUST-1145,2026-10-05 12:00:00,21.44,EUR,CREATED,region-01145,web
ORD-P001146,CUST-1146,2026-10-05 12:00:00,21.45,EUR,CREATED,region-01146,web
ORD-P001147,CUST-1147,2026-10-05 12:00:00,21.46,EUR,CREATED,region-01147,web
ORD-P001148,CUST-1148,2026-10-05 12:00:00,21.47,EUR,CREATED,region-01148,web
ORD-P001149,CUST-1149,2026-10-05 12:00:00,21.48,EUR,CREATED,region-01149,web
ORD-P001150,CUST-1150,2026-10-05 12:00:00,21.49,EUR,CREATED,region-01150,web
ORD-P001151,CUST-1151,2026-10-05 12:00:00,21.50,EUR,CREATED,region-01151,web
ORD-P001152,CUST-1152,2026-10-05 12:00:00,21.51,EUR,CREATED,region-01152,web
ORD-P001153,CUST-1153,2026-10-05 12:00:00,21.52,EUR,CREATED,region-01153,web
ORD-P001154,CUST-1154,2026-10-05 12:00:00,21.53,EUR,CREATED,region-01154,web
ORD-P001155,CUST-1155,2026-10-05 12:00:00,21.54,EUR,CREATED,region-01155,web
ORD-P001156,CUST-1156,2026-10-05 12:00:00,21.55,EUR,CREATED,region-01156,web
ORD-P001157,CUST-1157,2026-10-05 12:00:00,21.56,EUR,CREATED,region-01157,web
ORD-P001158,CUST-1158,2026-10-05 12:00:00,21.57,EUR,CREATED,region-01158,web
ORD-P001159,CUST-1159,2026-10-05 12:00:00,21.58,EUR,CREATED,region-01159,web
ORD-P001160,CUST-1160,2026-10-05 12:00:00,21.59,EUR,CREATED,region-01160,web
ORD-P001161,CUST-1161,2026-10-05 12:00:00,21.60,EUR,CREATED,region-01161,web
ORD-P001162,CUST-1162,2026-10-05 12:00:00,21.61,EUR,CREATED,region-01162,web
ORD-P001163,CUST-1163,2026-10-05 12:00:00,21.62,EUR,CREATED,region-01163,web
ORD-P001164,CUST-1164,2026-10-05 12:00:00,21.63,EUR,CREATED,region-01164,web
ORD-P001165,CUST-1165,2026-10-05 12:00:00,21.64,EUR,CREATED,region-01165,web
ORD-P001166,CUST-1166,2026-10-05 12:00:00,21.65,EUR,CREATED,region-01166,web
ORD-P001167,CUST-1167,2026-10-05 12:00:00,21.66,EUR,CREATED,region-01167,web
ORD-P001168,CUST-1168,2026-10-05 12:00:00,21.67,EUR,CREATED,region-01168,web
ORD-P001169,CUST-1169,2026-10-05 12:00:00,21.68,EUR,CREATED,region-01169,web
ORD-P001170,CUST-1170,2026-10-05 12:00:00,21.69,EUR,CREATED,region-01170,web
ORD-P001171,CUST-1171,2026-10-05 12:00:00,21.70,EUR,CREATED,region-01171,web
ORD-P001172,CUST-1172,2026-10-05 12:00:00,21.71,EUR,CREATED,region-01172,web
ORD-P001173,CUST-1173,2026-10-05 12:00:00,21.72,EUR,CREATED,region-01173,web
ORD-P001174,CUST-1174,2026-10-05 12:00:00,21.73,EUR,CREATED,region-01174,web
ORD-P001175,CUST-1175,2026-10-05 12:00:00,21.74,EUR,CREATED,region-01175,web
ORD-P001176,CUST-1176,2026-10-05 12:00:00,21.75,EUR,CREATED,region-01176,web
ORD-P001177,CUST-1177,2026-10-05 12:00:00,21.76,EUR,CREATED,region-01177,web
ORD-P001178,CUST-1178,2026-10-05 12:00:00,21.77,EUR,CREATED,region-01178,web
ORD-P001179,CUST-1179,2026-10-05 12:00:00,21.78,EUR,CREATED,region-01179,web
ORD-P001180,CUST-1180,2026-10-05 12:00:00,21.79,EUR,CREATED,region-01180,web
ORD-P001181,CUST-1181,2026-10-05 12:00:00,21.80,EUR,CREATED,region-01181,web
ORD-P001182,CUST-1182,2026-10-05 12:00:00,21.81,EUR,CREATED,region-01182,web
ORD-P001183,CUST-1183,2026-10-05 12:00:00,21.82,EUR,CREATED,region-01183,web
ORD-P001184,CUST-1184,2026-10-05 12:00:00,21.83,EUR,CREATED,region-01184,web
ORD-P001185,CUST-1185,2026-10-05 12:00:00,21.84,EUR,CREATED,region-01185,web
ORD-P001186,CUST-1186,2026-10-05 12:00:00,21.85,EUR,CREATED,region-01186,web
ORD-P001187,CUST-1187,2026-10-05 12:00:00,21.86,EUR,CREATED,region-01187,web
ORD-P001188,CUST-1188,2026-10-05 12:00:00,21.87,EUR,CREATED,region-01188,web
ORD-P001189,CUST-1189,2026-10-05 12:00:00,21.88,EUR,CREATED,region-01189,web
ORD-P001190,CUST-1190,2026-10-05 12:00:00,21.89,EUR,CREATED,region-01190,web
ORD-P001191,CUST-1191,2026-10-05 12:00:00,21.90,EUR,CREATED,region-01191,web
ORD-P001192,CUST-1192,2026-10-05 12:00:00,21.91,EUR,CREATED,region-01192,web
ORD-P001193,CUST-1193,2026-10-05 12:00:00,21.92,EUR,CREATED,region-01193,web
ORD-P001194,CUST-1194,2026-10-05 12:00:00,21.93,EUR,CREATED,region-01194,web
ORD-P001195,CUST-1195,2026-10-05 12:00:00,21.94,EUR,CREATED,region-01195,web
ORD-P001196,CUST-1196,2026-10-05 12:00:00,21.95,EUR,CREATED,region-01196,web
ORD-P001197,CUST-1197,2026-10-05 12:00:00,21.96,EUR,CREATED,region-01197,web
ORD-P001198,CUST-1198,2026-10-05 12:00:00,21.97,EUR,CREATED,region-01198,web
ORD-P001199,CUST-1199,2026-10-05 12:00:00,21.98,EUR,CREATED,region-01199,web
ORD-P001200,CUST-1200,2026-10-05 12:00:00,21.99,EUR,CREATED,region-01200,web
ORD-P001201,CUST-1201,2026-10-05 12:00:00,22.00,EUR,CREATED,region-01201,web
ORD-P001202,CUST-1202,2026-10-05 12:00:00,22.01,EUR,CREATED,region-01202,web
ORD-P001203,CUST-1203,2026-10-05 12:00:00,22.02,EUR,CREATED,region-01203,web
ORD-P001204,CUST-1204,2026-10-05 12:00:00,22.03,EUR,CREATED,region-01204,web
ORD-P001205,CUST-1205,2026-10-05 12:00:00,22.04,EUR,CREATED,region-01205,web
ORD-P001206,CUST-1206,2026-10-05 12:00:00,22.05,EUR,CREATED,region-01206,web
ORD-P001207,CUST-1207,2026-10-05 12:00:00,22.06,EUR,CREATED,region-01207,web
ORD-P001208,CUST-1208,2026-10-05 12:00:00,22.07,EUR,CREATED,region-01208,web
ORD-P001209,CUST-1209,2026-10-05 12:00:00,22.08,EUR,CREATED,region-01209,web
ORD-P001210,CUST-1210,2026-10-05 12:00:00,22.09,EUR,CREATED,region-01210,web
ORD-P001211,CUST-1211,2026-10-05 12:00:00,22.10,EUR,CREATED,region-01211,web
ORD-P001212,CUST-1212,2026-10-05 12:00:00,22.11,EUR,CREATED,region-01212,web
ORD-P001213,CUST-1213,2026-10-05 12:00:00,22.12,EUR,CREATED,region-01213,web
ORD-P001214,CUST-1214,2026-10-05 12:00:00,22.13,EUR,CREATED,region-01214,web
ORD-P001215,CUST-1215,2026-10-05 12:00:00,22.14,EUR,CREATED,region-01215,web
ORD-P001216,CUST-1216,2026-10-05 12:00:00,22.15,EUR,CREATED,region-01216,web
ORD-P001217,CUST-1217,2026-10-05 12:00:00,22.16,EUR,CREATED,region-01217,web
ORD-P001218,CUST-1218,2026-10-05 12:00:00,22.17,EUR,CREATED,region-01218,web
ORD-P001219,CUST-1219,2026-10-05 12:00:00,22.18,EUR,CREATED,region-01219,web
ORD-P001220,CUST-1220,2026-10-05 12:00:00,22.19,EUR,CREATED,region-01220,web
ORD-P001221,CUST-1221,2026-10-05 12:00:00,22.20,EUR,CREATED,region-01221,web
ORD-P001222,CUST-1222,2026-10-05 12:00:00,22.21,EUR,CREATED,region-01222,web
ORD-P001223,CUST-1223,2026-10-05 12:00:00,22.22,EUR,CREATED,region-01223,web
ORD-P001224,CUST-1224,2026-10-05 12:00:00,22.23,EUR,CREATED,region-01224,web
ORD-P001225,CUST-1225,2026-10-05 12:00:00,22.24,EUR,CREATED,region-01225,web
ORD-P001226,CUST-1226,2026-10-05 12:00:00,22.25,EUR,CREATED,region-01226,web
ORD-P001227,CUST-1227,2026-10-05 12:00:00,22.26,EUR,CREATED,region-01227,web
ORD-P001228,CUST-1228,2026-10-05 12:00:00,22.27,EUR,CREATED,region-01228,web
ORD-P001229,CUST-1229,2026-10-05 12:00:00,22.28,EUR,CREATED,region-01229,web
ORD-P001230,CUST-1230,2026-10-05 12:00:00,22.29,EUR,CREATED,region-01230,web
ORD-P001231,CUST-1231,2026-10-05 12:00:00,22.30,EUR,CREATED,region-01231,web
ORD-P001232,CUST-1232,2026-10-05 12:00:00,22.31,EUR,CREATED,region-01232,web
ORD-P001233,CUST-1233,2026-10-05 12:00:00,22.32,EUR,CREATED,region-01233,web
ORD-P001234,CUST-1234,2026-10-05 12:00:00,22.33,EUR,CREATED,region-01234,web
ORD-P001235,CUST-1235,2026-10-05 12:00:00,22.34,EUR,CREATED,region-01235,web
ORD-P001236,CUST-1236,2026-10-05 12:00:00,22.35,EUR,CREATED,region-01236,web
ORD-P001237,CUST-1237,2026-10-05 12:00:00,22.36,EUR,CREATED,region-01237,web
ORD-P001238,CUST-1238,2026-10-05 12:00:00,22.37,EUR,CREATED,region-01238,web
ORD-P001239,CUST-1239,2026-10-05 12:00:00,22.38,EUR,CREATED,region-01239,web
ORD-P001240,CUST-1240,2026-10-05 12:00:00,22.39,EUR,CREATED,region-01240,web
ORD-P001241,CUST-1241,2026-10-05 12:00:00,22.40,EUR,CREATED,region-01241,web
ORD-P001242,CUST-1242,2026-10-05 12:00:00,22.41,EUR,CREATED,region-01242,web
ORD-P001243,CUST-1243,2026-10-05 12:00:00,22.42,EUR,CREATED,region-01243,web
ORD-P001244,CUST-1244,2026-10-05 12:00:00,22.43,EUR,CREATED,region-01244,web
ORD-P001245,CUST-1245,2026-10-05 12:00:00,22.44,EUR,CREATED,region-01245,web
ORD-P001246,CUST-1246,2026-10-05 12:00:00,22.45,EUR,CREATED,region-01246,web
ORD-P001247,CUST-1247,2026-10-05 12:00:00,22.46,EUR,CREATED,region-01247,web
ORD-P001248,CUST-1248,2026-10-05 12:00:00,22.47,EUR,CREATED,region-01248,web
ORD-P001249,CUST-1249,2026-10-05 12:00:00,22.48,EUR,CREATED,region-01249,web
ORD-P001250,CUST-1250,2026-10-05 12:00:00,22.49,EUR,CREATED,region-01250,web
ORD-P001251,CUST-1251,2026-10-05 12:00:00,22.50,EUR,CREATED,region-01251,web
ORD-P001252,CUST-1252,2026-10-05 12:00:00,22.51,EUR,CREATED,region-01252,web
ORD-P001253,CUST-1253,2026-10-05 12:00:00,22.52,EUR,CREATED,region-01253,web
ORD-P001254,CUST-1254,2026-10-05 12:00:00,22.53,EUR,CREATED,region-01254,web
ORD-P001255,CUST-1255,2026-10-05 12:00:00,22.54,EUR,CREATED,region-01255,web
ORD-P001256,CUST-1256,2026-10-05 12:00:00,22.55,EUR,CREATED,region-01256,web
ORD-P001257,CUST-1257,2026-10-05 12:00:00,22.56,EUR,CREATED,region-01257,web
ORD-P001258,CUST-1258,2026-10-05 12:00:00,22.57,EUR,CREATED,region-01258,web
ORD-P001259,CUST-1259,2026-10-05 12:00:00,22.58,EUR,CREATED,region-01259,web
ORD-P001260,CUST-1260,2026-10-05 12:00:00,22.59,EUR,CREATED,region-01260,web
ORD-P001261,CUST-1261,2026-10-05 12:00:00,22.60,EUR,CREATED,region-01261,web
ORD-P001262,CUST-1262,2026-10-05 12:00:00,22.61,EUR,CREATED,region-01262,web
ORD-P001263,CUST-1263,2026-10-05 12:00:00,22.62,EUR,CREATED,region-01263,web
ORD-P001264,CUST-1264,2026-10-05 12:00:00,22.63,EUR,CREATED,region-01264,web
ORD-P001265,CUST-1265,2026-10-05 12:00:00,22.64,EUR,CREATED,region-01265,web
ORD-P001266,CUST-1266,2026-10-05 12:00:00,22.65,EUR,CREATED,region-01266,web
ORD-P001267,CUST-1267,2026-10-05 12:00:00,22.66,EUR,CREATED,region-01267,web
ORD-P001268,CUST-1268,2026-10-05 12:00:00,22.67,EUR,CREATED,region-01268,web
ORD-P001269,CUST-1269,2026-10-05 12:00:00,22.68,EUR,CREATED,region-01269,web
ORD-P001270,CUST-1270,2026-10-05 12:00:00,22.69,EUR,CREATED,region-01270,web
ORD-P001271,CUST-1271,2026-10-05 12:00:00,22.70,EUR,CREATED,region-01271,web
ORD-P001272,CUST-1272,2026-10-05 12:00:00,22.71,EUR,CREATED,region-01272,web
ORD-P001273,CUST-1273,2026-10-05 12:00:00,22.72,EUR,CREATED,region-01273,web
ORD-P001274,CUST-1274,2026-10-05 12:00:00,22.73,EUR,CREATED,region-01274,web
ORD-P001275,CUST-1275,2026-10-05 12:00:00,22.74,EUR,CREATED,region-01275,web
ORD-P001276,CUST-1276,2026-10-05 12:00:00,22.75,EUR,CREATED,region-01276,web
ORD-P001277,CUST-1277,2026-10-05 12:00:00,22.76,EUR,CREATED,region-01277,web
ORD-P001278,CUST-1278,2026-10-05 12:00:00,22.77,EUR,CREATED,region-01278,web
ORD-P001279,CUST-1279,2026-10-05 12:00:00,22.78,EUR,CREATED,region-01279,web
ORD-P001280,CUST-1280,2026-10-05 12:00:00,22.79,EUR,CREATED,region-01280,web
ORD-P001281,CUST-1281,2026-10-05 12:00:00,22.80,EUR,CREATED,region-01281,web
ORD-P001282,CUST-1282,2026-10-05 12:00:00,22.81,EUR,CREATED,region-01282,web
ORD-P001283,CUST-1283,2026-10-05 12:00:00,22.82,EUR,CREATED,region-01283,web
ORD-P001284,CUST-1284,2026-10-05 12:00:00,22.83,EUR,CREATED,region-01284,web
ORD-P001285,CUST-1285,2026-10-05 12:00:00,22.84,EUR,CREATED,region-01285,web
ORD-P001286,CUST-1286,2026-10-05 12:00:00,22.85,EUR,CREATED,region-01286,web
ORD-P001287,CUST-1287,2026-10-05 12:00:00,22.86,EUR,CREATED,region-01287,web
ORD-P001288,CUST-1288,2026-10-05 12:00:00,22.87,EUR,CREATED,region-01288,web
ORD-P001289,CUST-1289,2026-10-05 12:00:00,22.88,EUR,CREATED,region-01289,web
ORD-P001290,CUST-1290,2026-10-05 12:00:00,22.89,EUR,CREATED,region-01290,web
ORD-P001291,CUST-1291,2026-10-05 12:00:00,22.90,EUR,CREATED,region-01291,web
ORD-P001292,CUST-1292,2026-10-05 12:00:00,22.91,EUR,CREATED,region-01292,web
ORD-P001293,CUST-1293,2026-10-05 12:00:00,22.92,EUR,CREATED,region-01293,web
ORD-P001294,CUST-1294,2026-10-05 12:00:00,22.93,EUR,CREATED,region-01294,web
ORD-P001295,CUST-1295,2026-10-05 12:00:00,22.94,EUR,CREATED,region-01295,web
ORD-P001296,CUST-1296,2026-10-05 12:00:00,22.95,EUR,CREATED,region-01296,web
ORD-P001297,CUST-1297,2026-10-05 12:00:00,22.96,EUR,CREATED,region-01297,web
ORD-P001298,CUST-1298,2026-10-05 12:00:00,22.97,EUR,CREATED,region-01298,web
ORD-P001299,CUST-1299,2026-10-05 12:00:00,22.98,EUR,CREATED,region-01299,web
ORD-P001300,CUST-1300,2026-10-05 12:00:00,22.99,EUR,CREATED,region-01300,web
ORD-P001301,CUST-1301,2026-10-05 12:00:00,23.00,EUR,CREATED,region-01301,web
ORD-P001302,CUST-1302,2026-10-05 12:00:00,23.01,EUR,CREATED,region-01302,web
ORD-P001303,CUST-1303,2026-10-05 12:00:00,23.02,EUR,CREATED,region-01303,web
ORD-P001304,CUST-1304,2026-10-05 12:00:00,23.03,EUR,CREATED,region-01304,web
ORD-P001305,CUST-1305,2026-10-05 12:00:00,23.04,EUR,CREATED,region-01305,web
ORD-P001306,CUST-1306,2026-10-05 12:00:00,23.05,EUR,CREATED,region-01306,web
ORD-P001307,CUST-1307,2026-10-05 12:00:00,23.06,EUR,CREATED,region-01307,web
ORD-P001308,CUST-1308,2026-10-05 12:00:00,23.07,EUR,CREATED,region-01308,web
ORD-P001309,CUST-1309,2026-10-05 12:00:00,23.08,EUR,CREATED,region-01309,web
ORD-P001310,CUST-1310,2026-10-05 12:00:00,23.09,EUR,CREATED,region-01310,web
ORD-P001311,CUST-1311,2026-10-05 12:00:00,23.10,EUR,CREATED,region-01311,web
ORD-P001312,CUST-1312,2026-10-05 12:00:00,23.11,EUR,CREATED,region-01312,web
ORD-P001313,CUST-1313,2026-10-05 12:00:00,23.12,EUR,CREATED,region-01313,web
ORD-P001314,CUST-1314,2026-10-05 12:00:00,23.13,EUR,CREATED,region-01314,web
ORD-P001315,CUST-1315,2026-10-05 12:00:00,23.14,EUR,CREATED,region-01315,web
ORD-P001316,CUST-1316,2026-10-05 12:00:00,23.15,EUR,CREATED,region-01316,web
ORD-P001317,CUST-1317,2026-10-05 12:00:00,23.16,EUR,CREATED,region-01317,web
ORD-P001318,CUST-1318,2026-10-05 12:00:00,23.17,EUR,CREATED,region-01318,web
ORD-P001319,CUST-1319,2026-10-05 12:00:00,23.18,EUR,CREATED,region-01319,web
ORD-P001320,CUST-1320,2026-10-05 12:00:00,23.19,EUR,CREATED,region-01320,web
ORD-P001321,CUST-1321,2026-10-05 12:00:00,23.20,EUR,CREATED,region-01321,web
ORD-P001322,CUST-1322,2026-10-05 12:00:00,23.21,EUR,CREATED,region-01322,web
ORD-P001323,CUST-1323,2026-10-05 12:00:00,23.22,EUR,CREATED,region-01323,web
ORD-P001324,CUST-1324,2026-10-05 12:00:00,23.23,EUR,CREATED,region-01324,web
ORD-P001325,CUST-1325,2026-10-05 12:00:00,23.24,EUR,CREATED,region-01325,web
ORD-P001326,CUST-1326,2026-10-05 12:00:00,23.25,EUR,CREATED,region-01326,web
ORD-P001327,CUST-1327,2026-10-05 12:00:00,23.26,EUR,CREATED,region-01327,web
ORD-P001328,CUST-1328,2026-10-05 12:00:00,23.27,EUR,CREATED,region-01328,web
ORD-P001329,CUST-1329,2026-10-05 12:00:00,23.28,EUR,CREATED,region-01329,web
ORD-P001330,CUST-1330,2026-10-05 12:00:00,23.29,EUR,CREATED,region-01330,web
ORD-P001331,CUST-1331,2026-10-05 12:00:00,23.30,EUR,CREATED,region-01331,web
ORD-P001332,CUST-1332,2026-10-05 12:00:00,23.31,EUR,CREATED,region-01332,web
ORD-P001333,CUST-1333,2026-10-05 12:00:00,23.32,EUR,CREATED,region-01333,web
ORD-P001334,CUST-1334,2026-10-05 12:00:00,23.33,EUR,CREATED,region-01334,web
ORD-P001335,CUST-1335,2026-10-05 12:00:00,23.34,EUR,CREATED,region-01335,web
ORD-P001336,CUST-1336,2026-10-05 12:00:00,23.35,EUR,CREATED,region-01336,web
ORD-P001337,CUST-1337,2026-10-05 12:00:00,23.36,EUR,CREATED,region-01337,web
ORD-P001338,CUST-1338,2026-10-05 12:00:00,23.37,EUR,CREATED,region-01338,web
ORD-P001339,CUST-1339,2026-10-05 12:00:00,23.38,EUR,CREATED,region-01339,web
ORD-P001340,CUST-1340,2026-10-05 12:00:00,23.39,EUR,CREATED,region-01340,web
ORD-P001341,CUST-1341,2026-10-05 12:00:00,23.40,EUR,CREATED,region-01341,web
ORD-P001342,CUST-1342,2026-10-05 12:00:00,23.41,EUR,CREATED,region-01342,web
ORD-P001343,CUST-1343,2026-10-05 12:00:00,23.42,EUR,CREATED,region-01343,web
ORD-P001344,CUST-1344,2026-10-05 12:00:00,23.43,EUR,CREATED,region-01344,web
ORD-P001345,CUST-1345,2026-10-05 12:00:00,23.44,EUR,CREATED,region-01345,web
ORD-P001346,CUST-1346,2026-10-05 12:00:00,23.45,EUR,CREATED,region-01346,web
ORD-P001347,CUST-1347,2026-10-05 12:00:00,23.46,EUR,CREATED,region-01347,web
ORD-P001348,CUST-1348,2026-10-05 12:00:00,23.47,EUR,CREATED,region-01348,web
ORD-P001349,CUST-1349,2026-10-05 12:00:00,23.48,EUR,CREATED,region-01349,web
ORD-P001350,CUST-1350,2026-10-05 12:00:00,23.49,EUR,CREATED,region-01350,web
ORD-P001351,CUST-1351,2026-10-05 12:00:00,23.50,EUR,CREATED,region-01351,web
ORD-P001352,CUST-1352,2026-10-05 12:00:00,23.51,EUR,CREATED,region-01352,web
ORD-P001353,CUST-1353,2026-10-05 12:00:00,23.52,EUR,CREATED,region-01353,web
ORD-P001354,CUST-1354,2026-10-05 12:00:00,23.53,EUR,CREATED,region-01354,web
ORD-P001355,CUST-1355,2026-10-05 12:00:00,23.54,EUR,CREATED,region-01355,web
ORD-P001356,CUST-1356,2026-10-05 12:00:00,23.55,EUR,CREATED,region-01356,web
ORD-P001357,CUST-1357,2026-10-05 12:00:00,23.56,EUR,CREATED,region-01357,web
ORD-P001358,CUST-1358,2026-10-05 12:00:00,23.57,EUR,CREATED,region-01358,web
ORD-P001359,CUST-1359,2026-10-05 12:00:00,23.58,EUR,CREATED,region-01359,web
ORD-P001360,CUST-1360,2026-10-05 12:00:00,23.59,EUR,CREATED,region-01360,web
ORD-P001361,CUST-1361,2026-10-05 12:00:00,23.60,EUR,CREATED,region-01361,web
ORD-P001362,CUST-1362,2026-10-05 12:00:00,23.61,EUR,CREATED,region-01362,web
ORD-P001363,CUST-1363,2026-10-05 12:00:00,23.62,EUR,CREATED,region-01363,web
ORD-P001364,CUST-1364,2026-10-05 12:00:00,23.63,EUR,CREATED,region-01364,web
ORD-P001365,CUST-1365,2026-10-05 12:00:00,23.64,EUR,CREATED,region-01365,web
ORD-P001366,CUST-1366,2026-10-05 12:00:00,23.65,EUR,CREATED,region-01366,web
ORD-P001367,CUST-1367,2026-10-05 12:00:00,23.66,EUR,CREATED,region-01367,web
ORD-P001368,CUST-1368,2026-10-05 12:00:00,23.67,EUR,CREATED,region-01368,web
ORD-P001369,CUST-1369,2026-10-05 12:00:00,23.68,EUR,CREATED,region-01369,web
ORD-P001370,CUST-1370,2026-10-05 12:00:00,23.69,EUR,CREATED,region-01370,web
ORD-P001371,CUST-1371,2026-10-05 12:00:00,23.70,EUR,CREATED,region-01371,web
ORD-P001372,CUST-1372,2026-10-05 12:00:00,23.71,EUR,CREATED,region-01372,web
ORD-P001373,CUST-1373,2026-10-05 12:00:00,23.72,EUR,CREATED,region-01373,web
ORD-P001374,CUST-1374,2026-10-05 12:00:00,23.73,EUR,CREATED,region-01374,web
ORD-P001375,CUST-1375,2026-10-05 12:00:00,23.74,EUR,CREATED,region-01375,web
ORD-P001376,CUST-1376,2026-10-05 12:00:00,23.75,EUR,CREATED,region-01376,web
ORD-P001377,CUST-1377,2026-10-05 12:00:00,23.76,EUR,CREATED,region-01377,web
ORD-P001378,CUST-1378,2026-10-05 12:00:00,23.77,EUR,CREATED,region-01378,web
ORD-P001379,CUST-1379,2026-10-05 12:00:00,23.78,EUR,CREATED,region-01379,web
ORD-P001380,CUST-1380,2026-10-05 12:00:00,23.79,EUR,CREATED,region-01380,web
ORD-P001381,CUST-1381,2026-10-05 12:00:00,23.80,EUR,CREATED,region-01381,web
ORD-P001382,CUST-1382,2026-10-05 12:00:00,23.81,EUR,CREATED,region-01382,web
ORD-P001383,CUST-1383,2026-10-05 12:00:00,23.82,EUR,CREATED,region-01383,web
ORD-P001384,CUST-1384,2026-10-05 12:00:00,23.83,EUR,CREATED,region-01384,web
ORD-P001385,CUST-1385,2026-10-05 12:00:00,23.84,EUR,CREATED,region-01385,web
ORD-P001386,CUST-1386,2026-10-05 12:00:00,23.85,EUR,CREATED,region-01386,web
ORD-P001387,CUST-1387,2026-10-05 12:00:00,23.86,EUR,CREATED,region-01387,web
ORD-P001388,CUST-1388,2026-10-05 12:00:00,23.87,EUR,CREATED,region-01388,web
ORD-P001389,CUST-1389,2026-10-05 12:00:00,23.88,EUR,CREATED,region-01389,web
ORD-P001390,CUST-1390,2026-10-05 12:00:00,23.89,EUR,CREATED,region-01390,web
ORD-P001391,CUST-1391,2026-10-05 12:00:00,23.90,EUR,CREATED,region-01391,web
ORD-P001392,CUST-1392,2026-10-05 12:00:00,23.91,EUR,CREATED,region-01392,web
ORD-P001393,CUST-1393,2026-10-05 12:00:00,23.92,EUR,CREATED,region-01393,web
ORD-P001394,CUST-1394,2026-10-05 12:00:00,23.93,EUR,CREATED,region-01394,web
ORD-P001395,CUST-1395,2026-10-05 12:00:00,23.94,EUR,CREATED,region-01395,web
ORD-P001396,CUST-1396,2026-10-05 12:00:00,23.95,EUR,CREATED,region-01396,web
ORD-P001397,CUST-1397,2026-10-05 12:00:00,23.96,EUR,CREATED,region-01397,web
ORD-P001398,CUST-1398,2026-10-05 12:00:00,23.97,EUR,CREATED,region-01398,web
ORD-P001399,CUST-1399,2026-10-05 12:00:00,23.98,EUR,CREATED,region-01399,web
ORD-P001400,CUST-1400,2026-10-05 12:00:00,23.99,EUR,CREATED,region-01400,web
ORD-P001401,CUST-1401,2026-10-05 12:00:00,24.00,EUR,CREATED,region-01401,web
ORD-P001402,CUST-1402,2026-10-05 12:00:00,24.01,EUR,CREATED,region-01402,web
ORD-P001403,CUST-1403,2026-10-05 12:00:00,24.02,EUR,CREATED,region-01403,web
ORD-P001404,CUST-1404,2026-10-05 12:00:00,24.03,EUR,CREATED,region-01404,web
ORD-P001405,CUST-1405,2026-10-05 12:00:00,24.04,EUR,CREATED,region-01405,web
ORD-P001406,CUST-1406,2026-10-05 12:00:00,24.05,EUR,CREATED,region-01406,web
ORD-P001407,CUST-1407,2026-10-05 12:00:00,24.06,EUR,CREATED,region-01407,web
ORD-P001408,CUST-1408,2026-10-05 12:00:00,24.07,EUR,CREATED,region-01408,web
ORD-P001409,CUST-1409,2026-10-05 12:00:00,24.08,EUR,CREATED,region-01409,web
ORD-P001410,CUST-1410,2026-10-05 12:00:00,24.09,EUR,CREATED,region-01410,web
ORD-P001411,CUST-1411,2026-10-05 12:00:00,24.10,EUR,CREATED,region-01411,web
ORD-P001412,CUST-1412,2026-10-05 12:00:00,24.11,EUR,CREATED,region-01412,web
ORD-P001413,CUST-1413,2026-10-05 12:00:00,24.12,EUR,CREATED,region-01413,web
ORD-P001414,CUST-1414,2026-10-05 12:00:00,24.13,EUR,CREATED,region-01414,web
ORD-P001415,CUST-1415,2026-10-05 12:00:00,24.14,EUR,CREATED,region-01415,web
ORD-P001416,CUST-1416,2026-10-05 12:00:00,24.15,EUR,CREATED,region-01416,web
ORD-P001417,CUST-1417,2026-10-05 12:00:00,24.16,EUR,CREATED,region-01417,web
ORD-P001418,CUST-1418,2026-10-05 12:00:00,24.17,EUR,CREATED,region-01418,web
ORD-P001419,CUST-1419,2026-10-05 12:00:00,24.18,EUR,CREATED,region-01419,web
ORD-P001420,CUST-1420,2026-10-05 12:00:00,24.19,EUR,CREATED,region-01420,web
ORD-P001421,CUST-1421,2026-10-05 12:00:00,24.20,EUR,CREATED,region-01421,web
ORD-P001422,CUST-1422,2026-10-05 12:00:00,24.21,EUR,CREATED,region-01422,web
ORD-P001423,CUST-1423,2026-10-05 12:00:00,24.22,EUR,CREATED,region-01423,web
ORD-P001424,CUST-1424,2026-10-05 12:00:00,24.23,EUR,CREATED,region-01424,web
ORD-P001425,CUST-1425,2026-10-05 12:00:00,24.24,EUR,CREATED,region-01425,web
ORD-P001426,CUST-1426,2026-10-05 12:00:00,24.25,EUR,CREATED,region-01426,web
ORD-P001427,CUST-1427,2026-10-05 12:00:00,24.26,EUR,CREATED,region-01427,web
ORD-P001428,CUST-1428,2026-10-05 12:00:00,24.27,EUR,CREATED,region-01428,web
ORD-P001429,CUST-1429,2026-10-05 12:00:00,24.28,EUR,CREATED,region-01429,web
ORD-P001430,CUST-1430,2026-10-05 12:00:00,24.29,EUR,CREATED,region-01430,web
ORD-P001431,CUST-1431,2026-10-05 12:00:00,24.30,EUR,CREATED,region-01431,web
ORD-P001432,CUST-1432,2026-10-05 12:00:00,24.31,EUR,CREATED,region-01432,web
ORD-P001433,CUST-1433,2026-10-05 12:00:00,24.32,EUR,CREATED,region-01433,web
ORD-P001434,CUST-1434,2026-10-05 12:00:00,24.33,EUR,CREATED,region-01434,web
ORD-P001435,CUST-1435,2026-10-05 12:00:00,24.34,EUR,CREATED,region-01435,web
ORD-P001436,CUST-1436,2026-10-05 12:00:00,24.35,EUR,CREATED,region-01436,web
ORD-P001437,CUST-1437,2026-10-05 12:00:00,24.36,EUR,CREATED,region-01437,web
ORD-P001438,CUST-1438,2026-10-05 12:00:00,24.37,EUR,CREATED,region-01438,web
ORD-P001439,CUST-1439,2026-10-05 12:00:00,24.38,EUR,CREATED,region-01439,web
ORD-P001440,CUST-1440,2026-10-05 12:00:00,24.39,EUR,CREATED,region-01440,web
ORD-P001441,CUST-1441,2026-10-05 12:00:00,24.40,EUR,CREATED,region-01441,web
ORD-P001442,CUST-1442,2026-10-05 12:00:00,24.41,EUR,CREATED,region-01442,web
ORD-P001443,CUST-1443,2026-10-05 12:00:00,24.42,EUR,CREATED,region-01443,web
ORD-P001444,CUST-1444,2026-10-05 12:00:00,24.43,EUR,CREATED,region-01444,web
ORD-P001445,CUST-1445,2026-10-05 12:00:00,24.44,EUR,CREATED,region-01445,web
ORD-P001446,CUST-1446,2026-10-05 12:00:00,24.45,EUR,CREATED,region-01446,web
ORD-P001447,CUST-1447,2026-10-05 12:00:00,24.46,EUR,CREATED,region-01447,web
ORD-P001448,CUST-1448,2026-10-05 12:00:00,24.47,EUR,CREATED,region-01448,web
ORD-P001449,CUST-1449,2026-10-05 12:00:00,24.48,EUR,CREATED,region-01449,web
ORD-P001450,CUST-1450,2026-10-05 12:00:00,24.49,EUR,CREATED,region-01450,web
ORD-P001451,CUST-1451,2026-10-05 12:00:00,24.50,EUR,CREATED,region-01451,web
ORD-P001452,CUST-1452,2026-10-05 12:00:00,24.51,EUR,CREATED,region-01452,web
ORD-P001453,CUST-1453,2026-10-05 12:00:00,24.52,EUR,CREATED,region-01453,web
ORD-P001454,CUST-1454,2026-10-05 12:00:00,24.53,EUR,CREATED,region-01454,web
ORD-P001455,CUST-1455,2026-10-05 12:00:00,24.54,EUR,CREATED,region-01455,web
ORD-P001456,CUST-1456,2026-10-05 12:00:00,24.55,EUR,CREATED,region-01456,web
ORD-P001457,CUST-1457,2026-10-05 12:00:00,24.56,EUR,CREATED,region-01457,web
ORD-P001458,CUST-1458,2026-10-05 12:00:00,24.57,EUR,CREATED,region-01458,web
ORD-P001459,CUST-1459,2026-10-05 12:00:00,24.58,EUR,CREATED,region-01459,web
ORD-P001460,CUST-1460,2026-10-05 12:00:00,24.59,EUR,CREATED,region-01460,web
ORD-P001461,CUST-1461,2026-10-05 12:00:00,24.60,EUR,CREATED,region-01461,web
ORD-P001462,CUST-1462,2026-10-05 12:00:00,24.61,EUR,CREATED,region-01462,web
ORD-P001463,CUST-1463,2026-10-05 12:00:00,24.62,EUR,CREATED,region-01463,web
ORD-P001464,CUST-1464,2026-10-05 12:00:00,24.63,EUR,CREATED,region-01464,web
ORD-P001465,CUST-1465,2026-10-05 12:00:00,24.64,EUR,CREATED,region-01465,web
ORD-P001466,CUST-1466,2026-10-05 12:00:00,24.65,EUR,CREATED,region-01466,web
ORD-P001467,CUST-1467,2026-10-05 12:00:00,24.66,EUR,CREATED,region-01467,web
ORD-P001468,CUST-1468,2026-10-05 12:00:00,24.67,EUR,CREATED,region-01468,web
ORD-P001469,CUST-1469,2026-10-05 12:00:00,24.68,EUR,CREATED,region-01469,web
ORD-P001470,CUST-1470,2026-10-05 12:00:00,24.69,EUR,CREATED,region-01470,web
ORD-P001471,CUST-1471,2026-10-05 12:00:00,24.70,EUR,CREATED,region-01471,web
ORD-P001472,CUST-1472,2026-10-05 12:00:00,24.71,EUR,CREATED,region-01472,web
ORD-P001473,CUST-1473,2026-10-05 12:00:00,24.72,EUR,CREATED,region-01473,web
ORD-P001474,CUST-1474,2026-10-05 12:00:00,24.73,EUR,CREATED,region-01474,web
ORD-P001475,CUST-1475,2026-10-05 12:00:00,24.74,EUR,CREATED,region-01475,web
ORD-P001476,CUST-1476,2026-10-05 12:00:00,24.75,EUR,CREATED,region-01476,web
ORD-P001477,CUST-1477,2026-10-05 12:00:00,24.76,EUR,CREATED,region-01477,web
ORD-P001478,CUST-1478,2026-10-05 12:00:00,24.77,EUR,CREATED,region-01478,web
ORD-P001479,CUST-1479,2026-10-05 12:00:00,24.78,EUR,CREATED,region-01479,web
ORD-P001480,CUST-1480,2026-10-05 12:00:00,24.79,EUR,CREATED,region-01480,web
ORD-P001481,CUST-1481,2026-10-05 12:00:00,24.80,EUR,CREATED,region-01481,web
ORD-P001482,CUST-1482,2026-10-05 12:00:00,24.81,EUR,CREATED,region-01482,web
ORD-P001483,CUST-1483,2026-10-05 12:00:00,24.82,EUR,CREATED,region-01483,web
ORD-P001484,CUST-1484,2026-10-05 12:00:00,24.83,EUR,CREATED,region-01484,web
ORD-P001485,CUST-1485,2026-10-05 12:00:00,24.84,EUR,CREATED,region-01485,web
ORD-P001486,CUST-1486,2026-10-05 12:00:00,24.85,EUR,CREATED,region-01486,web
ORD-P001487,CUST-1487,2026-10-05 12:00:00,24.86,EUR,CREATED,region-01487,web
ORD-P001488,CUST-1488,2026-10-05 12:00:00,24.87,EUR,CREATED,region-01488,web
ORD-P001489,CUST-1489,2026-10-05 12:00:00,24.88,EUR,CREATED,region-01489,web
ORD-P001490,CUST-1490,2026-10-05 12:00:00,24.89,EUR,CREATED,region-01490,web
ORD-P001491,CUST-1491,2026-10-05 12:00:00,24.90,EUR,CREATED,region-01491,web
ORD-P001492,CUST-1492,2026-10-05 12:00:00,24.91,EUR,CREATED,region-01492,web
ORD-P001493,CUST-1493,2026-10-05 12:00:00,24.92,EUR,CREATED,region-01493,web
ORD-P001494,CUST-1494,2026-10-05 12:00:00,24.93,EUR,CREATED,region-01494,web
ORD-P001495,CUST-1495,2026-10-05 12:00:00,24.94,EUR,CREATED,region-01495,web
ORD-P001496,CUST-1496,2026-10-05 12:00:00,24.95,EUR,CREATED,region-01496,web
ORD-P001497,CUST-1497,2026-10-05 12:00:00,24.96,EUR,CREATED,region-01497,web
ORD-P001498,CUST-1498,2026-10-05 12:00:00,24.97,EUR,CREATED,region-01498,web
ORD-P001499,CUST-1499,2026-10-05 12:00:00,24.98,EUR,CREATED,region-01499,web
ORD-P001500,CUST-1500,2026-10-05 12:00:00,24.99,EUR,CREATED,region-01500,web
ORD-P001501,CUST-1501,2026-10-05 12:00:00,25.00,EUR,CREATED,region-01501,web
ORD-P001502,CUST-1502,2026-10-05 12:00:00,25.01,EUR,CREATED,region-01502,web
ORD-P001503,CUST-1503,2026-10-05 12:00:00,25.02,EUR,CREATED,region-01503,web
ORD-P001504,CUST-1504,2026-10-05 12:00:00,25.03,EUR,CREATED,region-01504,web
ORD-P001505,CUST-1505,2026-10-05 12:00:00,25.04,EUR,CREATED,region-01505,web
ORD-P001506,CUST-1506,2026-10-05 12:00:00,25.05,EUR,CREATED,region-01506,web
ORD-P001507,CUST-1507,2026-10-05 12:00:00,25.06,EUR,CREATED,region-01507,web
ORD-P001508,CUST-1508,2026-10-05 12:00:00,25.07,EUR,CREATED,region-01508,web
ORD-P001509,CUST-1509,2026-10-05 12:00:00,25.08,EUR,CREATED,region-01509,web
ORD-P001510,CUST-1510,2026-10-05 12:00:00,25.09,EUR,CREATED,region-01510,web
ORD-P001511,CUST-1511,2026-10-05 12:00:00,25.10,EUR,CREATED,region-01511,web
ORD-P001512,CUST-1512,2026-10-05 12:00:00,25.11,EUR,CREATED,region-01512,web
ORD-P001513,CUST-1513,2026-10-05 12:00:00,25.12,EUR,CREATED,region-01513,web
ORD-P001514,CUST-1514,2026-10-05 12:00:00,25.13,EUR,CREATED,region-01514,web
ORD-P001515,CUST-1515,2026-10-05 12:00:00,25.14,EUR,CREATED,region-01515,web
ORD-P001516,CUST-1516,2026-10-05 12:00:00,25.15,EUR,CREATED,region-01516,web
ORD-P001517,CUST-1517,2026-10-05 12:00:00,25.16,EUR,CREATED,region-01517,web
ORD-P001518,CUST-1518,2026-10-05 12:00:00,25.17,EUR,CREATED,region-01518,web
ORD-P001519,CUST-1519,2026-10-05 12:00:00,25.18,EUR,CREATED,region-01519,web
ORD-P001520,CUST-1520,2026-10-05 12:00:00,25.19,EUR,CREATED,region-01520,web
ORD-P001521,CUST-1521,2026-10-05 12:00:00,25.20,EUR,CREATED,region-01521,web
ORD-P001522,CUST-1522,2026-10-05 12:00:00,25.21,EUR,CREATED,region-01522,web
ORD-P001523,CUST-1523,2026-10-05 12:00:00,25.22,EUR,CREATED,region-01523,web
ORD-P001524,CUST-1524,2026-10-05 12:00:00,25.23,EUR,CREATED,region-01524,web
ORD-P001525,CUST-1525,2026-10-05 12:00:00,25.24,EUR,CREATED,region-01525,web
ORD-P001526,CUST-1526,2026-10-05 12:00:00,25.25,EUR,CREATED,region-01526,web
ORD-P001527,CUST-1527,2026-10-05 12:00:00,25.26,EUR,CREATED,region-01527,web
ORD-P001528,CUST-1528,2026-10-05 12:00:00,25.27,EUR,CREATED,region-01528,web
ORD-P001529,CUST-1529,2026-10-05 12:00:00,25.28,EUR,CREATED,region-01529,web
ORD-P001530,CUST-1530,2026-10-05 12:00:00,25.29,EUR,CREATED,region-01530,web
ORD-P001531,CUST-1531,2026-10-05 12:00:00,25.30,EUR,CREATED,region-01531,web
ORD-P001532,CUST-1532,2026-10-05 12:00:00,25.31,EUR,CREATED,region-01532,web
ORD-P001533,CUST-1533,2026-10-05 12:00:00,25.32,EUR,CREATED,region-01533,web
ORD-P001534,CUST-1534,2026-10-05 12:00:00,25.33,EUR,CREATED,region-01534,web
ORD-P001535,CUST-1535,2026-10-05 12:00:00,25.34,EUR,CREATED,region-01535,web
ORD-P001536,CUST-1536,2026-10-05 12:00:00,25.35,EUR,CREATED,region-01536,web
ORD-P001537,CUST-1537,2026-10-05 12:00:00,25.36,EUR,CREATED,region-01537,web
ORD-P001538,CUST-1538,2026-10-05 12:00:00,25.37,EUR,CREATED,region-01538,web
ORD-P001539,CUST-1539,2026-10-05 12:00:00,25.38,EUR,CREATED,region-01539,web
ORD-P001540,CUST-1540,2026-10-05 12:00:00,25.39,EUR,CREATED,region-01540,web
ORD-P001541,CUST-1541,2026-10-05 12:00:00,25.40,EUR,CREATED,region-01541,web
ORD-P001542,CUST-1542,2026-10-05 12:00:00,25.41,EUR,CREATED,region-01542,web
ORD-P001543,CUST-1543,2026-10-05 12:00:00,25.42,EUR,CREATED,region-01543,web
ORD-P001544,CUST-1544,2026-10-05 12:00:00,25.43,EUR,CREATED,region-01544,web
ORD-P001545,CUST-1545,2026-10-05 12:00:00,25.44,EUR,CREATED,region-01545,web
ORD-P001546,CUST-1546,2026-10-05 12:00:00,25.45,EUR,CREATED,region-01546,web
ORD-P001547,CUST-1547,2026-10-05 12:00:00,25.46,EUR,CREATED,region-01547,web
ORD-P001548,CUST-1548,2026-10-05 12:00:00,25.47,EUR,CREATED,region-01548,web
ORD-P001549,CUST-1549,2026-10-05 12:00:00,25.48,EUR,CREATED,region-01549,web
ORD-P001550,CUST-1550,2026-10-05 12:00:00,25.49,EUR,CREATED,region-01550,web
ORD-P001551,CUST-1551,2026-10-05 12:00:00,25.50,EUR,CREATED,region-01551,web
ORD-P001552,CUST-1552,2026-10-05 12:00:00,25.51,EUR,CREATED,region-01552,web
ORD-P001553,CUST-1553,2026-10-05 12:00:00,25.52,EUR,CREATED,region-01553,web
ORD-P001554,CUST-1554,2026-10-05 12:00:00,25.53,EUR,CREATED,region-01554,web
ORD-P001555,CUST-1555,2026-10-05 12:00:00,25.54,EUR,CREATED,region-01555,web
ORD-P001556,CUST-1556,2026-10-05 12:00:00,25.55,EUR,CREATED,region-01556,web
ORD-P001557,CUST-1557,2026-10-05 12:00:00,25.56,EUR,CREATED,region-01557,web
ORD-P001558,CUST-1558,2026-10-05 12:00:00,25.57,EUR,CREATED,region-01558,web
ORD-P001559,CUST-1559,2026-10-05 12:00:00,25.58,EUR,CREATED,region-01559,web
ORD-P001560,CUST-1560,2026-10-05 12:00:00,25.59,EUR,CREATED,region-01560,web
ORD-P001561,CUST-1561,2026-10-05 12:00:00,25.60,EUR,CREATED,region-01561,web
ORD-P001562,CUST-1562,2026-10-05 12:00:00,25.61,EUR,CREATED,region-01562,web
ORD-P001563,CUST-1563,2026-10-05 12:00:00,25.62,EUR,CREATED,region-01563,web
ORD-P001564,CUST-1564,2026-10-05 12:00:00,25.63,EUR,CREATED,region-01564,web
ORD-P001565,CUST-1565,2026-10-05 12:00:00,25.64,EUR,CREATED,region-01565,web
ORD-P001566,CUST-1566,2026-10-05 12:00:00,25.65,EUR,CREATED,region-01566,web
ORD-P001567,CUST-1567,2026-10-05 12:00:00,25.66,EUR,CREATED,region-01567,web
ORD-P001568,CUST-1568,2026-10-05 12:00:00,25.67,EUR,CREATED,region-01568,web
ORD-P001569,CUST-1569,2026-10-05 12:00:00,25.68,EUR,CREATED,region-01569,web
ORD-P001570,CUST-1570,2026-10-05 12:00:00,25.69,EUR,CREATED,region-01570,web
ORD-P001571,CUST-1571,2026-10-05 12:00:00,25.70,EUR,CREATED,region-01571,web
ORD-P001572,CUST-1572,2026-10-05 12:00:00,25.71,EUR,CREATED,region-01572,web
ORD-P001573,CUST-1573,2026-10-05 12:00:00,25.72,EUR,CREATED,region-01573,web
ORD-P001574,CUST-1574,2026-10-05 12:00:00,25.73,EUR,CREATED,region-01574,web
ORD-P001575,CUST-1575,2026-10-05 12:00:00,25.74,EUR,CREATED,region-01575,web
ORD-P001576,CUST-1576,2026-10-05 12:00:00,25.75,EUR,CREATED,region-01576,web
ORD-P001577,CUST-1577,2026-10-05 12:00:00,25.76,EUR,CREATED,region-01577,web
ORD-P001578,CUST-1578,2026-10-05 12:00:00,25.77,EUR,CREATED,region-01578,web
ORD-P001579,CUST-1579,2026-10-05 12:00:00,25.78,EUR,CREATED,region-01579,web
ORD-P001580,CUST-1580,2026-10-05 12:00:00,25.79,EUR,CREATED,region-01580,web
ORD-P001581,CUST-1581,2026-10-05 12:00:00,25.80,EUR,CREATED,region-01581,web
ORD-P001582,CUST-1582,2026-10-05 12:00:00,25.81,EUR,CREATED,region-01582,web
ORD-P001583,CUST-1583,2026-10-05 12:00:00,25.82,EUR,CREATED,region-01583,web
ORD-P001584,CUST-1584,2026-10-05 12:00:00,25.83,EUR,CREATED,region-01584,web
ORD-P001585,CUST-1585,2026-10-05 12:00:00,25.84,EUR,CREATED,region-01585,web
ORD-P001586,CUST-1586,2026-10-05 12:00:00,25.85,EUR,CREATED,region-01586,web
ORD-P001587,CUST-1587,2026-10-05 12:00:00,25.86,EUR,CREATED,region-01587,web
ORD-P001588,CUST-1588,2026-10-05 12:00:00,25.87,EUR,CREATED,region-01588,web
ORD-P001589,CUST-1589,2026-10-05 12:00:00,25.88,EUR,CREATED,region-01589,web
ORD-P001590,CUST-1590,2026-10-05 12:00:00,25.89,EUR,CREATED,region-01590,web
ORD-P001591,CUST-1591,2026-10-05 12:00:00,25.90,EUR,CREATED,region-01591,web
ORD-P001592,CUST-1592,2026-10-05 12:00:00,25.91,EUR,CREATED,region-01592,web
ORD-P001593,CUST-1593,2026-10-05 12:00:00,25.92,EUR,CREATED,region-01593,web
ORD-P001594,CUST-1594,2026-10-05 12:00:00,25.93,EUR,CREATED,region-01594,web
ORD-P001595,CUST-1595,2026-10-05 12:00:00,25.94,EUR,CREATED,region-01595,web
ORD-P001596,CUST-1596,2026-10-05 12:00:00,25.95,EUR,CREATED,region-01596,web
ORD-P001597,CUST-1597,2026-10-05 12:00:00,25.96,EUR,CREATED,region-01597,web
ORD-P001598,CUST-1598,2026-10-05 12:00:00,25.97,EUR,CREATED,region-01598,web
ORD-P001599,CUST-1599,2026-10-05 12:00:00,25.98,EUR,CREATED,region-01599,web
ORD-P001600,CUST-1600,2026-10-05 12:00:00,25.99,EUR,CREATED,region-01600,web
ORD-P001601,CUST-1601,2026-10-05 12:00:00,26.00,EUR,CREATED,region-01601,web
ORD-P001602,CUST-1602,2026-10-05 12:00:00,26.01,EUR,CREATED,region-01602,web
ORD-P001603,CUST-1603,2026-10-05 12:00:00,26.02,EUR,CREATED,region-01603,web
ORD-P001604,CUST-1604,2026-10-05 12:00:00,26.03,EUR,CREATED,region-01604,web
ORD-P001605,CUST-1605,2026-10-05 12:00:00,26.04,EUR,CREATED,region-01605,web
ORD-P001606,CUST-1606,2026-10-05 12:00:00,26.05,EUR,CREATED,region-01606,web
ORD-P001607,CUST-1607,2026-10-05 12:00:00,26.06,EUR,CREATED,region-01607,web
ORD-P001608,CUST-1608,2026-10-05 12:00:00,26.07,EUR,CREATED,region-01608,web
ORD-P001609,CUST-1609,2026-10-05 12:00:00,26.08,EUR,CREATED,region-01609,web
ORD-P001610,CUST-1610,2026-10-05 12:00:00,26.09,EUR,CREATED,region-01610,web
ORD-P001611,CUST-1611,2026-10-05 12:00:00,26.10,EUR,CREATED,region-01611,web
ORD-P001612,CUST-1612,2026-10-05 12:00:00,26.11,EUR,CREATED,region-01612,web
ORD-P001613,CUST-1613,2026-10-05 12:00:00,26.12,EUR,CREATED,region-01613,web
ORD-P001614,CUST-1614,2026-10-05 12:00:00,26.13,EUR,CREATED,region-01614,web
ORD-P001615,CUST-1615,2026-10-05 12:00:00,26.14,EUR,CREATED,region-01615,web
ORD-P001616,CUST-1616,2026-10-05 12:00:00,26.15,EUR,CREATED,region-01616,web
ORD-P001617,CUST-1617,2026-10-05 12:00:00,26.16,EUR,CREATED,region-01617,web
ORD-P001618,CUST-1618,2026-10-05 12:00:00,26.17,EUR,CREATED,region-01618,web
ORD-P001619,CUST-1619,2026-10-05 12:00:00,26.18,EUR,CREATED,region-01619,web
ORD-P001620,CUST-1620,2026-10-05 12:00:00,26.19,EUR,CREATED,region-01620,web
ORD-P001621,CUST-1621,2026-10-05 12:00:00,26.20,EUR,CREATED,region-01621,web
ORD-P001622,CUST-1622,2026-10-05 12:00:00,26.21,EUR,CREATED,region-01622,web
ORD-P001623,CUST-1623,2026-10-05 12:00:00,26.22,EUR,CREATED,region-01623,web
ORD-P001624,CUST-1624,2026-10-05 12:00:00,26.23,EUR,CREATED,region-01624,web
ORD-P001625,CUST-1625,2026-10-05 12:00:00,26.24,EUR,CREATED,region-01625,web
ORD-P001626,CUST-1626,2026-10-05 12:00:00,26.25,EUR,CREATED,region-01626,web
ORD-P001627,CUST-1627,2026-10-05 12:00:00,26.26,EUR,CREATED,region-01627,web
ORD-P001628,CUST-1628,2026-10-05 12:00:00,26.27,EUR,CREATED,region-01628,web
ORD-P001629,CUST-1629,2026-10-05 12:00:00,26.28,EUR,CREATED,region-01629,web
ORD-P001630,CUST-1630,2026-10-05 12:00:00,26.29,EUR,CREATED,region-01630,web
ORD-P001631,CUST-1631,2026-10-05 12:00:00,26.30,EUR,CREATED,region-01631,web
ORD-P001632,CUST-1632,2026-10-05 12:00:00,26.31,EUR,CREATED,region-01632,web
ORD-P001633,CUST-1633,2026-10-05 12:00:00,26.32,EUR,CREATED,region-01633,web
ORD-P001634,CUST-1634,2026-10-05 12:00:00,26.33,EUR,CREATED,region-01634,web
ORD-P001635,CUST-1635,2026-10-05 12:00:00,26.34,EUR,CREATED,region-01635,web
ORD-P001636,CUST-1636,2026-10-05 12:00:00,26.35,EUR,CREATED,region-01636,web
ORD-P001637,CUST-1637,2026-10-05 12:00:00,26.36,EUR,CREATED,region-01637,web
ORD-P001638,CUST-1638,2026-10-05 12:00:00,26.37,EUR,CREATED,region-01638,web
ORD-P001639,CUST-1639,2026-10-05 12:00:00,26.38,EUR,CREATED,region-01639,web
ORD-P001640,CUST-1640,2026-10-05 12:00:00,26.39,EUR,CREATED,region-01640,web
ORD-P001641,CUST-1641,2026-10-05 12:00:00,26.40,EUR,CREATED,region-01641,web
ORD-P001642,CUST-1642,2026-10-05 12:00:00,26.41,EUR,CREATED,region-01642,web
ORD-P001643,CUST-1643,2026-10-05 12:00:00,26.42,EUR,CREATED,region-01643,web
ORD-P001644,CUST-1644,2026-10-05 12:00:00,26.43,EUR,CREATED,region-01644,web
ORD-P001645,CUST-1645,2026-10-05 12:00:00,26.44,EUR,CREATED,region-01645,web
ORD-P001646,CUST-1646,2026-10-05 12:00:00,26.45,EUR,CREATED,region-01646,web
ORD-P001647,CUST-1647,2026-10-05 12:00:00,26.46,EUR,CREATED,region-01647,web
ORD-P001648,CUST-1648,2026-10-05 12:00:00,26.47,EUR,CREATED,region-01648,web
ORD-P001649,CUST-1649,2026-10-05 12:00:00,26.48,EUR,CREATED,region-01649,web
ORD-P001650,CUST-1650,2026-10-05 12:00:00,26.49,EUR,CREATED,region-01650,web
ORD-P001651,CUST-1651,2026-10-05 12:00:00,26.50,EUR,CREATED,region-01651,web
ORD-P001652,CUST-1652,2026-10-05 12:00:00,26.51,EUR,CREATED,region-01652,web
ORD-P001653,CUST-1653,2026-10-05 12:00:00,26.52,EUR,CREATED,region-01653,web
ORD-P001654,CUST-1654,2026-10-05 12:00:00,26.53,EUR,CREATED,region-01654,web
ORD-P001655,CUST-1655,2026-10-05 12:00:00,26.54,EUR,CREATED,region-01655,web
ORD-P001656,CUST-1656,2026-10-05 12:00:00,26.55,EUR,CREATED,region-01656,web
ORD-P001657,CUST-1657,2026-10-05 12:00:00,26.56,EUR,CREATED,region-01657,web
ORD-P001658,CUST-1658,2026-10-05 12:00:00,26.57,EUR,CREATED,region-01658,web
ORD-P001659,CUST-1659,2026-10-05 12:00:00,26.58,EUR,CREATED,region-01659,web
ORD-P001660,CUST-1660,2026-10-05 12:00:00,26.59,EUR,CREATED,region-01660,web
ORD-P001661,CUST-1661,2026-10-05 12:00:00,26.60,EUR,CREATED,region-01661,web
ORD-P001662,CUST-1662,2026-10-05 12:00:00,26.61,EUR,CREATED,region-01662,web
ORD-P001663,CUST-1663,2026-10-05 12:00:00,26.62,EUR,CREATED,region-01663,web
ORD-P001664,CUST-1664,2026-10-05 12:00:00,26.63,EUR,CREATED,region-01664,web
ORD-P001665,CUST-1665,2026-10-05 12:00:00,26.64,EUR,CREATED,region-01665,web
ORD-P001666,CUST-1666,2026-10-05 12:00:00,26.65,EUR,CREATED,region-01666,web
ORD-P001667,CUST-1667,2026-10-05 12:00:00,26.66,EUR,CREATED,region-01667,web
ORD-P001668,CUST-1668,2026-10-05 12:00:00,26.67,EUR,CREATED,region-01668,web
ORD-P001669,CUST-1669,2026-10-05 12:00:00,26.68,EUR,CREATED,region-01669,web
ORD-P001670,CUST-1670,2026-10-05 12:00:00,26.69,EUR,CREATED,region-01670,web
ORD-P001671,CUST-1671,2026-10-05 12:00:00,26.70,EUR,CREATED,region-01671,web
ORD-P001672,CUST-1672,2026-10-05 12:00:00,26.71,EUR,CREATED,region-01672,web
ORD-P001673,CUST-1673,2026-10-05 12:00:00,26.72,EUR,CREATED,region-01673,web
ORD-P001674,CUST-1674,2026-10-05 12:00:00,26.73,EUR,CREATED,region-01674,web
ORD-P001675,CUST-1675,2026-10-05 12:00:00,26.74,EUR,CREATED,region-01675,web
ORD-P001676,CUST-1676,2026-10-05 12:00:00,26.75,EUR,CREATED,region-01676,web
ORD-P001677,CUST-1677,2026-10-05 12:00:00,26.76,EUR,CREATED,region-01677,web
ORD-P001678,CUST-1678,2026-10-05 12:00:00,26.77,EUR,CREATED,region-01678,web
ORD-P001679,CUST-1679,2026-10-05 12:00:00,26.78,EUR,CREATED,region-01679,web
ORD-P001680,CUST-1680,2026-10-05 12:00:00,26.79,EUR,CREATED,region-01680,web
ORD-P001681,CUST-1681,2026-10-05 12:00:00,26.80,EUR,CREATED,region-01681,web
ORD-P001682,CUST-1682,2026-10-05 12:00:00,26.81,EUR,CREATED,region-01682,web
ORD-P001683,CUST-1683,2026-10-05 12:00:00,26.82,EUR,CREATED,region-01683,web
ORD-P001684,CUST-1684,2026-10-05 12:00:00,26.83,EUR,CREATED,region-01684,web
ORD-P001685,CUST-1685,2026-10-05 12:00:00,26.84,EUR,CREATED,region-01685,web
ORD-P001686,CUST-1686,2026-10-05 12:00:00,26.85,EUR,CREATED,region-01686,web
ORD-P001687,CUST-1687,2026-10-05 12:00:00,26.86,EUR,CREATED,region-01687,web
ORD-P001688,CUST-1688,2026-10-05 12:00:00,26.87,EUR,CREATED,region-01688,web
ORD-P001689,CUST-1689,2026-10-05 12:00:00,26.88,EUR,CREATED,region-01689,web
ORD-P001690,CUST-1690,2026-10-05 12:00:00,26.89,EUR,CREATED,region-01690,web
ORD-P001691,CUST-1691,2026-10-05 12:00:00,26.90,EUR,CREATED,region-01691,web
ORD-P001692,CUST-1692,2026-10-05 12:00:00,26.91,EUR,CREATED,region-01692,web
ORD-P001693,CUST-1693,2026-10-05 12:00:00,26.92,EUR,CREATED,region-01693,web
ORD-P001694,CUST-1694,2026-10-05 12:00:00,26.93,EUR,CREATED,region-01694,web
ORD-P001695,CUST-1695,2026-10-05 12:00:00,26.94,EUR,CREATED,region-01695,web
ORD-P001696,CUST-1696,2026-10-05 12:00:00,26.95,EUR,CREATED,region-01696,web
ORD-P001697,CUST-1697,2026-10-05 12:00:00,26.96,EUR,CREATED,region-01697,web
ORD-P001698,CUST-1698,2026-10-05 12:00:00,26.97,EUR,CREATED,region-01698,web
ORD-P001699,CUST-1699,2026-10-05 12:00:00,26.98,EUR,CREATED,region-01699,web
ORD-P001700,CUST-1700,2026-10-05 12:00:00,26.99,EUR,CREATED,region-01700,web
ORD-P001701,CUST-1701,2026-10-05 12:00:00,27.00,EUR,CREATED,region-01701,web
ORD-P001702,CUST-1702,2026-10-05 12:00:00,27.01,EUR,CREATED,region-01702,web
ORD-P001703,CUST-1703,2026-10-05 12:00:00,27.02,EUR,CREATED,region-01703,web
ORD-P001704,CUST-1704,2026-10-05 12:00:00,27.03,EUR,CREATED,region-01704,web
ORD-P001705,CUST-1705,2026-10-05 12:00:00,27.04,EUR,CREATED,region-01705,web
ORD-P001706,CUST-1706,2026-10-05 12:00:00,27.05,EUR,CREATED,region-01706,web
ORD-P001707,CUST-1707,2026-10-05 12:00:00,27.06,EUR,CREATED,region-01707,web
ORD-P001708,CUST-1708,2026-10-05 12:00:00,27.07,EUR,CREATED,region-01708,web
ORD-P001709,CUST-1709,2026-10-05 12:00:00,27.08,EUR,CREATED,region-01709,web
ORD-P001710,CUST-1710,2026-10-05 12:00:00,27.09,EUR,CREATED,region-01710,web
ORD-P001711,CUST-1711,2026-10-05 12:00:00,27.10,EUR,CREATED,region-01711,web
ORD-P001712,CUST-1712,2026-10-05 12:00:00,27.11,EUR,CREATED,region-01712,web
ORD-P001713,CUST-1713,2026-10-05 12:00:00,27.12,EUR,CREATED,region-01713,web
ORD-P001714,CUST-1714,2026-10-05 12:00:00,27.13,EUR,CREATED,region-01714,web
ORD-P001715,CUST-1715,2026-10-05 12:00:00,27.14,EUR,CREATED,region-01715,web
ORD-P001716,CUST-1716,2026-10-05 12:00:00,27.15,EUR,CREATED,region-01716,web
ORD-P001717,CUST-1717,2026-10-05 12:00:00,27.16,EUR,CREATED,region-01717,web
ORD-P001718,CUST-1718,2026-10-05 12:00:00,27.17,EUR,CREATED,region-01718,web
ORD-P001719,CUST-1719,2026-10-05 12:00:00,27.18,EUR,CREATED,region-01719,web
ORD-P001720,CUST-1720,2026-10-05 12:00:00,27.19,EUR,CREATED,region-01720,web
ORD-P001721,CUST-1721,2026-10-05 12:00:00,27.20,EUR,CREATED,region-01721,web
ORD-P001722,CUST-1722,2026-10-05 12:00:00,27.21,EUR,CREATED,region-01722,web
ORD-P001723,CUST-1723,2026-10-05 12:00:00,27.22,EUR,CREATED,region-01723,web
ORD-P001724,CUST-1724,2026-10-05 12:00:00,27.23,EUR,CREATED,region-01724,web
ORD-P001725,CUST-1725,2026-10-05 12:00:00,27.24,EUR,CREATED,region-01725,web
ORD-P001726,CUST-1726,2026-10-05 12:00:00,27.25,EUR,CREATED,region-01726,web
ORD-P001727,CUST-1727,2026-10-05 12:00:00,27.26,EUR,CREATED,region-01727,web
ORD-P001728,CUST-1728,2026-10-05 12:00:00,27.27,EUR,CREATED,region-01728,web
ORD-P001729,CUST-1729,2026-10-05 12:00:00,27.28,EUR,CREATED,region-01729,web
ORD-P001730,CUST-1730,2026-10-05 12:00:00,27.29,EUR,CREATED,region-01730,web
ORD-P001731,CUST-1731,2026-10-05 12:00:00,27.30,EUR,CREATED,region-01731,web
ORD-P001732,CUST-1732,2026-10-05 12:00:00,27.31,EUR,CREATED,region-01732,web
ORD-P001733,CUST-1733,2026-10-05 12:00:00,27.32,EUR,CREATED,region-01733,web
ORD-P001734,CUST-1734,2026-10-05 12:00:00,27.33,EUR,CREATED,region-01734,web
ORD-P001735,CUST-1735,2026-10-05 12:00:00,27.34,EUR,CREATED,region-01735,web
ORD-P001736,CUST-1736,2026-10-05 12:00:00,27.35,EUR,CREATED,region-01736,web
ORD-P001737,CUST-1737,2026-10-05 12:00:00,27.36,EUR,CREATED,region-01737,web
ORD-P001738,CUST-1738,2026-10-05 12:00:00,27.37,EUR,CREATED,region-01738,web
ORD-P001739,CUST-1739,2026-10-05 12:00:00,27.38,EUR,CREATED,region-01739,web
ORD-P001740,CUST-1740,2026-10-05 12:00:00,27.39,EUR,CREATED,region-01740,web
ORD-P001741,CUST-1741,2026-10-05 12:00:00,27.40,EUR,CREATED,region-01741,web
ORD-P001742,CUST-1742,2026-10-05 12:00:00,27.41,EUR,CREATED,region-01742,web
ORD-P001743,CUST-1743,2026-10-05 12:00:00,27.42,EUR,CREATED,region-01743,web
ORD-P001744,CUST-1744,2026-10-05 12:00:00,27.43,EUR,CREATED,region-01744,web
ORD-P001745,CUST-1745,2026-10-05 12:00:00,27.44,EUR,CREATED,region-01745,web
ORD-P001746,CUST-1746,2026-10-05 12:00:00,27.45,EUR,CREATED,region-01746,web
ORD-P001747,CUST-1747,2026-10-05 12:00:00,27.46,EUR,CREATED,region-01747,web
ORD-P001748,CUST-1748,2026-10-05 12:00:00,27.47,EUR,CREATED,region-01748,web
ORD-P001749,CUST-1749,2026-10-05 12:00:00,27.48,EUR,CREATED,region-01749,web
ORD-P001750,CUST-1750,2026-10-05 12:00:00,27.49,EUR,CREATED,region-01750,web
ORD-P001751,CUST-1751,2026-10-05 12:00:00,27.50,EUR,CREATED,region-01751,web
ORD-P001752,CUST-1752,2026-10-05 12:00:00,27.51,EUR,CREATED,region-01752,web
ORD-P001753,CUST-1753,2026-10-05 12:00:00,27.52,EUR,CREATED,region-01753,web
ORD-P001754,CUST-1754,2026-10-05 12:00:00,27.53,EUR,CREATED,region-01754,web
ORD-P001755,CUST-1755,2026-10-05 12:00:00,27.54,EUR,CREATED,region-01755,web
ORD-P001756,CUST-1756,2026-10-05 12:00:00,27.55,EUR,CREATED,region-01756,web
ORD-P001757,CUST-1757,2026-10-05 12:00:00,27.56,EUR,CREATED,region-01757,web
ORD-P001758,CUST-1758,2026-10-05 12:00:00,27.57,EUR,CREATED,region-01758,web
ORD-P001759,CUST-1759,2026-10-05 12:00:00,27.58,EUR,CREATED,region-01759,web
ORD-P001760,CUST-1760,2026-10-05 12:00:00,27.59,EUR,CREATED,region-01760,web
ORD-P001761,CUST-1761,2026-10-05 12:00:00,27.60,EUR,CREATED,region-01761,web
ORD-P001762,CUST-1762,2026-10-05 12:00:00,27.61,EUR,CREATED,region-01762,web
ORD-P001763,CUST-1763,2026-10-05 12:00:00,27.62,EUR,CREATED,region-01763,web
ORD-P001764,CUST-1764,2026-10-05 12:00:00,27.63,EUR,CREATED,region-01764,web
ORD-P001765,CUST-1765,2026-10-05 12:00:00,27.64,EUR,CREATED,region-01765,web
ORD-P001766,CUST-1766,2026-10-05 12:00:00,27.65,EUR,CREATED,region-01766,web
ORD-P001767,CUST-1767,2026-10-05 12:00:00,27.66,EUR,CREATED,region-01767,web
ORD-P001768,CUST-1768,2026-10-05 12:00:00,27.67,EUR,CREATED,region-01768,web
ORD-P001769,CUST-1769,2026-10-05 12:00:00,27.68,EUR,CREATED,region-01769,web
ORD-P001770,CUST-1770,2026-10-05 12:00:00,27.69,EUR,CREATED,region-01770,web
ORD-P001771,CUST-1771,2026-10-05 12:00:00,27.70,EUR,CREATED,region-01771,web
ORD-P001772,CUST-1772,2026-10-05 12:00:00,27.71,EUR,CREATED,region-01772,web
ORD-P001773,CUST-1773,2026-10-05 12:00:00,27.72,EUR,CREATED,region-01773,web
ORD-P001774,CUST-1774,2026-10-05 12:00:00,27.73,EUR,CREATED,region-01774,web
ORD-P001775,CUST-1775,2026-10-05 12:00:00,27.74,EUR,CREATED,region-01775,web
ORD-P001776,CUST-1776,2026-10-05 12:00:00,27.75,EUR,CREATED,region-01776,web
ORD-P001777,CUST-1777,2026-10-05 12:00:00,27.76,EUR,CREATED,region-01777,web
ORD-P001778,CUST-1778,2026-10-05 12:00:00,27.77,EUR,CREATED,region-01778,web
ORD-P001779,CUST-1779,2026-10-05 12:00:00,27.78,EUR,CREATED,region-01779,web
ORD-P001780,CUST-1780,2026-10-05 12:00:00,27.79,EUR,CREATED,region-01780,web
ORD-P001781,CUST-1781,2026-10-05 12:00:00,27.80,EUR,CREATED,region-01781,web
ORD-P001782,CUST-1782,2026-10-05 12:00:00,27.81,EUR,CREATED,region-01782,web
ORD-P001783,CUST-1783,2026-10-05 12:00:00,27.82,EUR,CREATED,region-01783,web
ORD-P001784,CUST-1784,2026-10-05 12:00:00,27.83,EUR,CREATED,region-01784,web
ORD-P001785,CUST-1785,2026-10-05 12:00:00,27.84,EUR,CREATED,region-01785,web
ORD-P001786,CUST-1786,2026-10-05 12:00:00,27.85,EUR,CREATED,region-01786,web
ORD-P001787,CUST-1787,2026-10-05 12:00:00,27.86,EUR,CREATED,region-01787,web
ORD-P001788,CUST-1788,2026-10-05 12:00:00,27.87,EUR,CREATED,region-01788,web
ORD-P001789,CUST-1789,2026-10-05 12:00:00,27.88,EUR,CREATED,region-01789,web
ORD-P001790,CUST-1790,2026-10-05 12:00:00,27.89,EUR,CREATED,region-01790,web
ORD-P001791,CUST-1791,2026-10-05 12:00:00,27.90,EUR,CREATED,region-01791,web
ORD-P001792,CUST-1792,2026-10-05 12:00:00,27.91,EUR,CREATED,region-01792,web
ORD-P001793,CUST-1793,2026-10-05 12:00:00,27.92,EUR,CREATED,region-01793,web
ORD-P001794,CUST-1794,2026-10-05 12:00:00,27.93,EUR,CREATED,region-01794,web
ORD-P001795,CUST-1795,2026-10-05 12:00:00,27.94,EUR,CREATED,region-01795,web
ORD-P001796,CUST-1796,2026-10-05 12:00:00,27.95,EUR,CREATED,region-01796,web
ORD-P001797,CUST-1797,2026-10-05 12:00:00,27.96,EUR,CREATED,region-01797,web
ORD-P001798,CUST-1798,2026-10-05 12:00:00,27.97,EUR,CREATED,region-01798,web
ORD-P001799,CUST-1799,2026-10-05 12:00:00,27.98,EUR,CREATED,region-01799,web
ORD-P001800,CUST-1800,2026-10-05 12:00:00,27.99,EUR,CREATED,region-01800,web
ORD-P001801,CUST-1801,2026-10-05 12:00:00,28.00,EUR,CREATED,region-01801,web
ORD-P001802,CUST-1802,2026-10-05 12:00:00,28.01,EUR,CREATED,region-01802,web
ORD-P001803,CUST-1803,2026-10-05 12:00:00,28.02,EUR,CREATED,region-01803,web
ORD-P001804,CUST-1804,2026-10-05 12:00:00,28.03,EUR,CREATED,region-01804,web
ORD-P001805,CUST-1805,2026-10-05 12:00:00,28.04,EUR,CREATED,region-01805,web
ORD-P001806,CUST-1806,2026-10-05 12:00:00,28.05,EUR,CREATED,region-01806,web
ORD-P001807,CUST-1807,2026-10-05 12:00:00,28.06,EUR,CREATED,region-01807,web
ORD-P001808,CUST-1808,2026-10-05 12:00:00,28.07,EUR,CREATED,region-01808,web
ORD-P001809,CUST-1809,2026-10-05 12:00:00,28.08,EUR,CREATED,region-01809,web
ORD-P001810,CUST-1810,2026-10-05 12:00:00,28.09,EUR,CREATED,region-01810,web
ORD-P001811,CUST-1811,2026-10-05 12:00:00,28.10,EUR,CREATED,region-01811,web
ORD-P001812,CUST-1812,2026-10-05 12:00:00,28.11,EUR,CREATED,region-01812,web
ORD-P001813,CUST-1813,2026-10-05 12:00:00,28.12,EUR,CREATED,region-01813,web
ORD-P001814,CUST-1814,2026-10-05 12:00:00,28.13,EUR,CREATED,region-01814,web
ORD-P001815,CUST-1815,2026-10-05 12:00:00,28.14,EUR,CREATED,region-01815,web
ORD-P001816,CUST-1816,2026-10-05 12:00:00,28.15,EUR,CREATED,region-01816,web
ORD-P001817,CUST-1817,2026-10-05 12:00:00,28.16,EUR,CREATED,region-01817,web
ORD-P001818,CUST-1818,2026-10-05 12:00:00,28.17,EUR,CREATED,region-01818,web
ORD-P001819,CUST-1819,2026-10-05 12:00:00,28.18,EUR,CREATED,region-01819,web
ORD-P001820,CUST-1820,2026-10-05 12:00:00,28.19,EUR,CREATED,region-01820,web
ORD-P001821,CUST-1821,2026-10-05 12:00:00,28.20,EUR,CREATED,region-01821,web
ORD-P001822,CUST-1822,2026-10-05 12:00:00,28.21,EUR,CREATED,region-01822,web
ORD-P001823,CUST-1823,2026-10-05 12:00:00,28.22,EUR,CREATED,region-01823,web
ORD-P001824,CUST-1824,2026-10-05 12:00:00,28.23,EUR,CREATED,region-01824,web
ORD-P001825,CUST-1825,2026-10-05 12:00:00,28.24,EUR,CREATED,region-01825,web
ORD-P001826,CUST-1826,2026-10-05 12:00:00,28.25,EUR,CREATED,region-01826,web
ORD-P001827,CUST-1827,2026-10-05 12:00:00,28.26,EUR,CREATED,region-01827,web
ORD-P001828,CUST-1828,2026-10-05 12:00:00,28.27,EUR,CREATED,region-01828,web
ORD-P001829,CUST-1829,2026-10-05 12:00:00,28.28,EUR,CREATED,region-01829,web
ORD-P001830,CUST-1830,2026-10-05 12:00:00,28.29,EUR,CREATED,region-01830,web
ORD-P001831,CUST-1831,2026-10-05 12:00:00,28.30,EUR,CREATED,region-01831,web
ORD-P001832,CUST-1832,2026-10-05 12:00:00,28.31,EUR,CREATED,region-01832,web
ORD-P001833,CUST-1833,2026-10-05 12:00:00,28.32,EUR,CREATED,region-01833,web
ORD-P001834,CUST-1834,2026-10-05 12:00:00,28.33,EUR,CREATED,region-01834,web
ORD-P001835,CUST-1835,2026-10-05 12:00:00,28.34,EUR,CREATED,region-01835,web
ORD-P001836,CUST-1836,2026-10-05 12:00:00,28.35,EUR,CREATED,region-01836,web
ORD-P001837,CUST-1837,2026-10-05 12:00:00,28.36,EUR,CREATED,region-01837,web
ORD-P001838,CUST-1838,2026-10-05 12:00:00,28.37,EUR,CREATED,region-01838,web
ORD-P001839,CUST-1839,2026-10-05 12:00:00,28.38,EUR,CREATED,region-01839,web
ORD-P001840,CUST-1840,2026-10-05 12:00:00,28.39,EUR,CREATED,region-01840,web
ORD-P001841,CUST-1841,2026-10-05 12:00:00,28.40,EUR,CREATED,region-01841,web
ORD-P001842,CUST-1842,2026-10-05 12:00:00,28.41,EUR,CREATED,region-01842,web
ORD-P001843,CUST-1843,2026-10-05 12:00:00,28.42,EUR,CREATED,region-01843,web
ORD-P001844,CUST-1844,2026-10-05 12:00:00,28.43,EUR,CREATED,region-01844,web
ORD-P001845,CUST-1845,2026-10-05 12:00:00,28.44,EUR,CREATED,region-01845,web
ORD-P001846,CUST-1846,2026-10-05 12:00:00,28.45,EUR,CREATED,region-01846,web
ORD-P001847,CUST-1847,2026-10-05 12:00:00,28.46,EUR,CREATED,region-01847,web
ORD-P001848,CUST-1848,2026-10-05 12:00:00,28.47,EUR,CREATED,region-01848,web
ORD-P001849,CUST-1849,2026-10-05 12:00:00,28.48,EUR,CREATED,region-01849,web
ORD-P001850,CUST-1850,2026-10-05 12:00:00,28.49,EUR,CREATED,region-01850,web
ORD-P001851,CUST-1851,2026-10-05 12:00:00,28.50,EUR,CREATED,region-01851,web
ORD-P001852,CUST-1852,2026-10-05 12:00:00,28.51,EUR,CREATED,region-01852,web
ORD-P001853,CUST-1853,2026-10-05 12:00:00,28.52,EUR,CREATED,region-01853,web
ORD-P001854,CUST-1854,2026-10-05 12:00:00,28.53,EUR,CREATED,region-01854,web
ORD-P001855,CUST-1855,2026-10-05 12:00:00,28.54,EUR,CREATED,region-01855,web
ORD-P001856,CUST-1856,2026-10-05 12:00:00,28.55,EUR,CREATED,region-01856,web
ORD-P001857,CUST-1857,2026-10-05 12:00:00,28.56,EUR,CREATED,region-01857,web
ORD-P001858,CUST-1858,2026-10-05 12:00:00,28.57,EUR,CREATED,region-01858,web
ORD-P001859,CUST-1859,2026-10-05 12:00:00,28.58,EUR,CREATED,region-01859,web
ORD-P001860,CUST-1860,2026-10-05 12:00:00,28.59,EUR,CREATED,region-01860,web
ORD-P001861,CUST-1861,2026-10-05 12:00:00,28.60,EUR,CREATED,region-01861,web
ORD-P001862,CUST-1862,2026-10-05 12:00:00,28.61,EUR,CREATED,region-01862,web
ORD-P001863,CUST-1863,2026-10-05 12:00:00,28.62,EUR,CREATED,region-01863,web
ORD-P001864,CUST-1864,2026-10-05 12:00:00,28.63,EUR,CREATED,region-01864,web
ORD-P001865,CUST-1865,2026-10-05 12:00:00,28.64,EUR,CREATED,region-01865,web
ORD-P001866,CUST-1866,2026-10-05 12:00:00,28.65,EUR,CREATED,region-01866,web
ORD-P001867,CUST-1867,2026-10-05 12:00:00,28.66,EUR,CREATED,region-01867,web
ORD-P001868,CUST-1868,2026-10-05 12:00:00,28.67,EUR,CREATED,region-01868,web
ORD-P001869,CUST-1869,2026-10-05 12:00:00,28.68,EUR,CREATED,region-01869,web
ORD-P001870,CUST-1870,2026-10-05 12:00:00,28.69,EUR,CREATED,region-01870,web
ORD-P001871,CUST-1871,2026-10-05 12:00:00,28.70,EUR,CREATED,region-01871,web
ORD-P001872,CUST-1872,2026-10-05 12:00:00,28.71,EUR,CREATED,region-01872,web
ORD-P001873,CUST-1873,2026-10-05 12:00:00,28.72,EUR,CREATED,region-01873,web
ORD-P001874,CUST-1874,2026-10-05 12:00:00,28.73,EUR,CREATED,region-01874,web
ORD-P001875,CUST-1875,2026-10-05 12:00:00,28.74,EUR,CREATED,region-01875,web
ORD-P001876,CUST-1876,2026-10-05 12:00:00,28.75,EUR,CREATED,region-01876,web
ORD-P001877,CUST-1877,2026-10-05 12:00:00,28.76,EUR,CREATED,region-01877,web
ORD-P001878,CUST-1878,2026-10-05 12:00:00,28.77,EUR,CREATED,region-01878,web
ORD-P001879,CUST-1879,2026-10-05 12:00:00,28.78,EUR,CREATED,region-01879,web
ORD-P001880,CUST-1880,2026-10-05 12:00:00,28.79,EUR,CREATED,region-01880,web
ORD-P001881,CUST-1881,2026-10-05 12:00:00,28.80,EUR,CREATED,region-01881,web
ORD-P001882,CUST-1882,2026-10-05 12:00:00,28.81,EUR,CREATED,region-01882,web
ORD-P001883,CUST-1883,2026-10-05 12:00:00,28.82,EUR,CREATED,region-01883,web
ORD-P001884,CUST-1884,2026-10-05 12:00:00,28.83,EUR,CREATED,region-01884,web
ORD-P001885,CUST-1885,2026-10-05 12:00:00,28.84,EUR,CREATED,region-01885,web
ORD-P001886,CUST-1886,2026-10-05 12:00:00,28.85,EUR,CREATED,region-01886,web
ORD-P001887,CUST-1887,2026-10-05 12:00:00,28.86,EUR,CREATED,region-01887,web
ORD-P001888,CUST-1888,2026-10-05 12:00:00,28.87,EUR,CREATED,region-01888,web
ORD-P001889,CUST-1889,2026-10-05 12:00:00,28.88,EUR,CREATED,region-01889,web
ORD-P001890,CUST-1890,2026-10-05 12:00:00,28.89,EUR,CREATED,region-01890,web
ORD-P001891,CUST-1891,2026-10-05 12:00:00,28.90,EUR,CREATED,region-01891,web
ORD-P001892,CUST-1892,2026-10-05 12:00:00,28.91,EUR,CREATED,region-01892,web
ORD-P001893,CUST-1893,2026-10-05 12:00:00,28.92,EUR,CREATED,region-01893,web
ORD-P001894,CUST-1894,2026-10-05 12:00:00,28.93,EUR,CREATED,region-01894,web
ORD-P001895,CUST-1895,2026-10-05 12:00:00,28.94,EUR,CREATED,region-01895,web
ORD-P001896,CUST-1896,2026-10-05 12:00:00,28.95,EUR,CREATED,region-01896,web
ORD-P001897,CUST-1897,2026-10-05 12:00:00,28.96,EUR,CREATED,region-01897,web
ORD-P001898,CUST-1898,2026-10-05 12:00:00,28.97,EUR,CREATED,region-01898,web
ORD-P001899,CUST-1899,2026-10-05 12:00:00,28.98,EUR,CREATED,region-01899,web
ORD-P001900,CUST-1900,2026-10-05 12:00:00,28.99,EUR,CREATED,region-01900,web
ORD-P001901,CUST-1901,2026-10-05 12:00:00,29.00,EUR,CREATED,region-01901,web
ORD-P001902,CUST-1902,2026-10-05 12:00:00,29.01,EUR,CREATED,region-01902,web
ORD-P001903,CUST-1903,2026-10-05 12:00:00,29.02,EUR,CREATED,region-01903,web
ORD-P001904,CUST-1904,2026-10-05 12:00:00,29.03,EUR,CREATED,region-01904,web
ORD-P001905,CUST-1905,2026-10-05 12:00:00,29.04,EUR,CREATED,region-01905,web
ORD-P001906,CUST-1906,2026-10-05 12:00:00,29.05,EUR,CREATED,region-01906,web
ORD-P001907,CUST-1907,2026-10-05 12:00:00,29.06,EUR,CREATED,region-01907,web
ORD-P001908,CUST-1908,2026-10-05 12:00:00,29.07,EUR,CREATED,region-01908,web
ORD-P001909,CUST-1909,2026-10-05 12:00:00,29.08,EUR,CREATED,region-01909,web
ORD-P001910,CUST-1910,2026-10-05 12:00:00,29.09,EUR,CREATED,region-01910,web
ORD-P001911,CUST-1911,2026-10-05 12:00:00,29.10,EUR,CREATED,region-01911,web
ORD-P001912,CUST-1912,2026-10-05 12:00:00,29.11,EUR,CREATED,region-01912,web
ORD-P001913,CUST-1913,2026-10-05 12:00:00,29.12,EUR,CREATED,region-01913,web
ORD-P001914,CUST-1914,2026-10-05 12:00:00,29.13,EUR,CREATED,region-01914,web
ORD-P001915,CUST-1915,2026-10-05 12:00:00,29.14,EUR,CREATED,region-01915,web
ORD-P001916,CUST-1916,2026-10-05 12:00:00,29.15,EUR,CREATED,region-01916,web
ORD-P001917,CUST-1917,2026-10-05 12:00:00,29.16,EUR,CREATED,region-01917,web
ORD-P001918,CUST-1918,2026-10-05 12:00:00,29.17,EUR,CREATED,region-01918,web
ORD-P001919,CUST-1919,2026-10-05 12:00:00,29.18,EUR,CREATED,region-01919,web
ORD-P001920,CUST-1920,2026-10-05 12:00:00,29.19,EUR,CREATED,region-01920,web
ORD-P001921,CUST-1921,2026-10-05 12:00:00,29.20,EUR,CREATED,region-01921,web
ORD-P001922,CUST-1922,2026-10-05 12:00:00,29.21,EUR,CREATED,region-01922,web
ORD-P001923,CUST-1923,2026-10-05 12:00:00,29.22,EUR,CREATED,region-01923,web
ORD-P001924,CUST-1924,2026-10-05 12:00:00,29.23,EUR,CREATED,region-01924,web
ORD-P001925,CUST-1925,2026-10-05 12:00:00,29.24,EUR,CREATED,region-01925,web
ORD-P001926,CUST-1926,2026-10-05 12:00:00,29.25,EUR,CREATED,region-01926,web
ORD-P001927,CUST-1927,2026-10-05 12:00:00,29.26,EUR,CREATED,region-01927,web
ORD-P001928,CUST-1928,2026-10-05 12:00:00,29.27,EUR,CREATED,region-01928,web
ORD-P001929,CUST-1929,2026-10-05 12:00:00,29.28,EUR,CREATED,region-01929,web
ORD-P001930,CUST-1930,2026-10-05 12:00:00,29.29,EUR,CREATED,region-01930,web
ORD-P001931,CUST-1931,2026-10-05 12:00:00,29.30,EUR,CREATED,region-01931,web
ORD-P001932,CUST-1932,2026-10-05 12:00:00,29.31,EUR,CREATED,region-01932,web
ORD-P001933,CUST-1933,2026-10-05 12:00:00,29.32,EUR,CREATED,region-01933,web
ORD-P001934,CUST-1934,2026-10-05 12:00:00,29.33,EUR,CREATED,region-01934,web
ORD-P001935,CUST-1935,2026-10-05 12:00:00,29.34,EUR,CREATED,region-01935,web
ORD-P001936,CUST-1936,2026-10-05 12:00:00,29.35,EUR,CREATED,region-01936,web
ORD-P001937,CUST-1937,2026-10-05 12:00:00,29.36,EUR,CREATED,region-01937,web
ORD-P001938,CUST-1938,2026-10-05 12:00:00,29.37,EUR,CREATED,region-01938,web
ORD-P001939,CUST-1939,2026-10-05 12:00:00,29.38,EUR,CREATED,region-01939,web
ORD-P001940,CUST-1940,2026-10-05 12:00:00,29.39,EUR,CREATED,region-01940,web
ORD-P001941,CUST-1941,2026-10-05 12:00:00,29.40,EUR,CREATED,region-01941,web
ORD-P001942,CUST-1942,2026-10-05 12:00:00,29.41,EUR,CREATED,region-01942,web
ORD-P001943,CUST-1943,2026-10-05 12:00:00,29.42,EUR,CREATED,region-01943,web
ORD-P001944,CUST-1944,2026-10-05 12:00:00,29.43,EUR,CREATED,region-01944,web
ORD-P001945,CUST-1945,2026-10-05 12:00:00,29.44,EUR,CREATED,region-01945,web
ORD-P001946,CUST-1946,2026-10-05 12:00:00,29.45,EUR,CREATED,region-01946,web
ORD-P001947,CUST-1947,2026-10-05 12:00:00,29.46,EUR,CREATED,region-01947,web
ORD-P001948,CUST-1948,2026-10-05 12:00:00,29.47,EUR,CREATED,region-01948,web
ORD-P001949,CUST-1949,2026-10-05 12:00:00,29.48,EUR,CREATED,region-01949,web
ORD-P001950,CUST-1950,2026-10-05 12:00:00,29.49,EUR,CREATED,region-01950,web
ORD-P001951,CUST-1951,2026-10-05 12:00:00,29.50,EUR,CREATED,region-01951,web
ORD-P001952,CUST-1952,2026-10-05 12:00:00,29.51,EUR,CREATED,region-01952,web
ORD-P001953,CUST-1953,2026-10-05 12:00:00,29.52,EUR,CREATED,region-01953,web
ORD-P001954,CUST-1954,2026-10-05 12:00:00,29.53,EUR,CREATED,region-01954,web
ORD-P001955,CUST-1955,2026-10-05 12:00:00,29.54,EUR,CREATED,region-01955,web
ORD-P001956,CUST-1956,2026-10-05 12:00:00,29.55,EUR,CREATED,region-01956,web
ORD-P001957,CUST-1957,2026-10-05 12:00:00,29.56,EUR,CREATED,region-01957,web
ORD-P001958,CUST-1958,2026-10-05 12:00:00,29.57,EUR,CREATED,region-01958,web
ORD-P001959,CUST-1959,2026-10-05 12:00:00,29.58,EUR,CREATED,region-01959,web
ORD-P001960,CUST-1960,2026-10-05 12:00:00,29.59,EUR,CREATED,region-01960,web
ORD-P001961,CUST-1961,2026-10-05 12:00:00,29.60,EUR,CREATED,region-01961,web
ORD-P001962,CUST-1962,2026-10-05 12:00:00,29.61,EUR,CREATED,region-01962,web
ORD-P001963,CUST-1963,2026-10-05 12:00:00,29.62,EUR,CREATED,region-01963,web
ORD-P001964,CUST-1964,2026-10-05 12:00:00,29.63,EUR,CREATED,region-01964,web
ORD-P001965,CUST-1965,2026-10-05 12:00:00,29.64,EUR,CREATED,region-01965,web
ORD-P001966,CUST-1966,2026-10-05 12:00:00,29.65,EUR,CREATED,region-01966,web
ORD-P001967,CUST-1967,2026-10-05 12:00:00,29.66,EUR,CREATED,region-01967,web
ORD-P001968,CUST-1968,2026-10-05 12:00:00,29.67,EUR,CREATED,region-01968,web
ORD-P001969,CUST-1969,2026-10-05 12:00:00,29.68,EUR,CREATED,region-01969,web
ORD-P001970,CUST-1970,2026-10-05 12:00:00,29.69,EUR,CREATED,region-01970,web
ORD-P001971,CUST-1971,2026-10-05 12:00:00,29.70,EUR,CREATED,region-01971,web
ORD-P001972,CUST-1972,2026-10-05 12:00:00,29.71,EUR,CREATED,region-01972,web
ORD-P001973,CUST-1973,2026-10-05 12:00:00,29.72,EUR,CREATED,region-01973,web
ORD-P001974,CUST-1974,2026-10-05 12:00:00,29.73,EUR,CREATED,region-01974,web
ORD-P001975,CUST-1975,2026-10-05 12:00:00,29.74,EUR,CREATED,region-01975,web
ORD-P001976,CUST-1976,2026-10-05 12:00:00,29.75,EUR,CREATED,region-01976,web
ORD-P001977,CUST-1977,2026-10-05 12:00:00,29.76,EUR,CREATED,region-01977,web
ORD-P001978,CUST-1978,2026-10-05 12:00:00,29.77,EUR,CREATED,region-01978,web
ORD-P001979,CUST-1979,2026-10-05 12:00:00,29.78,EUR,CREATED,region-01979,web
ORD-P001980,CUST-1980,2026-10-05 12:00:00,29.79,EUR,CREATED,region-01980,web
ORD-P001981,CUST-1981,2026-10-05 12:00:00,29.80,EUR,CREATED,region-01981,web
ORD-P001982,CUST-1982,2026-10-05 12:00:00,29.81,EUR,CREATED,region-01982,web
ORD-P001983,CUST-1983,2026-10-05 12:00:00,29.82,EUR,CREATED,region-01983,web
ORD-P001984,CUST-1984,2026-10-05 12:00:00,29.83,EUR,CREATED,region-01984,web
ORD-P001985,CUST-1985,2026-10-05 12:00:00,29.84,EUR,CREATED,region-01985,web
ORD-P001986,CUST-1986,2026-10-05 12:00:00,29.85,EUR,CREATED,region-01986,web
ORD-P001987,CUST-1987,2026-10-05 12:00:00,29.86,EUR,CREATED,region-01987,web
ORD-P001988,CUST-1988,2026-10-05 12:00:00,29.87,EUR,CREATED,region-01988,web
ORD-P001989,CUST-1989,2026-10-05 12:00:00,29.88,EUR,CREATED,region-01989,web
ORD-P001990,CUST-1990,2026-10-05 12:00:00,29.89,EUR,CREATED,region-01990,web
ORD-P001991,CUST-1991,2026-10-05 12:00:00,29.90,EUR,CREATED,region-01991,web
ORD-P001992,CUST-1992,2026-10-05 12:00:00,29.91,EUR,CREATED,region-01992,web
ORD-P001993,CUST-1993,2026-10-05 12:00:00,29.92,EUR,CREATED,region-01993,web
ORD-P001994,CUST-1994,2026-10-05 12:00:00,29.93,EUR,CREATED,region-01994,web
ORD-P001995,CUST-1995,2026-10-05 12:00:00,29.94,EUR,CREATED,region-01995,web
ORD-P001996,CUST-1996,2026-10-05 12:00:00,29.95,EUR,CREATED,region-01996,web
ORD-P001997,CUST-1997,2026-10-05 12:00:00,29.96,EUR,CREATED,region-01997,web
ORD-P001998,CUST-1998,2026-10-05 12:00:00,29.97,EUR,CREATED,region-01998,web
ORD-P001999,CUST-1999,2026-10-05 12:00:00,29.98,EUR,CREATED,region-01999,web
ORD-P002000,CUST-2000,2026-10-05 12:00:00,29.99,EUR,CREATED,region-02000,web
ORD-P002001,CUST-0001,2026-10-05 12:00:00,30.00,EUR,CREATED,region-02001,web
ORD-P002002,CUST-0002,2026-10-05 12:00:00,30.01,EUR,CREATED,region-02002,web
ORD-P002003,CUST-0003,2026-10-05 12:00:00,30.02,EUR,CREATED,region-02003,web
ORD-P002004,CUST-0004,2026-10-05 12:00:00,30.03,EUR,CREATED,region-02004,web
ORD-P002005,CUST-0005,2026-10-05 12:00:00,30.04,EUR,CREATED,region-02005,web
ORD-P002006,CUST-0006,2026-10-05 12:00:00,30.05,EUR,CREATED,region-02006,web
ORD-P002007,CUST-0007,2026-10-05 12:00:00,30.06,EUR,CREATED,region-02007,web
ORD-P002008,CUST-0008,2026-10-05 12:00:00,30.07,EUR,CREATED,region-02008,web
ORD-P002009,CUST-0009,2026-10-05 12:00:00,30.08,EUR,CREATED,region-02009,web
ORD-P002010,CUST-0010,2026-10-05 12:00:00,30.09,EUR,CREATED,region-02010,web
ORD-P002011,CUST-0011,2026-10-05 12:00:00,30.10,EUR,CREATED,region-02011,web
ORD-P002012,CUST-0012,2026-10-05 12:00:00,30.11,EUR,CREATED,region-02012,web
ORD-P002013,CUST-0013,2026-10-05 12:00:00,30.12,EUR,CREATED,region-02013,web
ORD-P002014,CUST-0014,2026-10-05 12:00:00,30.13,EUR,CREATED,region-02014,web
ORD-P002015,CUST-0015,2026-10-05 12:00:00,30.14,EUR,CREATED,region-02015,web
ORD-P002016,CUST-0016,2026-10-05 12:00:00,30.15,EUR,CREATED,region-02016,web
ORD-P002017,CUST-0017,2026-10-05 12:00:00,30.16,EUR,CREATED,region-02017,web
ORD-P002018,CUST-0018,2026-10-05 12:00:00,30.17,EUR,CREATED,region-02018,web
ORD-P002019,CUST-0019,2026-10-05 12:00:00,30.18,EUR,CREATED,region-02019,web
ORD-P002020,CUST-0020,2026-10-05 12:00:00,30.19,EUR,CREATED,region-02020,web
ORD-P002021,CUST-0021,2026-10-05 12:00:00,30.20,EUR,CREATED,region-02021,web
ORD-P002022,CUST-0022,2026-10-05 12:00:00,30.21,EUR,CREATED,region-02022,web
ORD-P002023,CUST-0023,2026-10-05 12:00:00,30.22,EUR,CREATED,region-02023,web
ORD-P002024,CUST-0024,2026-10-05 12:00:00,30.23,EUR,CREATED,region-02024,web
ORD-P002025,CUST-0025,2026-10-05 12:00:00,30.24,EUR,CREATED,region-02025,web
ORD-P002026,CUST-0026,2026-10-05 12:00:00,30.25,EUR,CREATED,region-02026,web
ORD-P002027,CUST-0027,2026-10-05 12:00:00,30.26,EUR,CREATED,region-02027,web
ORD-P002028,CUST-0028,2026-10-05 12:00:00,30.27,EUR,CREATED,region-02028,web
ORD-P002029,CUST-0029,2026-10-05 12:00:00,30.28,EUR,CREATED,region-02029,web
ORD-P002030,CUST-0030,2026-10-05 12:00:00,30.29,EUR,CREATED,region-02030,web
ORD-P002031,CUST-0031,2026-10-05 12:00:00,30.30,EUR,CREATED,region-02031,web
ORD-P002032,CUST-0032,2026-10-05 12:00:00,30.31,EUR,CREATED,region-02032,web
ORD-P002033,CUST-0033,2026-10-05 12:00:00,30.32,EUR,CREATED,region-02033,web
ORD-P002034,CUST-0034,2026-10-05 12:00:00,30.33,EUR,CREATED,region-02034,web
ORD-P002035,CUST-0035,2026-10-05 12:00:00,30.34,EUR,CREATED,region-02035,web
ORD-P002036,CUST-0036,2026-10-05 12:00:00,30.35,EUR,CREATED,region-02036,web
ORD-P002037,CUST-0037,2026-10-05 12:00:00,30.36,EUR,CREATED,region-02037,web
ORD-P002038,CUST-0038,2026-10-05 12:00:00,30.37,EUR,CREATED,region-02038,web
ORD-P002039,CUST-0039,2026-10-05 12:00:00,30.38,EUR,CREATED,region-02039,web
ORD-P002040,CUST-0040,2026-10-05 12:00:00,30.39,EUR,CREATED,region-02040,web
ORD-P002041,CUST-0041,2026-10-05 12:00:00,30.40,EUR,CREATED,region-02041,web
ORD-P002042,CUST-0042,2026-10-05 12:00:00,30.41,EUR,CREATED,region-02042,web
ORD-P002043,CUST-0043,2026-10-05 12:00:00,30.42,EUR,CREATED,region-02043,web
ORD-P002044,CUST-0044,2026-10-05 12:00:00,30.43,EUR,CREATED,region-02044,web
ORD-P002045,CUST-0045,2026-10-05 12:00:00,30.44,EUR,CREATED,region-02045,web
ORD-P002046,CUST-0046,2026-10-05 12:00:00,30.45,EUR,CREATED,region-02046,web
ORD-P002047,CUST-0047,2026-10-05 12:00:00,30.46,EUR,CREATED,region-02047,web
ORD-P002048,CUST-0048,2026-10-05 12:00:00,30.47,EUR,CREATED,region-02048,web
ORD-P002049,CUST-0049,2026-10-05 12:00:00,30.48,EUR,CREATED,region-02049,web
ORD-P002050,CUST-0050,2026-10-05 12:00:00,30.49,EUR,CREATED,region-02050,web
ORD-P002051,CUST-0051,2026-10-05 12:00:00,30.50,EUR,CREATED,region-02051,web
ORD-P002052,CUST-0052,2026-10-05 12:00:00,30.51,EUR,CREATED,region-02052,web
ORD-P002053,CUST-0053,2026-10-05 12:00:00,30.52,EUR,CREATED,region-02053,web
ORD-P002054,CUST-0054,2026-10-05 12:00:00,30.53,EUR,CREATED,region-02054,web
ORD-P002055,CUST-0055,2026-10-05 12:00:00,30.54,EUR,CREATED,region-02055,web
ORD-P002056,CUST-0056,2026-10-05 12:00:00,30.55,EUR,CREATED,region-02056,web
ORD-P002057,CUST-0057,2026-10-05 12:00:00,30.56,EUR,CREATED,region-02057,web
ORD-P002058,CUST-0058,2026-10-05 12:00:00,30.57,EUR,CREATED,region-02058,web
ORD-P002059,CUST-0059,2026-10-05 12:00:00,30.58,EUR,CREATED,region-02059,web
ORD-P002060,CUST-0060,2026-10-05 12:00:00,30.59,EUR,CREATED,region-02060,web
ORD-P002061,CUST-0061,2026-10-05 12:00:00,30.60,EUR,CREATED,region-02061,web
ORD-P002062,CUST-0062,2026-10-05 12:00:00,30.61,EUR,CREATED,region-02062,web
ORD-P002063,CUST-0063,2026-10-05 12:00:00,30.62,EUR,CREATED,region-02063,web
ORD-P002064,CUST-0064,2026-10-05 12:00:00,30.63,EUR,CREATED,region-02064,web
ORD-P002065,CUST-0065,2026-10-05 12:00:00,30.64,EUR,CREATED,region-02065,web
ORD-P002066,CUST-0066,2026-10-05 12:00:00,30.65,EUR,CREATED,region-02066,web
ORD-P002067,CUST-0067,2026-10-05 12:00:00,30.66,EUR,CREATED,region-02067,web
ORD-P002068,CUST-0068,2026-10-05 12:00:00,30.67,EUR,CREATED,region-02068,web
ORD-P002069,CUST-0069,2026-10-05 12:00:00,30.68,EUR,CREATED,region-02069,web
ORD-P002070,CUST-0070,2026-10-05 12:00:00,30.69,EUR,CREATED,region-02070,web
ORD-P002071,CUST-0071,2026-10-05 12:00:00,30.70,EUR,CREATED,region-02071,web
ORD-P002072,CUST-0072,2026-10-05 12:00:00,30.71,EUR,CREATED,region-02072,web
ORD-P002073,CUST-0073,2026-10-05 12:00:00,30.72,EUR,CREATED,region-02073,web
ORD-P002074,CUST-0074,2026-10-05 12:00:00,30.73,EUR,CREATED,region-02074,web
ORD-P002075,CUST-0075,2026-10-05 12:00:00,30.74,EUR,CREATED,region-02075,web
ORD-P002076,CUST-0076,2026-10-05 12:00:00,30.75,EUR,CREATED,region-02076,web
ORD-P002077,CUST-0077,2026-10-05 12:00:00,30.76,EUR,CREATED,region-02077,web
ORD-P002078,CUST-0078,2026-10-05 12:00:00,30.77,EUR,CREATED,region-02078,web
ORD-P002079,CUST-0079,2026-10-05 12:00:00,30.78,EUR,CREATED,region-02079,web
ORD-P002080,CUST-0080,2026-10-05 12:00:00,30.79,EUR,CREATED,region-02080,web
ORD-P002081,CUST-0081,2026-10-05 12:00:00,30.80,EUR,CREATED,region-02081,web
ORD-P002082,CUST-0082,2026-10-05 12:00:00,30.81,EUR,CREATED,region-02082,web
ORD-P002083,CUST-0083,2026-10-05 12:00:00,30.82,EUR,CREATED,region-02083,web
ORD-P002084,CUST-0084,2026-10-05 12:00:00,30.83,EUR,CREATED,region-02084,web
ORD-P002085,CUST-0085,2026-10-05 12:00:00,30.84,EUR,CREATED,region-02085,web
ORD-P002086,CUST-0086,2026-10-05 12:00:00,30.85,EUR,CREATED,region-02086,web
ORD-P002087,CUST-0087,2026-10-05 12:00:00,30.86,EUR,CREATED,region-02087,web
ORD-P002088,CUST-0088,2026-10-05 12:00:00,30.87,EUR,CREATED,region-02088,web
ORD-P002089,CUST-0089,2026-10-05 12:00:00,30.88,EUR,CREATED,region-02089,web
ORD-P002090,CUST-0090,2026-10-05 12:00:00,30.89,EUR,CREATED,region-02090,web
ORD-P002091,CUST-0091,2026-10-05 12:00:00,30.90,EUR,CREATED,region-02091,web
ORD-P002092,CUST-0092,2026-10-05 12:00:00,30.91,EUR,CREATED,region-02092,web
ORD-P002093,CUST-0093,2026-10-05 12:00:00,30.92,EUR,CREATED,region-02093,web
ORD-P002094,CUST-0094,2026-10-05 12:00:00,30.93,EUR,CREATED,region-02094,web
ORD-P002095,CUST-0095,2026-10-05 12:00:00,30.94,EUR,CREATED,region-02095,web
ORD-P002096,CUST-0096,2026-10-05 12:00:00,30.95,EUR,CREATED,region-02096,web
ORD-P002097,CUST-0097,2026-10-05 12:00:00,30.96,EUR,CREATED,region-02097,web
ORD-P002098,CUST-0098,2026-10-05 12:00:00,30.97,EUR,CREATED,region-02098,web
ORD-P002099,CUST-0099,2026-10-05 12:00:00,30.98,EUR,CREATED,region-02099,web
ORD-P002100,CUST-0100,2026-10-05 12:00:00,30.99,EUR,CREATED,region-02100,web
ORD-P002101,CUST-0101,2026-10-05 12:00:00,31.00,EUR,CREATED,region-02101,web
ORD-P002102,CUST-0102,2026-10-05 12:00:00,31.01,EUR,CREATED,region-02102,web
ORD-P002103,CUST-0103,2026-10-05 12:00:00,31.02,EUR,CREATED,region-02103,web
ORD-P002104,CUST-0104,2026-10-05 12:00:00,31.03,EUR,CREATED,region-02104,web
ORD-P002105,CUST-0105,2026-10-05 12:00:00,31.04,EUR,CREATED,region-02105,web
ORD-P002106,CUST-0106,2026-10-05 12:00:00,31.05,EUR,CREATED,region-02106,web
ORD-P002107,CUST-0107,2026-10-05 12:00:00,31.06,EUR,CREATED,region-02107,web
ORD-P002108,CUST-0108,2026-10-05 12:00:00,31.07,EUR,CREATED,region-02108,web
ORD-P002109,CUST-0109,2026-10-05 12:00:00,31.08,EUR,CREATED,region-02109,web
ORD-P002110,CUST-0110,2026-10-05 12:00:00,31.09,EUR,CREATED,region-02110,web
ORD-P002111,CUST-0111,2026-10-05 12:00:00,31.10,EUR,CREATED,region-02111,web
ORD-P002112,CUST-0112,2026-10-05 12:00:00,31.11,EUR,CREATED,region-02112,web
ORD-P002113,CUST-0113,2026-10-05 12:00:00,31.12,EUR,CREATED,region-02113,web
ORD-P002114,CUST-0114,2026-10-05 12:00:00,31.13,EUR,CREATED,region-02114,web
ORD-P002115,CUST-0115,2026-10-05 12:00:00,31.14,EUR,CREATED,region-02115,web
ORD-P002116,CUST-0116,2026-10-05 12:00:00,31.15,EUR,CREATED,region-02116,web
ORD-P002117,CUST-0117,2026-10-05 12:00:00,31.16,EUR,CREATED,region-02117,web
ORD-P002118,CUST-0118,2026-10-05 12:00:00,31.17,EUR,CREATED,region-02118,web
ORD-P002119,CUST-0119,2026-10-05 12:00:00,31.18,EUR,CREATED,region-02119,web
ORD-P002120,CUST-0120,2026-10-05 12:00:00,31.19,EUR,CREATED,region-02120,web
ORD-P002121,CUST-0121,2026-10-05 12:00:00,31.20,EUR,CREATED,region-02121,web
ORD-P002122,CUST-0122,2026-10-05 12:00:00,31.21,EUR,CREATED,region-02122,web
ORD-P002123,CUST-0123,2026-10-05 12:00:00,31.22,EUR,CREATED,region-02123,web
ORD-P002124,CUST-0124,2026-10-05 12:00:00,31.23,EUR,CREATED,region-02124,web
ORD-P002125,CUST-0125,2026-10-05 12:00:00,31.24,EUR,CREATED,region-02125,web
ORD-P002126,CUST-0126,2026-10-05 12:00:00,31.25,EUR,CREATED,region-02126,web
ORD-P002127,CUST-0127,2026-10-05 12:00:00,31.26,EUR,CREATED,region-02127,web
ORD-P002128,CUST-0128,2026-10-05 12:00:00,31.27,EUR,CREATED,region-02128,web
ORD-P002129,CUST-0129,2026-10-05 12:00:00,31.28,EUR,CREATED,region-02129,web
ORD-P002130,CUST-0130,2026-10-05 12:00:00,31.29,EUR,CREATED,region-02130,web
ORD-P002131,CUST-0131,2026-10-05 12:00:00,31.30,EUR,CREATED,region-02131,web
ORD-P002132,CUST-0132,2026-10-05 12:00:00,31.31,EUR,CREATED,region-02132,web
ORD-P002133,CUST-0133,2026-10-05 12:00:00,31.32,EUR,CREATED,region-02133,web
ORD-P002134,CUST-0134,2026-10-05 12:00:00,31.33,EUR,CREATED,region-02134,web
ORD-P002135,CUST-0135,2026-10-05 12:00:00,31.34,EUR,CREATED,region-02135,web
ORD-P002136,CUST-0136,2026-10-05 12:00:00,31.35,EUR,CREATED,region-02136,web
ORD-P002137,CUST-0137,2026-10-05 12:00:00,31.36,EUR,CREATED,region-02137,web
ORD-P002138,CUST-0138,2026-10-05 12:00:00,31.37,EUR,CREATED,region-02138,web
ORD-P002139,CUST-0139,2026-10-05 12:00:00,31.38,EUR,CREATED,region-02139,web
ORD-P002140,CUST-0140,2026-10-05 12:00:00,31.39,EUR,CREATED,region-02140,web
ORD-P002141,CUST-0141,2026-10-05 12:00:00,31.40,EUR,CREATED,region-02141,web
ORD-P002142,CUST-0142,2026-10-05 12:00:00,31.41,EUR,CREATED,region-02142,web
ORD-P002143,CUST-0143,2026-10-05 12:00:00,31.42,EUR,CREATED,region-02143,web
ORD-P002144,CUST-0144,2026-10-05 12:00:00,31.43,EUR,CREATED,region-02144,web
ORD-P002145,CUST-0145,2026-10-05 12:00:00,31.44,EUR,CREATED,region-02145,web
ORD-P002146,CUST-0146,2026-10-05 12:00:00,31.45,EUR,CREATED,region-02146,web
ORD-P002147,CUST-0147,2026-10-05 12:00:00,31.46,EUR,CREATED,region-02147,web
ORD-P002148,CUST-0148,2026-10-05 12:00:00,31.47,EUR,CREATED,region-02148,web
ORD-P002149,CUST-0149,2026-10-05 12:00:00,31.48,EUR,CREATED,region-02149,web
ORD-P002150,CUST-0150,2026-10-05 12:00:00,31.49,EUR,CREATED,region-02150,web
ORD-P002151,CUST-0151,2026-10-05 12:00:00,31.50,EUR,CREATED,region-02151,web
ORD-P002152,CUST-0152,2026-10-05 12:00:00,31.51,EUR,CREATED,region-02152,web
ORD-P002153,CUST-0153,2026-10-05 12:00:00,31.52,EUR,CREATED,region-02153,web
ORD-P002154,CUST-0154,2026-10-05 12:00:00,31.53,EUR,CREATED,region-02154,web
ORD-P002155,CUST-0155,2026-10-05 12:00:00,31.54,EUR,CREATED,region-02155,web
ORD-P002156,CUST-0156,2026-10-05 12:00:00,31.55,EUR,CREATED,region-02156,web
ORD-P002157,CUST-0157,2026-10-05 12:00:00,31.56,EUR,CREATED,region-02157,web
ORD-P002158,CUST-0158,2026-10-05 12:00:00,31.57,EUR,CREATED,region-02158,web
ORD-P002159,CUST-0159,2026-10-05 12:00:00,31.58,EUR,CREATED,region-02159,web
ORD-P002160,CUST-0160,2026-10-05 12:00:00,31.59,EUR,CREATED,region-02160,web
ORD-P002161,CUST-0161,2026-10-05 12:00:00,31.60,EUR,CREATED,region-02161,web
ORD-P002162,CUST-0162,2026-10-05 12:00:00,31.61,EUR,CREATED,region-02162,web
ORD-P002163,CUST-0163,2026-10-05 12:00:00,31.62,EUR,CREATED,region-02163,web
ORD-P002164,CUST-0164,2026-10-05 12:00:00,31.63,EUR,CREATED,region-02164,web
ORD-P002165,CUST-0165,2026-10-05 12:00:00,31.64,EUR,CREATED,region-02165,web
ORD-P002166,CUST-0166,2026-10-05 12:00:00,31.65,EUR,CREATED,region-02166,web
ORD-P002167,CUST-0167,2026-10-05 12:00:00,31.66,EUR,CREATED,region-02167,web
ORD-P002168,CUST-0168,2026-10-05 12:00:00,31.67,EUR,CREATED,region-02168,web
ORD-P002169,CUST-0169,2026-10-05 12:00:00,31.68,EUR,CREATED,region-02169,web
ORD-P002170,CUST-0170,2026-10-05 12:00:00,31.69,EUR,CREATED,region-02170,web
ORD-P002171,CUST-0171,2026-10-05 12:00:00,31.70,EUR,CREATED,region-02171,web
ORD-P002172,CUST-0172,2026-10-05 12:00:00,31.71,EUR,CREATED,region-02172,web
ORD-P002173,CUST-0173,2026-10-05 12:00:00,31.72,EUR,CREATED,region-02173,web
ORD-P002174,CUST-0174,2026-10-05 12:00:00,31.73,EUR,CREATED,region-02174,web
ORD-P002175,CUST-0175,2026-10-05 12:00:00,31.74,EUR,CREATED,region-02175,web
ORD-P002176,CUST-0176,2026-10-05 12:00:00,31.75,EUR,CREATED,region-02176,web
ORD-P002177,CUST-0177,2026-10-05 12:00:00,31.76,EUR,CREATED,region-02177,web
ORD-P002178,CUST-0178,2026-10-05 12:00:00,31.77,EUR,CREATED,region-02178,web
ORD-P002179,CUST-0179,2026-10-05 12:00:00,31.78,EUR,CREATED,region-02179,web
ORD-P002180,CUST-0180,2026-10-05 12:00:00,31.79,EUR,CREATED,region-02180,web
ORD-P002181,CUST-0181,2026-10-05 12:00:00,31.80,EUR,CREATED,region-02181,web
ORD-P002182,CUST-0182,2026-10-05 12:00:00,31.81,EUR,CREATED,region-02182,web
ORD-P002183,CUST-0183,2026-10-05 12:00:00,31.82,EUR,CREATED,region-02183,web
ORD-P002184,CUST-0184,2026-10-05 12:00:00,31.83,EUR,CREATED,region-02184,web
ORD-P002185,CUST-0185,2026-10-05 12:00:00,31.84,EUR,CREATED,region-02185,web
ORD-P002186,CUST-0186,2026-10-05 12:00:00,31.85,EUR,CREATED,region-02186,web
ORD-P002187,CUST-0187,2026-10-05 12:00:00,31.86,EUR,CREATED,region-02187,web
ORD-P002188,CUST-0188,2026-10-05 12:00:00,31.87,EUR,CREATED,region-02188,web
ORD-P002189,CUST-0189,2026-10-05 12:00:00,31.88,EUR,CREATED,region-02189,web
ORD-P002190,CUST-0190,2026-10-05 12:00:00,31.89,EUR,CREATED,region-02190,web
ORD-P002191,CUST-0191,2026-10-05 12:00:00,31.90,EUR,CREATED,region-02191,web
ORD-P002192,CUST-0192,2026-10-05 12:00:00,31.91,EUR,CREATED,region-02192,web
ORD-P002193,CUST-0193,2026-10-05 12:00:00,31.92,EUR,CREATED,region-02193,web
ORD-P002194,CUST-0194,2026-10-05 12:00:00,31.93,EUR,CREATED,region-02194,web
ORD-P002195,CUST-0195,2026-10-05 12:00:00,31.94,EUR,CREATED,region-02195,web
ORD-P002196,CUST-0196,2026-10-05 12:00:00,31.95,EUR,CREATED,region-02196,web
ORD-P002197,CUST-0197,2026-10-05 12:00:00,31.96,EUR,CREATED,region-02197,web
ORD-P002198,CUST-0198,2026-10-05 12:00:00,31.97,EUR,CREATED,region-02198,web
ORD-P002199,CUST-0199,2026-10-05 12:00:00,31.98,EUR,CREATED,region-02199,web
ORD-P002200,CUST-0200,2026-10-05 12:00:00,31.99,EUR,CREATED,region-02200,web
ORD-P002201,CUST-0201,2026-10-05 12:00:00,32.00,EUR,CREATED,region-02201,web
ORD-P002202,CUST-0202,2026-10-05 12:00:00,32.01,EUR,CREATED,region-02202,web
ORD-P002203,CUST-0203,2026-10-05 12:00:00,32.02,EUR,CREATED,region-02203,web
ORD-P002204,CUST-0204,2026-10-05 12:00:00,32.03,EUR,CREATED,region-02204,web
ORD-P002205,CUST-0205,2026-10-05 12:00:00,32.04,EUR,CREATED,region-02205,web
ORD-P002206,CUST-0206,2026-10-05 12:00:00,32.05,EUR,CREATED,region-02206,web
ORD-P002207,CUST-0207,2026-10-05 12:00:00,32.06,EUR,CREATED,region-02207,web
ORD-P002208,CUST-0208,2026-10-05 12:00:00,32.07,EUR,CREATED,region-02208,web
ORD-P002209,CUST-0209,2026-10-05 12:00:00,32.08,EUR,CREATED,region-02209,web
ORD-P002210,CUST-0210,2026-10-05 12:00:00,32.09,EUR,CREATED,region-02210,web
ORD-P002211,CUST-0211,2026-10-05 12:00:00,32.10,EUR,CREATED,region-02211,web
ORD-P002212,CUST-0212,2026-10-05 12:00:00,32.11,EUR,CREATED,region-02212,web
ORD-P002213,CUST-0213,2026-10-05 12:00:00,32.12,EUR,CREATED,region-02213,web
ORD-P002214,CUST-0214,2026-10-05 12:00:00,32.13,EUR,CREATED,region-02214,web
ORD-P002215,CUST-0215,2026-10-05 12:00:00,32.14,EUR,CREATED,region-02215,web
ORD-P002216,CUST-0216,2026-10-05 12:00:00,32.15,EUR,CREATED,region-02216,web
ORD-P002217,CUST-0217,2026-10-05 12:00:00,32.16,EUR,CREATED,region-02217,web
ORD-P002218,CUST-0218,2026-10-05 12:00:00,32.17,EUR,CREATED,region-02218,web
ORD-P002219,CUST-0219,2026-10-05 12:00:00,32.18,EUR,CREATED,region-02219,web
ORD-P002220,CUST-0220,2026-10-05 12:00:00,32.19,EUR,CREATED,region-02220,web
ORD-P002221,CUST-0221,2026-10-05 12:00:00,32.20,EUR,CREATED,region-02221,web
ORD-P002222,CUST-0222,2026-10-05 12:00:00,32.21,EUR,CREATED,region-02222,web
ORD-P002223,CUST-0223,2026-10-05 12:00:00,32.22,EUR,CREATED,region-02223,web
ORD-P002224,CUST-0224,2026-10-05 12:00:00,32.23,EUR,CREATED,region-02224,web
ORD-P002225,CUST-0225,2026-10-05 12:00:00,32.24,EUR,CREATED,region-02225,web
ORD-P002226,CUST-0226,2026-10-05 12:00:00,32.25,EUR,CREATED,region-02226,web
ORD-P002227,CUST-0227,2026-10-05 12:00:00,32.26,EUR,CREATED,region-02227,web
ORD-P002228,CUST-0228,2026-10-05 12:00:00,32.27,EUR,CREATED,region-02228,web
ORD-P002229,CUST-0229,2026-10-05 12:00:00,32.28,EUR,CREATED,region-02229,web
ORD-P002230,CUST-0230,2026-10-05 12:00:00,32.29,EUR,CREATED,region-02230,web
ORD-P002231,CUST-0231,2026-10-05 12:00:00,32.30,EUR,CREATED,region-02231,web
ORD-P002232,CUST-0232,2026-10-05 12:00:00,32.31,EUR,CREATED,region-02232,web
ORD-P002233,CUST-0233,2026-10-05 12:00:00,32.32,EUR,CREATED,region-02233,web
ORD-P002234,CUST-0234,2026-10-05 12:00:00,32.33,EUR,CREATED,region-02234,web
ORD-P002235,CUST-0235,2026-10-05 12:00:00,32.34,EUR,CREATED,region-02235,web
ORD-P002236,CUST-0236,2026-10-05 12:00:00,32.35,EUR,CREATED,region-02236,web
ORD-P002237,CUST-0237,2026-10-05 12:00:00,32.36,EUR,CREATED,region-02237,web
ORD-P002238,CUST-0238,2026-10-05 12:00:00,32.37,EUR,CREATED,region-02238,web
ORD-P002239,CUST-0239,2026-10-05 12:00:00,32.38,EUR,CREATED,region-02239,web
ORD-P002240,CUST-0240,2026-10-05 12:00:00,32.39,EUR,CREATED,region-02240,web
ORD-P002241,CUST-0241,2026-10-05 12:00:00,32.40,EUR,CREATED,region-02241,web
ORD-P002242,CUST-0242,2026-10-05 12:00:00,32.41,EUR,CREATED,region-02242,web
ORD-P002243,CUST-0243,2026-10-05 12:00:00,32.42,EUR,CREATED,region-02243,web
ORD-P002244,CUST-0244,2026-10-05 12:00:00,32.43,EUR,CREATED,region-02244,web
ORD-P002245,CUST-0245,2026-10-05 12:00:00,32.44,EUR,CREATED,region-02245,web
ORD-P002246,CUST-0246,2026-10-05 12:00:00,32.45,EUR,CREATED,region-02246,web
ORD-P002247,CUST-0247,2026-10-05 12:00:00,32.46,EUR,CREATED,region-02247,web
ORD-P002248,CUST-0248,2026-10-05 12:00:00,32.47,EUR,CREATED,region-02248,web
ORD-P002249,CUST-0249,2026-10-05 12:00:00,32.48,EUR,CREATED,region-02249,web
ORD-P002250,CUST-0250,2026-10-05 12:00:00,32.49,EUR,CREATED,region-02250,web
ORD-P002251,CUST-0251,2026-10-05 12:00:00,32.50,EUR,CREATED,region-02251,web
ORD-P002252,CUST-0252,2026-10-05 12:00:00,32.51,EUR,CREATED,region-02252,web
ORD-P002253,CUST-0253,2026-10-05 12:00:00,32.52,EUR,CREATED,region-02253,web
ORD-P002254,CUST-0254,2026-10-05 12:00:00,32.53,EUR,CREATED,region-02254,web
ORD-P002255,CUST-0255,2026-10-05 12:00:00,32.54,EUR,CREATED,region-02255,web
ORD-P002256,CUST-0256,2026-10-05 12:00:00,32.55,EUR,CREATED,region-02256,web
ORD-P002257,CUST-0257,2026-10-05 12:00:00,32.56,EUR,CREATED,region-02257,web
ORD-P002258,CUST-0258,2026-10-05 12:00:00,32.57,EUR,CREATED,region-02258,web
ORD-P002259,CUST-0259,2026-10-05 12:00:00,32.58,EUR,CREATED,region-02259,web
ORD-P002260,CUST-0260,2026-10-05 12:00:00,32.59,EUR,CREATED,region-02260,web
ORD-P002261,CUST-0261,2026-10-05 12:00:00,32.60,EUR,CREATED,region-02261,web
ORD-P002262,CUST-0262,2026-10-05 12:00:00,32.61,EUR,CREATED,region-02262,web
ORD-P002263,CUST-0263,2026-10-05 12:00:00,32.62,EUR,CREATED,region-02263,web
ORD-P002264,CUST-0264,2026-10-05 12:00:00,32.63,EUR,CREATED,region-02264,web
ORD-P002265,CUST-0265,2026-10-05 12:00:00,32.64,EUR,CREATED,region-02265,web
ORD-P002266,CUST-0266,2026-10-05 12:00:00,32.65,EUR,CREATED,region-02266,web
ORD-P002267,CUST-0267,2026-10-05 12:00:00,32.66,EUR,CREATED,region-02267,web
ORD-P002268,CUST-0268,2026-10-05 12:00:00,32.67,EUR,CREATED,region-02268,web
ORD-P002269,CUST-0269,2026-10-05 12:00:00,32.68,EUR,CREATED,region-02269,web
ORD-P002270,CUST-0270,2026-10-05 12:00:00,32.69,EUR,CREATED,region-02270,web
ORD-P002271,CUST-0271,2026-10-05 12:00:00,32.70,EUR,CREATED,region-02271,web
ORD-P002272,CUST-0272,2026-10-05 12:00:00,32.71,EUR,CREATED,region-02272,web
ORD-P002273,CUST-0273,2026-10-05 12:00:00,32.72,EUR,CREATED,region-02273,web
ORD-P002274,CUST-0274,2026-10-05 12:00:00,32.73,EUR,CREATED,region-02274,web
ORD-P002275,CUST-0275,2026-10-05 12:00:00,32.74,EUR,CREATED,region-02275,web
ORD-P002276,CUST-0276,2026-10-05 12:00:00,32.75,EUR,CREATED,region-02276,web
ORD-P002277,CUST-0277,2026-10-05 12:00:00,32.76,EUR,CREATED,region-02277,web
ORD-P002278,CUST-0278,2026-10-05 12:00:00,32.77,EUR,CREATED,region-02278,web
ORD-P002279,CUST-0279,2026-10-05 12:00:00,32.78,EUR,CREATED,region-02279,web
ORD-P002280,CUST-0280,2026-10-05 12:00:00,32.79,EUR,CREATED,region-02280,web
ORD-P002281,CUST-0281,2026-10-05 12:00:00,32.80,EUR,CREATED,region-02281,web
ORD-P002282,CUST-0282,2026-10-05 12:00:00,32.81,EUR,CREATED,region-02282,web
ORD-P002283,CUST-0283,2026-10-05 12:00:00,32.82,EUR,CREATED,region-02283,web
ORD-P002284,CUST-0284,2026-10-05 12:00:00,32.83,EUR,CREATED,region-02284,web
ORD-P002285,CUST-0285,2026-10-05 12:00:00,32.84,EUR,CREATED,region-02285,web
ORD-P002286,CUST-0286,2026-10-05 12:00:00,32.85,EUR,CREATED,region-02286,web
ORD-P002287,CUST-0287,2026-10-05 12:00:00,32.86,EUR,CREATED,region-02287,web
ORD-P002288,CUST-0288,2026-10-05 12:00:00,32.87,EUR,CREATED,region-02288,web
ORD-P002289,CUST-0289,2026-10-05 12:00:00,32.88,EUR,CREATED,region-02289,web
ORD-P002290,CUST-0290,2026-10-05 12:00:00,32.89,EUR,CREATED,region-02290,web
ORD-P002291,CUST-0291,2026-10-05 12:00:00,32.90,EUR,CREATED,region-02291,web
ORD-P002292,CUST-0292,2026-10-05 12:00:00,32.91,EUR,CREATED,region-02292,web
ORD-P002293,CUST-0293,2026-10-05 12:00:00,32.92,EUR,CREATED,region-02293,web
ORD-P002294,CUST-0294,2026-10-05 12:00:00,32.93,EUR,CREATED,region-02294,web
ORD-P002295,CUST-0295,2026-10-05 12:00:00,32.94,EUR,CREATED,region-02295,web
ORD-P002296,CUST-0296,2026-10-05 12:00:00,32.95,EUR,CREATED,region-02296,web
ORD-P002297,CUST-0297,2026-10-05 12:00:00,32.96,EUR,CREATED,region-02297,web
ORD-P002298,CUST-0298,2026-10-05 12:00:00,32.97,EUR,CREATED,region-02298,web
ORD-P002299,CUST-0299,2026-10-05 12:00:00,32.98,EUR,CREATED,region-02299,web
ORD-P002300,CUST-0300,2026-10-05 12:00:00,32.99,EUR,CREATED,region-02300,web
ORD-P002301,CUST-0301,2026-10-05 12:00:00,33.00,EUR,CREATED,region-02301,web
ORD-P002302,CUST-0302,2026-10-05 12:00:00,33.01,EUR,CREATED,region-02302,web
ORD-P002303,CUST-0303,2026-10-05 12:00:00,33.02,EUR,CREATED,region-02303,web
ORD-P002304,CUST-0304,2026-10-05 12:00:00,33.03,EUR,CREATED,region-02304,web
ORD-P002305,CUST-0305,2026-10-05 12:00:00,33.04,EUR,CREATED,region-02305,web
ORD-P002306,CUST-0306,2026-10-05 12:00:00,33.05,EUR,CREATED,region-02306,web
ORD-P002307,CUST-0307,2026-10-05 12:00:00,33.06,EUR,CREATED,region-02307,web
ORD-P002308,CUST-0308,2026-10-05 12:00:00,33.07,EUR,CREATED,region-02308,web
ORD-P002309,CUST-0309,2026-10-05 12:00:00,33.08,EUR,CREATED,region-02309,web
ORD-P002310,CUST-0310,2026-10-05 12:00:00,33.09,EUR,CREATED,region-02310,web
ORD-P002311,CUST-0311,2026-10-05 12:00:00,33.10,EUR,CREATED,region-02311,web
ORD-P002312,CUST-0312,2026-10-05 12:00:00,33.11,EUR,CREATED,region-02312,web
ORD-P002313,CUST-0313,2026-10-05 12:00:00,33.12,EUR,CREATED,region-02313,web
ORD-P002314,CUST-0314,2026-10-05 12:00:00,33.13,EUR,CREATED,region-02314,web
ORD-P002315,CUST-0315,2026-10-05 12:00:00,33.14,EUR,CREATED,region-02315,web
ORD-P002316,CUST-0316,2026-10-05 12:00:00,33.15,EUR,CREATED,region-02316,web
ORD-P002317,CUST-0317,2026-10-05 12:00:00,33.16,EUR,CREATED,region-02317,web
ORD-P002318,CUST-0318,2026-10-05 12:00:00,33.17,EUR,CREATED,region-02318,web
ORD-P002319,CUST-0319,2026-10-05 12:00:00,33.18,EUR,CREATED,region-02319,web
ORD-P002320,CUST-0320,2026-10-05 12:00:00,33.19,EUR,CREATED,region-02320,web
ORD-P002321,CUST-0321,2026-10-05 12:00:00,33.20,EUR,CREATED,region-02321,web
ORD-P002322,CUST-0322,2026-10-05 12:00:00,33.21,EUR,CREATED,region-02322,web
ORD-P002323,CUST-0323,2026-10-05 12:00:00,33.22,EUR,CREATED,region-02323,web
ORD-P002324,CUST-0324,2026-10-05 12:00:00,33.23,EUR,CREATED,region-02324,web
ORD-P002325,CUST-0325,2026-10-05 12:00:00,33.24,EUR,CREATED,region-02325,web
ORD-P002326,CUST-0326,2026-10-05 12:00:00,33.25,EUR,CREATED,region-02326,web
ORD-P002327,CUST-0327,2026-10-05 12:00:00,33.26,EUR,CREATED,region-02327,web
ORD-P002328,CUST-0328,2026-10-05 12:00:00,33.27,EUR,CREATED,region-02328,web
ORD-P002329,CUST-0329,2026-10-05 12:00:00,33.28,EUR,CREATED,region-02329,web
ORD-P002330,CUST-0330,2026-10-05 12:00:00,33.29,EUR,CREATED,region-02330,web
ORD-P002331,CUST-0331,2026-10-05 12:00:00,33.30,EUR,CREATED,region-02331,web
ORD-P002332,CUST-0332,2026-10-05 12:00:00,33.31,EUR,CREATED,region-02332,web
ORD-P002333,CUST-0333,2026-10-05 12:00:00,33.32,EUR,CREATED,region-02333,web
ORD-P002334,CUST-0334,2026-10-05 12:00:00,33.33,EUR,CREATED,region-02334,web
ORD-P002335,CUST-0335,2026-10-05 12:00:00,33.34,EUR,CREATED,region-02335,web
ORD-P002336,CUST-0336,2026-10-05 12:00:00,33.35,EUR,CREATED,region-02336,web
ORD-P002337,CUST-0337,2026-10-05 12:00:00,33.36,EUR,CREATED,region-02337,web
ORD-P002338,CUST-0338,2026-10-05 12:00:00,33.37,EUR,CREATED,region-02338,web
ORD-P002339,CUST-0339,2026-10-05 12:00:00,33.38,EUR,CREATED,region-02339,web
ORD-P002340,CUST-0340,2026-10-05 12:00:00,33.39,EUR,CREATED,region-02340,web
ORD-P002341,CUST-0341,2026-10-05 12:00:00,33.40,EUR,CREATED,region-02341,web
ORD-P002342,CUST-0342,2026-10-05 12:00:00,33.41,EUR,CREATED,region-02342,web
ORD-P002343,CUST-0343,2026-10-05 12:00:00,33.42,EUR,CREATED,region-02343,web
ORD-P002344,CUST-0344,2026-10-05 12:00:00,33.43,EUR,CREATED,region-02344,web
ORD-P002345,CUST-0345,2026-10-05 12:00:00,33.44,EUR,CREATED,region-02345,web
ORD-P002346,CUST-0346,2026-10-05 12:00:00,33.45,EUR,CREATED,region-02346,web
ORD-P002347,CUST-0347,2026-10-05 12:00:00,33.46,EUR,CREATED,region-02347,web
ORD-P002348,CUST-0348,2026-10-05 12:00:00,33.47,EUR,CREATED,region-02348,web
ORD-P002349,CUST-0349,2026-10-05 12:00:00,33.48,EUR,CREATED,region-02349,web
ORD-P002350,CUST-0350,2026-10-05 12:00:00,33.49,EUR,CREATED,region-02350,web
ORD-P002351,CUST-0351,2026-10-05 12:00:00,33.50,EUR,CREATED,region-02351,web
ORD-P002352,CUST-0352,2026-10-05 12:00:00,33.51,EUR,CREATED,region-02352,web
ORD-P002353,CUST-0353,2026-10-05 12:00:00,33.52,EUR,CREATED,region-02353,web
ORD-P002354,CUST-0354,2026-10-05 12:00:00,33.53,EUR,CREATED,region-02354,web
ORD-P002355,CUST-0355,2026-10-05 12:00:00,33.54,EUR,CREATED,region-02355,web
ORD-P002356,CUST-0356,2026-10-05 12:00:00,33.55,EUR,CREATED,region-02356,web
ORD-P002357,CUST-0357,2026-10-05 12:00:00,33.56,EUR,CREATED,region-02357,web
ORD-P002358,CUST-0358,2026-10-05 12:00:00,33.57,EUR,CREATED,region-02358,web
ORD-P002359,CUST-0359,2026-10-05 12:00:00,33.58,EUR,CREATED,region-02359,web
ORD-P002360,CUST-0360,2026-10-05 12:00:00,33.59,EUR,CREATED,region-02360,web
ORD-P002361,CUST-0361,2026-10-05 12:00:00,33.60,EUR,CREATED,region-02361,web
ORD-P002362,CUST-0362,2026-10-05 12:00:00,33.61,EUR,CREATED,region-02362,web
ORD-P002363,CUST-0363,2026-10-05 12:00:00,33.62,EUR,CREATED,region-02363,web
ORD-P002364,CUST-0364,2026-10-05 12:00:00,33.63,EUR,CREATED,region-02364,web
ORD-P002365,CUST-0365,2026-10-05 12:00:00,33.64,EUR,CREATED,region-02365,web
ORD-P002366,CUST-0366,2026-10-05 12:00:00,33.65,EUR,CREATED,region-02366,web
ORD-P002367,CUST-0367,2026-10-05 12:00:00,33.66,EUR,CREATED,region-02367,web
ORD-P002368,CUST-0368,2026-10-05 12:00:00,33.67,EUR,CREATED,region-02368,web
ORD-P002369,CUST-0369,2026-10-05 12:00:00,33.68,EUR,CREATED,region-02369,web
ORD-P002370,CUST-0370,2026-10-05 12:00:00,33.69,EUR,CREATED,region-02370,web
ORD-P002371,CUST-0371,2026-10-05 12:00:00,33.70,EUR,CREATED,region-02371,web
ORD-P002372,CUST-0372,2026-10-05 12:00:00,33.71,EUR,CREATED,region-02372,web
ORD-P002373,CUST-0373,2026-10-05 12:00:00,33.72,EUR,CREATED,region-02373,web
ORD-P002374,CUST-0374,2026-10-05 12:00:00,33.73,EUR,CREATED,region-02374,web
ORD-P002375,CUST-0375,2026-10-05 12:00:00,33.74,EUR,CREATED,region-02375,web
ORD-P002376,CUST-0376,2026-10-05 12:00:00,33.75,EUR,CREATED,region-02376,web
ORD-P002377,CUST-0377,2026-10-05 12:00:00,33.76,EUR,CREATED,region-02377,web
ORD-P002378,CUST-0378,2026-10-05 12:00:00,33.77,EUR,CREATED,region-02378,web
ORD-P002379,CUST-0379,2026-10-05 12:00:00,33.78,EUR,CREATED,region-02379,web
ORD-P002380,CUST-0380,2026-10-05 12:00:00,33.79,EUR,CREATED,region-02380,web
ORD-P002381,CUST-0381,2026-10-05 12:00:00,33.80,EUR,CREATED,region-02381,web
ORD-P002382,CUST-0382,2026-10-05 12:00:00,33.81,EUR,CREATED,region-02382,web
ORD-P002383,CUST-0383,2026-10-05 12:00:00,33.82,EUR,CREATED,region-02383,web
ORD-P002384,CUST-0384,2026-10-05 12:00:00,33.83,EUR,CREATED,region-02384,web
ORD-P002385,CUST-0385,2026-10-05 12:00:00,33.84,EUR,CREATED,region-02385,web
ORD-P002386,CUST-0386,2026-10-05 12:00:00,33.85,EUR,CREATED,region-02386,web
ORD-P002387,CUST-0387,2026-10-05 12:00:00,33.86,EUR,CREATED,region-02387,web
ORD-P002388,CUST-0388,2026-10-05 12:00:00,33.87,EUR,CREATED,region-02388,web
ORD-P002389,CUST-0389,2026-10-05 12:00:00,33.88,EUR,CREATED,region-02389,web
ORD-P002390,CUST-0390,2026-10-05 12:00:00,33.89,EUR,CREATED,region-02390,web
ORD-P002391,CUST-0391,2026-10-05 12:00:00,33.90,EUR,CREATED,region-02391,web
ORD-P002392,CUST-0392,2026-10-05 12:00:00,33.91,EUR,CREATED,region-02392,web
ORD-P002393,CUST-0393,2026-10-05 12:00:00,33.92,EUR,CREATED,region-02393,web
ORD-P002394,CUST-0394,2026-10-05 12:00:00,33.93,EUR,CREATED,region-02394,web
ORD-P002395,CUST-0395,2026-10-05 12:00:00,33.94,EUR,CREATED,region-02395,web
ORD-P002396,CUST-0396,2026-10-05 12:00:00,33.95,EUR,CREATED,region-02396,web
ORD-P002397,CUST-0397,2026-10-05 12:00:00,33.96,EUR,CREATED,region-02397,web
ORD-P002398,CUST-0398,2026-10-05 12:00:00,33.97,EUR,CREATED,region-02398,web
ORD-P002399,CUST-0399,2026-10-05 12:00:00,33.98,EUR,CREATED,region-02399,web
ORD-P002400,CUST-0400,2026-10-05 12:00:00,33.99,EUR,CREATED,region-02400,web
ORD-P002401,CUST-0401,2026-10-05 12:00:00,34.00,EUR,CREATED,region-02401,web
ORD-P002402,CUST-0402,2026-10-05 12:00:00,34.01,EUR,CREATED,region-02402,web
ORD-P002403,CUST-0403,2026-10-05 12:00:00,34.02,EUR,CREATED,region-02403,web
ORD-P002404,CUST-0404,2026-10-05 12:00:00,34.03,EUR,CREATED,region-02404,web
ORD-P002405,CUST-0405,2026-10-05 12:00:00,34.04,EUR,CREATED,region-02405,web
ORD-P002406,CUST-0406,2026-10-05 12:00:00,34.05,EUR,CREATED,region-02406,web
ORD-P002407,CUST-0407,2026-10-05 12:00:00,34.06,EUR,CREATED,region-02407,web
ORD-P002408,CUST-0408,2026-10-05 12:00:00,34.07,EUR,CREATED,region-02408,web
ORD-P002409,CUST-0409,2026-10-05 12:00:00,34.08,EUR,CREATED,region-02409,web
ORD-P002410,CUST-0410,2026-10-05 12:00:00,34.09,EUR,CREATED,region-02410,web
ORD-P002411,CUST-0411,2026-10-05 12:00:00,34.10,EUR,CREATED,region-02411,web
ORD-P002412,CUST-0412,2026-10-05 12:00:00,34.11,EUR,CREATED,region-02412,web
ORD-P002413,CUST-0413,2026-10-05 12:00:00,34.12,EUR,CREATED,region-02413,web
ORD-P002414,CUST-0414,2026-10-05 12:00:00,34.13,EUR,CREATED,region-02414,web
ORD-P002415,CUST-0415,2026-10-05 12:00:00,34.14,EUR,CREATED,region-02415,web
ORD-P002416,CUST-0416,2026-10-05 12:00:00,34.15,EUR,CREATED,region-02416,web
ORD-P002417,CUST-0417,2026-10-05 12:00:00,34.16,EUR,CREATED,region-02417,web
ORD-P002418,CUST-0418,2026-10-05 12:00:00,34.17,EUR,CREATED,region-02418,web
ORD-P002419,CUST-0419,2026-10-05 12:00:00,34.18,EUR,CREATED,region-02419,web
ORD-P002420,CUST-0420,2026-10-05 12:00:00,34.19,EUR,CREATED,region-02420,web
ORD-P002421,CUST-0421,2026-10-05 12:00:00,34.20,EUR,CREATED,region-02421,web
ORD-P002422,CUST-0422,2026-10-05 12:00:00,34.21,EUR,CREATED,region-02422,web
ORD-P002423,CUST-0423,2026-10-05 12:00:00,34.22,EUR,CREATED,region-02423,web
ORD-P002424,CUST-0424,2026-10-05 12:00:00,34.23,EUR,CREATED,region-02424,web
ORD-P002425,CUST-0425,2026-10-05 12:00:00,34.24,EUR,CREATED,region-02425,web
ORD-P002426,CUST-0426,2026-10-05 12:00:00,34.25,EUR,CREATED,region-02426,web
ORD-P002427,CUST-0427,2026-10-05 12:00:00,34.26,EUR,CREATED,region-02427,web
ORD-P002428,CUST-0428,2026-10-05 12:00:00,34.27,EUR,CREATED,region-02428,web
ORD-P002429,CUST-0429,2026-10-05 12:00:00,34.28,EUR,CREATED,region-02429,web
ORD-P002430,CUST-0430,2026-10-05 12:00:00,34.29,EUR,CREATED,region-02430,web
ORD-P002431,CUST-0431,2026-10-05 12:00:00,34.30,EUR,CREATED,region-02431,web
ORD-P002432,CUST-0432,2026-10-05 12:00:00,34.31,EUR,CREATED,region-02432,web
ORD-P002433,CUST-0433,2026-10-05 12:00:00,34.32,EUR,CREATED,region-02433,web
ORD-P002434,CUST-0434,2026-10-05 12:00:00,34.33,EUR,CREATED,region-02434,web
ORD-P002435,CUST-0435,2026-10-05 12:00:00,34.34,EUR,CREATED,region-02435,web
ORD-P002436,CUST-0436,2026-10-05 12:00:00,34.35,EUR,CREATED,region-02436,web
ORD-P002437,CUST-0437,2026-10-05 12:00:00,34.36,EUR,CREATED,region-02437,web
ORD-P002438,CUST-0438,2026-10-05 12:00:00,34.37,EUR,CREATED,region-02438,web
ORD-P002439,CUST-0439,2026-10-05 12:00:00,34.38,EUR,CREATED,region-02439,web
ORD-P002440,CUST-0440,2026-10-05 12:00:00,34.39,EUR,CREATED,region-02440,web
ORD-P002441,CUST-0441,2026-10-05 12:00:00,34.40,EUR,CREATED,region-02441,web
ORD-P002442,CUST-0442,2026-10-05 12:00:00,34.41,EUR,CREATED,region-02442,web
ORD-P002443,CUST-0443,2026-10-05 12:00:00,34.42,EUR,CREATED,region-02443,web
ORD-P002444,CUST-0444,2026-10-05 12:00:00,34.43,EUR,CREATED,region-02444,web
ORD-P002445,CUST-0445,2026-10-05 12:00:00,34.44,EUR,CREATED,region-02445,web
ORD-P002446,CUST-0446,2026-10-05 12:00:00,34.45,EUR,CREATED,region-02446,web
ORD-P002447,CUST-0447,2026-10-05 12:00:00,34.46,EUR,CREATED,region-02447,web
ORD-P002448,CUST-0448,2026-10-05 12:00:00,34.47,EUR,CREATED,region-02448,web
ORD-P002449,CUST-0449,2026-10-05 12:00:00,34.48,EUR,CREATED,region-02449,web
ORD-P002450,CUST-0450,2026-10-05 12:00:00,34.49,EUR,CREATED,region-02450,web
ORD-P002451,CUST-0451,2026-10-05 12:00:00,34.50,EUR,CREATED,region-02451,web
ORD-P002452,CUST-0452,2026-10-05 12:00:00,34.51,EUR,CREATED,region-02452,web
ORD-P002453,CUST-0453,2026-10-05 12:00:00,34.52,EUR,CREATED,region-02453,web
ORD-P002454,CUST-0454,2026-10-05 12:00:00,34.53,EUR,CREATED,region-02454,web
ORD-P002455,CUST-0455,2026-10-05 12:00:00,34.54,EUR,CREATED,region-02455,web
ORD-P002456,CUST-0456,2026-10-05 12:00:00,34.55,EUR,CREATED,region-02456,web
ORD-P002457,CUST-0457,2026-10-05 12:00:00,34.56,EUR,CREATED,region-02457,web
ORD-P002458,CUST-0458,2026-10-05 12:00:00,34.57,EUR,CREATED,region-02458,web
ORD-P002459,CUST-0459,2026-10-05 12:00:00,34.58,EUR,CREATED,region-02459,web
ORD-P002460,CUST-0460,2026-10-05 12:00:00,34.59,EUR,CREATED,region-02460,web
ORD-P002461,CUST-0461,2026-10-05 12:00:00,34.60,EUR,CREATED,region-02461,web
ORD-P002462,CUST-0462,2026-10-05 12:00:00,34.61,EUR,CREATED,region-02462,web
ORD-P002463,CUST-0463,2026-10-05 12:00:00,34.62,EUR,CREATED,region-02463,web
ORD-P002464,CUST-0464,2026-10-05 12:00:00,34.63,EUR,CREATED,region-02464,web
ORD-P002465,CUST-0465,2026-10-05 12:00:00,34.64,EUR,CREATED,region-02465,web
ORD-P002466,CUST-0466,2026-10-05 12:00:00,34.65,EUR,CREATED,region-02466,web
ORD-P002467,CUST-0467,2026-10-05 12:00:00,34.66,EUR,CREATED,region-02467,web
ORD-P002468,CUST-0468,2026-10-05 12:00:00,34.67,EUR,CREATED,region-02468,web
ORD-P002469,CUST-0469,2026-10-05 12:00:00,34.68,EUR,CREATED,region-02469,web
ORD-P002470,CUST-0470,2026-10-05 12:00:00,34.69,EUR,CREATED,region-02470,web
ORD-P002471,CUST-0471,2026-10-05 12:00:00,34.70,EUR,CREATED,region-02471,web
ORD-P002472,CUST-0472,2026-10-05 12:00:00,34.71,EUR,CREATED,region-02472,web
ORD-P002473,CUST-0473,2026-10-05 12:00:00,34.72,EUR,CREATED,region-02473,web
ORD-P002474,CUST-0474,2026-10-05 12:00:00,34.73,EUR,CREATED,region-02474,web
ORD-P002475,CUST-0475,2026-10-05 12:00:00,34.74,EUR,CREATED,region-02475,web
ORD-P002476,CUST-0476,2026-10-05 12:00:00,34.75,EUR,CREATED,region-02476,web
ORD-P002477,CUST-0477,2026-10-05 12:00:00,34.76,EUR,CREATED,region-02477,web
ORD-P002478,CUST-0478,2026-10-05 12:00:00,34.77,EUR,CREATED,region-02478,web
ORD-P002479,CUST-0479,2026-10-05 12:00:00,34.78,EUR,CREATED,region-02479,web
ORD-P002480,CUST-0480,2026-10-05 12:00:00,34.79,EUR,CREATED,region-02480,web
ORD-P002481,CUST-0481,2026-10-05 12:00:00,34.80,EUR,CREATED,region-02481,web
ORD-P002482,CUST-0482,2026-10-05 12:00:00,34.81,EUR,CREATED,region-02482,web
ORD-P002483,CUST-0483,2026-10-05 12:00:00,34.82,EUR,CREATED,region-02483,web
ORD-P002484,CUST-0484,2026-10-05 12:00:00,34.83,EUR,CREATED,region-02484,web
ORD-P002485,CUST-0485,2026-10-05 12:00:00,34.84,EUR,CREATED,region-02485,web
ORD-P002486,CUST-0486,2026-10-05 12:00:00,34.85,EUR,CREATED,region-02486,web
ORD-P002487,CUST-0487,2026-10-05 12:00:00,34.86,EUR,CREATED,region-02487,web
ORD-P002488,CUST-0488,2026-10-05 12:00:00,34.87,EUR,CREATED,region-02488,web
ORD-P002489,CUST-0489,2026-10-05 12:00:00,34.88,EUR,CREATED,region-02489,web
ORD-P002490,CUST-0490,2026-10-05 12:00:00,34.89,EUR,CREATED,region-02490,web
ORD-P002491,CUST-0491,2026-10-05 12:00:00,34.90,EUR,CREATED,region-02491,web
ORD-P002492,CUST-0492,2026-10-05 12:00:00,34.91,EUR,CREATED,region-02492,web
ORD-P002493,CUST-0493,2026-10-05 12:00:00,34.92,EUR,CREATED,region-02493,web
ORD-P002494,CUST-0494,2026-10-05 12:00:00,34.93,EUR,CREATED,region-02494,web
ORD-P002495,CUST-0495,2026-10-05 12:00:00,34.94,EUR,CREATED,region-02495,web
ORD-P002496,CUST-0496,2026-10-05 12:00:00,34.95,EUR,CREATED,region-02496,web
ORD-P002497,CUST-0497,2026-10-05 12:00:00,34.96,EUR,CREATED,region-02497,web
ORD-P002498,CUST-0498,2026-10-05 12:00:00,34.97,EUR,CREATED,region-02498,web
ORD-P002499,CUST-0499,2026-10-05 12:00:00,34.98,EUR,CREATED,region-02499,web
ORD-P002500,CUST-0500,2026-10-05 12:00:00,34.99,EUR,CREATED,region-02500,web
ORD-P002501,CUST-0501,2026-10-05 12:00:00,35.00,EUR,CREATED,region-02501,web
ORD-P002502,CUST-0502,2026-10-05 12:00:00,35.01,EUR,CREATED,region-02502,web
ORD-P002503,CUST-0503,2026-10-05 12:00:00,35.02,EUR,CREATED,region-02503,web
ORD-P002504,CUST-0504,2026-10-05 12:00:00,35.03,EUR,CREATED,region-02504,web
ORD-P002505,CUST-0505,2026-10-05 12:00:00,35.04,EUR,CREATED,region-02505,web
ORD-P002506,CUST-0506,2026-10-05 12:00:00,35.05,EUR,CREATED,region-02506,web
ORD-P002507,CUST-0507,2026-10-05 12:00:00,35.06,EUR,CREATED,region-02507,web
ORD-P002508,CUST-0508,2026-10-05 12:00:00,35.07,EUR,CREATED,region-02508,web
ORD-P002509,CUST-0509,2026-10-05 12:00:00,35.08,EUR,CREATED,region-02509,web
ORD-P002510,CUST-0510,2026-10-05 12:00:00,35.09,EUR,CREATED,region-02510,web
ORD-P002511,CUST-0511,2026-10-05 12:00:00,35.10,EUR,CREATED,region-02511,web
ORD-P002512,CUST-0512,2026-10-05 12:00:00,35.11,EUR,CREATED,region-02512,web
ORD-P002513,CUST-0513,2026-10-05 12:00:00,35.12,EUR,CREATED,region-02513,web
ORD-P002514,CUST-0514,2026-10-05 12:00:00,35.13,EUR,CREATED,region-02514,web
ORD-P002515,CUST-0515,2026-10-05 12:00:00,35.14,EUR,CREATED,region-02515,web
ORD-P002516,CUST-0516,2026-10-05 12:00:00,35.15,EUR,CREATED,region-02516,web
ORD-P002517,CUST-0517,2026-10-05 12:00:00,35.16,EUR,CREATED,region-02517,web
ORD-P002518,CUST-0518,2026-10-05 12:00:00,35.17,EUR,CREATED,region-02518,web
ORD-P002519,CUST-0519,2026-10-05 12:00:00,35.18,EUR,CREATED,region-02519,web
ORD-P002520,CUST-0520,2026-10-05 12:00:00,35.19,EUR,CREATED,region-02520,web
ORD-P002521,CUST-0521,2026-10-05 12:00:00,35.20,EUR,CREATED,region-02521,web
ORD-P002522,CUST-0522,2026-10-05 12:00:00,35.21,EUR,CREATED,region-02522,web
ORD-P002523,CUST-0523,2026-10-05 12:00:00,35.22,EUR,CREATED,region-02523,web
ORD-P002524,CUST-0524,2026-10-05 12:00:00,35.23,EUR,CREATED,region-02524,web
ORD-P002525,CUST-0525,2026-10-05 12:00:00,35.24,EUR,CREATED,region-02525,web
ORD-P002526,CUST-0526,2026-10-05 12:00:00,35.25,EUR,CREATED,region-02526,web
ORD-P002527,CUST-0527,2026-10-05 12:00:00,35.26,EUR,CREATED,region-02527,web
ORD-P002528,CUST-0528,2026-10-05 12:00:00,35.27,EUR,CREATED,region-02528,web
ORD-P002529,CUST-0529,2026-10-05 12:00:00,35.28,EUR,CREATED,region-02529,web
ORD-P002530,CUST-0530,2026-10-05 12:00:00,35.29,EUR,CREATED,region-02530,web
ORD-P002531,CUST-0531,2026-10-05 12:00:00,35.30,EUR,CREATED,region-02531,web
ORD-P002532,CUST-0532,2026-10-05 12:00:00,35.31,EUR,CREATED,region-02532,web
ORD-P002533,CUST-0533,2026-10-05 12:00:00,35.32,EUR,CREATED,region-02533,web
ORD-P002534,CUST-0534,2026-10-05 12:00:00,35.33,EUR,CREATED,region-02534,web
ORD-P002535,CUST-0535,2026-10-05 12:00:00,35.34,EUR,CREATED,region-02535,web
ORD-P002536,CUST-0536,2026-10-05 12:00:00,35.35,EUR,CREATED,region-02536,web
ORD-P002537,CUST-0537,2026-10-05 12:00:00,35.36,EUR,CREATED,region-02537,web
ORD-P002538,CUST-0538,2026-10-05 12:00:00,35.37,EUR,CREATED,region-02538,web
ORD-P002539,CUST-0539,2026-10-05 12:00:00,35.38,EUR,CREATED,region-02539,web
ORD-P002540,CUST-0540,2026-10-05 12:00:00,35.39,EUR,CREATED,region-02540,web
ORD-P002541,CUST-0541,2026-10-05 12:00:00,35.40,EUR,CREATED,region-02541,web
ORD-P002542,CUST-0542,2026-10-05 12:00:00,35.41,EUR,CREATED,region-02542,web
ORD-P002543,CUST-0543,2026-10-05 12:00:00,35.42,EUR,CREATED,region-02543,web
ORD-P002544,CUST-0544,2026-10-05 12:00:00,35.43,EUR,CREATED,region-02544,web
ORD-P002545,CUST-0545,2026-10-05 12:00:00,35.44,EUR,CREATED,region-02545,web
ORD-P002546,CUST-0546,2026-10-05 12:00:00,35.45,EUR,CREATED,region-02546,web
ORD-P002547,CUST-0547,2026-10-05 12:00:00,35.46,EUR,CREATED,region-02547,web
ORD-P002548,CUST-0548,2026-10-05 12:00:00,35.47,EUR,CREATED,region-02548,web
ORD-P002549,CUST-0549,2026-10-05 12:00:00,35.48,EUR,CREATED,region-02549,web
ORD-P002550,CUST-0550,2026-10-05 12:00:00,35.49,EUR,CREATED,region-02550,web
ORD-P002551,CUST-0551,2026-10-05 12:00:00,35.50,EUR,CREATED,region-02551,web
ORD-P002552,CUST-0552,2026-10-05 12:00:00,35.51,EUR,CREATED,region-02552,web
ORD-P002553,CUST-0553,2026-10-05 12:00:00,35.52,EUR,CREATED,region-02553,web
ORD-P002554,CUST-0554,2026-10-05 12:00:00,35.53,EUR,CREATED,region-02554,web
ORD-P002555,CUST-0555,2026-10-05 12:00:00,35.54,EUR,CREATED,region-02555,web
ORD-P002556,CUST-0556,2026-10-05 12:00:00,35.55,EUR,CREATED,region-02556,web
ORD-P002557,CUST-0557,2026-10-05 12:00:00,35.56,EUR,CREATED,region-02557,web
ORD-P002558,CUST-0558,2026-10-05 12:00:00,35.57,EUR,CREATED,region-02558,web
ORD-P002559,CUST-0559,2026-10-05 12:00:00,35.58,EUR,CREATED,region-02559,web
ORD-P002560,CUST-0560,2026-10-05 12:00:00,35.59,EUR,CREATED,region-02560,web
ORD-P002561,CUST-0561,2026-10-05 12:00:00,35.60,EUR,CREATED,region-02561,web
ORD-P002562,CUST-0562,2026-10-05 12:00:00,35.61,EUR,CREATED,region-02562,web
ORD-P002563,CUST-0563,2026-10-05 12:00:00,35.62,EUR,CREATED,region-02563,web
ORD-P002564,CUST-0564,2026-10-05 12:00:00,35.63,EUR,CREATED,region-02564,web
ORD-P002565,CUST-0565,2026-10-05 12:00:00,35.64,EUR,CREATED,region-02565,web
ORD-P002566,CUST-0566,2026-10-05 12:00:00,35.65,EUR,CREATED,region-02566,web
ORD-P002567,CUST-0567,2026-10-05 12:00:00,35.66,EUR,CREATED,region-02567,web
ORD-P002568,CUST-0568,2026-10-05 12:00:00,35.67,EUR,CREATED,region-02568,web
ORD-P002569,CUST-0569,2026-10-05 12:00:00,35.68,EUR,CREATED,region-02569,web
ORD-P002570,CUST-0570,2026-10-05 12:00:00,35.69,EUR,CREATED,region-02570,web
ORD-P002571,CUST-0571,2026-10-05 12:00:00,35.70,EUR,CREATED,region-02571,web
ORD-P002572,CUST-0572,2026-10-05 12:00:00,35.71,EUR,CREATED,region-02572,web
ORD-P002573,CUST-0573,2026-10-05 12:00:00,35.72,EUR,CREATED,region-02573,web
ORD-P002574,CUST-0574,2026-10-05 12:00:00,35.73,EUR,CREATED,region-02574,web
ORD-P002575,CUST-0575,2026-10-05 12:00:00,35.74,EUR,CREATED,region-02575,web
ORD-P002576,CUST-0576,2026-10-05 12:00:00,35.75,EUR,CREATED,region-02576,web
ORD-P002577,CUST-0577,2026-10-05 12:00:00,35.76,EUR,CREATED,region-02577,web
ORD-P002578,CUST-0578,2026-10-05 12:00:00,35.77,EUR,CREATED,region-02578,web
ORD-P002579,CUST-0579,2026-10-05 12:00:00,35.78,EUR,CREATED,region-02579,web
ORD-P002580,CUST-0580,2026-10-05 12:00:00,35.79,EUR,CREATED,region-02580,web
ORD-P002581,CUST-0581,2026-10-05 12:00:00,35.80,EUR,CREATED,region-02581,web
ORD-P002582,CUST-0582,2026-10-05 12:00:00,35.81,EUR,CREATED,region-02582,web
ORD-P002583,CUST-0583,2026-10-05 12:00:00,35.82,EUR,CREATED,region-02583,web
ORD-P002584,CUST-0584,2026-10-05 12:00:00,35.83,EUR,CREATED,region-02584,web
ORD-P002585,CUST-0585,2026-10-05 12:00:00,35.84,EUR,CREATED,region-02585,web
ORD-P002586,CUST-0586,2026-10-05 12:00:00,35.85,EUR,CREATED,region-02586,web
ORD-P002587,CUST-0587,2026-10-05 12:00:00,35.86,EUR,CREATED,region-02587,web
ORD-P002588,CUST-0588,2026-10-05 12:00:00,35.87,EUR,CREATED,region-02588,web
ORD-P002589,CUST-0589,2026-10-05 12:00:00,35.88,EUR,CREATED,region-02589,web
ORD-P002590,CUST-0590,2026-10-05 12:00:00,35.89,EUR,CREATED,region-02590,web
ORD-P002591,CUST-0591,2026-10-05 12:00:00,35.90,EUR,CREATED,region-02591,web
ORD-P002592,CUST-0592,2026-10-05 12:00:00,35.91,EUR,CREATED,region-02592,web
ORD-P002593,CUST-0593,2026-10-05 12:00:00,35.92,EUR,CREATED,region-02593,web
ORD-P002594,CUST-0594,2026-10-05 12:00:00,35.93,EUR,CREATED,region-02594,web
ORD-P002595,CUST-0595,2026-10-05 12:00:00,35.94,EUR,CREATED,region-02595,web
ORD-P002596,CUST-0596,2026-10-05 12:00:00,35.95,EUR,CREATED,region-02596,web
ORD-P002597,CUST-0597,2026-10-05 12:00:00,35.96,EUR,CREATED,region-02597,web
ORD-P002598,CUST-0598,2026-10-05 12:00:00,35.97,EUR,CREATED,region-02598,web
ORD-P002599,CUST-0599,2026-10-05 12:00:00,35.98,EUR,CREATED,region-02599,web
ORD-P002600,CUST-0600,2026-10-05 12:00:00,35.99,EUR,CREATED,region-02600,web
ORD-P002601,CUST-0601,2026-10-05 12:00:00,36.00,EUR,CREATED,region-02601,web
ORD-P002602,CUST-0602,2026-10-05 12:00:00,36.01,EUR,CREATED,region-02602,web
ORD-P002603,CUST-0603,2026-10-05 12:00:00,36.02,EUR,CREATED,region-02603,web
ORD-P002604,CUST-0604,2026-10-05 12:00:00,36.03,EUR,CREATED,region-02604,web
ORD-P002605,CUST-0605,2026-10-05 12:00:00,36.04,EUR,CREATED,region-02605,web
ORD-P002606,CUST-0606,2026-10-05 12:00:00,36.05,EUR,CREATED,region-02606,web
ORD-P002607,CUST-0607,2026-10-05 12:00:00,36.06,EUR,CREATED,region-02607,web
ORD-P002608,CUST-0608,2026-10-05 12:00:00,36.07,EUR,CREATED,region-02608,web
ORD-P002609,CUST-0609,2026-10-05 12:00:00,36.08,EUR,CREATED,region-02609,web
ORD-P002610,CUST-0610,2026-10-05 12:00:00,36.09,EUR,CREATED,region-02610,web
ORD-P002611,CUST-0611,2026-10-05 12:00:00,36.10,EUR,CREATED,region-02611,web
ORD-P002612,CUST-0612,2026-10-05 12:00:00,36.11,EUR,CREATED,region-02612,web
ORD-P002613,CUST-0613,2026-10-05 12:00:00,36.12,EUR,CREATED,region-02613,web
ORD-P002614,CUST-0614,2026-10-05 12:00:00,36.13,EUR,CREATED,region-02614,web
ORD-P002615,CUST-0615,2026-10-05 12:00:00,36.14,EUR,CREATED,region-02615,web
ORD-P002616,CUST-0616,2026-10-05 12:00:00,36.15,EUR,CREATED,region-02616,web
ORD-P002617,CUST-0617,2026-10-05 12:00:00,36.16,EUR,CREATED,region-02617,web
ORD-P002618,CUST-0618,2026-10-05 12:00:00,36.17,EUR,CREATED,region-02618,web
ORD-P002619,CUST-0619,2026-10-05 12:00:00,36.18,EUR,CREATED,region-02619,web
ORD-P002620,CUST-0620,2026-10-05 12:00:00,36.19,EUR,CREATED,region-02620,web
ORD-P002621,CUST-0621,2026-10-05 12:00:00,36.20,EUR,CREATED,region-02621,web
ORD-P002622,CUST-0622,2026-10-05 12:00:00,36.21,EUR,CREATED,region-02622,web
ORD-P002623,CUST-0623,2026-10-05 12:00:00,36.22,EUR,CREATED,region-02623,web
ORD-P002624,CUST-0624,2026-10-05 12:00:00,36.23,EUR,CREATED,region-02624,web
ORD-P002625,CUST-0625,2026-10-05 12:00:00,36.24,EUR,CREATED,region-02625,web
ORD-P002626,CUST-0626,2026-10-05 12:00:00,36.25,EUR,CREATED,region-02626,web
ORD-P002627,CUST-0627,2026-10-05 12:00:00,36.26,EUR,CREATED,region-02627,web
ORD-P002628,CUST-0628,2026-10-05 12:00:00,36.27,EUR,CREATED,region-02628,web
ORD-P002629,CUST-0629,2026-10-05 12:00:00,36.28,EUR,CREATED,region-02629,web
ORD-P002630,CUST-0630,2026-10-05 12:00:00,36.29,EUR,CREATED,region-02630,web
ORD-P002631,CUST-0631,2026-10-05 12:00:00,36.30,EUR,CREATED,region-02631,web
ORD-P002632,CUST-0632,2026-10-05 12:00:00,36.31,EUR,CREATED,region-02632,web
ORD-P002633,CUST-0633,2026-10-05 12:00:00,36.32,EUR,CREATED,region-02633,web
ORD-P002634,CUST-0634,2026-10-05 12:00:00,36.33,EUR,CREATED,region-02634,web
ORD-P002635,CUST-0635,2026-10-05 12:00:00,36.34,EUR,CREATED,region-02635,web
ORD-P002636,CUST-0636,2026-10-05 12:00:00,36.35,EUR,CREATED,region-02636,web
ORD-P002637,CUST-0637,2026-10-05 12:00:00,36.36,EUR,CREATED,region-02637,web
ORD-P002638,CUST-0638,2026-10-05 12:00:00,36.37,EUR,CREATED,region-02638,web
ORD-P002639,CUST-0639,2026-10-05 12:00:00,36.38,EUR,CREATED,region-02639,web
ORD-P002640,CUST-0640,2026-10-05 12:00:00,36.39,EUR,CREATED,region-02640,web
ORD-P002641,CUST-0641,2026-10-05 12:00:00,36.40,EUR,CREATED,region-02641,web
ORD-P002642,CUST-0642,2026-10-05 12:00:00,36.41,EUR,CREATED,region-02642,web
ORD-P002643,CUST-0643,2026-10-05 12:00:00,36.42,EUR,CREATED,region-02643,web
ORD-P002644,CUST-0644,2026-10-05 12:00:00,36.43,EUR,CREATED,region-02644,web
ORD-P002645,CUST-0645,2026-10-05 12:00:00,36.44,EUR,CREATED,region-02645,web
ORD-P002646,CUST-0646,2026-10-05 12:00:00,36.45,EUR,CREATED,region-02646,web
ORD-P002647,CUST-0647,2026-10-05 12:00:00,36.46,EUR,CREATED,region-02647,web
ORD-P002648,CUST-0648,2026-10-05 12:00:00,36.47,EUR,CREATED,region-02648,web
ORD-P002649,CUST-0649,2026-10-05 12:00:00,36.48,EUR,CREATED,region-02649,web
ORD-P002650,CUST-0650,2026-10-05 12:00:00,36.49,EUR,CREATED,region-02650,web
ORD-P002651,CUST-0651,2026-10-05 12:00:00,36.50,EUR,CREATED,region-02651,web
ORD-P002652,CUST-0652,2026-10-05 12:00:00,36.51,EUR,CREATED,region-02652,web
ORD-P002653,CUST-0653,2026-10-05 12:00:00,36.52,EUR,CREATED,region-02653,web
ORD-P002654,CUST-0654,2026-10-05 12:00:00,36.53,EUR,CREATED,region-02654,web
ORD-P002655,CUST-0655,2026-10-05 12:00:00,36.54,EUR,CREATED,region-02655,web
ORD-P002656,CUST-0656,2026-10-05 12:00:00,36.55,EUR,CREATED,region-02656,web
ORD-P002657,CUST-0657,2026-10-05 12:00:00,36.56,EUR,CREATED,region-02657,web
ORD-P002658,CUST-0658,2026-10-05 12:00:00,36.57,EUR,CREATED,region-02658,web
ORD-P002659,CUST-0659,2026-10-05 12:00:00,36.58,EUR,CREATED,region-02659,web
ORD-P002660,CUST-0660,2026-10-05 12:00:00,36.59,EUR,CREATED,region-02660,web
ORD-P002661,CUST-0661,2026-10-05 12:00:00,36.60,EUR,CREATED,region-02661,web
ORD-P002662,CUST-0662,2026-10-05 12:00:00,36.61,EUR,CREATED,region-02662,web
ORD-P002663,CUST-0663,2026-10-05 12:00:00,36.62,EUR,CREATED,region-02663,web
ORD-P002664,CUST-0664,2026-10-05 12:00:00,36.63,EUR,CREATED,region-02664,web
ORD-P002665,CUST-0665,2026-10-05 12:00:00,36.64,EUR,CREATED,region-02665,web
ORD-P002666,CUST-0666,2026-10-05 12:00:00,36.65,EUR,CREATED,region-02666,web
ORD-P002667,CUST-0667,2026-10-05 12:00:00,36.66,EUR,CREATED,region-02667,web
ORD-P002668,CUST-0668,2026-10-05 12:00:00,36.67,EUR,CREATED,region-02668,web
ORD-P002669,CUST-0669,2026-10-05 12:00:00,36.68,EUR,CREATED,region-02669,web
ORD-P002670,CUST-0670,2026-10-05 12:00:00,36.69,EUR,CREATED,region-02670,web
ORD-P002671,CUST-0671,2026-10-05 12:00:00,36.70,EUR,CREATED,region-02671,web
ORD-P002672,CUST-0672,2026-10-05 12:00:00,36.71,EUR,CREATED,region-02672,web
ORD-P002673,CUST-0673,2026-10-05 12:00:00,36.72,EUR,CREATED,region-02673,web
ORD-P002674,CUST-0674,2026-10-05 12:00:00,36.73,EUR,CREATED,region-02674,web
ORD-P002675,CUST-0675,2026-10-05 12:00:00,36.74,EUR,CREATED,region-02675,web
ORD-P002676,CUST-0676,2026-10-05 12:00:00,36.75,EUR,CREATED,region-02676,web
ORD-P002677,CUST-0677,2026-10-05 12:00:00,36.76,EUR,CREATED,region-02677,web
ORD-P002678,CUST-0678,2026-10-05 12:00:00,36.77,EUR,CREATED,region-02678,web
ORD-P002679,CUST-0679,2026-10-05 12:00:00,36.78,EUR,CREATED,region-02679,web
ORD-P002680,CUST-0680,2026-10-05 12:00:00,36.79,EUR,CREATED,region-02680,web
ORD-P002681,CUST-0681,2026-10-05 12:00:00,36.80,EUR,CREATED,region-02681,web
ORD-P002682,CUST-0682,2026-10-05 12:00:00,36.81,EUR,CREATED,region-02682,web
ORD-P002683,CUST-0683,2026-10-05 12:00:00,36.82,EUR,CREATED,region-02683,web
ORD-P002684,CUST-0684,2026-10-05 12:00:00,36.83,EUR,CREATED,region-02684,web
ORD-P002685,CUST-0685,2026-10-05 12:00:00,36.84,EUR,CREATED,region-02685,web
ORD-P002686,CUST-0686,2026-10-05 12:00:00,36.85,EUR,CREATED,region-02686,web
ORD-P002687,CUST-0687,2026-10-05 12:00:00,36.86,EUR,CREATED,region-02687,web
ORD-P002688,CUST-0688,2026-10-05 12:00:00,36.87,EUR,CREATED,region-02688,web
ORD-P002689,CUST-0689,2026-10-05 12:00:00,36.88,EUR,CREATED,region-02689,web
ORD-P002690,CUST-0690,2026-10-05 12:00:00,36.89,EUR,CREATED,region-02690,web
ORD-P002691,CUST-0691,2026-10-05 12:00:00,36.90,EUR,CREATED,region-02691,web
ORD-P002692,CUST-0692,2026-10-05 12:00:00,36.91,EUR,CREATED,region-02692,web
ORD-P002693,CUST-0693,2026-10-05 12:00:00,36.92,EUR,CREATED,region-02693,web
ORD-P002694,CUST-0694,2026-10-05 12:00:00,36.93,EUR,CREATED,region-02694,web
ORD-P002695,CUST-0695,2026-10-05 12:00:00,36.94,EUR,CREATED,region-02695,web
ORD-P002696,CUST-0696,2026-10-05 12:00:00,36.95,EUR,CREATED,region-02696,web
ORD-P002697,CUST-0697,2026-10-05 12:00:00,36.96,EUR,CREATED,region-02697,web
ORD-P002698,CUST-0698,2026-10-05 12:00:00,36.97,EUR,CREATED,region-02698,web
ORD-P002699,CUST-0699,2026-10-05 12:00:00,36.98,EUR,CREATED,region-02699,web
ORD-P002700,CUST-0700,2026-10-05 12:00:00,36.99,EUR,CREATED,region-02700,web
ORD-P002701,CUST-0701,2026-10-05 12:00:00,37.00,EUR,CREATED,region-02701,web
ORD-P002702,CUST-0702,2026-10-05 12:00:00,37.01,EUR,CREATED,region-02702,web
ORD-P002703,CUST-0703,2026-10-05 12:00:00,37.02,EUR,CREATED,region-02703,web
ORD-P002704,CUST-0704,2026-10-05 12:00:00,37.03,EUR,CREATED,region-02704,web
ORD-P002705,CUST-0705,2026-10-05 12:00:00,37.04,EUR,CREATED,region-02705,web
ORD-P002706,CUST-0706,2026-10-05 12:00:00,37.05,EUR,CREATED,region-02706,web
ORD-P002707,CUST-0707,2026-10-05 12:00:00,37.06,EUR,CREATED,region-02707,web
ORD-P002708,CUST-0708,2026-10-05 12:00:00,37.07,EUR,CREATED,region-02708,web
ORD-P002709,CUST-0709,2026-10-05 12:00:00,37.08,EUR,CREATED,region-02709,web
ORD-P002710,CUST-0710,2026-10-05 12:00:00,37.09,EUR,CREATED,region-02710,web
ORD-P002711,CUST-0711,2026-10-05 12:00:00,37.10,EUR,CREATED,region-02711,web
ORD-P002712,CUST-0712,2026-10-05 12:00:00,37.11,EUR,CREATED,region-02712,web
ORD-P002713,CUST-0713,2026-10-05 12:00:00,37.12,EUR,CREATED,region-02713,web
ORD-P002714,CUST-0714,2026-10-05 12:00:00,37.13,EUR,CREATED,region-02714,web
ORD-P002715,CUST-0715,2026-10-05 12:00:00,37.14,EUR,CREATED,region-02715,web
ORD-P002716,CUST-0716,2026-10-05 12:00:00,37.15,EUR,CREATED,region-02716,web
ORD-P002717,CUST-0717,2026-10-05 12:00:00,37.16,EUR,CREATED,region-02717,web
ORD-P002718,CUST-0718,2026-10-05 12:00:00,37.17,EUR,CREATED,region-02718,web
ORD-P002719,CUST-0719,2026-10-05 12:00:00,37.18,EUR,CREATED,region-02719,web
ORD-P002720,CUST-0720,2026-10-05 12:00:00,37.19,EUR,CREATED,region-02720,web
ORD-P002721,CUST-0721,2026-10-05 12:00:00,37.20,EUR,CREATED,region-02721,web
ORD-P002722,CUST-0722,2026-10-05 12:00:00,37.21,EUR,CREATED,region-02722,web
ORD-P002723,CUST-0723,2026-10-05 12:00:00,37.22,EUR,CREATED,region-02723,web
ORD-P002724,CUST-0724,2026-10-05 12:00:00,37.23,EUR,CREATED,region-02724,web
ORD-P002725,CUST-0725,2026-10-05 12:00:00,37.24,EUR,CREATED,region-02725,web
ORD-P002726,CUST-0726,2026-10-05 12:00:00,37.25,EUR,CREATED,region-02726,web
ORD-P002727,CUST-0727,2026-10-05 12:00:00,37.26,EUR,CREATED,region-02727,web
ORD-P002728,CUST-0728,2026-10-05 12:00:00,37.27,EUR,CREATED,region-02728,web
ORD-P002729,CUST-0729,2026-10-05 12:00:00,37.28,EUR,CREATED,region-02729,web
ORD-P002730,CUST-0730,2026-10-05 12:00:00,37.29,EUR,CREATED,region-02730,web
ORD-P002731,CUST-0731,2026-10-05 12:00:00,37.30,EUR,CREATED,region-02731,web
ORD-P002732,CUST-0732,2026-10-05 12:00:00,37.31,EUR,CREATED,region-02732,web
ORD-P002733,CUST-0733,2026-10-05 12:00:00,37.32,EUR,CREATED,region-02733,web
ORD-P002734,CUST-0734,2026-10-05 12:00:00,37.33,EUR,CREATED,region-02734,web
ORD-P002735,CUST-0735,2026-10-05 12:00:00,37.34,EUR,CREATED,region-02735,web
ORD-P002736,CUST-0736,2026-10-05 12:00:00,37.35,EUR,CREATED,region-02736,web
ORD-P002737,CUST-0737,2026-10-05 12:00:00,37.36,EUR,CREATED,region-02737,web
ORD-P002738,CUST-0738,2026-10-05 12:00:00,37.37,EUR,CREATED,region-02738,web
ORD-P002739,CUST-0739,2026-10-05 12:00:00,37.38,EUR,CREATED,region-02739,web
ORD-P002740,CUST-0740,2026-10-05 12:00:00,37.39,EUR,CREATED,region-02740,web
ORD-P002741,CUST-0741,2026-10-05 12:00:00,37.40,EUR,CREATED,region-02741,web
ORD-P002742,CUST-0742,2026-10-05 12:00:00,37.41,EUR,CREATED,region-02742,web
ORD-P002743,CUST-0743,2026-10-05 12:00:00,37.42,EUR,CREATED,region-02743,web
ORD-P002744,CUST-0744,2026-10-05 12:00:00,37.43,EUR,CREATED,region-02744,web
ORD-P002745,CUST-0745,2026-10-05 12:00:00,37.44,EUR,CREATED,region-02745,web
ORD-P002746,CUST-0746,2026-10-05 12:00:00,37.45,EUR,CREATED,region-02746,web
ORD-P002747,CUST-0747,2026-10-05 12:00:00,37.46,EUR,CREATED,region-02747,web
ORD-P002748,CUST-0748,2026-10-05 12:00:00,37.47,EUR,CREATED,region-02748,web
ORD-P002749,CUST-0749,2026-10-05 12:00:00,37.48,EUR,CREATED,region-02749,web
ORD-P002750,CUST-0750,2026-10-05 12:00:00,37.49,EUR,CREATED,region-02750,web
ORD-P002751,CUST-0751,2026-10-05 12:00:00,37.50,EUR,CREATED,region-02751,web
ORD-P002752,CUST-0752,2026-10-05 12:00:00,37.51,EUR,CREATED,region-02752,web
ORD-P002753,CUST-0753,2026-10-05 12:00:00,37.52,EUR,CREATED,region-02753,web
ORD-P002754,CUST-0754,2026-10-05 12:00:00,37.53,EUR,CREATED,region-02754,web
ORD-P002755,CUST-0755,2026-10-05 12:00:00,37.54,EUR,CREATED,region-02755,web
ORD-P002756,CUST-0756,2026-10-05 12:00:00,37.55,EUR,CREATED,region-02756,web
ORD-P002757,CUST-0757,2026-10-05 12:00:00,37.56,EUR,CREATED,region-02757,web
ORD-P002758,CUST-0758,2026-10-05 12:00:00,37.57,EUR,CREATED,region-02758,web
ORD-P002759,CUST-0759,2026-10-05 12:00:00,37.58,EUR,CREATED,region-02759,web
ORD-P002760,CUST-0760,2026-10-05 12:00:00,37.59,EUR,CREATED,region-02760,web
ORD-P002761,CUST-0761,2026-10-05 12:00:00,37.60,EUR,CREATED,region-02761,web
ORD-P002762,CUST-0762,2026-10-05 12:00:00,37.61,EUR,CREATED,region-02762,web
ORD-P002763,CUST-0763,2026-10-05 12:00:00,37.62,EUR,CREATED,region-02763,web
ORD-P002764,CUST-0764,2026-10-05 12:00:00,37.63,EUR,CREATED,region-02764,web
ORD-P002765,CUST-0765,2026-10-05 12:00:00,37.64,EUR,CREATED,region-02765,web
ORD-P002766,CUST-0766,2026-10-05 12:00:00,37.65,EUR,CREATED,region-02766,web
ORD-P002767,CUST-0767,2026-10-05 12:00:00,37.66,EUR,CREATED,region-02767,web
ORD-P002768,CUST-0768,2026-10-05 12:00:00,37.67,EUR,CREATED,region-02768,web
ORD-P002769,CUST-0769,2026-10-05 12:00:00,37.68,EUR,CREATED,region-02769,web
ORD-P002770,CUST-0770,2026-10-05 12:00:00,37.69,EUR,CREATED,region-02770,web
ORD-P002771,CUST-0771,2026-10-05 12:00:00,37.70,EUR,CREATED,region-02771,web
ORD-P002772,CUST-0772,2026-10-05 12:00:00,37.71,EUR,CREATED,region-02772,web
ORD-P002773,CUST-0773,2026-10-05 12:00:00,37.72,EUR,CREATED,region-02773,web
ORD-P002774,CUST-0774,2026-10-05 12:00:00,37.73,EUR,CREATED,region-02774,web
ORD-P002775,CUST-0775,2026-10-05 12:00:00,37.74,EUR,CREATED,region-02775,web
ORD-P002776,CUST-0776,2026-10-05 12:00:00,37.75,EUR,CREATED,region-02776,web
ORD-P002777,CUST-0777,2026-10-05 12:00:00,37.76,EUR,CREATED,region-02777,web
ORD-P002778,CUST-0778,2026-10-05 12:00:00,37.77,EUR,CREATED,region-02778,web
ORD-P002779,CUST-0779,2026-10-05 12:00:00,37.78,EUR,CREATED,region-02779,web
ORD-P002780,CUST-0780,2026-10-05 12:00:00,37.79,EUR,CREATED,region-02780,web
ORD-P002781,CUST-0781,2026-10-05 12:00:00,37.80,EUR,CREATED,region-02781,web
ORD-P002782,CUST-0782,2026-10-05 12:00:00,37.81,EUR,CREATED,region-02782,web
ORD-P002783,CUST-0783,2026-10-05 12:00:00,37.82,EUR,CREATED,region-02783,web
ORD-P002784,CUST-0784,2026-10-05 12:00:00,37.83,EUR,CREATED,region-02784,web
ORD-P002785,CUST-0785,2026-10-05 12:00:00,37.84,EUR,CREATED,region-02785,web
ORD-P002786,CUST-0786,2026-10-05 12:00:00,37.85,EUR,CREATED,region-02786,web
ORD-P002787,CUST-0787,2026-10-05 12:00:00,37.86,EUR,CREATED,region-02787,web
ORD-P002788,CUST-0788,2026-10-05 12:00:00,37.87,EUR,CREATED,region-02788,web
ORD-P002789,CUST-0789,2026-10-05 12:00:00,37.88,EUR,CREATED,region-02789,web
ORD-P002790,CUST-0790,2026-10-05 12:00:00,37.89,EUR,CREATED,region-02790,web
ORD-P002791,CUST-0791,2026-10-05 12:00:00,37.90,EUR,CREATED,region-02791,web
ORD-P002792,CUST-0792,2026-10-05 12:00:00,37.91,EUR,CREATED,region-02792,web
ORD-P002793,CUST-0793,2026-10-05 12:00:00,37.92,EUR,CREATED,region-02793,web
ORD-P002794,CUST-0794,2026-10-05 12:00:00,37.93,EUR,CREATED,region-02794,web
ORD-P002795,CUST-0795,2026-10-05 12:00:00,37.94,EUR,CREATED,region-02795,web
ORD-P002796,CUST-0796,2026-10-05 12:00:00,37.95,EUR,CREATED,region-02796,web
ORD-P002797,CUST-0797,2026-10-05 12:00:00,37.96,EUR,CREATED,region-02797,web
ORD-P002798,CUST-0798,2026-10-05 12:00:00,37.97,EUR,CREATED,region-02798,web
ORD-P002799,CUST-0799,2026-10-05 12:00:00,37.98,EUR,CREATED,region-02799,web
ORD-P002800,CUST-0800,2026-10-05 12:00:00,37.99,EUR,CREATED,region-02800,web
ORD-P002801,CUST-0801,2026-10-05 12:00:00,38.00,EUR,CREATED,region-02801,web
ORD-P002802,CUST-0802,2026-10-05 12:00:00,38.01,EUR,CREATED,region-02802,web
ORD-P002803,CUST-0803,2026-10-05 12:00:00,38.02,EUR,CREATED,region-02803,web
ORD-P002804,CUST-0804,2026-10-05 12:00:00,38.03,EUR,CREATED,region-02804,web
ORD-P002805,CUST-0805,2026-10-05 12:00:00,38.04,EUR,CREATED,region-02805,web
ORD-P002806,CUST-0806,2026-10-05 12:00:00,38.05,EUR,CREATED,region-02806,web
ORD-P002807,CUST-0807,2026-10-05 12:00:00,38.06,EUR,CREATED,region-02807,web
ORD-P002808,CUST-0808,2026-10-05 12:00:00,38.07,EUR,CREATED,region-02808,web
ORD-P002809,CUST-0809,2026-10-05 12:00:00,38.08,EUR,CREATED,region-02809,web
ORD-P002810,CUST-0810,2026-10-05 12:00:00,38.09,EUR,CREATED,region-02810,web
ORD-P002811,CUST-0811,2026-10-05 12:00:00,38.10,EUR,CREATED,region-02811,web
ORD-P002812,CUST-0812,2026-10-05 12:00:00,38.11,EUR,CREATED,region-02812,web
ORD-P002813,CUST-0813,2026-10-05 12:00:00,38.12,EUR,CREATED,region-02813,web
ORD-P002814,CUST-0814,2026-10-05 12:00:00,38.13,EUR,CREATED,region-02814,web
ORD-P002815,CUST-0815,2026-10-05 12:00:00,38.14,EUR,CREATED,region-02815,web
ORD-P002816,CUST-0816,2026-10-05 12:00:00,38.15,EUR,CREATED,region-02816,web
ORD-P002817,CUST-0817,2026-10-05 12:00:00,38.16,EUR,CREATED,region-02817,web
ORD-P002818,CUST-0818,2026-10-05 12:00:00,38.17,EUR,CREATED,region-02818,web
ORD-P002819,CUST-0819,2026-10-05 12:00:00,38.18,EUR,CREATED,region-02819,web
ORD-P002820,CUST-0820,2026-10-05 12:00:00,38.19,EUR,CREATED,region-02820,web
ORD-P002821,CUST-0821,2026-10-05 12:00:00,38.20,EUR,CREATED,region-02821,web
ORD-P002822,CUST-0822,2026-10-05 12:00:00,38.21,EUR,CREATED,region-02822,web
ORD-P002823,CUST-0823,2026-10-05 12:00:00,38.22,EUR,CREATED,region-02823,web
ORD-P002824,CUST-0824,2026-10-05 12:00:00,38.23,EUR,CREATED,region-02824,web
ORD-P002825,CUST-0825,2026-10-05 12:00:00,38.24,EUR,CREATED,region-02825,web
ORD-P002826,CUST-0826,2026-10-05 12:00:00,38.25,EUR,CREATED,region-02826,web
ORD-P002827,CUST-0827,2026-10-05 12:00:00,38.26,EUR,CREATED,region-02827,web
ORD-P002828,CUST-0828,2026-10-05 12:00:00,38.27,EUR,CREATED,region-02828,web
ORD-P002829,CUST-0829,2026-10-05 12:00:00,38.28,EUR,CREATED,region-02829,web
ORD-P002830,CUST-0830,2026-10-05 12:00:00,38.29,EUR,CREATED,region-02830,web
ORD-P002831,CUST-0831,2026-10-05 12:00:00,38.30,EUR,CREATED,region-02831,web
ORD-P002832,CUST-0832,2026-10-05 12:00:00,38.31,EUR,CREATED,region-02832,web
ORD-P002833,CUST-0833,2026-10-05 12:00:00,38.32,EUR,CREATED,region-02833,web
ORD-P002834,CUST-0834,2026-10-05 12:00:00,38.33,EUR,CREATED,region-02834,web
ORD-P002835,CUST-0835,2026-10-05 12:00:00,38.34,EUR,CREATED,region-02835,web
ORD-P002836,CUST-0836,2026-10-05 12:00:00,38.35,EUR,CREATED,region-02836,web
ORD-P002837,CUST-0837,2026-10-05 12:00:00,38.36,EUR,CREATED,region-02837,web
ORD-P002838,CUST-0838,2026-10-05 12:00:00,38.37,EUR,CREATED,region-02838,web
ORD-P002839,CUST-0839,2026-10-05 12:00:00,38.38,EUR,CREATED,region-02839,web
ORD-P002840,CUST-0840,2026-10-05 12:00:00,38.39,EUR,CREATED,region-02840,web
ORD-P002841,CUST-0841,2026-10-05 12:00:00,38.40,EUR,CREATED,region-02841,web
ORD-P002842,CUST-0842,2026-10-05 12:00:00,38.41,EUR,CREATED,region-02842,web
ORD-P002843,CUST-0843,2026-10-05 12:00:00,38.42,EUR,CREATED,region-02843,web
ORD-P002844,CUST-0844,2026-10-05 12:00:00,38.43,EUR,CREATED,region-02844,web
ORD-P002845,CUST-0845,2026-10-05 12:00:00,38.44,EUR,CREATED,region-02845,web
ORD-P002846,CUST-0846,2026-10-05 12:00:00,38.45,EUR,CREATED,region-02846,web
ORD-P002847,CUST-0847,2026-10-05 12:00:00,38.46,EUR,CREATED,region-02847,web
ORD-P002848,CUST-0848,2026-10-05 12:00:00,38.47,EUR,CREATED,region-02848,web
ORD-P002849,CUST-0849,2026-10-05 12:00:00,38.48,EUR,CREATED,region-02849,web
ORD-P002850,CUST-0850,2026-10-05 12:00:00,38.49,EUR,CREATED,region-02850,web
ORD-P002851,CUST-0851,2026-10-05 12:00:00,38.50,EUR,CREATED,region-02851,web
ORD-P002852,CUST-0852,2026-10-05 12:00:00,38.51,EUR,CREATED,region-02852,web
ORD-P002853,CUST-0853,2026-10-05 12:00:00,38.52,EUR,CREATED,region-02853,web
ORD-P002854,CUST-0854,2026-10-05 12:00:00,38.53,EUR,CREATED,region-02854,web
ORD-P002855,CUST-0855,2026-10-05 12:00:00,38.54,EUR,CREATED,region-02855,web
ORD-P002856,CUST-0856,2026-10-05 12:00:00,38.55,EUR,CREATED,region-02856,web
ORD-P002857,CUST-0857,2026-10-05 12:00:00,38.56,EUR,CREATED,region-02857,web
ORD-P002858,CUST-0858,2026-10-05 12:00:00,38.57,EUR,CREATED,region-02858,web
ORD-P002859,CUST-0859,2026-10-05 12:00:00,38.58,EUR,CREATED,region-02859,web
ORD-P002860,CUST-0860,2026-10-05 12:00:00,38.59,EUR,CREATED,region-02860,web
ORD-P002861,CUST-0861,2026-10-05 12:00:00,38.60,EUR,CREATED,region-02861,web
ORD-P002862,CUST-0862,2026-10-05 12:00:00,38.61,EUR,CREATED,region-02862,web
ORD-P002863,CUST-0863,2026-10-05 12:00:00,38.62,EUR,CREATED,region-02863,web
ORD-P002864,CUST-0864,2026-10-05 12:00:00,38.63,EUR,CREATED,region-02864,web
ORD-P002865,CUST-0865,2026-10-05 12:00:00,38.64,EUR,CREATED,region-02865,web
ORD-P002866,CUST-0866,2026-10-05 12:00:00,38.65,EUR,CREATED,region-02866,web
ORD-P002867,CUST-0867,2026-10-05 12:00:00,38.66,EUR,CREATED,region-02867,web
ORD-P002868,CUST-0868,2026-10-05 12:00:00,38.67,EUR,CREATED,region-02868,web
ORD-P002869,CUST-0869,2026-10-05 12:00:00,38.68,EUR,CREATED,region-02869,web
ORD-P002870,CUST-0870,2026-10-05 12:00:00,38.69,EUR,CREATED,region-02870,web
ORD-P002871,CUST-0871,2026-10-05 12:00:00,38.70,EUR,CREATED,region-02871,web
ORD-P002872,CUST-0872,2026-10-05 12:00:00,38.71,EUR,CREATED,region-02872,web
ORD-P002873,CUST-0873,2026-10-05 12:00:00,38.72,EUR,CREATED,region-02873,web
ORD-P002874,CUST-0874,2026-10-05 12:00:00,38.73,EUR,CREATED,region-02874,web
ORD-P002875,CUST-0875,2026-10-05 12:00:00,38.74,EUR,CREATED,region-02875,web
ORD-P002876,CUST-0876,2026-10-05 12:00:00,38.75,EUR,CREATED,region-02876,web
ORD-P002877,CUST-0877,2026-10-05 12:00:00,38.76,EUR,CREATED,region-02877,web
ORD-P002878,CUST-0878,2026-10-05 12:00:00,38.77,EUR,CREATED,region-02878,web
ORD-P002879,CUST-0879,2026-10-05 12:00:00,38.78,EUR,CREATED,region-02879,web
ORD-P002880,CUST-0880,2026-10-05 12:00:00,38.79,EUR,CREATED,region-02880,web
ORD-P002881,CUST-0881,2026-10-05 12:00:00,38.80,EUR,CREATED,region-02881,web
ORD-P002882,CUST-0882,2026-10-05 12:00:00,38.81,EUR,CREATED,region-02882,web
ORD-P002883,CUST-0883,2026-10-05 12:00:00,38.82,EUR,CREATED,region-02883,web
ORD-P002884,CUST-0884,2026-10-05 12:00:00,38.83,EUR,CREATED,region-02884,web
ORD-P002885,CUST-0885,2026-10-05 12:00:00,38.84,EUR,CREATED,region-02885,web
ORD-P002886,CUST-0886,2026-10-05 12:00:00,38.85,EUR,CREATED,region-02886,web
ORD-P002887,CUST-0887,2026-10-05 12:00:00,38.86,EUR,CREATED,region-02887,web
ORD-P002888,CUST-0888,2026-10-05 12:00:00,38.87,EUR,CREATED,region-02888,web
ORD-P002889,CUST-0889,2026-10-05 12:00:00,38.88,EUR,CREATED,region-02889,web
ORD-P002890,CUST-0890,2026-10-05 12:00:00,38.89,EUR,CREATED,region-02890,web
ORD-P002891,CUST-0891,2026-10-05 12:00:00,38.90,EUR,CREATED,region-02891,web
ORD-P002892,CUST-0892,2026-10-05 12:00:00,38.91,EUR,CREATED,region-02892,web
ORD-P002893,CUST-0893,2026-10-05 12:00:00,38.92,EUR,CREATED,region-02893,web
ORD-P002894,CUST-0894,2026-10-05 12:00:00,38.93,EUR,CREATED,region-02894,web
ORD-P002895,CUST-0895,2026-10-05 12:00:00,38.94,EUR,CREATED,region-02895,web
ORD-P002896,CUST-0896,2026-10-05 12:00:00,38.95,EUR,CREATED,region-02896,web
ORD-P002897,CUST-0897,2026-10-05 12:00:00,38.96,EUR,CREATED,region-02897,web
ORD-P002898,CUST-0898,2026-10-05 12:00:00,38.97,EUR,CREATED,region-02898,web
ORD-P002899,CUST-0899,2026-10-05 12:00:00,38.98,EUR,CREATED,region-02899,web
ORD-P002900,CUST-0900,2026-10-05 12:00:00,38.99,EUR,CREATED,region-02900,web
ORD-P002901,CUST-0901,2026-10-05 12:00:00,39.00,EUR,CREATED,region-02901,web
ORD-P002902,CUST-0902,2026-10-05 12:00:00,39.01,EUR,CREATED,region-02902,web
ORD-P002903,CUST-0903,2026-10-05 12:00:00,39.02,EUR,CREATED,region-02903,web
ORD-P002904,CUST-0904,2026-10-05 12:00:00,39.03,EUR,CREATED,region-02904,web
ORD-P002905,CUST-0905,2026-10-05 12:00:00,39.04,EUR,CREATED,region-02905,web
ORD-P002906,CUST-0906,2026-10-05 12:00:00,39.05,EUR,CREATED,region-02906,web
ORD-P002907,CUST-0907,2026-10-05 12:00:00,39.06,EUR,CREATED,region-02907,web
ORD-P002908,CUST-0908,2026-10-05 12:00:00,39.07,EUR,CREATED,region-02908,web
ORD-P002909,CUST-0909,2026-10-05 12:00:00,39.08,EUR,CREATED,region-02909,web
ORD-P002910,CUST-0910,2026-10-05 12:00:00,39.09,EUR,CREATED,region-02910,web
ORD-P002911,CUST-0911,2026-10-05 12:00:00,39.10,EUR,CREATED,region-02911,web
ORD-P002912,CUST-0912,2026-10-05 12:00:00,39.11,EUR,CREATED,region-02912,web
ORD-P002913,CUST-0913,2026-10-05 12:00:00,39.12,EUR,CREATED,region-02913,web
ORD-P002914,CUST-0914,2026-10-05 12:00:00,39.13,EUR,CREATED,region-02914,web
ORD-P002915,CUST-0915,2026-10-05 12:00:00,39.14,EUR,CREATED,region-02915,web
ORD-P002916,CUST-0916,2026-10-05 12:00:00,39.15,EUR,CREATED,region-02916,web
ORD-P002917,CUST-0917,2026-10-05 12:00:00,39.16,EUR,CREATED,region-02917,web
ORD-P002918,CUST-0918,2026-10-05 12:00:00,39.17,EUR,CREATED,region-02918,web
ORD-P002919,CUST-0919,2026-10-05 12:00:00,39.18,EUR,CREATED,region-02919,web
ORD-P002920,CUST-0920,2026-10-05 12:00:00,39.19,EUR,CREATED,region-02920,web
ORD-P002921,CUST-0921,2026-10-05 12:00:00,39.20,EUR,CREATED,region-02921,web
ORD-P002922,CUST-0922,2026-10-05 12:00:00,39.21,EUR,CREATED,region-02922,web
ORD-P002923,CUST-0923,2026-10-05 12:00:00,39.22,EUR,CREATED,region-02923,web
ORD-P002924,CUST-0924,2026-10-05 12:00:00,39.23,EUR,CREATED,region-02924,web
ORD-P002925,CUST-0925,2026-10-05 12:00:00,39.24,EUR,CREATED,region-02925,web
ORD-P002926,CUST-0926,2026-10-05 12:00:00,39.25,EUR,CREATED,region-02926,web
ORD-P002927,CUST-0927,2026-10-05 12:00:00,39.26,EUR,CREATED,region-02927,web
ORD-P002928,CUST-0928,2026-10-05 12:00:00,39.27,EUR,CREATED,region-02928,web
ORD-P002929,CUST-0929,2026-10-05 12:00:00,39.28,EUR,CREATED,region-02929,web
ORD-P002930,CUST-0930,2026-10-05 12:00:00,39.29,EUR,CREATED,region-02930,web
ORD-P002931,CUST-0931,2026-10-05 12:00:00,39.30,EUR,CREATED,region-02931,web
ORD-P002932,CUST-0932,2026-10-05 12:00:00,39.31,EUR,CREATED,region-02932,web
ORD-P002933,CUST-0933,2026-10-05 12:00:00,39.32,EUR,CREATED,region-02933,web
ORD-P002934,CUST-0934,2026-10-05 12:00:00,39.33,EUR,CREATED,region-02934,web
ORD-P002935,CUST-0935,2026-10-05 12:00:00,39.34,EUR,CREATED,region-02935,web
ORD-P002936,CUST-0936,2026-10-05 12:00:00,39.35,EUR,CREATED,region-02936,web
ORD-P002937,CUST-0937,2026-10-05 12:00:00,39.36,EUR,CREATED,region-02937,web
ORD-P002938,CUST-0938,2026-10-05 12:00:00,39.37,EUR,CREATED,region-02938,web
ORD-P002939,CUST-0939,2026-10-05 12:00:00,39.38,EUR,CREATED,region-02939,web
ORD-P002940,CUST-0940,2026-10-05 12:00:00,39.39,EUR,CREATED,region-02940,web
ORD-P002941,CUST-0941,2026-10-05 12:00:00,39.40,EUR,CREATED,region-02941,web
ORD-P002942,CUST-0942,2026-10-05 12:00:00,39.41,EUR,CREATED,region-02942,web
ORD-P002943,CUST-0943,2026-10-05 12:00:00,39.42,EUR,CREATED,region-02943,web
ORD-P002944,CUST-0944,2026-10-05 12:00:00,39.43,EUR,CREATED,region-02944,web
ORD-P002945,CUST-0945,2026-10-05 12:00:00,39.44,EUR,CREATED,region-02945,web
ORD-P002946,CUST-0946,2026-10-05 12:00:00,39.45,EUR,CREATED,region-02946,web
ORD-P002947,CUST-0947,2026-10-05 12:00:00,39.46,EUR,CREATED,region-02947,web
ORD-P002948,CUST-0948,2026-10-05 12:00:00,39.47,EUR,CREATED,region-02948,web
ORD-P002949,CUST-0949,2026-10-05 12:00:00,39.48,EUR,CREATED,region-02949,web
ORD-P002950,CUST-0950,2026-10-05 12:00:00,39.49,EUR,CREATED,region-02950,web
ORD-P002951,CUST-0951,2026-10-05 12:00:00,39.50,EUR,CREATED,region-02951,web
ORD-P002952,CUST-0952,2026-10-05 12:00:00,39.51,EUR,CREATED,region-02952,web
ORD-P002953,CUST-0953,2026-10-05 12:00:00,39.52,EUR,CREATED,region-02953,web
ORD-P002954,CUST-0954,2026-10-05 12:00:00,39.53,EUR,CREATED,region-02954,web
ORD-P002955,CUST-0955,2026-10-05 12:00:00,39.54,EUR,CREATED,region-02955,web
ORD-P002956,CUST-0956,2026-10-05 12:00:00,39.55,EUR,CREATED,region-02956,web
ORD-P002957,CUST-0957,2026-10-05 12:00:00,39.56,EUR,CREATED,region-02957,web
ORD-P002958,CUST-0958,2026-10-05 12:00:00,39.57,EUR,CREATED,region-02958,web
ORD-P002959,CUST-0959,2026-10-05 12:00:00,39.58,EUR,CREATED,region-02959,web
ORD-P002960,CUST-0960,2026-10-05 12:00:00,39.59,EUR,CREATED,region-02960,web
ORD-P002961,CUST-0961,2026-10-05 12:00:00,39.60,EUR,CREATED,region-02961,web
ORD-P002962,CUST-0962,2026-10-05 12:00:00,39.61,EUR,CREATED,region-02962,web
ORD-P002963,CUST-0963,2026-10-05 12:00:00,39.62,EUR,CREATED,region-02963,web
ORD-P002964,CUST-0964,2026-10-05 12:00:00,39.63,EUR,CREATED,region-02964,web
ORD-P002965,CUST-0965,2026-10-05 12:00:00,39.64,EUR,CREATED,region-02965,web
ORD-P002966,CUST-0966,2026-10-05 12:00:00,39.65,EUR,CREATED,region-02966,web
ORD-P002967,CUST-0967,2026-10-05 12:00:00,39.66,EUR,CREATED,region-02967,web
ORD-P002968,CUST-0968,2026-10-05 12:00:00,39.67,EUR,CREATED,region-02968,web
ORD-P002969,CUST-0969,2026-10-05 12:00:00,39.68,EUR,CREATED,region-02969,web
ORD-P002970,CUST-0970,2026-10-05 12:00:00,39.69,EUR,CREATED,region-02970,web
ORD-P002971,CUST-0971,2026-10-05 12:00:00,39.70,EUR,CREATED,region-02971,web
ORD-P002972,CUST-0972,2026-10-05 12:00:00,39.71,EUR,CREATED,region-02972,web
ORD-P002973,CUST-0973,2026-10-05 12:00:00,39.72,EUR,CREATED,region-02973,web
ORD-P002974,CUST-0974,2026-10-05 12:00:00,39.73,EUR,CREATED,region-02974,web
ORD-P002975,CUST-0975,2026-10-05 12:00:00,39.74,EUR,CREATED,region-02975,web
ORD-P002976,CUST-0976,2026-10-05 12:00:00,39.75,EUR,CREATED,region-02976,web
ORD-P002977,CUST-0977,2026-10-05 12:00:00,39.76,EUR,CREATED,region-02977,web
ORD-P002978,CUST-0978,2026-10-05 12:00:00,39.77,EUR,CREATED,region-02978,web
ORD-P002979,CUST-0979,2026-10-05 12:00:00,39.78,EUR,CREATED,region-02979,web
ORD-P002980,CUST-0980,2026-10-05 12:00:00,39.79,EUR,CREATED,region-02980,web
ORD-P002981,CUST-0981,2026-10-05 12:00:00,39.80,EUR,CREATED,region-02981,web
ORD-P002982,CUST-0982,2026-10-05 12:00:00,39.81,EUR,CREATED,region-02982,web
ORD-P002983,CUST-0983,2026-10-05 12:00:00,39.82,EUR,CREATED,region-02983,web
ORD-P002984,CUST-0984,2026-10-05 12:00:00,39.83,EUR,CREATED,region-02984,web
ORD-P002985,CUST-0985,2026-10-05 12:00:00,39.84,EUR,CREATED,region-02985,web
ORD-P002986,CUST-0986,2026-10-05 12:00:00,39.85,EUR,CREATED,region-02986,web
ORD-P002987,CUST-0987,2026-10-05 12:00:00,39.86,EUR,CREATED,region-02987,web
ORD-P002988,CUST-0988,2026-10-05 12:00:00,39.87,EUR,CREATED,region-02988,web
ORD-P002989,CUST-0989,2026-10-05 12:00:00,39.88,EUR,CREATED,region-02989,web
ORD-P002990,CUST-0990,2026-10-05 12:00:00,39.89,EUR,CREATED,region-02990,web
ORD-P002991,CUST-0991,2026-10-05 12:00:00,39.90,EUR,CREATED,region-02991,web
ORD-P002992,CUST-0992,2026-10-05 12:00:00,39.91,EUR,CREATED,region-02992,web
ORD-P002993,CUST-0993,2026-10-05 12:00:00,39.92,EUR,CREATED,region-02993,web
ORD-P002994,CUST-0994,2026-10-05 12:00:00,39.93,EUR,CREATED,region-02994,web
ORD-P002995,CUST-0995,2026-10-05 12:00:00,39.94,EUR,CREATED,region-02995,web
ORD-P002996,CUST-0996,2026-10-05 12:00:00,39.95,EUR,CREATED,region-02996,web
ORD-P002997,CUST-0997,2026-10-05 12:00:00,39.96,EUR,CREATED,region-02997,web
ORD-P002998,CUST-0998,2026-10-05 12:00:00,39.97,EUR,CREATED,region-02998,web
ORD-P002999,CUST-0999,2026-10-05 12:00:00,39.98,EUR,CREATED,region-02999,web
ORD-P003000,CUST-1000,2026-10-05 12:00:00,39.99,EUR,CREATED,region-03000,web
ORD-P003001,CUST-1001,2026-10-05 12:00:00,40.00,EUR,CREATED,region-03001,web
ORD-P003002,CUST-1002,2026-10-05 12:00:00,40.01,EUR,CREATED,region-03002,web
ORD-P003003,CUST-1003,2026-10-05 12:00:00,40.02,EUR,CREATED,region-03003,web
ORD-P003004,CUST-1004,2026-10-05 12:00:00,40.03,EUR,CREATED,region-03004,web
ORD-P003005,CUST-1005,2026-10-05 12:00:00,40.04,EUR,CREATED,region-03005,web
ORD-P003006,CUST-1006,2026-10-05 12:00:00,40.05,EUR,CREATED,region-03006,web
ORD-P003007,CUST-1007,2026-10-05 12:00:00,40.06,EUR,CREATED,region-03007,web
ORD-P003008,CUST-1008,2026-10-05 12:00:00,40.07,EUR,CREATED,region-03008,web
ORD-P003009,CUST-1009,2026-10-05 12:00:00,40.08,EUR,CREATED,region-03009,web
ORD-P003010,CUST-1010,2026-10-05 12:00:00,40.09,EUR,CREATED,region-03010,web
ORD-P003011,CUST-1011,2026-10-05 12:00:00,40.10,EUR,CREATED,region-03011,web
ORD-P003012,CUST-1012,2026-10-05 12:00:00,40.11,EUR,CREATED,region-03012,web
ORD-P003013,CUST-1013,2026-10-05 12:00:00,40.12,EUR,CREATED,region-03013,web
ORD-P003014,CUST-1014,2026-10-05 12:00:00,40.13,EUR,CREATED,region-03014,web
ORD-P003015,CUST-1015,2026-10-05 12:00:00,40.14,EUR,CREATED,region-03015,web
ORD-P003016,CUST-1016,2026-10-05 12:00:00,40.15,EUR,CREATED,region-03016,web
ORD-P003017,CUST-1017,2026-10-05 12:00:00,40.16,EUR,CREATED,region-03017,web
ORD-P003018,CUST-1018,2026-10-05 12:00:00,40.17,EUR,CREATED,region-03018,web
ORD-P003019,CUST-1019,2026-10-05 12:00:00,40.18,EUR,CREATED,region-03019,web
ORD-P003020,CUST-1020,2026-10-05 12:00:00,40.19,EUR,CREATED,region-03020,web
ORD-P003021,CUST-1021,2026-10-05 12:00:00,40.20,EUR,CREATED,region-03021,web
ORD-P003022,CUST-1022,2026-10-05 12:00:00,40.21,EUR,CREATED,region-03022,web
ORD-P003023,CUST-1023,2026-10-05 12:00:00,40.22,EUR,CREATED,region-03023,web
ORD-P003024,CUST-1024,2026-10-05 12:00:00,40.23,EUR,CREATED,region-03024,web
ORD-P003025,CUST-1025,2026-10-05 12:00:00,40.24,EUR,CREATED,region-03025,web
ORD-P003026,CUST-1026,2026-10-05 12:00:00,40.25,EUR,CREATED,region-03026,web
ORD-P003027,CUST-1027,2026-10-05 12:00:00,40.26,EUR,CREATED,region-03027,web
ORD-P003028,CUST-1028,2026-10-05 12:00:00,40.27,EUR,CREATED,region-03028,web
ORD-P003029,CUST-1029,2026-10-05 12:00:00,40.28,EUR,CREATED,region-03029,web
ORD-P003030,CUST-1030,2026-10-05 12:00:00,40.29,EUR,CREATED,region-03030,web
ORD-P003031,CUST-1031,2026-10-05 12:00:00,40.30,EUR,CREATED,region-03031,web
ORD-P003032,CUST-1032,2026-10-05 12:00:00,40.31,EUR,CREATED,region-03032,web
ORD-P003033,CUST-1033,2026-10-05 12:00:00,40.32,EUR,CREATED,region-03033,web
ORD-P003034,CUST-1034,2026-10-05 12:00:00,40.33,EUR,CREATED,region-03034,web
ORD-P003035,CUST-1035,2026-10-05 12:00:00,40.34,EUR,CREATED,region-03035,web
ORD-P003036,CUST-1036,2026-10-05 12:00:00,40.35,EUR,CREATED,region-03036,web
ORD-P003037,CUST-1037,2026-10-05 12:00:00,40.36,EUR,CREATED,region-03037,web
ORD-P003038,CUST-1038,2026-10-05 12:00:00,40.37,EUR,CREATED,region-03038,web
ORD-P003039,CUST-1039,2026-10-05 12:00:00,40.38,EUR,CREATED,region-03039,web
ORD-P003040,CUST-1040,2026-10-05 12:00:00,40.39,EUR,CREATED,region-03040,web
ORD-P003041,CUST-1041,2026-10-05 12:00:00,40.40,EUR,CREATED,region-03041,web
ORD-P003042,CUST-1042,2026-10-05 12:00:00,40.41,EUR,CREATED,region-03042,web
ORD-P003043,CUST-1043,2026-10-05 12:00:00,40.42,EUR,CREATED,region-03043,web
ORD-P003044,CUST-1044,2026-10-05 12:00:00,40.43,EUR,CREATED,region-03044,web
ORD-P003045,CUST-1045,2026-10-05 12:00:00,40.44,EUR,CREATED,region-03045,web
ORD-P003046,CUST-1046,2026-10-05 12:00:00,40.45,EUR,CREATED,region-03046,web
ORD-P003047,CUST-1047,2026-10-05 12:00:00,40.46,EUR,CREATED,region-03047,web
ORD-P003048,CUST-1048,2026-10-05 12:00:00,40.47,EUR,CREATED,region-03048,web
ORD-P003049,CUST-1049,2026-10-05 12:00:00,40.48,EUR,CREATED,region-03049,web
ORD-P003050,CUST-1050,2026-10-05 12:00:00,40.49,EUR,CREATED,region-03050,web
ORD-P003051,CUST-1051,2026-10-05 12:00:00,40.50,EUR,CREATED,region-03051,web
ORD-P003052,CUST-1052,2026-10-05 12:00:00,40.51,EUR,CREATED,region-03052,web
ORD-P003053,CUST-1053,2026-10-05 12:00:00,40.52,EUR,CREATED,region-03053,web
ORD-P003054,CUST-1054,2026-10-05 12:00:00,40.53,EUR,CREATED,region-03054,web
ORD-P003055,CUST-1055,2026-10-05 12:00:00,40.54,EUR,CREATED,region-03055,web
ORD-P003056,CUST-1056,2026-10-05 12:00:00,40.55,EUR,CREATED,region-03056,web
ORD-P003057,CUST-1057,2026-10-05 12:00:00,40.56,EUR,CREATED,region-03057,web
ORD-P003058,CUST-1058,2026-10-05 12:00:00,40.57,EUR,CREATED,region-03058,web
ORD-P003059,CUST-1059,2026-10-05 12:00:00,40.58,EUR,CREATED,region-03059,web
ORD-P003060,CUST-1060,2026-10-05 12:00:00,40.59,EUR,CREATED,region-03060,web
ORD-P003061,CUST-1061,2026-10-05 12:00:00,40.60,EUR,CREATED,region-03061,web
ORD-P003062,CUST-1062,2026-10-05 12:00:00,40.61,EUR,CREATED,region-03062,web
ORD-P003063,CUST-1063,2026-10-05 12:00:00,40.62,EUR,CREATED,region-03063,web
ORD-P003064,CUST-1064,2026-10-05 12:00:00,40.63,EUR,CREATED,region-03064,web
ORD-P003065,CUST-1065,2026-10-05 12:00:00,40.64,EUR,CREATED,region-03065,web
ORD-P003066,CUST-1066,2026-10-05 12:00:00,40.65,EUR,CREATED,region-03066,web
ORD-P003067,CUST-1067,2026-10-05 12:00:00,40.66,EUR,CREATED,region-03067,web
ORD-P003068,CUST-1068,2026-10-05 12:00:00,40.67,EUR,CREATED,region-03068,web
ORD-P003069,CUST-1069,2026-10-05 12:00:00,40.68,EUR,CREATED,region-03069,web
ORD-P003070,CUST-1070,2026-10-05 12:00:00,40.69,EUR,CREATED,region-03070,web
ORD-P003071,CUST-1071,2026-10-05 12:00:00,40.70,EUR,CREATED,region-03071,web
ORD-P003072,CUST-1072,2026-10-05 12:00:00,40.71,EUR,CREATED,region-03072,web
ORD-P003073,CUST-1073,2026-10-05 12:00:00,40.72,EUR,CREATED,region-03073,web
ORD-P003074,CUST-1074,2026-10-05 12:00:00,40.73,EUR,CREATED,region-03074,web
ORD-P003075,CUST-1075,2026-10-05 12:00:00,40.74,EUR,CREATED,region-03075,web
ORD-P003076,CUST-1076,2026-10-05 12:00:00,40.75,EUR,CREATED,region-03076,web
ORD-P003077,CUST-1077,2026-10-05 12:00:00,40.76,EUR,CREATED,region-03077,web
ORD-P003078,CUST-1078,2026-10-05 12:00:00,40.77,EUR,CREATED,region-03078,web
ORD-P003079,CUST-1079,2026-10-05 12:00:00,40.78,EUR,CREATED,region-03079,web
ORD-P003080,CUST-1080,2026-10-05 12:00:00,40.79,EUR,CREATED,region-03080,web
ORD-P003081,CUST-1081,2026-10-05 12:00:00,40.80,EUR,CREATED,region-03081,web
ORD-P003082,CUST-1082,2026-10-05 12:00:00,40.81,EUR,CREATED,region-03082,web
ORD-P003083,CUST-1083,2026-10-05 12:00:00,40.82,EUR,CREATED,region-03083,web
ORD-P003084,CUST-1084,2026-10-05 12:00:00,40.83,EUR,CREATED,region-03084,web
ORD-P003085,CUST-1085,2026-10-05 12:00:00,40.84,EUR,CREATED,region-03085,web
ORD-P003086,CUST-1086,2026-10-05 12:00:00,40.85,EUR,CREATED,region-03086,web
ORD-P003087,CUST-1087,2026-10-05 12:00:00,40.86,EUR,CREATED,region-03087,web
ORD-P003088,CUST-1088,2026-10-05 12:00:00,40.87,EUR,CREATED,region-03088,web
ORD-P003089,CUST-1089,2026-10-05 12:00:00,40.88,EUR,CREATED,region-03089,web
ORD-P003090,CUST-1090,2026-10-05 12:00:00,40.89,EUR,CREATED,region-03090,web
ORD-P003091,CUST-1091,2026-10-05 12:00:00,40.90,EUR,CREATED,region-03091,web
ORD-P003092,CUST-1092,2026-10-05 12:00:00,40.91,EUR,CREATED,region-03092,web
ORD-P003093,CUST-1093,2026-10-05 12:00:00,40.92,EUR,CREATED,region-03093,web
ORD-P003094,CUST-1094,2026-10-05 12:00:00,40.93,EUR,CREATED,region-03094,web
ORD-P003095,CUST-1095,2026-10-05 12:00:00,40.94,EUR,CREATED,region-03095,web
ORD-P003096,CUST-1096,2026-10-05 12:00:00,40.95,EUR,CREATED,region-03096,web
ORD-P003097,CUST-1097,2026-10-05 12:00:00,40.96,EUR,CREATED,region-03097,web
ORD-P003098,CUST-1098,2026-10-05 12:00:00,40.97,EUR,CREATED,region-03098,web
ORD-P003099,CUST-1099,2026-10-05 12:00:00,40.98,EUR,CREATED,region-03099,web
ORD-P003100,CUST-1100,2026-10-05 12:00:00,40.99,EUR,CREATED,region-03100,web
ORD-P003101,CUST-1101,2026-10-05 12:00:00,41.00,EUR,CREATED,region-03101,web
ORD-P003102,CUST-1102,2026-10-05 12:00:00,41.01,EUR,CREATED,region-03102,web
ORD-P003103,CUST-1103,2026-10-05 12:00:00,41.02,EUR,CREATED,region-03103,web
ORD-P003104,CUST-1104,2026-10-05 12:00:00,41.03,EUR,CREATED,region-03104,web
ORD-P003105,CUST-1105,2026-10-05 12:00:00,41.04,EUR,CREATED,region-03105,web
ORD-P003106,CUST-1106,2026-10-05 12:00:00,41.05,EUR,CREATED,region-03106,web
ORD-P003107,CUST-1107,2026-10-05 12:00:00,41.06,EUR,CREATED,region-03107,web
ORD-P003108,CUST-1108,2026-10-05 12:00:00,41.07,EUR,CREATED,region-03108,web
ORD-P003109,CUST-1109,2026-10-05 12:00:00,41.08,EUR,CREATED,region-03109,web
ORD-P003110,CUST-1110,2026-10-05 12:00:00,41.09,EUR,CREATED,region-03110,web
ORD-P003111,CUST-1111,2026-10-05 12:00:00,41.10,EUR,CREATED,region-03111,web
ORD-P003112,CUST-1112,2026-10-05 12:00:00,41.11,EUR,CREATED,region-03112,web
ORD-P003113,CUST-1113,2026-10-05 12:00:00,41.12,EUR,CREATED,region-03113,web
ORD-P003114,CUST-1114,2026-10-05 12:00:00,41.13,EUR,CREATED,region-03114,web
ORD-P003115,CUST-1115,2026-10-05 12:00:00,41.14,EUR,CREATED,region-03115,web
ORD-P003116,CUST-1116,2026-10-05 12:00:00,41.15,EUR,CREATED,region-03116,web
ORD-P003117,CUST-1117,2026-10-05 12:00:00,41.16,EUR,CREATED,region-03117,web
ORD-P003118,CUST-1118,2026-10-05 12:00:00,41.17,EUR,CREATED,region-03118,web
ORD-P003119,CUST-1119,2026-10-05 12:00:00,41.18,EUR,CREATED,region-03119,web
ORD-P003120,CUST-1120,2026-10-05 12:00:00,41.19,EUR,CREATED,region-03120,web
ORD-P003121,CUST-1121,2026-10-05 12:00:00,41.20,EUR,CREATED,region-03121,web
ORD-P003122,CUST-1122,2026-10-05 12:00:00,41.21,EUR,CREATED,region-03122,web
ORD-P003123,CUST-1123,2026-10-05 12:00:00,41.22,EUR,CREATED,region-03123,web
ORD-P003124,CUST-1124,2026-10-05 12:00:00,41.23,EUR,CREATED,region-03124,web
ORD-P003125,CUST-1125,2026-10-05 12:00:00,41.24,EUR,CREATED,region-03125,web
ORD-P003126,CUST-1126,2026-10-05 12:00:00,41.25,EUR,CREATED,region-03126,web
ORD-P003127,CUST-1127,2026-10-05 12:00:00,41.26,EUR,CREATED,region-03127,web
ORD-P003128,CUST-1128,2026-10-05 12:00:00,41.27,EUR,CREATED,region-03128,web
ORD-P003129,CUST-1129,2026-10-05 12:00:00,41.28,EUR,CREATED,region-03129,web
ORD-P003130,CUST-1130,2026-10-05 12:00:00,41.29,EUR,CREATED,region-03130,web
ORD-P003131,CUST-1131,2026-10-05 12:00:00,41.30,EUR,CREATED,region-03131,web
ORD-P003132,CUST-1132,2026-10-05 12:00:00,41.31,EUR,CREATED,region-03132,web
ORD-P003133,CUST-1133,2026-10-05 12:00:00,41.32,EUR,CREATED,region-03133,web
ORD-P003134,CUST-1134,2026-10-05 12:00:00,41.33,EUR,CREATED,region-03134,web
ORD-P003135,CUST-1135,2026-10-05 12:00:00,41.34,EUR,CREATED,region-03135,web
ORD-P003136,CUST-1136,2026-10-05 12:00:00,41.35,EUR,CREATED,region-03136,web
ORD-P003137,CUST-1137,2026-10-05 12:00:00,41.36,EUR,CREATED,region-03137,web
ORD-P003138,CUST-1138,2026-10-05 12:00:00,41.37,EUR,CREATED,region-03138,web
ORD-P003139,CUST-1139,2026-10-05 12:00:00,41.38,EUR,CREATED,region-03139,web
ORD-P003140,CUST-1140,2026-10-05 12:00:00,41.39,EUR,CREATED,region-03140,web
ORD-P003141,CUST-1141,2026-10-05 12:00:00,41.40,EUR,CREATED,region-03141,web
ORD-P003142,CUST-1142,2026-10-05 12:00:00,41.41,EUR,CREATED,region-03142,web
ORD-P003143,CUST-1143,2026-10-05 12:00:00,41.42,EUR,CREATED,region-03143,web
ORD-P003144,CUST-1144,2026-10-05 12:00:00,41.43,EUR,CREATED,region-03144,web
ORD-P003145,CUST-1145,2026-10-05 12:00:00,41.44,EUR,CREATED,region-03145,web
ORD-P003146,CUST-1146,2026-10-05 12:00:00,41.45,EUR,CREATED,region-03146,web
ORD-P003147,CUST-1147,2026-10-05 12:00:00,41.46,EUR,CREATED,region-03147,web
ORD-P003148,CUST-1148,2026-10-05 12:00:00,41.47,EUR,CREATED,region-03148,web
ORD-P003149,CUST-1149,2026-10-05 12:00:00,41.48,EUR,CREATED,region-03149,web
ORD-P003150,CUST-1150,2026-10-05 12:00:00,41.49,EUR,CREATED,region-03150,web
ORD-P003151,CUST-1151,2026-10-05 12:00:00,41.50,EUR,CREATED,region-03151,web
ORD-P003152,CUST-1152,2026-10-05 12:00:00,41.51,EUR,CREATED,region-03152,web
ORD-P003153,CUST-1153,2026-10-05 12:00:00,41.52,EUR,CREATED,region-03153,web
ORD-P003154,CUST-1154,2026-10-05 12:00:00,41.53,EUR,CREATED,region-03154,web
ORD-P003155,CUST-1155,2026-10-05 12:00:00,41.54,EUR,CREATED,region-03155,web
ORD-P003156,CUST-1156,2026-10-05 12:00:00,41.55,EUR,CREATED,region-03156,web
ORD-P003157,CUST-1157,2026-10-05 12:00:00,41.56,EUR,CREATED,region-03157,web
ORD-P003158,CUST-1158,2026-10-05 12:00:00,41.57,EUR,CREATED,region-03158,web
ORD-P003159,CUST-1159,2026-10-05 12:00:00,41.58,EUR,CREATED,region-03159,web
ORD-P003160,CUST-1160,2026-10-05 12:00:00,41.59,EUR,CREATED,region-03160,web
ORD-P003161,CUST-1161,2026-10-05 12:00:00,41.60,EUR,CREATED,region-03161,web
ORD-P003162,CUST-1162,2026-10-05 12:00:00,41.61,EUR,CREATED,region-03162,web
ORD-P003163,CUST-1163,2026-10-05 12:00:00,41.62,EUR,CREATED,region-03163,web
ORD-P003164,CUST-1164,2026-10-05 12:00:00,41.63,EUR,CREATED,region-03164,web
ORD-P003165,CUST-1165,2026-10-05 12:00:00,41.64,EUR,CREATED,region-03165,web
ORD-P003166,CUST-1166,2026-10-05 12:00:00,41.65,EUR,CREATED,region-03166,web
ORD-P003167,CUST-1167,2026-10-05 12:00:00,41.66,EUR,CREATED,region-03167,web
ORD-P003168,CUST-1168,2026-10-05 12:00:00,41.67,EUR,CREATED,region-03168,web
ORD-P003169,CUST-1169,2026-10-05 12:00:00,41.68,EUR,CREATED,region-03169,web
ORD-P003170,CUST-1170,2026-10-05 12:00:00,41.69,EUR,CREATED,region-03170,web
ORD-P003171,CUST-1171,2026-10-05 12:00:00,41.70,EUR,CREATED,region-03171,web
ORD-P003172,CUST-1172,2026-10-05 12:00:00,41.71,EUR,CREATED,region-03172,web
ORD-P003173,CUST-1173,2026-10-05 12:00:00,41.72,EUR,CREATED,region-03173,web
ORD-P003174,CUST-1174,2026-10-05 12:00:00,41.73,EUR,CREATED,region-03174,web
ORD-P003175,CUST-1175,2026-10-05 12:00:00,41.74,EUR,CREATED,region-03175,web
ORD-P003176,CUST-1176,2026-10-05 12:00:00,41.75,EUR,CREATED,region-03176,web
ORD-P003177,CUST-1177,2026-10-05 12:00:00,41.76,EUR,CREATED,region-03177,web
ORD-P003178,CUST-1178,2026-10-05 12:00:00,41.77,EUR,CREATED,region-03178,web
ORD-P003179,CUST-1179,2026-10-05 12:00:00,41.78,EUR,CREATED,region-03179,web
ORD-P003180,CUST-1180,2026-10-05 12:00:00,41.79,EUR,CREATED,region-03180,web
ORD-P003181,CUST-1181,2026-10-05 12:00:00,41.80,EUR,CREATED,region-03181,web
ORD-P003182,CUST-1182,2026-10-05 12:00:00,41.81,EUR,CREATED,region-03182,web
ORD-P003183,CUST-1183,2026-10-05 12:00:00,41.82,EUR,CREATED,region-03183,web
ORD-P003184,CUST-1184,2026-10-05 12:00:00,41.83,EUR,CREATED,region-03184,web
ORD-P003185,CUST-1185,2026-10-05 12:00:00,41.84,EUR,CREATED,region-03185,web
ORD-P003186,CUST-1186,2026-10-05 12:00:00,41.85,EUR,CREATED,region-03186,web
ORD-P003187,CUST-1187,2026-10-05 12:00:00,41.86,EUR,CREATED,region-03187,web
ORD-P003188,CUST-1188,2026-10-05 12:00:00,41.87,EUR,CREATED,region-03188,web
ORD-P003189,CUST-1189,2026-10-05 12:00:00,41.88,EUR,CREATED,region-03189,web
ORD-P003190,CUST-1190,2026-10-05 12:00:00,41.89,EUR,CREATED,region-03190,web
ORD-P003191,CUST-1191,2026-10-05 12:00:00,41.90,EUR,CREATED,region-03191,web
ORD-P003192,CUST-1192,2026-10-05 12:00:00,41.91,EUR,CREATED,region-03192,web
ORD-P003193,CUST-1193,2026-10-05 12:00:00,41.92,EUR,CREATED,region-03193,web
ORD-P003194,CUST-1194,2026-10-05 12:00:00,41.93,EUR,CREATED,region-03194,web
ORD-P003195,CUST-1195,2026-10-05 12:00:00,41.94,EUR,CREATED,region-03195,web
ORD-P003196,CUST-1196,2026-10-05 12:00:00,41.95,EUR,CREATED,region-03196,web
ORD-P003197,CUST-1197,2026-10-05 12:00:00,41.96,EUR,CREATED,region-03197,web
ORD-P003198,CUST-1198,2026-10-05 12:00:00,41.97,EUR,CREATED,region-03198,web
ORD-P003199,CUST-1199,2026-10-05 12:00:00,41.98,EUR,CREATED,region-03199,web
ORD-P003200,CUST-1200,2026-10-05 12:00:00,41.99,EUR,CREATED,region-03200,web
ORD-P003201,CUST-1201,2026-10-05 12:00:00,42.00,EUR,CREATED,region-03201,web
ORD-P003202,CUST-1202,2026-10-05 12:00:00,42.01,EUR,CREATED,region-03202,web
ORD-P003203,CUST-1203,2026-10-05 12:00:00,42.02,EUR,CREATED,region-03203,web
ORD-P003204,CUST-1204,2026-10-05 12:00:00,42.03,EUR,CREATED,region-03204,web
ORD-P003205,CUST-1205,2026-10-05 12:00:00,42.04,EUR,CREATED,region-03205,web
ORD-P003206,CUST-1206,2026-10-05 12:00:00,42.05,EUR,CREATED,region-03206,web
ORD-P003207,CUST-1207,2026-10-05 12:00:00,42.06,EUR,CREATED,region-03207,web
ORD-P003208,CUST-1208,2026-10-05 12:00:00,42.07,EUR,CREATED,region-03208,web
ORD-P003209,CUST-1209,2026-10-05 12:00:00,42.08,EUR,CREATED,region-03209,web
ORD-P003210,CUST-1210,2026-10-05 12:00:00,42.09,EUR,CREATED,region-03210,web
ORD-P003211,CUST-1211,2026-10-05 12:00:00,42.10,EUR,CREATED,region-03211,web
ORD-P003212,CUST-1212,2026-10-05 12:00:00,42.11,EUR,CREATED,region-03212,web
ORD-P003213,CUST-1213,2026-10-05 12:00:00,42.12,EUR,CREATED,region-03213,web
ORD-P003214,CUST-1214,2026-10-05 12:00:00,42.13,EUR,CREATED,region-03214,web
ORD-P003215,CUST-1215,2026-10-05 12:00:00,42.14,EUR,CREATED,region-03215,web
ORD-P003216,CUST-1216,2026-10-05 12:00:00,42.15,EUR,CREATED,region-03216,web
ORD-P003217,CUST-1217,2026-10-05 12:00:00,42.16,EUR,CREATED,region-03217,web
ORD-P003218,CUST-1218,2026-10-05 12:00:00,42.17,EUR,CREATED,region-03218,web
ORD-P003219,CUST-1219,2026-10-05 12:00:00,42.18,EUR,CREATED,region-03219,web
ORD-P003220,CUST-1220,2026-10-05 12:00:00,42.19,EUR,CREATED,region-03220,web
ORD-P003221,CUST-1221,2026-10-05 12:00:00,42.20,EUR,CREATED,region-03221,web
ORD-P003222,CUST-1222,2026-10-05 12:00:00,42.21,EUR,CREATED,region-03222,web
ORD-P003223,CUST-1223,2026-10-05 12:00:00,42.22,EUR,CREATED,region-03223,web
ORD-P003224,CUST-1224,2026-10-05 12:00:00,42.23,EUR,CREATED,region-03224,web
ORD-P003225,CUST-1225,2026-10-05 12:00:00,42.24,EUR,CREATED,region-03225,web
ORD-P003226,CUST-1226,2026-10-05 12:00:00,42.25,EUR,CREATED,region-03226,web
ORD-P003227,CUST-1227,2026-10-05 12:00:00,42.26,EUR,CREATED,region-03227,web
ORD-P003228,CUST-1228,2026-10-05 12:00:00,42.27,EUR,CREATED,region-03228,web
ORD-P003229,CUST-1229,2026-10-05 12:00:00,42.28,EUR,CREATED,region-03229,web
ORD-P003230,CUST-1230,2026-10-05 12:00:00,42.29,EUR,CREATED,region-03230,web
ORD-P003231,CUST-1231,2026-10-05 12:00:00,42.30,EUR,CREATED,region-03231,web
ORD-P003232,CUST-1232,2026-10-05 12:00:00,42.31,EUR,CREATED,region-03232,web
ORD-P003233,CUST-1233,2026-10-05 12:00:00,42.32,EUR,CREATED,region-03233,web
ORD-P003234,CUST-1234,2026-10-05 12:00:00,42.33,EUR,CREATED,region-03234,web
ORD-P003235,CUST-1235,2026-10-05 12:00:00,42.34,EUR,CREATED,region-03235,web
ORD-P003236,CUST-1236,2026-10-05 12:00:00,42.35,EUR,CREATED,region-03236,web
ORD-P003237,CUST-1237,2026-10-05 12:00:00,42.36,EUR,CREATED,region-03237,web
ORD-P003238,CUST-1238,2026-10-05 12:00:00,42.37,EUR,CREATED,region-03238,web
ORD-P003239,CUST-1239,2026-10-05 12:00:00,42.38,EUR,CREATED,region-03239,web
ORD-P003240,CUST-1240,2026-10-05 12:00:00,42.39,EUR,CREATED,region-03240,web
ORD-P003241,CUST-1241,2026-10-05 12:00:00,42.40,EUR,CREATED,region-03241,web
ORD-P003242,CUST-1242,2026-10-05 12:00:00,42.41,EUR,CREATED,region-03242,web
ORD-P003243,CUST-1243,2026-10-05 12:00:00,42.42,EUR,CREATED,region-03243,web
ORD-P003244,CUST-1244,2026-10-05 12:00:00,42.43,EUR,CREATED,region-03244,web
ORD-P003245,CUST-1245,2026-10-05 12:00:00,42.44,EUR,CREATED,region-03245,web
ORD-P003246,CUST-1246,2026-10-05 12:00:00,42.45,EUR,CREATED,region-03246,web
ORD-P003247,CUST-1247,2026-10-05 12:00:00,42.46,EUR,CREATED,region-03247,web
ORD-P003248,CUST-1248,2026-10-05 12:00:00,42.47,EUR,CREATED,region-03248,web
ORD-P003249,CUST-1249,2026-10-05 12:00:00,42.48,EUR,CREATED,region-03249,web
ORD-P003250,CUST-1250,2026-10-05 12:00:00,42.49,EUR,CREATED,region-03250,web
ORD-P003251,CUST-1251,2026-10-05 12:00:00,42.50,EUR,CREATED,region-03251,web
ORD-P003252,CUST-1252,2026-10-05 12:00:00,42.51,EUR,CREATED,region-03252,web
ORD-P003253,CUST-1253,2026-10-05 12:00:00,42.52,EUR,CREATED,region-03253,web
ORD-P003254,CUST-1254,2026-10-05 12:00:00,42.53,EUR,CREATED,region-03254,web
ORD-P003255,CUST-1255,2026-10-05 12:00:00,42.54,EUR,CREATED,region-03255,web
ORD-P003256,CUST-1256,2026-10-05 12:00:00,42.55,EUR,CREATED,region-03256,web
ORD-P003257,CUST-1257,2026-10-05 12:00:00,42.56,EUR,CREATED,region-03257,web
ORD-P003258,CUST-1258,2026-10-05 12:00:00,42.57,EUR,CREATED,region-03258,web
ORD-P003259,CUST-1259,2026-10-05 12:00:00,42.58,EUR,CREATED,region-03259,web
ORD-P003260,CUST-1260,2026-10-05 12:00:00,42.59,EUR,CREATED,region-03260,web
ORD-P003261,CUST-1261,2026-10-05 12:00:00,42.60,EUR,CREATED,region-03261,web
ORD-P003262,CUST-1262,2026-10-05 12:00:00,42.61,EUR,CREATED,region-03262,web
ORD-P003263,CUST-1263,2026-10-05 12:00:00,42.62,EUR,CREATED,region-03263,web
ORD-P003264,CUST-1264,2026-10-05 12:00:00,42.63,EUR,CREATED,region-03264,web
ORD-P003265,CUST-1265,2026-10-05 12:00:00,42.64,EUR,CREATED,region-03265,web
ORD-P003266,CUST-1266,2026-10-05 12:00:00,42.65,EUR,CREATED,region-03266,web
ORD-P003267,CUST-1267,2026-10-05 12:00:00,42.66,EUR,CREATED,region-03267,web
ORD-P003268,CUST-1268,2026-10-05 12:00:00,42.67,EUR,CREATED,region-03268,web
ORD-P003269,CUST-1269,2026-10-05 12:00:00,42.68,EUR,CREATED,region-03269,web
ORD-P003270,CUST-1270,2026-10-05 12:00:00,42.69,EUR,CREATED,region-03270,web
ORD-P003271,CUST-1271,2026-10-05 12:00:00,42.70,EUR,CREATED,region-03271,web
ORD-P003272,CUST-1272,2026-10-05 12:00:00,42.71,EUR,CREATED,region-03272,web
ORD-P003273,CUST-1273,2026-10-05 12:00:00,42.72,EUR,CREATED,region-03273,web
ORD-P003274,CUST-1274,2026-10-05 12:00:00,42.73,EUR,CREATED,region-03274,web
ORD-P003275,CUST-1275,2026-10-05 12:00:00,42.74,EUR,CREATED,region-03275,web
ORD-P003276,CUST-1276,2026-10-05 12:00:00,42.75,EUR,CREATED,region-03276,web
ORD-P003277,CUST-1277,2026-10-05 12:00:00,42.76,EUR,CREATED,region-03277,web
ORD-P003278,CUST-1278,2026-10-05 12:00:00,42.77,EUR,CREATED,region-03278,web
ORD-P003279,CUST-1279,2026-10-05 12:00:00,42.78,EUR,CREATED,region-03279,web
ORD-P003280,CUST-1280,2026-10-05 12:00:00,42.79,EUR,CREATED,region-03280,web
ORD-P003281,CUST-1281,2026-10-05 12:00:00,42.80,EUR,CREATED,region-03281,web
ORD-P003282,CUST-1282,2026-10-05 12:00:00,42.81,EUR,CREATED,region-03282,web
ORD-P003283,CUST-1283,2026-10-05 12:00:00,42.82,EUR,CREATED,region-03283,web
ORD-P003284,CUST-1284,2026-10-05 12:00:00,42.83,EUR,CREATED,region-03284,web
ORD-P003285,CUST-1285,2026-10-05 12:00:00,42.84,EUR,CREATED,region-03285,web
ORD-P003286,CUST-1286,2026-10-05 12:00:00,42.85,EUR,CREATED,region-03286,web
ORD-P003287,CUST-1287,2026-10-05 12:00:00,42.86,EUR,CREATED,region-03287,web
ORD-P003288,CUST-1288,2026-10-05 12:00:00,42.87,EUR,CREATED,region-03288,web
ORD-P003289,CUST-1289,2026-10-05 12:00:00,42.88,EUR,CREATED,region-03289,web
ORD-P003290,CUST-1290,2026-10-05 12:00:00,42.89,EUR,CREATED,region-03290,web
ORD-P003291,CUST-1291,2026-10-05 12:00:00,42.90,EUR,CREATED,region-03291,web
ORD-P003292,CUST-1292,2026-10-05 12:00:00,42.91,EUR,CREATED,region-03292,web
ORD-P003293,CUST-1293,2026-10-05 12:00:00,42.92,EUR,CREATED,region-03293,web
ORD-P003294,CUST-1294,2026-10-05 12:00:00,42.93,EUR,CREATED,region-03294,web
ORD-P003295,CUST-1295,2026-10-05 12:00:00,42.94,EUR,CREATED,region-03295,web
ORD-P003296,CUST-1296,2026-10-05 12:00:00,42.95,EUR,CREATED,region-03296,web
ORD-P003297,CUST-1297,2026-10-05 12:00:00,42.96,EUR,CREATED,region-03297,web
ORD-P003298,CUST-1298,2026-10-05 12:00:00,42.97,EUR,CREATED,region-03298,web
ORD-P003299,CUST-1299,2026-10-05 12:00:00,42.98,EUR,CREATED,region-03299,web
ORD-P003300,CUST-1300,2026-10-05 12:00:00,42.99,EUR,CREATED,region-03300,web
ORD-P003301,CUST-1301,2026-10-05 12:00:00,43.00,EUR,CREATED,region-03301,web
ORD-P003302,CUST-1302,2026-10-05 12:00:00,43.01,EUR,CREATED,region-03302,web
ORD-P003303,CUST-1303,2026-10-05 12:00:00,43.02,EUR,CREATED,region-03303,web
ORD-P003304,CUST-1304,2026-10-05 12:00:00,43.03,EUR,CREATED,region-03304,web
ORD-P003305,CUST-1305,2026-10-05 12:00:00,43.04,EUR,CREATED,region-03305,web
ORD-P003306,CUST-1306,2026-10-05 12:00:00,43.05,EUR,CREATED,region-03306,web
ORD-P003307,CUST-1307,2026-10-05 12:00:00,43.06,EUR,CREATED,region-03307,web
ORD-P003308,CUST-1308,2026-10-05 12:00:00,43.07,EUR,CREATED,region-03308,web
ORD-P003309,CUST-1309,2026-10-05 12:00:00,43.08,EUR,CREATED,region-03309,web
ORD-P003310,CUST-1310,2026-10-05 12:00:00,43.09,EUR,CREATED,region-03310,web
ORD-P003311,CUST-1311,2026-10-05 12:00:00,43.10,EUR,CREATED,region-03311,web
ORD-P003312,CUST-1312,2026-10-05 12:00:00,43.11,EUR,CREATED,region-03312,web
ORD-P003313,CUST-1313,2026-10-05 12:00:00,43.12,EUR,CREATED,region-03313,web
ORD-P003314,CUST-1314,2026-10-05 12:00:00,43.13,EUR,CREATED,region-03314,web
ORD-P003315,CUST-1315,2026-10-05 12:00:00,43.14,EUR,CREATED,region-03315,web
ORD-P003316,CUST-1316,2026-10-05 12:00:00,43.15,EUR,CREATED,region-03316,web
ORD-P003317,CUST-1317,2026-10-05 12:00:00,43.16,EUR,CREATED,region-03317,web
ORD-P003318,CUST-1318,2026-10-05 12:00:00,43.17,EUR,CREATED,region-03318,web
ORD-P003319,CUST-1319,2026-10-05 12:00:00,43.18,EUR,CREATED,region-03319,web
ORD-P003320,CUST-1320,2026-10-05 12:00:00,43.19,EUR,CREATED,region-03320,web
ORD-P003321,CUST-1321,2026-10-05 12:00:00,43.20,EUR,CREATED,region-03321,web
ORD-P003322,CUST-1322,2026-10-05 12:00:00,43.21,EUR,CREATED,region-03322,web
ORD-P003323,CUST-1323,2026-10-05 12:00:00,43.22,EUR,CREATED,region-03323,web
ORD-P003324,CUST-1324,2026-10-05 12:00:00,43.23,EUR,CREATED,region-03324,web
ORD-P003325,CUST-1325,2026-10-05 12:00:00,43.24,EUR,CREATED,region-03325,web
ORD-P003326,CUST-1326,2026-10-05 12:00:00,43.25,EUR,CREATED,region-03326,web
ORD-P003327,CUST-1327,2026-10-05 12:00:00,43.26,EUR,CREATED,region-03327,web
ORD-P003328,CUST-1328,2026-10-05 12:00:00,43.27,EUR,CREATED,region-03328,web
ORD-P003329,CUST-1329,2026-10-05 12:00:00,43.28,EUR,CREATED,region-03329,web
ORD-P003330,CUST-1330,2026-10-05 12:00:00,43.29,EUR,CREATED,region-03330,web
ORD-P003331,CUST-1331,2026-10-05 12:00:00,43.30,EUR,CREATED,region-03331,web
ORD-P003332,CUST-1332,2026-10-05 12:00:00,43.31,EUR,CREATED,region-03332,web
ORD-P003333,CUST-1333,2026-10-05 12:00:00,43.32,EUR,CREATED,region-03333,web
ORD-P003334,CUST-1334,2026-10-05 12:00:00,43.33,EUR,CREATED,region-03334,web
ORD-P003335,CUST-1335,2026-10-05 12:00:00,43.34,EUR,CREATED,region-03335,web
ORD-P003336,CUST-1336,2026-10-05 12:00:00,43.35,EUR,CREATED,region-03336,web
ORD-P003337,CUST-1337,2026-10-05 12:00:00,43.36,EUR,CREATED,region-03337,web
ORD-P003338,CUST-1338,2026-10-05 12:00:00,43.37,EUR,CREATED,region-03338,web
ORD-P003339,CUST-1339,2026-10-05 12:00:00,43.38,EUR,CREATED,region-03339,web
ORD-P003340,CUST-1340,2026-10-05 12:00:00,43.39,EUR,CREATED,region-03340,web
ORD-P003341,CUST-1341,2026-10-05 12:00:00,43.40,EUR,CREATED,region-03341,web
ORD-P003342,CUST-1342,2026-10-05 12:00:00,43.41,EUR,CREATED,region-03342,web
ORD-P003343,CUST-1343,2026-10-05 12:00:00,43.42,EUR,CREATED,region-03343,web
ORD-P003344,CUST-1344,2026-10-05 12:00:00,43.43,EUR,CREATED,region-03344,web
ORD-P003345,CUST-1345,2026-10-05 12:00:00,43.44,EUR,CREATED,region-03345,web
ORD-P003346,CUST-1346,2026-10-05 12:00:00,43.45,EUR,CREATED,region-03346,web
ORD-P003347,CUST-1347,2026-10-05 12:00:00,43.46,EUR,CREATED,region-03347,web
ORD-P003348,CUST-1348,2026-10-05 12:00:00,43.47,EUR,CREATED,region-03348,web
ORD-P003349,CUST-1349,2026-10-05 12:00:00,43.48,EUR,CREATED,region-03349,web
ORD-P003350,CUST-1350,2026-10-05 12:00:00,43.49,EUR,CREATED,region-03350,web
ORD-P003351,CUST-1351,2026-10-05 12:00:00,43.50,EUR,CREATED,region-03351,web
ORD-P003352,CUST-1352,2026-10-05 12:00:00,43.51,EUR,CREATED,region-03352,web
ORD-P003353,CUST-1353,2026-10-05 12:00:00,43.52,EUR,CREATED,region-03353,web
ORD-P003354,CUST-1354,2026-10-05 12:00:00,43.53,EUR,CREATED,region-03354,web
ORD-P003355,CUST-1355,2026-10-05 12:00:00,43.54,EUR,CREATED,region-03355,web
ORD-P003356,CUST-1356,2026-10-05 12:00:00,43.55,EUR,CREATED,region-03356,web
ORD-P003357,CUST-1357,2026-10-05 12:00:00,43.56,EUR,CREATED,region-03357,web
ORD-P003358,CUST-1358,2026-10-05 12:00:00,43.57,EUR,CREATED,region-03358,web
ORD-P003359,CUST-1359,2026-10-05 12:00:00,43.58,EUR,CREATED,region-03359,web
ORD-P003360,CUST-1360,2026-10-05 12:00:00,43.59,EUR,CREATED,region-03360,web
ORD-P003361,CUST-1361,2026-10-05 12:00:00,43.60,EUR,CREATED,region-03361,web
ORD-P003362,CUST-1362,2026-10-05 12:00:00,43.61,EUR,CREATED,region-03362,web
ORD-P003363,CUST-1363,2026-10-05 12:00:00,43.62,EUR,CREATED,region-03363,web
ORD-P003364,CUST-1364,2026-10-05 12:00:00,43.63,EUR,CREATED,region-03364,web
ORD-P003365,CUST-1365,2026-10-05 12:00:00,43.64,EUR,CREATED,region-03365,web
ORD-P003366,CUST-1366,2026-10-05 12:00:00,43.65,EUR,CREATED,region-03366,web
ORD-P003367,CUST-1367,2026-10-05 12:00:00,43.66,EUR,CREATED,region-03367,web
ORD-P003368,CUST-1368,2026-10-05 12:00:00,43.67,EUR,CREATED,region-03368,web
ORD-P003369,CUST-1369,2026-10-05 12:00:00,43.68,EUR,CREATED,region-03369,web
ORD-P003370,CUST-1370,2026-10-05 12:00:00,43.69,EUR,CREATED,region-03370,web
ORD-P003371,CUST-1371,2026-10-05 12:00:00,43.70,EUR,CREATED,region-03371,web
ORD-P003372,CUST-1372,2026-10-05 12:00:00,43.71,EUR,CREATED,region-03372,web
ORD-P003373,CUST-1373,2026-10-05 12:00:00,43.72,EUR,CREATED,region-03373,web
ORD-P003374,CUST-1374,2026-10-05 12:00:00,43.73,EUR,CREATED,region-03374,web
ORD-P003375,CUST-1375,2026-10-05 12:00:00,43.74,EUR,CREATED,region-03375,web
ORD-P003376,CUST-1376,2026-10-05 12:00:00,43.75,EUR,CREATED,region-03376,web
ORD-P003377,CUST-1377,2026-10-05 12:00:00,43.76,EUR,CREATED,region-03377,web
ORD-P003378,CUST-1378,2026-10-05 12:00:00,43.77,EUR,CREATED,region-03378,web
ORD-P003379,CUST-1379,2026-10-05 12:00:00,43.78,EUR,CREATED,region-03379,web
ORD-P003380,CUST-1380,2026-10-05 12:00:00,43.79,EUR,CREATED,region-03380,web
ORD-P003381,CUST-1381,2026-10-05 12:00:00,43.80,EUR,CREATED,region-03381,web
ORD-P003382,CUST-1382,2026-10-05 12:00:00,43.81,EUR,CREATED,region-03382,web
ORD-P003383,CUST-1383,2026-10-05 12:00:00,43.82,EUR,CREATED,region-03383,web
ORD-P003384,CUST-1384,2026-10-05 12:00:00,43.83,EUR,CREATED,region-03384,web
ORD-P003385,CUST-1385,2026-10-05 12:00:00,43.84,EUR,CREATED,region-03385,web
ORD-P003386,CUST-1386,2026-10-05 12:00:00,43.85,EUR,CREATED,region-03386,web
ORD-P003387,CUST-1387,2026-10-05 12:00:00,43.86,EUR,CREATED,region-03387,web
ORD-P003388,CUST-1388,2026-10-05 12:00:00,43.87,EUR,CREATED,region-03388,web
ORD-P003389,CUST-1389,2026-10-05 12:00:00,43.88,EUR,CREATED,region-03389,web
ORD-P003390,CUST-1390,2026-10-05 12:00:00,43.89,EUR,CREATED,region-03390,web
ORD-P003391,CUST-1391,2026-10-05 12:00:00,43.90,EUR,CREATED,region-03391,web
ORD-P003392,CUST-1392,2026-10-05 12:00:00,43.91,EUR,CREATED,region-03392,web
ORD-P003393,CUST-1393,2026-10-05 12:00:00,43.92,EUR,CREATED,region-03393,web
ORD-P003394,CUST-1394,2026-10-05 12:00:00,43.93,EUR,CREATED,region-03394,web
ORD-P003395,CUST-1395,2026-10-05 12:00:00,43.94,EUR,CREATED,region-03395,web
ORD-P003396,CUST-1396,2026-10-05 12:00:00,43.95,EUR,CREATED,region-03396,web
ORD-P003397,CUST-1397,2026-10-05 12:00:00,43.96,EUR,CREATED,region-03397,web
ORD-P003398,CUST-1398,2026-10-05 12:00:00,43.97,EUR,CREATED,region-03398,web
ORD-P003399,CUST-1399,2026-10-05 12:00:00,43.98,EUR,CREATED,region-03399,web
ORD-P003400,CUST-1400,2026-10-05 12:00:00,43.99,EUR,CREATED,region-03400,web
ORD-P003401,CUST-1401,2026-10-05 12:00:00,44.00,EUR,CREATED,region-03401,web
ORD-P003402,CUST-1402,2026-10-05 12:00:00,44.01,EUR,CREATED,region-03402,web
ORD-P003403,CUST-1403,2026-10-05 12:00:00,44.02,EUR,CREATED,region-03403,web
ORD-P003404,CUST-1404,2026-10-05 12:00:00,44.03,EUR,CREATED,region-03404,web
ORD-P003405,CUST-1405,2026-10-05 12:00:00,44.04,EUR,CREATED,region-03405,web
ORD-P003406,CUST-1406,2026-10-05 12:00:00,44.05,EUR,CREATED,region-03406,web
ORD-P003407,CUST-1407,2026-10-05 12:00:00,44.06,EUR,CREATED,region-03407,web
ORD-P003408,CUST-1408,2026-10-05 12:00:00,44.07,EUR,CREATED,region-03408,web
ORD-P003409,CUST-1409,2026-10-05 12:00:00,44.08,EUR,CREATED,region-03409,web
ORD-P003410,CUST-1410,2026-10-05 12:00:00,44.09,EUR,CREATED,region-03410,web
ORD-P003411,CUST-1411,2026-10-05 12:00:00,44.10,EUR,CREATED,region-03411,web
ORD-P003412,CUST-1412,2026-10-05 12:00:00,44.11,EUR,CREATED,region-03412,web
ORD-P003413,CUST-1413,2026-10-05 12:00:00,44.12,EUR,CREATED,region-03413,web
ORD-P003414,CUST-1414,2026-10-05 12:00:00,44.13,EUR,CREATED,region-03414,web
ORD-P003415,CUST-1415,2026-10-05 12:00:00,44.14,EUR,CREATED,region-03415,web
ORD-P003416,CUST-1416,2026-10-05 12:00:00,44.15,EUR,CREATED,region-03416,web
ORD-P003417,CUST-1417,2026-10-05 12:00:00,44.16,EUR,CREATED,region-03417,web
ORD-P003418,CUST-1418,2026-10-05 12:00:00,44.17,EUR,CREATED,region-03418,web
ORD-P003419,CUST-1419,2026-10-05 12:00:00,44.18,EUR,CREATED,region-03419,web
ORD-P003420,CUST-1420,2026-10-05 12:00:00,44.19,EUR,CREATED,region-03420,web
ORD-P003421,CUST-1421,2026-10-05 12:00:00,44.20,EUR,CREATED,region-03421,web
ORD-P003422,CUST-1422,2026-10-05 12:00:00,44.21,EUR,CREATED,region-03422,web
ORD-P003423,CUST-1423,2026-10-05 12:00:00,44.22,EUR,CREATED,region-03423,web
ORD-P003424,CUST-1424,2026-10-05 12:00:00,44.23,EUR,CREATED,region-03424,web
ORD-P003425,CUST-1425,2026-10-05 12:00:00,44.24,EUR,CREATED,region-03425,web
ORD-P003426,CUST-1426,2026-10-05 12:00:00,44.25,EUR,CREATED,region-03426,web
ORD-P003427,CUST-1427,2026-10-05 12:00:00,44.26,EUR,CREATED,region-03427,web
ORD-P003428,CUST-1428,2026-10-05 12:00:00,44.27,EUR,CREATED,region-03428,web
ORD-P003429,CUST-1429,2026-10-05 12:00:00,44.28,EUR,CREATED,region-03429,web
ORD-P003430,CUST-1430,2026-10-05 12:00:00,44.29,EUR,CREATED,region-03430,web
ORD-P003431,CUST-1431,2026-10-05 12:00:00,44.30,EUR,CREATED,region-03431,web
ORD-P003432,CUST-1432,2026-10-05 12:00:00,44.31,EUR,CREATED,region-03432,web
ORD-P003433,CUST-1433,2026-10-05 12:00:00,44.32,EUR,CREATED,region-03433,web
ORD-P003434,CUST-1434,2026-10-05 12:00:00,44.33,EUR,CREATED,region-03434,web
ORD-P003435,CUST-1435,2026-10-05 12:00:00,44.34,EUR,CREATED,region-03435,web
ORD-P003436,CUST-1436,2026-10-05 12:00:00,44.35,EUR,CREATED,region-03436,web
ORD-P003437,CUST-1437,2026-10-05 12:00:00,44.36,EUR,CREATED,region-03437,web
ORD-P003438,CUST-1438,2026-10-05 12:00:00,44.37,EUR,CREATED,region-03438,web
ORD-P003439,CUST-1439,2026-10-05 12:00:00,44.38,EUR,CREATED,region-03439,web
ORD-P003440,CUST-1440,2026-10-05 12:00:00,44.39,EUR,CREATED,region-03440,web
ORD-P003441,CUST-1441,2026-10-05 12:00:00,44.40,EUR,CREATED,region-03441,web
ORD-P003442,CUST-1442,2026-10-05 12:00:00,44.41,EUR,CREATED,region-03442,web
ORD-P003443,CUST-1443,2026-10-05 12:00:00,44.42,EUR,CREATED,region-03443,web
ORD-P003444,CUST-1444,2026-10-05 12:00:00,44.43,EUR,CREATED,region-03444,web
ORD-P003445,CUST-1445,2026-10-05 12:00:00,44.44,EUR,CREATED,region-03445,web
ORD-P003446,CUST-1446,2026-10-05 12:00:00,44.45,EUR,CREATED,region-03446,web
ORD-P003447,CUST-1447,2026-10-05 12:00:00,44.46,EUR,CREATED,region-03447,web
ORD-P003448,CUST-1448,2026-10-05 12:00:00,44.47,EUR,CREATED,region-03448,web
ORD-P003449,CUST-1449,2026-10-05 12:00:00,44.48,EUR,CREATED,region-03449,web
ORD-P003450,CUST-1450,2026-10-05 12:00:00,44.49,EUR,CREATED,region-03450,web
ORD-P003451,CUST-1451,2026-10-05 12:00:00,44.50,EUR,CREATED,region-03451,web
ORD-P003452,CUST-1452,2026-10-05 12:00:00,44.51,EUR,CREATED,region-03452,web
ORD-P003453,CUST-1453,2026-10-05 12:00:00,44.52,EUR,CREATED,region-03453,web
ORD-P003454,CUST-1454,2026-10-05 12:00:00,44.53,EUR,CREATED,region-03454,web
ORD-P003455,CUST-1455,2026-10-05 12:00:00,44.54,EUR,CREATED,region-03455,web
ORD-P003456,CUST-1456,2026-10-05 12:00:00,44.55,EUR,CREATED,region-03456,web
ORD-P003457,CUST-1457,2026-10-05 12:00:00,44.56,EUR,CREATED,region-03457,web
ORD-P003458,CUST-1458,2026-10-05 12:00:00,44.57,EUR,CREATED,region-03458,web
ORD-P003459,CUST-1459,2026-10-05 12:00:00,44.58,EUR,CREATED,region-03459,web
ORD-P003460,CUST-1460,2026-10-05 12:00:00,44.59,EUR,CREATED,region-03460,web
ORD-P003461,CUST-1461,2026-10-05 12:00:00,44.60,EUR,CREATED,region-03461,web
ORD-P003462,CUST-1462,2026-10-05 12:00:00,44.61,EUR,CREATED,region-03462,web
ORD-P003463,CUST-1463,2026-10-05 12:00:00,44.62,EUR,CREATED,region-03463,web
ORD-P003464,CUST-1464,2026-10-05 12:00:00,44.63,EUR,CREATED,region-03464,web
ORD-P003465,CUST-1465,2026-10-05 12:00:00,44.64,EUR,CREATED,region-03465,web
ORD-P003466,CUST-1466,2026-10-05 12:00:00,44.65,EUR,CREATED,region-03466,web
ORD-P003467,CUST-1467,2026-10-05 12:00:00,44.66,EUR,CREATED,region-03467,web
ORD-P003468,CUST-1468,2026-10-05 12:00:00,44.67,EUR,CREATED,region-03468,web
ORD-P003469,CUST-1469,2026-10-05 12:00:00,44.68,EUR,CREATED,region-03469,web
ORD-P003470,CUST-1470,2026-10-05 12:00:00,44.69,EUR,CREATED,region-03470,web
ORD-P003471,CUST-1471,2026-10-05 12:00:00,44.70,EUR,CREATED,region-03471,web
ORD-P003472,CUST-1472,2026-10-05 12:00:00,44.71,EUR,CREATED,region-03472,web
ORD-P003473,CUST-1473,2026-10-05 12:00:00,44.72,EUR,CREATED,region-03473,web
ORD-P003474,CUST-1474,2026-10-05 12:00:00,44.73,EUR,CREATED,region-03474,web
ORD-P003475,CUST-1475,2026-10-05 12:00:00,44.74,EUR,CREATED,region-03475,web
ORD-P003476,CUST-1476,2026-10-05 12:00:00,44.75,EUR,CREATED,region-03476,web
ORD-P003477,CUST-1477,2026-10-05 12:00:00,44.76,EUR,CREATED,region-03477,web
ORD-P003478,CUST-1478,2026-10-05 12:00:00,44.77,EUR,CREATED,region-03478,web
ORD-P003479,CUST-1479,2026-10-05 12:00:00,44.78,EUR,CREATED,region-03479,web
ORD-P003480,CUST-1480,2026-10-05 12:00:00,44.79,EUR,CREATED,region-03480,web
ORD-P003481,CUST-1481,2026-10-05 12:00:00,44.80,EUR,CREATED,region-03481,web
ORD-P003482,CUST-1482,2026-10-05 12:00:00,44.81,EUR,CREATED,region-03482,web
ORD-P003483,CUST-1483,2026-10-05 12:00:00,44.82,EUR,CREATED,region-03483,web
ORD-P003484,CUST-1484,2026-10-05 12:00:00,44.83,EUR,CREATED,region-03484,web
ORD-P003485,CUST-1485,2026-10-05 12:00:00,44.84,EUR,CREATED,region-03485,web
ORD-P003486,CUST-1486,2026-10-05 12:00:00,44.85,EUR,CREATED,region-03486,web
ORD-P003487,CUST-1487,2026-10-05 12:00:00,44.86,EUR,CREATED,region-03487,web
ORD-P003488,CUST-1488,2026-10-05 12:00:00,44.87,EUR,CREATED,region-03488,web
ORD-P003489,CUST-1489,2026-10-05 12:00:00,44.88,EUR,CREATED,region-03489,web
ORD-P003490,CUST-1490,2026-10-05 12:00:00,44.89,EUR,CREATED,region-03490,web
ORD-P003491,CUST-1491,2026-10-05 12:00:00,44.90,EUR,CREATED,region-03491,web
ORD-P003492,CUST-1492,2026-10-05 12:00:00,44.91,EUR,CREATED,region-03492,web
ORD-P003493,CUST-1493,2026-10-05 12:00:00,44.92,EUR,CREATED,region-03493,web
ORD-P003494,CUST-1494,2026-10-05 12:00:00,44.93,EUR,CREATED,region-03494,web
ORD-P003495,CUST-1495,2026-10-05 12:00:00,44.94,EUR,CREATED,region-03495,web
ORD-P003496,CUST-1496,2026-10-05 12:00:00,44.95,EUR,CREATED,region-03496,web
ORD-P003497,CUST-1497,2026-10-05 12:00:00,44.96,EUR,CREATED,region-03497,web
ORD-P003498,CUST-1498,2026-10-05 12:00:00,44.97,EUR,CREATED,region-03498,web
ORD-P003499,CUST-1499,2026-10-05 12:00:00,44.98,EUR,CREATED,region-03499,web
ORD-P003500,CUST-1500,2026-10-05 12:00:00,44.99,EUR,CREATED,region-03500,web
ORD-P003501,CUST-1501,2026-10-05 12:00:00,45.00,EUR,CREATED,region-03501,web
ORD-P003502,CUST-1502,2026-10-05 12:00:00,45.01,EUR,CREATED,region-03502,web
ORD-P003503,CUST-1503,2026-10-05 12:00:00,45.02,EUR,CREATED,region-03503,web
ORD-P003504,CUST-1504,2026-10-05 12:00:00,45.03,EUR,CREATED,region-03504,web
ORD-P003505,CUST-1505,2026-10-05 12:00:00,45.04,EUR,CREATED,region-03505,web
ORD-P003506,CUST-1506,2026-10-05 12:00:00,45.05,EUR,CREATED,region-03506,web
ORD-P003507,CUST-1507,2026-10-05 12:00:00,45.06,EUR,CREATED,region-03507,web
ORD-P003508,CUST-1508,2026-10-05 12:00:00,45.07,EUR,CREATED,region-03508,web
ORD-P003509,CUST-1509,2026-10-05 12:00:00,45.08,EUR,CREATED,region-03509,web
ORD-P003510,CUST-1510,2026-10-05 12:00:00,45.09,EUR,CREATED,region-03510,web
ORD-P003511,CUST-1511,2026-10-05 12:00:00,45.10,EUR,CREATED,region-03511,web
ORD-P003512,CUST-1512,2026-10-05 12:00:00,45.11,EUR,CREATED,region-03512,web
ORD-P003513,CUST-1513,2026-10-05 12:00:00,45.12,EUR,CREATED,region-03513,web
ORD-P003514,CUST-1514,2026-10-05 12:00:00,45.13,EUR,CREATED,region-03514,web
ORD-P003515,CUST-1515,2026-10-05 12:00:00,45.14,EUR,CREATED,region-03515,web
ORD-P003516,CUST-1516,2026-10-05 12:00:00,45.15,EUR,CREATED,region-03516,web
ORD-P003517,CUST-1517,2026-10-05 12:00:00,45.16,EUR,CREATED,region-03517,web
ORD-P003518,CUST-1518,2026-10-05 12:00:00,45.17,EUR,CREATED,region-03518,web
ORD-P003519,CUST-1519,2026-10-05 12:00:00,45.18,EUR,CREATED,region-03519,web
ORD-P003520,CUST-1520,2026-10-05 12:00:00,45.19,EUR,CREATED,region-03520,web
ORD-P003521,CUST-1521,2026-10-05 12:00:00,45.20,EUR,CREATED,region-03521,web
ORD-P003522,CUST-1522,2026-10-05 12:00:00,45.21,EUR,CREATED,region-03522,web
ORD-P003523,CUST-1523,2026-10-05 12:00:00,45.22,EUR,CREATED,region-03523,web
ORD-P003524,CUST-1524,2026-10-05 12:00:00,45.23,EUR,CREATED,region-03524,web
ORD-P003525,CUST-1525,2026-10-05 12:00:00,45.24,EUR,CREATED,region-03525,web
ORD-P003526,CUST-1526,2026-10-05 12:00:00,45.25,EUR,CREATED,region-03526,web
ORD-P003527,CUST-1527,2026-10-05 12:00:00,45.26,EUR,CREATED,region-03527,web
ORD-P003528,CUST-1528,2026-10-05 12:00:00,45.27,EUR,CREATED,region-03528,web
ORD-P003529,CUST-1529,2026-10-05 12:00:00,45.28,EUR,CREATED,region-03529,web
ORD-P003530,CUST-1530,2026-10-05 12:00:00,45.29,EUR,CREATED,region-03530,web
ORD-P003531,CUST-1531,2026-10-05 12:00:00,45.30,EUR,CREATED,region-03531,web
ORD-P003532,CUST-1532,2026-10-05 12:00:00,45.31,EUR,CREATED,region-03532,web
ORD-P003533,CUST-1533,2026-10-05 12:00:00,45.32,EUR,CREATED,region-03533,web
ORD-P003534,CUST-1534,2026-10-05 12:00:00,45.33,EUR,CREATED,region-03534,web
ORD-P003535,CUST-1535,2026-10-05 12:00:00,45.34,EUR,CREATED,region-03535,web
ORD-P003536,CUST-1536,2026-10-05 12:00:00,45.35,EUR,CREATED,region-03536,web
ORD-P003537,CUST-1537,2026-10-05 12:00:00,45.36,EUR,CREATED,region-03537,web
ORD-P003538,CUST-1538,2026-10-05 12:00:00,45.37,EUR,CREATED,region-03538,web
ORD-P003539,CUST-1539,2026-10-05 12:00:00,45.38,EUR,CREATED,region-03539,web
ORD-P003540,CUST-1540,2026-10-05 12:00:00,45.39,EUR,CREATED,region-03540,web
ORD-P003541,CUST-1541,2026-10-05 12:00:00,45.40,EUR,CREATED,region-03541,web
ORD-P003542,CUST-1542,2026-10-05 12:00:00,45.41,EUR,CREATED,region-03542,web
ORD-P003543,CUST-1543,2026-10-05 12:00:00,45.42,EUR,CREATED,region-03543,web
ORD-P003544,CUST-1544,2026-10-05 12:00:00,45.43,EUR,CREATED,region-03544,web
ORD-P003545,CUST-1545,2026-10-05 12:00:00,45.44,EUR,CREATED,region-03545,web
ORD-P003546,CUST-1546,2026-10-05 12:00:00,45.45,EUR,CREATED,region-03546,web
ORD-P003547,CUST-1547,2026-10-05 12:00:00,45.46,EUR,CREATED,region-03547,web
ORD-P003548,CUST-1548,2026-10-05 12:00:00,45.47,EUR,CREATED,region-03548,web
ORD-P003549,CUST-1549,2026-10-05 12:00:00,45.48,EUR,CREATED,region-03549,web
ORD-P003550,CUST-1550,2026-10-05 12:00:00,45.49,EUR,CREATED,region-03550,web
ORD-P003551,CUST-1551,2026-10-05 12:00:00,45.50,EUR,CREATED,region-03551,web
ORD-P003552,CUST-1552,2026-10-05 12:00:00,45.51,EUR,CREATED,region-03552,web
ORD-P003553,CUST-1553,2026-10-05 12:00:00,45.52,EUR,CREATED,region-03553,web
ORD-P003554,CUST-1554,2026-10-05 12:00:00,45.53,EUR,CREATED,region-03554,web
ORD-P003555,CUST-1555,2026-10-05 12:00:00,45.54,EUR,CREATED,region-03555,web
ORD-P003556,CUST-1556,2026-10-05 12:00:00,45.55,EUR,CREATED,region-03556,web
ORD-P003557,CUST-1557,2026-10-05 12:00:00,45.56,EUR,CREATED,region-03557,web
ORD-P003558,CUST-1558,2026-10-05 12:00:00,45.57,EUR,CREATED,region-03558,web
ORD-P003559,CUST-1559,2026-10-05 12:00:00,45.58,EUR,CREATED,region-03559,web
ORD-P003560,CUST-1560,2026-10-05 12:00:00,45.59,EUR,CREATED,region-03560,web
ORD-P003561,CUST-1561,2026-10-05 12:00:00,45.60,EUR,CREATED,region-03561,web
ORD-P003562,CUST-1562,2026-10-05 12:00:00,45.61,EUR,CREATED,region-03562,web
ORD-P003563,CUST-1563,2026-10-05 12:00:00,45.62,EUR,CREATED,region-03563,web
ORD-P003564,CUST-1564,2026-10-05 12:00:00,45.63,EUR,CREATED,region-03564,web
ORD-P003565,CUST-1565,2026-10-05 12:00:00,45.64,EUR,CREATED,region-03565,web
ORD-P003566,CUST-1566,2026-10-05 12:00:00,45.65,EUR,CREATED,region-03566,web
ORD-P003567,CUST-1567,2026-10-05 12:00:00,45.66,EUR,CREATED,region-03567,web
ORD-P003568,CUST-1568,2026-10-05 12:00:00,45.67,EUR,CREATED,region-03568,web
ORD-P003569,CUST-1569,2026-10-05 12:00:00,45.68,EUR,CREATED,region-03569,web
ORD-P003570,CUST-1570,2026-10-05 12:00:00,45.69,EUR,CREATED,region-03570,web
ORD-P003571,CUST-1571,2026-10-05 12:00:00,45.70,EUR,CREATED,region-03571,web
ORD-P003572,CUST-1572,2026-10-05 12:00:00,45.71,EUR,CREATED,region-03572,web
ORD-P003573,CUST-1573,2026-10-05 12:00:00,45.72,EUR,CREATED,region-03573,web
ORD-P003574,CUST-1574,2026-10-05 12:00:00,45.73,EUR,CREATED,region-03574,web
ORD-P003575,CUST-1575,2026-10-05 12:00:00,45.74,EUR,CREATED,region-03575,web
ORD-P003576,CUST-1576,2026-10-05 12:00:00,45.75,EUR,CREATED,region-03576,web
ORD-P003577,CUST-1577,2026-10-05 12:00:00,45.76,EUR,CREATED,region-03577,web
ORD-P003578,CUST-1578,2026-10-05 12:00:00,45.77,EUR,CREATED,region-03578,web
ORD-P003579,CUST-1579,2026-10-05 12:00:00,45.78,EUR,CREATED,region-03579,web
ORD-P003580,CUST-1580,2026-10-05 12:00:00,45.79,EUR,CREATED,region-03580,web
ORD-P003581,CUST-1581,2026-10-05 12:00:00,45.80,EUR,CREATED,region-03581,web
ORD-P003582,CUST-1582,2026-10-05 12:00:00,45.81,EUR,CREATED,region-03582,web
ORD-P003583,CUST-1583,2026-10-05 12:00:00,45.82,EUR,CREATED,region-03583,web
ORD-P003584,CUST-1584,2026-10-05 12:00:00,45.83,EUR,CREATED,region-03584,web
ORD-P003585,CUST-1585,2026-10-05 12:00:00,45.84,EUR,CREATED,region-03585,web
ORD-P003586,CUST-1586,2026-10-05 12:00:00,45.85,EUR,CREATED,region-03586,web
ORD-P003587,CUST-1587,2026-10-05 12:00:00,45.86,EUR,CREATED,region-03587,web
ORD-P003588,CUST-1588,2026-10-05 12:00:00,45.87,EUR,CREATED,region-03588,web
ORD-P003589,CUST-1589,2026-10-05 12:00:00,45.88,EUR,CREATED,region-03589,web
ORD-P003590,CUST-1590,2026-10-05 12:00:00,45.89,EUR,CREATED,region-03590,web
ORD-P003591,CUST-1591,2026-10-05 12:00:00,45.90,EUR,CREATED,region-03591,web
ORD-P003592,CUST-1592,2026-10-05 12:00:00,45.91,EUR,CREATED,region-03592,web
ORD-P003593,CUST-1593,2026-10-05 12:00:00,45.92,EUR,CREATED,region-03593,web
ORD-P003594,CUST-1594,2026-10-05 12:00:00,45.93,EUR,CREATED,region-03594,web
ORD-P003595,CUST-1595,2026-10-05 12:00:00,45.94,EUR,CREATED,region-03595,web
ORD-P003596,CUST-1596,2026-10-05 12:00:00,45.95,EUR,CREATED,region-03596,web
ORD-P003597,CUST-1597,2026-10-05 12:00:00,45.96,EUR,CREATED,region-03597,web
ORD-P003598,CUST-1598,2026-10-05 12:00:00,45.97,EUR,CREATED,region-03598,web
ORD-P003599,CUST-1599,2026-10-05 12:00:00,45.98,EUR,CREATED,region-03599,web
ORD-P003600,CUST-1600,2026-10-05 12:00:00,45.99,EUR,CREATED,region-03600,web
ORD-P003601,CUST-1601,2026-10-05 12:00:00,46.00,EUR,CREATED,region-03601,web
ORD-P003602,CUST-1602,2026-10-05 12:00:00,46.01,EUR,CREATED,region-03602,web
ORD-P003603,CUST-1603,2026-10-05 12:00:00,46.02,EUR,CREATED,region-03603,web
ORD-P003604,CUST-1604,2026-10-05 12:00:00,46.03,EUR,CREATED,region-03604,web
ORD-P003605,CUST-1605,2026-10-05 12:00:00,46.04,EUR,CREATED,region-03605,web
ORD-P003606,CUST-1606,2026-10-05 12:00:00,46.05,EUR,CREATED,region-03606,web
ORD-P003607,CUST-1607,2026-10-05 12:00:00,46.06,EUR,CREATED,region-03607,web
ORD-P003608,CUST-1608,2026-10-05 12:00:00,46.07,EUR,CREATED,region-03608,web
ORD-P003609,CUST-1609,2026-10-05 12:00:00,46.08,EUR,CREATED,region-03609,web
ORD-P003610,CUST-1610,2026-10-05 12:00:00,46.09,EUR,CREATED,region-03610,web
ORD-P003611,CUST-1611,2026-10-05 12:00:00,46.10,EUR,CREATED,region-03611,web
ORD-P003612,CUST-1612,2026-10-05 12:00:00,46.11,EUR,CREATED,region-03612,web
ORD-P003613,CUST-1613,2026-10-05 12:00:00,46.12,EUR,CREATED,region-03613,web
ORD-P003614,CUST-1614,2026-10-05 12:00:00,46.13,EUR,CREATED,region-03614,web
ORD-P003615,CUST-1615,2026-10-05 12:00:00,46.14,EUR,CREATED,region-03615,web
ORD-P003616,CUST-1616,2026-10-05 12:00:00,46.15,EUR,CREATED,region-03616,web
ORD-P003617,CUST-1617,2026-10-05 12:00:00,46.16,EUR,CREATED,region-03617,web
ORD-P003618,CUST-1618,2026-10-05 12:00:00,46.17,EUR,CREATED,region-03618,web
ORD-P003619,CUST-1619,2026-10-05 12:00:00,46.18,EUR,CREATED,region-03619,web
ORD-P003620,CUST-1620,2026-10-05 12:00:00,46.19,EUR,CREATED,region-03620,web
ORD-P003621,CUST-1621,2026-10-05 12:00:00,46.20,EUR,CREATED,region-03621,web
ORD-P003622,CUST-1622,2026-10-05 12:00:00,46.21,EUR,CREATED,region-03622,web
ORD-P003623,CUST-1623,2026-10-05 12:00:00,46.22,EUR,CREATED,region-03623,web
ORD-P003624,CUST-1624,2026-10-05 12:00:00,46.23,EUR,CREATED,region-03624,web
ORD-P003625,CUST-1625,2026-10-05 12:00:00,46.24,EUR,CREATED,region-03625,web
ORD-P003626,CUST-1626,2026-10-05 12:00:00,46.25,EUR,CREATED,region-03626,web
ORD-P003627,CUST-1627,2026-10-05 12:00:00,46.26,EUR,CREATED,region-03627,web
ORD-P003628,CUST-1628,2026-10-05 12:00:00,46.27,EUR,CREATED,region-03628,web
ORD-P003629,CUST-1629,2026-10-05 12:00:00,46.28,EUR,CREATED,region-03629,web
ORD-P003630,CUST-1630,2026-10-05 12:00:00,46.29,EUR,CREATED,region-03630,web
ORD-P003631,CUST-1631,2026-10-05 12:00:00,46.30,EUR,CREATED,region-03631,web
ORD-P003632,CUST-1632,2026-10-05 12:00:00,46.31,EUR,CREATED,region-03632,web
ORD-P003633,CUST-1633,2026-10-05 12:00:00,46.32,EUR,CREATED,region-03633,web
ORD-P003634,CUST-1634,2026-10-05 12:00:00,46.33,EUR,CREATED,region-03634,web
ORD-P003635,CUST-1635,2026-10-05 12:00:00,46.34,EUR,CREATED,region-03635,web
ORD-P003636,CUST-1636,2026-10-05 12:00:00,46.35,EUR,CREATED,region-03636,web
ORD-P003637,CUST-1637,2026-10-05 12:00:00,46.36,EUR,CREATED,region-03637,web
ORD-P003638,CUST-1638,2026-10-05 12:00:00,46.37,EUR,CREATED,region-03638,web
ORD-P003639,CUST-1639,2026-10-05 12:00:00,46.38,EUR,CREATED,region-03639,web
ORD-P003640,CUST-1640,2026-10-05 12:00:00,46.39,EUR,CREATED,region-03640,web
ORD-P003641,CUST-1641,2026-10-05 12:00:00,46.40,EUR,CREATED,region-03641,web
ORD-P003642,CUST-1642,2026-10-05 12:00:00,46.41,EUR,CREATED,region-03642,web
ORD-P003643,CUST-1643,2026-10-05 12:00:00,46.42,EUR,CREATED,region-03643,web
ORD-P003644,CUST-1644,2026-10-05 12:00:00,46.43,EUR,CREATED,region-03644,web
ORD-P003645,CUST-1645,2026-10-05 12:00:00,46.44,EUR,CREATED,region-03645,web
ORD-P003646,CUST-1646,2026-10-05 12:00:00,46.45,EUR,CREATED,region-03646,web
ORD-P003647,CUST-1647,2026-10-05 12:00:00,46.46,EUR,CREATED,region-03647,web
ORD-P003648,CUST-1648,2026-10-05 12:00:00,46.47,EUR,CREATED,region-03648,web
ORD-P003649,CUST-1649,2026-10-05 12:00:00,46.48,EUR,CREATED,region-03649,web
ORD-P003650,CUST-1650,2026-10-05 12:00:00,46.49,EUR,CREATED,region-03650,web
ORD-P003651,CUST-1651,2026-10-05 12:00:00,46.50,EUR,CREATED,region-03651,web
ORD-P003652,CUST-1652,2026-10-05 12:00:00,46.51,EUR,CREATED,region-03652,web
ORD-P003653,CUST-1653,2026-10-05 12:00:00,46.52,EUR,CREATED,region-03653,web
ORD-P003654,CUST-1654,2026-10-05 12:00:00,46.53,EUR,CREATED,region-03654,web
ORD-P003655,CUST-1655,2026-10-05 12:00:00,46.54,EUR,CREATED,region-03655,web
ORD-P003656,CUST-1656,2026-10-05 12:00:00,46.55,EUR,CREATED,region-03656,web
ORD-P003657,CUST-1657,2026-10-05 12:00:00,46.56,EUR,CREATED,region-03657,web
ORD-P003658,CUST-1658,2026-10-05 12:00:00,46.57,EUR,CREATED,region-03658,web
ORD-P003659,CUST-1659,2026-10-05 12:00:00,46.58,EUR,CREATED,region-03659,web
ORD-P003660,CUST-1660,2026-10-05 12:00:00,46.59,EUR,CREATED,region-03660,web
ORD-P003661,CUST-1661,2026-10-05 12:00:00,46.60,EUR,CREATED,region-03661,web
ORD-P003662,CUST-1662,2026-10-05 12:00:00,46.61,EUR,CREATED,region-03662,web
ORD-P003663,CUST-1663,2026-10-05 12:00:00,46.62,EUR,CREATED,region-03663,web
ORD-P003664,CUST-1664,2026-10-05 12:00:00,46.63,EUR,CREATED,region-03664,web
ORD-P003665,CUST-1665,2026-10-05 12:00:00,46.64,EUR,CREATED,region-03665,web
ORD-P003666,CUST-1666,2026-10-05 12:00:00,46.65,EUR,CREATED,region-03666,web
ORD-P003667,CUST-1667,2026-10-05 12:00:00,46.66,EUR,CREATED,region-03667,web
ORD-P003668,CUST-1668,2026-10-05 12:00:00,46.67,EUR,CREATED,region-03668,web
ORD-P003669,CUST-1669,2026-10-05 12:00:00,46.68,EUR,CREATED,region-03669,web
ORD-P003670,CUST-1670,2026-10-05 12:00:00,46.69,EUR,CREATED,region-03670,web
ORD-P003671,CUST-1671,2026-10-05 12:00:00,46.70,EUR,CREATED,region-03671,web
ORD-P003672,CUST-1672,2026-10-05 12:00:00,46.71,EUR,CREATED,region-03672,web
ORD-P003673,CUST-1673,2026-10-05 12:00:00,46.72,EUR,CREATED,region-03673,web
ORD-P003674,CUST-1674,2026-10-05 12:00:00,46.73,EUR,CREATED,region-03674,web
ORD-P003675,CUST-1675,2026-10-05 12:00:00,46.74,EUR,CREATED,region-03675,web
ORD-P003676,CUST-1676,2026-10-05 12:00:00,46.75,EUR,CREATED,region-03676,web
ORD-P003677,CUST-1677,2026-10-05 12:00:00,46.76,EUR,CREATED,region-03677,web
ORD-P003678,CUST-1678,2026-10-05 12:00:00,46.77,EUR,CREATED,region-03678,web
ORD-P003679,CUST-1679,2026-10-05 12:00:00,46.78,EUR,CREATED,region-03679,web
ORD-P003680,CUST-1680,2026-10-05 12:00:00,46.79,EUR,CREATED,region-03680,web
ORD-P003681,CUST-1681,2026-10-05 12:00:00,46.80,EUR,CREATED,region-03681,web
ORD-P003682,CUST-1682,2026-10-05 12:00:00,46.81,EUR,CREATED,region-03682,web
ORD-P003683,CUST-1683,2026-10-05 12:00:00,46.82,EUR,CREATED,region-03683,web
ORD-P003684,CUST-1684,2026-10-05 12:00:00,46.83,EUR,CREATED,region-03684,web
ORD-P003685,CUST-1685,2026-10-05 12:00:00,46.84,EUR,CREATED,region-03685,web
ORD-P003686,CUST-1686,2026-10-05 12:00:00,46.85,EUR,CREATED,region-03686,web
ORD-P003687,CUST-1687,2026-10-05 12:00:00,46.86,EUR,CREATED,region-03687,web
ORD-P003688,CUST-1688,2026-10-05 12:00:00,46.87,EUR,CREATED,region-03688,web
ORD-P003689,CUST-1689,2026-10-05 12:00:00,46.88,EUR,CREATED,region-03689,web
ORD-P003690,CUST-1690,2026-10-05 12:00:00,46.89,EUR,CREATED,region-03690,web
ORD-P003691,CUST-1691,2026-10-05 12:00:00,46.90,EUR,CREATED,region-03691,web
ORD-P003692,CUST-1692,2026-10-05 12:00:00,46.91,EUR,CREATED,region-03692,web
ORD-P003693,CUST-1693,2026-10-05 12:00:00,46.92,EUR,CREATED,region-03693,web
ORD-P003694,CUST-1694,2026-10-05 12:00:00,46.93,EUR,CREATED,region-03694,web
ORD-P003695,CUST-1695,2026-10-05 12:00:00,46.94,EUR,CREATED,region-03695,web
ORD-P003696,CUST-1696,2026-10-05 12:00:00,46.95,EUR,CREATED,region-03696,web
ORD-P003697,CUST-1697,2026-10-05 12:00:00,46.96,EUR,CREATED,region-03697,web
ORD-P003698,CUST-1698,2026-10-05 12:00:00,46.97,EUR,CREATED,region-03698,web
ORD-P003699,CUST-1699,2026-10-05 12:00:00,46.98,EUR,CREATED,region-03699,web
ORD-P003700,CUST-1700,2026-10-05 12:00:00,46.99,EUR,CREATED,region-03700,web
ORD-P003701,CUST-1701,2026-10-05 12:00:00,47.00,EUR,CREATED,region-03701,web
ORD-P003702,CUST-1702,2026-10-05 12:00:00,47.01,EUR,CREATED,region-03702,web
ORD-P003703,CUST-1703,2026-10-05 12:00:00,47.02,EUR,CREATED,region-03703,web
ORD-P003704,CUST-1704,2026-10-05 12:00:00,47.03,EUR,CREATED,region-03704,web
ORD-P003705,CUST-1705,2026-10-05 12:00:00,47.04,EUR,CREATED,region-03705,web
ORD-P003706,CUST-1706,2026-10-05 12:00:00,47.05,EUR,CREATED,region-03706,web
ORD-P003707,CUST-1707,2026-10-05 12:00:00,47.06,EUR,CREATED,region-03707,web
ORD-P003708,CUST-1708,2026-10-05 12:00:00,47.07,EUR,CREATED,region-03708,web
ORD-P003709,CUST-1709,2026-10-05 12:00:00,47.08,EUR,CREATED,region-03709,web
ORD-P003710,CUST-1710,2026-10-05 12:00:00,47.09,EUR,CREATED,region-03710,web
ORD-P003711,CUST-1711,2026-10-05 12:00:00,47.10,EUR,CREATED,region-03711,web
ORD-P003712,CUST-1712,2026-10-05 12:00:00,47.11,EUR,CREATED,region-03712,web
ORD-P003713,CUST-1713,2026-10-05 12:00:00,47.12,EUR,CREATED,region-03713,web
ORD-P003714,CUST-1714,2026-10-05 12:00:00,47.13,EUR,CREATED,region-03714,web
ORD-P003715,CUST-1715,2026-10-05 12:00:00,47.14,EUR,CREATED,region-03715,web
ORD-P003716,CUST-1716,2026-10-05 12:00:00,47.15,EUR,CREATED,region-03716,web
ORD-P003717,CUST-1717,2026-10-05 12:00:00,47.16,EUR,CREATED,region-03717,web
ORD-P003718,CUST-1718,2026-10-05 12:00:00,47.17,EUR,CREATED,region-03718,web
ORD-P003719,CUST-1719,2026-10-05 12:00:00,47.18,EUR,CREATED,region-03719,web
ORD-P003720,CUST-1720,2026-10-05 12:00:00,47.19,EUR,CREATED,region-03720,web
ORD-P003721,CUST-1721,2026-10-05 12:00:00,47.20,EUR,CREATED,region-03721,web
ORD-P003722,CUST-1722,2026-10-05 12:00:00,47.21,EUR,CREATED,region-03722,web
ORD-P003723,CUST-1723,2026-10-05 12:00:00,47.22,EUR,CREATED,region-03723,web
ORD-P003724,CUST-1724,2026-10-05 12:00:00,47.23,EUR,CREATED,region-03724,web
ORD-P003725,CUST-1725,2026-10-05 12:00:00,47.24,EUR,CREATED,region-03725,web
ORD-P003726,CUST-1726,2026-10-05 12:00:00,47.25,EUR,CREATED,region-03726,web
ORD-P003727,CUST-1727,2026-10-05 12:00:00,47.26,EUR,CREATED,region-03727,web
ORD-P003728,CUST-1728,2026-10-05 12:00:00,47.27,EUR,CREATED,region-03728,web
ORD-P003729,CUST-1729,2026-10-05 12:00:00,47.28,EUR,CREATED,region-03729,web
ORD-P003730,CUST-1730,2026-10-05 12:00:00,47.29,EUR,CREATED,region-03730,web
ORD-P003731,CUST-1731,2026-10-05 12:00:00,47.30,EUR,CREATED,region-03731,web
ORD-P003732,CUST-1732,2026-10-05 12:00:00,47.31,EUR,CREATED,region-03732,web
ORD-P003733,CUST-1733,2026-10-05 12:00:00,47.32,EUR,CREATED,region-03733,web
ORD-P003734,CUST-1734,2026-10-05 12:00:00,47.33,EUR,CREATED,region-03734,web
ORD-P003735,CUST-1735,2026-10-05 12:00:00,47.34,EUR,CREATED,region-03735,web
ORD-P003736,CUST-1736,2026-10-05 12:00:00,47.35,EUR,CREATED,region-03736,web
ORD-P003737,CUST-1737,2026-10-05 12:00:00,47.36,EUR,CREATED,region-03737,web
ORD-P003738,CUST-1738,2026-10-05 12:00:00,47.37,EUR,CREATED,region-03738,web
ORD-P003739,CUST-1739,2026-10-05 12:00:00,47.38,EUR,CREATED,region-03739,web
ORD-P003740,CUST-1740,2026-10-05 12:00:00,47.39,EUR,CREATED,region-03740,web
ORD-P003741,CUST-1741,2026-10-05 12:00:00,47.40,EUR,CREATED,region-03741,web
ORD-P003742,CUST-1742,2026-10-05 12:00:00,47.41,EUR,CREATED,region-03742,web
ORD-P003743,CUST-1743,2026-10-05 12:00:00,47.42,EUR,CREATED,region-03743,web
ORD-P003744,CUST-1744,2026-10-05 12:00:00,47.43,EUR,CREATED,region-03744,web
ORD-P003745,CUST-1745,2026-10-05 12:00:00,47.44,EUR,CREATED,region-03745,web
ORD-P003746,CUST-1746,2026-10-05 12:00:00,47.45,EUR,CREATED,region-03746,web
ORD-P003747,CUST-1747,2026-10-05 12:00:00,47.46,EUR,CREATED,region-03747,web
ORD-P003748,CUST-1748,2026-10-05 12:00:00,47.47,EUR,CREATED,region-03748,web
ORD-P003749,CUST-1749,2026-10-05 12:00:00,47.48,EUR,CREATED,region-03749,web
ORD-P003750,CUST-1750,2026-10-05 12:00:00,47.49,EUR,CREATED,region-03750,web
ORD-P003751,CUST-1751,2026-10-05 12:00:00,47.50,EUR,CREATED,region-03751,web
ORD-P003752,CUST-1752,2026-10-05 12:00:00,47.51,EUR,CREATED,region-03752,web
ORD-P003753,CUST-1753,2026-10-05 12:00:00,47.52,EUR,CREATED,region-03753,web
ORD-P003754,CUST-1754,2026-10-05 12:00:00,47.53,EUR,CREATED,region-03754,web
ORD-P003755,CUST-1755,2026-10-05 12:00:00,47.54,EUR,CREATED,region-03755,web
ORD-P003756,CUST-1756,2026-10-05 12:00:00,47.55,EUR,CREATED,region-03756,web
ORD-P003757,CUST-1757,2026-10-05 12:00:00,47.56,EUR,CREATED,region-03757,web
ORD-P003758,CUST-1758,2026-10-05 12:00:00,47.57,EUR,CREATED,region-03758,web
ORD-P003759,CUST-1759,2026-10-05 12:00:00,47.58,EUR,CREATED,region-03759,web
ORD-P003760,CUST-1760,2026-10-05 12:00:00,47.59,EUR,CREATED,region-03760,web
ORD-P003761,CUST-1761,2026-10-05 12:00:00,47.60,EUR,CREATED,region-03761,web
ORD-P003762,CUST-1762,2026-10-05 12:00:00,47.61,EUR,CREATED,region-03762,web
ORD-P003763,CUST-1763,2026-10-05 12:00:00,47.62,EUR,CREATED,region-03763,web
ORD-P003764,CUST-1764,2026-10-05 12:00:00,47.63,EUR,CREATED,region-03764,web
ORD-P003765,CUST-1765,2026-10-05 12:00:00,47.64,EUR,CREATED,region-03765,web
ORD-P003766,CUST-1766,2026-10-05 12:00:00,47.65,EUR,CREATED,region-03766,web
ORD-P003767,CUST-1767,2026-10-05 12:00:00,47.66,EUR,CREATED,region-03767,web
ORD-P003768,CUST-1768,2026-10-05 12:00:00,47.67,EUR,CREATED,region-03768,web
ORD-P003769,CUST-1769,2026-10-05 12:00:00,47.68,EUR,CREATED,region-03769,web
ORD-P003770,CUST-1770,2026-10-05 12:00:00,47.69,EUR,CREATED,region-03770,web
ORD-P003771,CUST-1771,2026-10-05 12:00:00,47.70,EUR,CREATED,region-03771,web
ORD-P003772,CUST-1772,2026-10-05 12:00:00,47.71,EUR,CREATED,region-03772,web
ORD-P003773,CUST-1773,2026-10-05 12:00:00,47.72,EUR,CREATED,region-03773,web
ORD-P003774,CUST-1774,2026-10-05 12:00:00,47.73,EUR,CREATED,region-03774,web
ORD-P003775,CUST-1775,2026-10-05 12:00:00,47.74,EUR,CREATED,region-03775,web
ORD-P003776,CUST-1776,2026-10-05 12:00:00,47.75,EUR,CREATED,region-03776,web
ORD-P003777,CUST-1777,2026-10-05 12:00:00,47.76,EUR,CREATED,region-03777,web
ORD-P003778,CUST-1778,2026-10-05 12:00:00,47.77,EUR,CREATED,region-03778,web
ORD-P003779,CUST-1779,2026-10-05 12:00:00,47.78,EUR,CREATED,region-03779,web
ORD-P003780,CUST-1780,2026-10-05 12:00:00,47.79,EUR,CREATED,region-03780,web
ORD-P003781,CUST-1781,2026-10-05 12:00:00,47.80,EUR,CREATED,region-03781,web
ORD-P003782,CUST-1782,2026-10-05 12:00:00,47.81,EUR,CREATED,region-03782,web
ORD-P003783,CUST-1783,2026-10-05 12:00:00,47.82,EUR,CREATED,region-03783,web
ORD-P003784,CUST-1784,2026-10-05 12:00:00,47.83,EUR,CREATED,region-03784,web
ORD-P003785,CUST-1785,2026-10-05 12:00:00,47.84,EUR,CREATED,region-03785,web
ORD-P003786,CUST-1786,2026-10-05 12:00:00,47.85,EUR,CREATED,region-03786,web
ORD-P003787,CUST-1787,2026-10-05 12:00:00,47.86,EUR,CREATED,region-03787,web
ORD-P003788,CUST-1788,2026-10-05 12:00:00,47.87,EUR,CREATED,region-03788,web
ORD-P003789,CUST-1789,2026-10-05 12:00:00,47.88,EUR,CREATED,region-03789,web
ORD-P003790,CUST-1790,2026-10-05 12:00:00,47.89,EUR,CREATED,region-03790,web
ORD-P003791,CUST-1791,2026-10-05 12:00:00,47.90,EUR,CREATED,region-03791,web
ORD-P003792,CUST-1792,2026-10-05 12:00:00,47.91,EUR,CREATED,region-03792,web
ORD-P003793,CUST-1793,2026-10-05 12:00:00,47.92,EUR,CREATED,region-03793,web
ORD-P003794,CUST-1794,2026-10-05 12:00:00,47.93,EUR,CREATED,region-03794,web
ORD-P003795,CUST-1795,2026-10-05 12:00:00,47.94,EUR,CREATED,region-03795,web
ORD-P003796,CUST-1796,2026-10-05 12:00:00,47.95,EUR,CREATED,region-03796,web
ORD-P003797,CUST-1797,2026-10-05 12:00:00,47.96,EUR,CREATED,region-03797,web
ORD-P003798,CUST-1798,2026-10-05 12:00:00,47.97,EUR,CREATED,region-03798,web
ORD-P003799,CUST-1799,2026-10-05 12:00:00,47.98,EUR,CREATED,region-03799,web
ORD-P003800,CUST-1800,2026-10-05 12:00:00,47.99,EUR,CREATED,region-03800,web
ORD-P003801,CUST-1801,2026-10-05 12:00:00,48.00,EUR,CREATED,region-03801,web
ORD-P003802,CUST-1802,2026-10-05 12:00:00,48.01,EUR,CREATED,region-03802,web
ORD-P003803,CUST-1803,2026-10-05 12:00:00,48.02,EUR,CREATED,region-03803,web
ORD-P003804,CUST-1804,2026-10-05 12:00:00,48.03,EUR,CREATED,region-03804,web
ORD-P003805,CUST-1805,2026-10-05 12:00:00,48.04,EUR,CREATED,region-03805,web
ORD-P003806,CUST-1806,2026-10-05 12:00:00,48.05,EUR,CREATED,region-03806,web
ORD-P003807,CUST-1807,2026-10-05 12:00:00,48.06,EUR,CREATED,region-03807,web
ORD-P003808,CUST-1808,2026-10-05 12:00:00,48.07,EUR,CREATED,region-03808,web
ORD-P003809,CUST-1809,2026-10-05 12:00:00,48.08,EUR,CREATED,region-03809,web
ORD-P003810,CUST-1810,2026-10-05 12:00:00,48.09,EUR,CREATED,region-03810,web
ORD-P003811,CUST-1811,2026-10-05 12:00:00,48.10,EUR,CREATED,region-03811,web
ORD-P003812,CUST-1812,2026-10-05 12:00:00,48.11,EUR,CREATED,region-03812,web
ORD-P003813,CUST-1813,2026-10-05 12:00:00,48.12,EUR,CREATED,region-03813,web
ORD-P003814,CUST-1814,2026-10-05 12:00:00,48.13,EUR,CREATED,region-03814,web
ORD-P003815,CUST-1815,2026-10-05 12:00:00,48.14,EUR,CREATED,region-03815,web
ORD-P003816,CUST-1816,2026-10-05 12:00:00,48.15,EUR,CREATED,region-03816,web
ORD-P003817,CUST-1817,2026-10-05 12:00:00,48.16,EUR,CREATED,region-03817,web
ORD-P003818,CUST-1818,2026-10-05 12:00:00,48.17,EUR,CREATED,region-03818,web
ORD-P003819,CUST-1819,2026-10-05 12:00:00,48.18,EUR,CREATED,region-03819,web
ORD-P003820,CUST-1820,2026-10-05 12:00:00,48.19,EUR,CREATED,region-03820,web
ORD-P003821,CUST-1821,2026-10-05 12:00:00,48.20,EUR,CREATED,region-03821,web
ORD-P003822,CUST-1822,2026-10-05 12:00:00,48.21,EUR,CREATED,region-03822,web
ORD-P003823,CUST-1823,2026-10-05 12:00:00,48.22,EUR,CREATED,region-03823,web
ORD-P003824,CUST-1824,2026-10-05 12:00:00,48.23,EUR,CREATED,region-03824,web
ORD-P003825,CUST-1825,2026-10-05 12:00:00,48.24,EUR,CREATED,region-03825,web
ORD-P003826,CUST-1826,2026-10-05 12:00:00,48.25,EUR,CREATED,region-03826,web
ORD-P003827,CUST-1827,2026-10-05 12:00:00,48.26,EUR,CREATED,region-03827,web
ORD-P003828,CUST-1828,2026-10-05 12:00:00,48.27,EUR,CREATED,region-03828,web
ORD-P003829,CUST-1829,2026-10-05 12:00:00,48.28,EUR,CREATED,region-03829,web
ORD-P003830,CUST-1830,2026-10-05 12:00:00,48.29,EUR,CREATED,region-03830,web
ORD-P003831,CUST-1831,2026-10-05 12:00:00,48.30,EUR,CREATED,region-03831,web
ORD-P003832,CUST-1832,2026-10-05 12:00:00,48.31,EUR,CREATED,region-03832,web
ORD-P003833,CUST-1833,2026-10-05 12:00:00,48.32,EUR,CREATED,region-03833,web
ORD-P003834,CUST-1834,2026-10-05 12:00:00,48.33,EUR,CREATED,region-03834,web
ORD-P003835,CUST-1835,2026-10-05 12:00:00,48.34,EUR,CREATED,region-03835,web
ORD-P003836,CUST-1836,2026-10-05 12:00:00,48.35,EUR,CREATED,region-03836,web
ORD-P003837,CUST-1837,2026-10-05 12:00:00,48.36,EUR,CREATED,region-03837,web
ORD-P003838,CUST-1838,2026-10-05 12:00:00,48.37,EUR,CREATED,region-03838,web
ORD-P003839,CUST-1839,2026-10-05 12:00:00,48.38,EUR,CREATED,region-03839,web
ORD-P003840,CUST-1840,2026-10-05 12:00:00,48.39,EUR,CREATED,region-03840,web
ORD-P003841,CUST-1841,2026-10-05 12:00:00,48.40,EUR,CREATED,region-03841,web
ORD-P003842,CUST-1842,2026-10-05 12:00:00,48.41,EUR,CREATED,region-03842,web
ORD-P003843,CUST-1843,2026-10-05 12:00:00,48.42,EUR,CREATED,region-03843,web
ORD-P003844,CUST-1844,2026-10-05 12:00:00,48.43,EUR,CREATED,region-03844,web
ORD-P003845,CUST-1845,2026-10-05 12:00:00,48.44,EUR,CREATED,region-03845,web
ORD-P003846,CUST-1846,2026-10-05 12:00:00,48.45,EUR,CREATED,region-03846,web
ORD-P003847,CUST-1847,2026-10-05 12:00:00,48.46,EUR,CREATED,region-03847,web
ORD-P003848,CUST-1848,2026-10-05 12:00:00,48.47,EUR,CREATED,region-03848,web
ORD-P003849,CUST-1849,2026-10-05 12:00:00,48.48,EUR,CREATED,region-03849,web
ORD-P003850,CUST-1850,2026-10-05 12:00:00,48.49,EUR,CREATED,region-03850,web
ORD-P003851,CUST-1851,2026-10-05 12:00:00,48.50,EUR,CREATED,region-03851,web
ORD-P003852,CUST-1852,2026-10-05 12:00:00,48.51,EUR,CREATED,region-03852,web
ORD-P003853,CUST-1853,2026-10-05 12:00:00,48.52,EUR,CREATED,region-03853,web
ORD-P003854,CUST-1854,2026-10-05 12:00:00,48.53,EUR,CREATED,region-03854,web
ORD-P003855,CUST-1855,2026-10-05 12:00:00,48.54,EUR,CREATED,region-03855,web
ORD-P003856,CUST-1856,2026-10-05 12:00:00,48.55,EUR,CREATED,region-03856,web
ORD-P003857,CUST-1857,2026-10-05 12:00:00,48.56,EUR,CREATED,region-03857,web
ORD-P003858,CUST-1858,2026-10-05 12:00:00,48.57,EUR,CREATED,region-03858,web
ORD-P003859,CUST-1859,2026-10-05 12:00:00,48.58,EUR,CREATED,region-03859,web
ORD-P003860,CUST-1860,2026-10-05 12:00:00,48.59,EUR,CREATED,region-03860,web
ORD-P003861,CUST-1861,2026-10-05 12:00:00,48.60,EUR,CREATED,region-03861,web
ORD-P003862,CUST-1862,2026-10-05 12:00:00,48.61,EUR,CREATED,region-03862,web
ORD-P003863,CUST-1863,2026-10-05 12:00:00,48.62,EUR,CREATED,region-03863,web
ORD-P003864,CUST-1864,2026-10-05 12:00:00,48.63,EUR,CREATED,region-03864,web
ORD-P003865,CUST-1865,2026-10-05 12:00:00,48.64,EUR,CREATED,region-03865,web
ORD-P003866,CUST-1866,2026-10-05 12:00:00,48.65,EUR,CREATED,region-03866,web
ORD-P003867,CUST-1867,2026-10-05 12:00:00,48.66,EUR,CREATED,region-03867,web
ORD-P003868,CUST-1868,2026-10-05 12:00:00,48.67,EUR,CREATED,region-03868,web
ORD-P003869,CUST-1869,2026-10-05 12:00:00,48.68,EUR,CREATED,region-03869,web
ORD-P003870,CUST-1870,2026-10-05 12:00:00,48.69,EUR,CREATED,region-03870,web
ORD-P003871,CUST-1871,2026-10-05 12:00:00,48.70,EUR,CREATED,region-03871,web
ORD-P003872,CUST-1872,2026-10-05 12:00:00,48.71,EUR,CREATED,region-03872,web
ORD-P003873,CUST-1873,2026-10-05 12:00:00,48.72,EUR,CREATED,region-03873,web
ORD-P003874,CUST-1874,2026-10-05 12:00:00,48.73,EUR,CREATED,region-03874,web
ORD-P003875,CUST-1875,2026-10-05 12:00:00,48.74,EUR,CREATED,region-03875,web
ORD-P003876,CUST-1876,2026-10-05 12:00:00,48.75,EUR,CREATED,region-03876,web
ORD-P003877,CUST-1877,2026-10-05 12:00:00,48.76,EUR,CREATED,region-03877,web
ORD-P003878,CUST-1878,2026-10-05 12:00:00,48.77,EUR,CREATED,region-03878,web
ORD-P003879,CUST-1879,2026-10-05 12:00:00,48.78,EUR,CREATED,region-03879,web
ORD-P003880,CUST-1880,2026-10-05 12:00:00,48.79,EUR,CREATED,region-03880,web
ORD-P003881,CUST-1881,2026-10-05 12:00:00,48.80,EUR,CREATED,region-03881,web
ORD-P003882,CUST-1882,2026-10-05 12:00:00,48.81,EUR,CREATED,region-03882,web
ORD-P003883,CUST-1883,2026-10-05 12:00:00,48.82,EUR,CREATED,region-03883,web
ORD-P003884,CUST-1884,2026-10-05 12:00:00,48.83,EUR,CREATED,region-03884,web
ORD-P003885,CUST-1885,2026-10-05 12:00:00,48.84,EUR,CREATED,region-03885,web
ORD-P003886,CUST-1886,2026-10-05 12:00:00,48.85,EUR,CREATED,region-03886,web
ORD-P003887,CUST-1887,2026-10-05 12:00:00,48.86,EUR,CREATED,region-03887,web
ORD-P003888,CUST-1888,2026-10-05 12:00:00,48.87,EUR,CREATED,region-03888,web
ORD-P003889,CUST-1889,2026-10-05 12:00:00,48.88,EUR,CREATED,region-03889,web
ORD-P003890,CUST-1890,2026-10-05 12:00:00,48.89,EUR,CREATED,region-03890,web
ORD-P003891,CUST-1891,2026-10-05 12:00:00,48.90,EUR,CREATED,region-03891,web
ORD-P003892,CUST-1892,2026-10-05 12:00:00,48.91,EUR,CREATED,region-03892,web
ORD-P003893,CUST-1893,2026-10-05 12:00:00,48.92,EUR,CREATED,region-03893,web
ORD-P003894,CUST-1894,2026-10-05 12:00:00,48.93,EUR,CREATED,region-03894,web
ORD-P003895,CUST-1895,2026-10-05 12:00:00,48.94,EUR,CREATED,region-03895,web
ORD-P003896,CUST-1896,2026-10-05 12:00:00,48.95,EUR,CREATED,region-03896,web
ORD-P003897,CUST-1897,2026-10-05 12:00:00,48.96,EUR,CREATED,region-03897,web
ORD-P003898,CUST-1898,2026-10-05 12:00:00,48.97,EUR,CREATED,region-03898,web
ORD-P003899,CUST-1899,2026-10-05 12:00:00,48.98,EUR,CREATED,region-03899,web
ORD-P003900,CUST-1900,2026-10-05 12:00:00,48.99,EUR,CREATED,region-03900,web
ORD-P003901,CUST-1901,2026-10-05 12:00:00,49.00,EUR,CREATED,region-03901,web
ORD-P003902,CUST-1902,2026-10-05 12:00:00,49.01,EUR,CREATED,region-03902,web
ORD-P003903,CUST-1903,2026-10-05 12:00:00,49.02,EUR,CREATED,region-03903,web
ORD-P003904,CUST-1904,2026-10-05 12:00:00,49.03,EUR,CREATED,region-03904,web
ORD-P003905,CUST-1905,2026-10-05 12:00:00,49.04,EUR,CREATED,region-03905,web
ORD-P003906,CUST-1906,2026-10-05 12:00:00,49.05,EUR,CREATED,region-03906,web
ORD-P003907,CUST-1907,2026-10-05 12:00:00,49.06,EUR,CREATED,region-03907,web
ORD-P003908,CUST-1908,2026-10-05 12:00:00,49.07,EUR,CREATED,region-03908,web
ORD-P003909,CUST-1909,2026-10-05 12:00:00,49.08,EUR,CREATED,region-03909,web
ORD-P003910,CUST-1910,2026-10-05 12:00:00,49.09,EUR,CREATED,region-03910,web
ORD-P003911,CUST-1911,2026-10-05 12:00:00,49.10,EUR,CREATED,region-03911,web
ORD-P003912,CUST-1912,2026-10-05 12:00:00,49.11,EUR,CREATED,region-03912,web
ORD-P003913,CUST-1913,2026-10-05 12:00:00,49.12,EUR,CREATED,region-03913,web
ORD-P003914,CUST-1914,2026-10-05 12:00:00,49.13,EUR,CREATED,region-03914,web
ORD-P003915,CUST-1915,2026-10-05 12:00:00,49.14,EUR,CREATED,region-03915,web
ORD-P003916,CUST-1916,2026-10-05 12:00:00,49.15,EUR,CREATED,region-03916,web
ORD-P003917,CUST-1917,2026-10-05 12:00:00,49.16,EUR,CREATED,region-03917,web
ORD-P003918,CUST-1918,2026-10-05 12:00:00,49.17,EUR,CREATED,region-03918,web
ORD-P003919,CUST-1919,2026-10-05 12:00:00,49.18,EUR,CREATED,region-03919,web
ORD-P003920,CUST-1920,2026-10-05 12:00:00,49.19,EUR,CREATED,region-03920,web
ORD-P003921,CUST-1921,2026-10-05 12:00:00,49.20,EUR,CREATED,region-03921,web
ORD-P003922,CUST-1922,2026-10-05 12:00:00,49.21,EUR,CREATED,region-03922,web
ORD-P003923,CUST-1923,2026-10-05 12:00:00,49.22,EUR,CREATED,region-03923,web
ORD-P003924,CUST-1924,2026-10-05 12:00:00,49.23,EUR,CREATED,region-03924,web
ORD-P003925,CUST-1925,2026-10-05 12:00:00,49.24,EUR,CREATED,region-03925,web
ORD-P003926,CUST-1926,2026-10-05 12:00:00,49.25,EUR,CREATED,region-03926,web
ORD-P003927,CUST-1927,2026-10-05 12:00:00,49.26,EUR,CREATED,region-03927,web
ORD-P003928,CUST-1928,2026-10-05 12:00:00,49.27,EUR,CREATED,region-03928,web
ORD-P003929,CUST-1929,2026-10-05 12:00:00,49.28,EUR,CREATED,region-03929,web
ORD-P003930,CUST-1930,2026-10-05 12:00:00,49.29,EUR,CREATED,region-03930,web
ORD-P003931,CUST-1931,2026-10-05 12:00:00,49.30,EUR,CREATED,region-03931,web
ORD-P003932,CUST-1932,2026-10-05 12:00:00,49.31,EUR,CREATED,region-03932,web
ORD-P003933,CUST-1933,2026-10-05 12:00:00,49.32,EUR,CREATED,region-03933,web
ORD-P003934,CUST-1934,2026-10-05 12:00:00,49.33,EUR,CREATED,region-03934,web
ORD-P003935,CUST-1935,2026-10-05 12:00:00,49.34,EUR,CREATED,region-03935,web
ORD-P003936,CUST-1936,2026-10-05 12:00:00,49.35,EUR,CREATED,region-03936,web
ORD-P003937,CUST-1937,2026-10-05 12:00:00,49.36,EUR,CREATED,region-03937,web
ORD-P003938,CUST-1938,2026-10-05 12:00:00,49.37,EUR,CREATED,region-03938,web
ORD-P003939,CUST-1939,2026-10-05 12:00:00,49.38,EUR,CREATED,region-03939,web
ORD-P003940,CUST-1940,2026-10-05 12:00:00,49.39,EUR,CREATED,region-03940,web
ORD-P003941,CUST-1941,2026-10-05 12:00:00,49.40,EUR,CREATED,region-03941,web
ORD-P003942,CUST-1942,2026-10-05 12:00:00,49.41,EUR,CREATED,region-03942,web
ORD-P003943,CUST-1943,2026-10-05 12:00:00,49.42,EUR,CREATED,region-03943,web
ORD-P003944,CUST-1944,2026-10-05 12:00:00,49.43,EUR,CREATED,region-03944,web
ORD-P003945,CUST-1945,2026-10-05 12:00:00,49.44,EUR,CREATED,region-03945,web
ORD-P003946,CUST-1946,2026-10-05 12:00:00,49.45,EUR,CREATED,region-03946,web
ORD-P003947,CUST-1947,2026-10-05 12:00:00,49.46,EUR,CREATED,region-03947,web
ORD-P003948,CUST-1948,2026-10-05 12:00:00,49.47,EUR,CREATED,region-03948,web
ORD-P003949,CUST-1949,2026-10-05 12:00:00,49.48,EUR,CREATED,region-03949,web
ORD-P003950,CUST-1950,2026-10-05 12:00:00,49.49,EUR,CREATED,region-03950,web
ORD-P003951,CUST-1951,2026-10-05 12:00:00,49.50,EUR,CREATED,region-03951,web
ORD-P003952,CUST-1952,2026-10-05 12:00:00,49.51,EUR,CREATED,region-03952,web
ORD-P003953,CUST-1953,2026-10-05 12:00:00,49.52,EUR,CREATED,region-03953,web
ORD-P003954,CUST-1954,2026-10-05 12:00:00,49.53,EUR,CREATED,region-03954,web
ORD-P003955,CUST-1955,2026-10-05 12:00:00,49.54,EUR,CREATED,region-03955,web
ORD-P003956,CUST-1956,2026-10-05 12:00:00,49.55,EUR,CREATED,region-03956,web
ORD-P003957,CUST-1957,2026-10-05 12:00:00,49.56,EUR,CREATED,region-03957,web
ORD-P003958,CUST-1958,2026-10-05 12:00:00,49.57,EUR,CREATED,region-03958,web
ORD-P003959,CUST-1959,2026-10-05 12:00:00,49.58,EUR,CREATED,region-03959,web
ORD-P003960,CUST-1960,2026-10-05 12:00:00,49.59,EUR,CREATED,region-03960,web
ORD-P003961,CUST-1961,2026-10-05 12:00:00,49.60,EUR,CREATED,region-03961,web
ORD-P003962,CUST-1962,2026-10-05 12:00:00,49.61,EUR,CREATED,region-03962,web
ORD-P003963,CUST-1963,2026-10-05 12:00:00,49.62,EUR,CREATED,region-03963,web
ORD-P003964,CUST-1964,2026-10-05 12:00:00,49.63,EUR,CREATED,region-03964,web
ORD-P003965,CUST-1965,2026-10-05 12:00:00,49.64,EUR,CREATED,region-03965,web
ORD-P003966,CUST-1966,2026-10-05 12:00:00,49.65,EUR,CREATED,region-03966,web
ORD-P003967,CUST-1967,2026-10-05 12:00:00,49.66,EUR,CREATED,region-03967,web
ORD-P003968,CUST-1968,2026-10-05 12:00:00,49.67,EUR,CREATED,region-03968,web
ORD-P003969,CUST-1969,2026-10-05 12:00:00,49.68,EUR,CREATED,region-03969,web
ORD-P003970,CUST-1970,2026-10-05 12:00:00,49.69,EUR,CREATED,region-03970,web
ORD-P003971,CUST-1971,2026-10-05 12:00:00,49.70,EUR,CREATED,region-03971,web
ORD-P003972,CUST-1972,2026-10-05 12:00:00,49.71,EUR,CREATED,region-03972,web
ORD-P003973,CUST-1973,2026-10-05 12:00:00,49.72,EUR,CREATED,region-03973,web
ORD-P003974,CUST-1974,2026-10-05 12:00:00,49.73,EUR,CREATED,region-03974,web
ORD-P003975,CUST-1975,2026-10-05 12:00:00,49.74,EUR,CREATED,region-03975,web
ORD-P003976,CUST-1976,2026-10-05 12:00:00,49.75,EUR,CREATED,region-03976,web
ORD-P003977,CUST-1977,2026-10-05 12:00:00,49.76,EUR,CREATED,region-03977,web
ORD-P003978,CUST-1978,2026-10-05 12:00:00,49.77,EUR,CREATED,region-03978,web
ORD-P003979,CUST-1979,2026-10-05 12:00:00,49.78,EUR,CREATED,region-03979,web
ORD-P003980,CUST-1980,2026-10-05 12:00:00,49.79,EUR,CREATED,region-03980,web
ORD-P003981,CUST-1981,2026-10-05 12:00:00,49.80,EUR,CREATED,region-03981,web
ORD-P003982,CUST-1982,2026-10-05 12:00:00,49.81,EUR,CREATED,region-03982,web
ORD-P003983,CUST-1983,2026-10-05 12:00:00,49.82,EUR,CREATED,region-03983,web
ORD-P003984,CUST-1984,2026-10-05 12:00:00,49.83,EUR,CREATED,region-03984,web
ORD-P003985,CUST-1985,2026-10-05 12:00:00,49.84,EUR,CREATED,region-03985,web
ORD-P003986,CUST-1986,2026-10-05 12:00:00,49.85,EUR,CREATED,region-03986,web
ORD-P003987,CUST-1987,2026-10-05 12:00:00,49.86,EUR,CREATED,region-03987,web
ORD-P003988,CUST-1988,2026-10-05 12:00:00,49.87,EUR,CREATED,region-03988,web
ORD-P003989,CUST-1989,2026-10-05 12:00:00,49.88,EUR,CREATED,region-03989,web
ORD-P003990,CUST-1990,2026-10-05 12:00:00,49.89,EUR,CREATED,region-03990,web
ORD-P003991,CUST-1991,2026-10-05 12:00:00,49.90,EUR,CREATED,region-03991,web
ORD-P003992,CUST-1992,2026-10-05 12:00:00,49.91,EUR,CREATED,region-03992,web
ORD-P003993,CUST-1993,2026-10-05 12:00:00,49.92,EUR,CREATED,region-03993,web
ORD-P003994,CUST-1994,2026-10-05 12:00:00,49.93,EUR,CREATED,region-03994,web
ORD-P003995,CUST-1995,2026-10-05 12:00:00,49.94,EUR,CREATED,region-03995,web
ORD-P003996,CUST-1996,2026-10-05 12:00:00,49.95,EUR,CREATED,region-03996,web
ORD-P003997,CUST-1997,2026-10-05 12:00:00,49.96,EUR,CREATED,region-03997,web
ORD-P003998,CUST-1998,2026-10-05 12:00:00,49.97,EUR,CREATED,region-03998,web
ORD-P003999,CUST-1999,2026-10-05 12:00:00,49.98,EUR,CREATED,region-03999,web
ORD-P004000,CUST-2000,2026-10-05 12:00:00,49.99,EUR,CREATED,region-04000,web
ORD-P004001,CUST-0001,2026-10-05 12:00:00,50.00,EUR,CREATED,region-04001,web
ORD-P004002,CUST-0002,2026-10-05 12:00:00,50.01,EUR,CREATED,region-04002,web
ORD-P004003,CUST-0003,2026-10-05 12:00:00,50.02,EUR,CREATED,region-04003,web
ORD-P004004,CUST-0004,2026-10-05 12:00:00,50.03,EUR,CREATED,region-04004,web
ORD-P004005,CUST-0005,2026-10-05 12:00:00,50.04,EUR,CREATED,region-04005,web
ORD-P004006,CUST-0006,2026-10-05 12:00:00,50.05,EUR,CREATED,region-04006,web
ORD-P004007,CUST-0007,2026-10-05 12:00:00,50.06,EUR,CREATED,region-04007,web
ORD-P004008,CUST-0008,2026-10-05 12:00:00,50.07,EUR,CREATED,region-04008,web
ORD-P004009,CUST-0009,2026-10-05 12:00:00,50.08,EUR,CREATED,region-04009,web
ORD-P004010,CUST-0010,2026-10-05 12:00:00,50.09,EUR,CREATED,region-04010,web
ORD-P004011,CUST-0011,2026-10-05 12:00:00,50.10,EUR,CREATED,region-04011,web
ORD-P004012,CUST-0012,2026-10-05 12:00:00,50.11,EUR,CREATED,region-04012,web
ORD-P004013,CUST-0013,2026-10-05 12:00:00,50.12,EUR,CREATED,region-04013,web
ORD-P004014,CUST-0014,2026-10-05 12:00:00,50.13,EUR,CREATED,region-04014,web
ORD-P004015,CUST-0015,2026-10-05 12:00:00,50.14,EUR,CREATED,region-04015,web
ORD-P004016,CUST-0016,2026-10-05 12:00:00,50.15,EUR,CREATED,region-04016,web
ORD-P004017,CUST-0017,2026-10-05 12:00:00,50.16,EUR,CREATED,region-04017,web
ORD-P004018,CUST-0018,2026-10-05 12:00:00,50.17,EUR,CREATED,region-04018,web
ORD-P004019,CUST-0019,2026-10-05 12:00:00,50.18,EUR,CREATED,region-04019,web
ORD-P004020,CUST-0020,2026-10-05 12:00:00,50.19,EUR,CREATED,region-04020,web
ORD-P004021,CUST-0021,2026-10-05 12:00:00,50.20,EUR,CREATED,region-04021,web
ORD-P004022,CUST-0022,2026-10-05 12:00:00,50.21,EUR,CREATED,region-04022,web
ORD-P004023,CUST-0023,2026-10-05 12:00:00,50.22,EUR,CREATED,region-04023,web
ORD-P004024,CUST-0024,2026-10-05 12:00:00,50.23,EUR,CREATED,region-04024,web
ORD-P004025,CUST-0025,2026-10-05 12:00:00,50.24,EUR,CREATED,region-04025,web
ORD-P004026,CUST-0026,2026-10-05 12:00:00,50.25,EUR,CREATED,region-04026,web
ORD-P004027,CUST-0027,2026-10-05 12:00:00,50.26,EUR,CREATED,region-04027,web
ORD-P004028,CUST-0028,2026-10-05 12:00:00,50.27,EUR,CREATED,region-04028,web
ORD-P004029,CUST-0029,2026-10-05 12:00:00,50.28,EUR,CREATED,region-04029,web
ORD-P004030,CUST-0030,2026-10-05 12:00:00,50.29,EUR,CREATED,region-04030,web
ORD-P004031,CUST-0031,2026-10-05 12:00:00,50.30,EUR,CREATED,region-04031,web
ORD-P004032,CUST-0032,2026-10-05 12:00:00,50.31,EUR,CREATED,region-04032,web
ORD-P004033,CUST-0033,2026-10-05 12:00:00,50.32,EUR,CREATED,region-04033,web
ORD-P004034,CUST-0034,2026-10-05 12:00:00,50.33,EUR,CREATED,region-04034,web
ORD-P004035,CUST-0035,2026-10-05 12:00:00,50.34,EUR,CREATED,region-04035,web
ORD-P004036,CUST-0036,2026-10-05 12:00:00,50.35,EUR,CREATED,region-04036,web
ORD-P004037,CUST-0037,2026-10-05 12:00:00,50.36,EUR,CREATED,region-04037,web
ORD-P004038,CUST-0038,2026-10-05 12:00:00,50.37,EUR,CREATED,region-04038,web
ORD-P004039,CUST-0039,2026-10-05 12:00:00,50.38,EUR,CREATED,region-04039,web
ORD-P004040,CUST-0040,2026-10-05 12:00:00,50.39,EUR,CREATED,region-04040,web
ORD-P004041,CUST-0041,2026-10-05 12:00:00,50.40,EUR,CREATED,region-04041,web
ORD-P004042,CUST-0042,2026-10-05 12:00:00,50.41,EUR,CREATED,region-04042,web
ORD-P004043,CUST-0043,2026-10-05 12:00:00,50.42,EUR,CREATED,region-04043,web
ORD-P004044,CUST-0044,2026-10-05 12:00:00,50.43,EUR,CREATED,region-04044,web
ORD-P004045,CUST-0045,2026-10-05 12:00:00,50.44,EUR,CREATED,region-04045,web
ORD-P004046,CUST-0046,2026-10-05 12:00:00,50.45,EUR,CREATED,region-04046,web
ORD-P004047,CUST-0047,2026-10-05 12:00:00,50.46,EUR,CREATED,region-04047,web
ORD-P004048,CUST-0048,2026-10-05 12:00:00,50.47,EUR,CREATED,region-04048,web
ORD-P004049,CUST-0049,2026-10-05 12:00:00,50.48,EUR,CREATED,region-04049,web
ORD-P004050,CUST-0050,2026-10-05 12:00:00,50.49,EUR,CREATED,region-04050,web
ORD-P004051,CUST-0051,2026-10-05 12:00:00,50.50,EUR,CREATED,region-04051,web
ORD-P004052,CUST-0052,2026-10-05 12:00:00,50.51,EUR,CREATED,region-04052,web
ORD-P004053,CUST-0053,2026-10-05 12:00:00,50.52,EUR,CREATED,region-04053,web
ORD-P004054,CUST-0054,2026-10-05 12:00:00,50.53,EUR,CREATED,region-04054,web
ORD-P004055,CUST-0055,2026-10-05 12:00:00,50.54,EUR,CREATED,region-04055,web
ORD-P004056,CUST-0056,2026-10-05 12:00:00,50.55,EUR,CREATED,region-04056,web
ORD-P004057,CUST-0057,2026-10-05 12:00:00,50.56,EUR,CREATED,region-04057,web
ORD-P004058,CUST-0058,2026-10-05 12:00:00,50.57,EUR,CREATED,region-04058,web
ORD-P004059,CUST-0059,2026-10-05 12:00:00,50.58,EUR,CREATED,region-04059,web
ORD-P004060,CUST-0060,2026-10-05 12:00:00,50.59,EUR,CREATED,region-04060,web
ORD-P004061,CUST-0061,2026-10-05 12:00:00,50.60,EUR,CREATED,region-04061,web
ORD-P004062,CUST-0062,2026-10-05 12:00:00,50.61,EUR,CREATED,region-04062,web
ORD-P004063,CUST-0063,2026-10-05 12:00:00,50.62,EUR,CREATED,region-04063,web
ORD-P004064,CUST-0064,2026-10-05 12:00:00,50.63,EUR,CREATED,region-04064,web
ORD-P004065,CUST-0065,2026-10-05 12:00:00,50.64,EUR,CREATED,region-04065,web
ORD-P004066,CUST-0066,2026-10-05 12:00:00,50.65,EUR,CREATED,region-04066,web
ORD-P004067,CUST-0067,2026-10-05 12:00:00,50.66,EUR,CREATED,region-04067,web
ORD-P004068,CUST-0068,2026-10-05 12:00:00,50.67,EUR,CREATED,region-04068,web
ORD-P004069,CUST-0069,2026-10-05 12:00:00,50.68,EUR,CREATED,region-04069,web
ORD-P004070,CUST-0070,2026-10-05 12:00:00,50.69,EUR,CREATED,region-04070,web
ORD-P004071,CUST-0071,2026-10-05 12:00:00,50.70,EUR,CREATED,region-04071,web
ORD-P004072,CUST-0072,2026-10-05 12:00:00,50.71,EUR,CREATED,region-04072,web
ORD-P004073,CUST-0073,2026-10-05 12:00:00,50.72,EUR,CREATED,region-04073,web
ORD-P004074,CUST-0074,2026-10-05 12:00:00,50.73,EUR,CREATED,region-04074,web
ORD-P004075,CUST-0075,2026-10-05 12:00:00,50.74,EUR,CREATED,region-04075,web
ORD-P004076,CUST-0076,2026-10-05 12:00:00,50.75,EUR,CREATED,region-04076,web
ORD-P004077,CUST-0077,2026-10-05 12:00:00,50.76,EUR,CREATED,region-04077,web
ORD-P004078,CUST-0078,2026-10-05 12:00:00,50.77,EUR,CREATED,region-04078,web
ORD-P004079,CUST-0079,2026-10-05 12:00:00,50.78,EUR,CREATED,region-04079,web
ORD-P004080,CUST-0080,2026-10-05 12:00:00,50.79,EUR,CREATED,region-04080,web
ORD-P004081,CUST-0081,2026-10-05 12:00:00,50.80,EUR,CREATED,region-04081,web
ORD-P004082,CUST-0082,2026-10-05 12:00:00,50.81,EUR,CREATED,region-04082,web
ORD-P004083,CUST-0083,2026-10-05 12:00:00,50.82,EUR,CREATED,region-04083,web
ORD-P004084,CUST-0084,2026-10-05 12:00:00,50.83,EUR,CREATED,region-04084,web
ORD-P004085,CUST-0085,2026-10-05 12:00:00,50.84,EUR,CREATED,region-04085,web
ORD-P004086,CUST-0086,2026-10-05 12:00:00,50.85,EUR,CREATED,region-04086,web
ORD-P004087,CUST-0087,2026-10-05 12:00:00,50.86,EUR,CREATED,region-04087,web
ORD-P004088,CUST-0088,2026-10-05 12:00:00,50.87,EUR,CREATED,region-04088,web
ORD-P004089,CUST-0089,2026-10-05 12:00:00,50.88,EUR,CREATED,region-04089,web
ORD-P004090,CUST-0090,2026-10-05 12:00:00,50.89,EUR,CREATED,region-04090,web
ORD-P004091,CUST-0091,2026-10-05 12:00:00,50.90,EUR,CREATED,region-04091,web
ORD-P004092,CUST-0092,2026-10-05 12:00:00,50.91,EUR,CREATED,region-04092,web
ORD-P004093,CUST-0093,2026-10-05 12:00:00,50.92,EUR,CREATED,region-04093,web
ORD-P004094,CUST-0094,2026-10-05 12:00:00,50.93,EUR,CREATED,region-04094,web
ORD-P004095,CUST-0095,2026-10-05 12:00:00,50.94,EUR,CREATED,region-04095,web
ORD-P004096,CUST-0096,2026-10-05 12:00:00,50.95,EUR,CREATED,region-04096,web
ORD-P004097,CUST-0097,2026-10-05 12:00:00,50.96,EUR,CREATED,region-04097,web
ORD-P004098,CUST-0098,2026-10-05 12:00:00,50.97,EUR,CREATED,region-04098,web
ORD-P004099,CUST-0099,2026-10-05 12:00:00,50.98,EUR,CREATED,region-04099,web
ORD-P004100,CUST-0100,2026-10-05 12:00:00,50.99,EUR,CREATED,region-04100,web
ORD-P004101,CUST-0101,2026-10-05 12:00:00,51.00,EUR,CREATED,region-04101,web
ORD-P004102,CUST-0102,2026-10-05 12:00:00,51.01,EUR,CREATED,region-04102,web
ORD-P004103,CUST-0103,2026-10-05 12:00:00,51.02,EUR,CREATED,region-04103,web
ORD-P004104,CUST-0104,2026-10-05 12:00:00,51.03,EUR,CREATED,region-04104,web
ORD-P004105,CUST-0105,2026-10-05 12:00:00,51.04,EUR,CREATED,region-04105,web
ORD-P004106,CUST-0106,2026-10-05 12:00:00,51.05,EUR,CREATED,region-04106,web
ORD-P004107,CUST-0107,2026-10-05 12:00:00,51.06,EUR,CREATED,region-04107,web
ORD-P004108,CUST-0108,2026-10-05 12:00:00,51.07,EUR,CREATED,region-04108,web
ORD-P004109,CUST-0109,2026-10-05 12:00:00,51.08,EUR,CREATED,region-04109,web
ORD-P004110,CUST-0110,2026-10-05 12:00:00,51.09,EUR,CREATED,region-04110,web
ORD-P004111,CUST-0111,2026-10-05 12:00:00,51.10,EUR,CREATED,region-04111,web
ORD-P004112,CUST-0112,2026-10-05 12:00:00,51.11,EUR,CREATED,region-04112,web
ORD-P004113,CUST-0113,2026-10-05 12:00:00,51.12,EUR,CREATED,region-04113,web
ORD-P004114,CUST-0114,2026-10-05 12:00:00,51.13,EUR,CREATED,region-04114,web
ORD-P004115,CUST-0115,2026-10-05 12:00:00,51.14,EUR,CREATED,region-04115,web
ORD-P004116,CUST-0116,2026-10-05 12:00:00,51.15,EUR,CREATED,region-04116,web
ORD-P004117,CUST-0117,2026-10-05 12:00:00,51.16,EUR,CREATED,region-04117,web
ORD-P004118,CUST-0118,2026-10-05 12:00:00,51.17,EUR,CREATED,region-04118,web
ORD-P004119,CUST-0119,2026-10-05 12:00:00,51.18,EUR,CREATED,region-04119,web
ORD-P004120,CUST-0120,2026-10-05 12:00:00,51.19,EUR,CREATED,region-04120,web
ORD-P004121,CUST-0121,2026-10-05 12:00:00,51.20,EUR,CREATED,region-04121,web
ORD-P004122,CUST-0122,2026-10-05 12:00:00,51.21,EUR,CREATED,region-04122,web
ORD-P004123,CUST-0123,2026-10-05 12:00:00,51.22,EUR,CREATED,region-04123,web
ORD-P004124,CUST-0124,2026-10-05 12:00:00,51.23,EUR,CREATED,region-04124,web
ORD-P004125,CUST-0125,2026-10-05 12:00:00,51.24,EUR,CREATED,region-04125,web
ORD-P004126,CUST-0126,2026-10-05 12:00:00,51.25,EUR,CREATED,region-04126,web
ORD-P004127,CUST-0127,2026-10-05 12:00:00,51.26,EUR,CREATED,region-04127,web
ORD-P004128,CUST-0128,2026-10-05 12:00:00,51.27,EUR,CREATED,region-04128,web
ORD-P004129,CUST-0129,2026-10-05 12:00:00,51.28,EUR,CREATED,region-04129,web
ORD-P004130,CUST-0130,2026-10-05 12:00:00,51.29,EUR,CREATED,region-04130,web
ORD-P004131,CUST-0131,2026-10-05 12:00:00,51.30,EUR,CREATED,region-04131,web
ORD-P004132,CUST-0132,2026-10-05 12:00:00,51.31,EUR,CREATED,region-04132,web
ORD-P004133,CUST-0133,2026-10-05 12:00:00,51.32,EUR,CREATED,region-04133,web
ORD-P004134,CUST-0134,2026-10-05 12:00:00,51.33,EUR,CREATED,region-04134,web
ORD-P004135,CUST-0135,2026-10-05 12:00:00,51.34,EUR,CREATED,region-04135,web
ORD-P004136,CUST-0136,2026-10-05 12:00:00,51.35,EUR,CREATED,region-04136,web
ORD-P004137,CUST-0137,2026-10-05 12:00:00,51.36,EUR,CREATED,region-04137,web
ORD-P004138,CUST-0138,2026-10-05 12:00:00,51.37,EUR,CREATED,region-04138,web
ORD-P004139,CUST-0139,2026-10-05 12:00:00,51.38,EUR,CREATED,region-04139,web
ORD-P004140,CUST-0140,2026-10-05 12:00:00,51.39,EUR,CREATED,region-04140,web
ORD-P004141,CUST-0141,2026-10-05 12:00:00,51.40,EUR,CREATED,region-04141,web
ORD-P004142,CUST-0142,2026-10-05 12:00:00,51.41,EUR,CREATED,region-04142,web
ORD-P004143,CUST-0143,2026-10-05 12:00:00,51.42,EUR,CREATED,region-04143,web
ORD-P004144,CUST-0144,2026-10-05 12:00:00,51.43,EUR,CREATED,region-04144,web
ORD-P004145,CUST-0145,2026-10-05 12:00:00,51.44,EUR,CREATED,region-04145,web
ORD-P004146,CUST-0146,2026-10-05 12:00:00,51.45,EUR,CREATED,region-04146,web
ORD-P004147,CUST-0147,2026-10-05 12:00:00,51.46,EUR,CREATED,region-04147,web
ORD-P004148,CUST-0148,2026-10-05 12:00:00,51.47,EUR,CREATED,region-04148,web
ORD-P004149,CUST-0149,2026-10-05 12:00:00,51.48,EUR,CREATED,region-04149,web
ORD-P004150,CUST-0150,2026-10-05 12:00:00,51.49,EUR,CREATED,region-04150,web
ORD-P004151,CUST-0151,2026-10-05 12:00:00,51.50,EUR,CREATED,region-04151,web
ORD-P004152,CUST-0152,2026-10-05 12:00:00,51.51,EUR,CREATED,region-04152,web
ORD-P004153,CUST-0153,2026-10-05 12:00:00,51.52,EUR,CREATED,region-04153,web
ORD-P004154,CUST-0154,2026-10-05 12:00:00,51.53,EUR,CREATED,region-04154,web
ORD-P004155,CUST-0155,2026-10-05 12:00:00,51.54,EUR,CREATED,region-04155,web
ORD-P004156,CUST-0156,2026-10-05 12:00:00,51.55,EUR,CREATED,region-04156,web
ORD-P004157,CUST-0157,2026-10-05 12:00:00,51.56,EUR,CREATED,region-04157,web
ORD-P004158,CUST-0158,2026-10-05 12:00:00,51.57,EUR,CREATED,region-04158,web
ORD-P004159,CUST-0159,2026-10-05 12:00:00,51.58,EUR,CREATED,region-04159,web
ORD-P004160,CUST-0160,2026-10-05 12:00:00,51.59,EUR,CREATED,region-04160,web
ORD-P004161,CUST-0161,2026-10-05 12:00:00,51.60,EUR,CREATED,region-04161,web
ORD-P004162,CUST-0162,2026-10-05 12:00:00,51.61,EUR,CREATED,region-04162,web
ORD-P004163,CUST-0163,2026-10-05 12:00:00,51.62,EUR,CREATED,region-04163,web
ORD-P004164,CUST-0164,2026-10-05 12:00:00,51.63,EUR,CREATED,region-04164,web
ORD-P004165,CUST-0165,2026-10-05 12:00:00,51.64,EUR,CREATED,region-04165,web
ORD-P004166,CUST-0166,2026-10-05 12:00:00,51.65,EUR,CREATED,region-04166,web
ORD-P004167,CUST-0167,2026-10-05 12:00:00,51.66,EUR,CREATED,region-04167,web
ORD-P004168,CUST-0168,2026-10-05 12:00:00,51.67,EUR,CREATED,region-04168,web
ORD-P004169,CUST-0169,2026-10-05 12:00:00,51.68,EUR,CREATED,region-04169,web
ORD-P004170,CUST-0170,2026-10-05 12:00:00,51.69,EUR,CREATED,region-04170,web
ORD-P004171,CUST-0171,2026-10-05 12:00:00,51.70,EUR,CREATED,region-04171,web
ORD-P004172,CUST-0172,2026-10-05 12:00:00,51.71,EUR,CREATED,region-04172,web
ORD-P004173,CUST-0173,2026-10-05 12:00:00,51.72,EUR,CREATED,region-04173,web
ORD-P004174,CUST-0174,2026-10-05 12:00:00,51.73,EUR,CREATED,region-04174,web
ORD-P004175,CUST-0175,2026-10-05 12:00:00,51.74,EUR,CREATED,region-04175,web
ORD-P004176,CUST-0176,2026-10-05 12:00:00,51.75,EUR,CREATED,region-04176,web
ORD-P004177,CUST-0177,2026-10-05 12:00:00,51.76,EUR,CREATED,region-04177,web
ORD-P004178,CUST-0178,2026-10-05 12:00:00,51.77,EUR,CREATED,region-04178,web
ORD-P004179,CUST-0179,2026-10-05 12:00:00,51.78,EUR,CREATED,region-04179,web
ORD-P004180,CUST-0180,2026-10-05 12:00:00,51.79,EUR,CREATED,region-04180,web
ORD-P004181,CUST-0181,2026-10-05 12:00:00,51.80,EUR,CREATED,region-04181,web
ORD-P004182,CUST-0182,2026-10-05 12:00:00,51.81,EUR,CREATED,region-04182,web
ORD-P004183,CUST-0183,2026-10-05 12:00:00,51.82,EUR,CREATED,region-04183,web
ORD-P004184,CUST-0184,2026-10-05 12:00:00,51.83,EUR,CREATED,region-04184,web
ORD-P004185,CUST-0185,2026-10-05 12:00:00,51.84,EUR,CREATED,region-04185,web
ORD-P004186,CUST-0186,2026-10-05 12:00:00,51.85,EUR,CREATED,region-04186,web
ORD-P004187,CUST-0187,2026-10-05 12:00:00,51.86,EUR,CREATED,region-04187,web
ORD-P004188,CUST-0188,2026-10-05 12:00:00,51.87,EUR,CREATED,region-04188,web
ORD-P004189,CUST-0189,2026-10-05 12:00:00,51.88,EUR,CREATED,region-04189,web
ORD-P004190,CUST-0190,2026-10-05 12:00:00,51.89,EUR,CREATED,region-04190,web
ORD-P004191,CUST-0191,2026-10-05 12:00:00,51.90,EUR,CREATED,region-04191,web
ORD-P004192,CUST-0192,2026-10-05 12:00:00,51.91,EUR,CREATED,region-04192,web
ORD-P004193,CUST-0193,2026-10-05 12:00:00,51.92,EUR,CREATED,region-04193,web
ORD-P004194,CUST-0194,2026-10-05 12:00:00,51.93,EUR,CREATED,region-04194,web
ORD-P004195,CUST-0195,2026-10-05 12:00:00,51.94,EUR,CREATED,region-04195,web
ORD-P004196,CUST-0196,2026-10-05 12:00:00,51.95,EUR,CREATED,region-04196,web
ORD-P004197,CUST-0197,2026-10-05 12:00:00,51.96,EUR,CREATED,region-04197,web
ORD-P004198,CUST-0198,2026-10-05 12:00:00,51.97,EUR,CREATED,region-04198,web
ORD-P004199,CUST-0199,2026-10-05 12:00:00,51.98,EUR,CREATED,region-04199,web
ORD-P004200,CUST-0200,2026-10-05 12:00:00,51.99,EUR,CREATED,region-04200,web
ORD-P004201,CUST-0201,2026-10-05 12:00:00,52.00,EUR,CREATED,region-04201,web
ORD-P004202,CUST-0202,2026-10-05 12:00:00,52.01,EUR,CREATED,region-04202,web
ORD-P004203,CUST-0203,2026-10-05 12:00:00,52.02,EUR,CREATED,region-04203,web
ORD-P004204,CUST-0204,2026-10-05 12:00:00,52.03,EUR,CREATED,region-04204,web
ORD-P004205,CUST-0205,2026-10-05 12:00:00,52.04,EUR,CREATED,region-04205,web
ORD-P004206,CUST-0206,2026-10-05 12:00:00,52.05,EUR,CREATED,region-04206,web
ORD-P004207,CUST-0207,2026-10-05 12:00:00,52.06,EUR,CREATED,region-04207,web
ORD-P004208,CUST-0208,2026-10-05 12:00:00,52.07,EUR,CREATED,region-04208,web
ORD-P004209,CUST-0209,2026-10-05 12:00:00,52.08,EUR,CREATED,region-04209,web
ORD-P004210,CUST-0210,2026-10-05 12:00:00,52.09,EUR,CREATED,region-04210,web
ORD-P004211,CUST-0211,2026-10-05 12:00:00,52.10,EUR,CREATED,region-04211,web
ORD-P004212,CUST-0212,2026-10-05 12:00:00,52.11,EUR,CREATED,region-04212,web
ORD-P004213,CUST-0213,2026-10-05 12:00:00,52.12,EUR,CREATED,region-04213,web
ORD-P004214,CUST-0214,2026-10-05 12:00:00,52.13,EUR,CREATED,region-04214,web
ORD-P004215,CUST-0215,2026-10-05 12:00:00,52.14,EUR,CREATED,region-04215,web
ORD-P004216,CUST-0216,2026-10-05 12:00:00,52.15,EUR,CREATED,region-04216,web
ORD-P004217,CUST-0217,2026-10-05 12:00:00,52.16,EUR,CREATED,region-04217,web
ORD-P004218,CUST-0218,2026-10-05 12:00:00,52.17,EUR,CREATED,region-04218,web
ORD-P004219,CUST-0219,2026-10-05 12:00:00,52.18,EUR,CREATED,region-04219,web
ORD-P004220,CUST-0220,2026-10-05 12:00:00,52.19,EUR,CREATED,region-04220,web
ORD-P004221,CUST-0221,2026-10-05 12:00:00,52.20,EUR,CREATED,region-04221,web
ORD-P004222,CUST-0222,2026-10-05 12:00:00,52.21,EUR,CREATED,region-04222,web
ORD-P004223,CUST-0223,2026-10-05 12:00:00,52.22,EUR,CREATED,region-04223,web
ORD-P004224,CUST-0224,2026-10-05 12:00:00,52.23,EUR,CREATED,region-04224,web
ORD-P004225,CUST-0225,2026-10-05 12:00:00,52.24,EUR,CREATED,region-04225,web
ORD-P004226,CUST-0226,2026-10-05 12:00:00,52.25,EUR,CREATED,region-04226,web
ORD-P004227,CUST-0227,2026-10-05 12:00:00,52.26,EUR,CREATED,region-04227,web
ORD-P004228,CUST-0228,2026-10-05 12:00:00,52.27,EUR,CREATED,region-04228,web
ORD-P004229,CUST-0229,2026-10-05 12:00:00,52.28,EUR,CREATED,region-04229,web
ORD-P004230,CUST-0230,2026-10-05 12:00:00,52.29,EUR,CREATED,region-04230,web
ORD-P004231,CUST-0231,2026-10-05 12:00:00,52.30,EUR,CREATED,region-04231,web
ORD-P004232,CUST-0232,2026-10-05 12:00:00,52.31,EUR,CREATED,region-04232,web
ORD-P004233,CUST-0233,2026-10-05 12:00:00,52.32,EUR,CREATED,region-04233,web
ORD-P004234,CUST-0234,2026-10-05 12:00:00,52.33,EUR,CREATED,region-04234,web
ORD-P004235,CUST-0235,2026-10-05 12:00:00,52.34,EUR,CREATED,region-04235,web
ORD-P004236,CUST-0236,2026-10-05 12:00:00,52.35,EUR,CREATED,region-04236,web
ORD-P004237,CUST-0237,2026-10-05 12:00:00,52.36,EUR,CREATED,region-04237,web
ORD-P004238,CUST-0238,2026-10-05 12:00:00,52.37,EUR,CREATED,region-04238,web
ORD-P004239,CUST-0239,2026-10-05 12:00:00,52.38,EUR,CREATED,region-04239,web
ORD-P004240,CUST-0240,2026-10-05 12:00:00,52.39,EUR,CREATED,region-04240,web
ORD-P004241,CUST-0241,2026-10-05 12:00:00,52.40,EUR,CREATED,region-04241,web
ORD-P004242,CUST-0242,2026-10-05 12:00:00,52.41,EUR,CREATED,region-04242,web
ORD-P004243,CUST-0243,2026-10-05 12:00:00,52.42,EUR,CREATED,region-04243,web
ORD-P004244,CUST-0244,2026-10-05 12:00:00,52.43,EUR,CREATED,region-04244,web
ORD-P004245,CUST-0245,2026-10-05 12:00:00,52.44,EUR,CREATED,region-04245,web
ORD-P004246,CUST-0246,2026-10-05 12:00:00,52.45,EUR,CREATED,region-04246,web
ORD-P004247,CUST-0247,2026-10-05 12:00:00,52.46,EUR,CREATED,region-04247,web
ORD-P004248,CUST-0248,2026-10-05 12:00:00,52.47,EUR,CREATED,region-04248,web
ORD-P004249,CUST-0249,2026-10-05 12:00:00,52.48,EUR,CREATED,region-04249,web
ORD-P004250,CUST-0250,2026-10-05 12:00:00,52.49,EUR,CREATED,region-04250,web
ORD-P004251,CUST-0251,2026-10-05 12:00:00,52.50,EUR,CREATED,region-04251,web
ORD-P004252,CUST-0252,2026-10-05 12:00:00,52.51,EUR,CREATED,region-04252,web
ORD-P004253,CUST-0253,2026-10-05 12:00:00,52.52,EUR,CREATED,region-04253,web
ORD-P004254,CUST-0254,2026-10-05 12:00:00,52.53,EUR,CREATED,region-04254,web
ORD-P004255,CUST-0255,2026-10-05 12:00:00,52.54,EUR,CREATED,region-04255,web
ORD-P004256,CUST-0256,2026-10-05 12:00:00,52.55,EUR,CREATED,region-04256,web
ORD-P004257,CUST-0257,2026-10-05 12:00:00,52.56,EUR,CREATED,region-04257,web
ORD-P004258,CUST-0258,2026-10-05 12:00:00,52.57,EUR,CREATED,region-04258,web
ORD-P004259,CUST-0259,2026-10-05 12:00:00,52.58,EUR,CREATED,region-04259,web
ORD-P004260,CUST-0260,2026-10-05 12:00:00,52.59,EUR,CREATED,region-04260,web
ORD-P004261,CUST-0261,2026-10-05 12:00:00,52.60,EUR,CREATED,region-04261,web
ORD-P004262,CUST-0262,2026-10-05 12:00:00,52.61,EUR,CREATED,region-04262,web
ORD-P004263,CUST-0263,2026-10-05 12:00:00,52.62,EUR,CREATED,region-04263,web
ORD-P004264,CUST-0264,2026-10-05 12:00:00,52.63,EUR,CREATED,region-04264,web
ORD-P004265,CUST-0265,2026-10-05 12:00:00,52.64,EUR,CREATED,region-04265,web
ORD-P004266,CUST-0266,2026-10-05 12:00:00,52.65,EUR,CREATED,region-04266,web
ORD-P004267,CUST-0267,2026-10-05 12:00:00,52.66,EUR,CREATED,region-04267,web
ORD-P004268,CUST-0268,2026-10-05 12:00:00,52.67,EUR,CREATED,region-04268,web
ORD-P004269,CUST-0269,2026-10-05 12:00:00,52.68,EUR,CREATED,region-04269,web
ORD-P004270,CUST-0270,2026-10-05 12:00:00,52.69,EUR,CREATED,region-04270,web
ORD-P004271,CUST-0271,2026-10-05 12:00:00,52.70,EUR,CREATED,region-04271,web
ORD-P004272,CUST-0272,2026-10-05 12:00:00,52.71,EUR,CREATED,region-04272,web
ORD-P004273,CUST-0273,2026-10-05 12:00:00,52.72,EUR,CREATED,region-04273,web
ORD-P004274,CUST-0274,2026-10-05 12:00:00,52.73,EUR,CREATED,region-04274,web
ORD-P004275,CUST-0275,2026-10-05 12:00:00,52.74,EUR,CREATED,region-04275,web
ORD-P004276,CUST-0276,2026-10-05 12:00:00,52.75,EUR,CREATED,region-04276,web
ORD-P004277,CUST-0277,2026-10-05 12:00:00,52.76,EUR,CREATED,region-04277,web
ORD-P004278,CUST-0278,2026-10-05 12:00:00,52.77,EUR,CREATED,region-04278,web
ORD-P004279,CUST-0279,2026-10-05 12:00:00,52.78,EUR,CREATED,region-04279,web
ORD-P004280,CUST-0280,2026-10-05 12:00:00,52.79,EUR,CREATED,region-04280,web
ORD-P004281,CUST-0281,2026-10-05 12:00:00,52.80,EUR,CREATED,region-04281,web
ORD-P004282,CUST-0282,2026-10-05 12:00:00,52.81,EUR,CREATED,region-04282,web
ORD-P004283,CUST-0283,2026-10-05 12:00:00,52.82,EUR,CREATED,region-04283,web
ORD-P004284,CUST-0284,2026-10-05 12:00:00,52.83,EUR,CREATED,region-04284,web
ORD-P004285,CUST-0285,2026-10-05 12:00:00,52.84,EUR,CREATED,region-04285,web
ORD-P004286,CUST-0286,2026-10-05 12:00:00,52.85,EUR,CREATED,region-04286,web
ORD-P004287,CUST-0287,2026-10-05 12:00:00,52.86,EUR,CREATED,region-04287,web
ORD-P004288,CUST-0288,2026-10-05 12:00:00,52.87,EUR,CREATED,region-04288,web
ORD-P004289,CUST-0289,2026-10-05 12:00:00,52.88,EUR,CREATED,region-04289,web
ORD-P004290,CUST-0290,2026-10-05 12:00:00,52.89,EUR,CREATED,region-04290,web
ORD-P004291,CUST-0291,2026-10-05 12:00:00,52.90,EUR,CREATED,region-04291,web
ORD-P004292,CUST-0292,2026-10-05 12:00:00,52.91,EUR,CREATED,region-04292,web
ORD-P004293,CUST-0293,2026-10-05 12:00:00,52.92,EUR,CREATED,region-04293,web
ORD-P004294,CUST-0294,2026-10-05 12:00:00,52.93,EUR,CREATED,region-04294,web
ORD-P004295,CUST-0295,2026-10-05 12:00:00,52.94,EUR,CREATED,region-04295,web
ORD-P004296,CUST-0296,2026-10-05 12:00:00,52.95,EUR,CREATED,region-04296,web
ORD-P004297,CUST-0297,2026-10-05 12:00:00,52.96,EUR,CREATED,region-04297,web
ORD-P004298,CUST-0298,2026-10-05 12:00:00,52.97,EUR,CREATED,region-04298,web
ORD-P004299,CUST-0299,2026-10-05 12:00:00,52.98,EUR,CREATED,region-04299,web
ORD-P004300,CUST-0300,2026-10-05 12:00:00,52.99,EUR,CREATED,region-04300,web
ORD-P004301,CUST-0301,2026-10-05 12:00:00,53.00,EUR,CREATED,region-04301,web
ORD-P004302,CUST-0302,2026-10-05 12:00:00,53.01,EUR,CREATED,region-04302,web
ORD-P004303,CUST-0303,2026-10-05 12:00:00,53.02,EUR,CREATED,region-04303,web
ORD-P004304,CUST-0304,2026-10-05 12:00:00,53.03,EUR,CREATED,region-04304,web
ORD-P004305,CUST-0305,2026-10-05 12:00:00,53.04,EUR,CREATED,region-04305,web
ORD-P004306,CUST-0306,2026-10-05 12:00:00,53.05,EUR,CREATED,region-04306,web
ORD-P004307,CUST-0307,2026-10-05 12:00:00,53.06,EUR,CREATED,region-04307,web
ORD-P004308,CUST-0308,2026-10-05 12:00:00,53.07,EUR,CREATED,region-04308,web
ORD-P004309,CUST-0309,2026-10-05 12:00:00,53.08,EUR,CREATED,region-04309,web
ORD-P004310,CUST-0310,2026-10-05 12:00:00,53.09,EUR,CREATED,region-04310,web
ORD-P004311,CUST-0311,2026-10-05 12:00:00,53.10,EUR,CREATED,region-04311,web
ORD-P004312,CUST-0312,2026-10-05 12:00:00,53.11,EUR,CREATED,region-04312,web
ORD-P004313,CUST-0313,2026-10-05 12:00:00,53.12,EUR,CREATED,region-04313,web
ORD-P004314,CUST-0314,2026-10-05 12:00:00,53.13,EUR,CREATED,region-04314,web
ORD-P004315,CUST-0315,2026-10-05 12:00:00,53.14,EUR,CREATED,region-04315,web
ORD-P004316,CUST-0316,2026-10-05 12:00:00,53.15,EUR,CREATED,region-04316,web
ORD-P004317,CUST-0317,2026-10-05 12:00:00,53.16,EUR,CREATED,region-04317,web
ORD-P004318,CUST-0318,2026-10-05 12:00:00,53.17,EUR,CREATED,region-04318,web
ORD-P004319,CUST-0319,2026-10-05 12:00:00,53.18,EUR,CREATED,region-04319,web
ORD-P004320,CUST-0320,2026-10-05 12:00:00,53.19,EUR,CREATED,region-04320,web
ORD-P004321,CUST-0321,2026-10-05 12:00:00,53.20,EUR,CREATED,region-04321,web
ORD-P004322,CUST-0322,2026-10-05 12:00:00,53.21,EUR,CREATED,region-04322,web
ORD-P004323,CUST-0323,2026-10-05 12:00:00,53.22,EUR,CREATED,region-04323,web
ORD-P004324,CUST-0324,2026-10-05 12:00:00,53.23,EUR,CREATED,region-04324,web
ORD-P004325,CUST-0325,2026-10-05 12:00:00,53.24,EUR,CREATED,region-04325,web
ORD-P004326,CUST-0326,2026-10-05 12:00:00,53.25,EUR,CREATED,region-04326,web
ORD-P004327,CUST-0327,2026-10-05 12:00:00,53.26,EUR,CREATED,region-04327,web
ORD-P004328,CUST-0328,2026-10-05 12:00:00,53.27,EUR,CREATED,region-04328,web
ORD-P004329,CUST-0329,2026-10-05 12:00:00,53.28,EUR,CREATED,region-04329,web
ORD-P004330,CUST-0330,2026-10-05 12:00:00,53.29,EUR,CREATED,region-04330,web
ORD-P004331,CUST-0331,2026-10-05 12:00:00,53.30,EUR,CREATED,region-04331,web
ORD-P004332,CUST-0332,2026-10-05 12:00:00,53.31,EUR,CREATED,region-04332,web
ORD-P004333,CUST-0333,2026-10-05 12:00:00,53.32,EUR,CREATED,region-04333,web
ORD-P004334,CUST-0334,2026-10-05 12:00:00,53.33,EUR,CREATED,region-04334,web
ORD-P004335,CUST-0335,2026-10-05 12:00:00,53.34,EUR,CREATED,region-04335,web
ORD-P004336,CUST-0336,2026-10-05 12:00:00,53.35,EUR,CREATED,region-04336,web
ORD-P004337,CUST-0337,2026-10-05 12:00:00,53.36,EUR,CREATED,region-04337,web
ORD-P004338,CUST-0338,2026-10-05 12:00:00,53.37,EUR,CREATED,region-04338,web
ORD-P004339,CUST-0339,2026-10-05 12:00:00,53.38,EUR,CREATED,region-04339,web
ORD-P004340,CUST-0340,2026-10-05 12:00:00,53.39,EUR,CREATED,region-04340,web
ORD-P004341,CUST-0341,2026-10-05 12:00:00,53.40,EUR,CREATED,region-04341,web
ORD-P004342,CUST-0342,2026-10-05 12:00:00,53.41,EUR,CREATED,region-04342,web
ORD-P004343,CUST-0343,2026-10-05 12:00:00,53.42,EUR,CREATED,region-04343,web
ORD-P004344,CUST-0344,2026-10-05 12:00:00,53.43,EUR,CREATED,region-04344,web
ORD-P004345,CUST-0345,2026-10-05 12:00:00,53.44,EUR,CREATED,region-04345,web
ORD-P004346,CUST-0346,2026-10-05 12:00:00,53.45,EUR,CREATED,region-04346,web
ORD-P004347,CUST-0347,2026-10-05 12:00:00,53.46,EUR,CREATED,region-04347,web
ORD-P004348,CUST-0348,2026-10-05 12:00:00,53.47,EUR,CREATED,region-04348,web
ORD-P004349,CUST-0349,2026-10-05 12:00:00,53.48,EUR,CREATED,region-04349,web
ORD-P004350,CUST-0350,2026-10-05 12:00:00,53.49,EUR,CREATED,region-04350,web
ORD-P004351,CUST-0351,2026-10-05 12:00:00,53.50,EUR,CREATED,region-04351,web
ORD-P004352,CUST-0352,2026-10-05 12:00:00,53.51,EUR,CREATED,region-04352,web
ORD-P004353,CUST-0353,2026-10-05 12:00:00,53.52,EUR,CREATED,region-04353,web
ORD-P004354,CUST-0354,2026-10-05 12:00:00,53.53,EUR,CREATED,region-04354,web
ORD-P004355,CUST-0355,2026-10-05 12:00:00,53.54,EUR,CREATED,region-04355,web
ORD-P004356,CUST-0356,2026-10-05 12:00:00,53.55,EUR,CREATED,region-04356,web
ORD-P004357,CUST-0357,2026-10-05 12:00:00,53.56,EUR,CREATED,region-04357,web
ORD-P004358,CUST-0358,2026-10-05 12:00:00,53.57,EUR,CREATED,region-04358,web
ORD-P004359,CUST-0359,2026-10-05 12:00:00,53.58,EUR,CREATED,region-04359,web
ORD-P004360,CUST-0360,2026-10-05 12:00:00,53.59,EUR,CREATED,region-04360,web
ORD-P004361,CUST-0361,2026-10-05 12:00:00,53.60,EUR,CREATED,region-04361,web
ORD-P004362,CUST-0362,2026-10-05 12:00:00,53.61,EUR,CREATED,region-04362,web
ORD-P004363,CUST-0363,2026-10-05 12:00:00,53.62,EUR,CREATED,region-04363,web
ORD-P004364,CUST-0364,2026-10-05 12:00:00,53.63,EUR,CREATED,region-04364,web
ORD-P004365,CUST-0365,2026-10-05 12:00:00,53.64,EUR,CREATED,region-04365,web
ORD-P004366,CUST-0366,2026-10-05 12:00:00,53.65,EUR,CREATED,region-04366,web
ORD-P004367,CUST-0367,2026-10-05 12:00:00,53.66,EUR,CREATED,region-04367,web
ORD-P004368,CUST-0368,2026-10-05 12:00:00,53.67,EUR,CREATED,region-04368,web
ORD-P004369,CUST-0369,2026-10-05 12:00:00,53.68,EUR,CREATED,region-04369,web
ORD-P004370,CUST-0370,2026-10-05 12:00:00,53.69,EUR,CREATED,region-04370,web
ORD-P004371,CUST-0371,2026-10-05 12:00:00,53.70,EUR,CREATED,region-04371,web
ORD-P004372,CUST-0372,2026-10-05 12:00:00,53.71,EUR,CREATED,region-04372,web
ORD-P004373,CUST-0373,2026-10-05 12:00:00,53.72,EUR,CREATED,region-04373,web
ORD-P004374,CUST-0374,2026-10-05 12:00:00,53.73,EUR,CREATED,region-04374,web
ORD-P004375,CUST-0375,2026-10-05 12:00:00,53.74,EUR,CREATED,region-04375,web
ORD-P004376,CUST-0376,2026-10-05 12:00:00,53.75,EUR,CREATED,region-04376,web
ORD-P004377,CUST-0377,2026-10-05 12:00:00,53.76,EUR,CREATED,region-04377,web
ORD-P004378,CUST-0378,2026-10-05 12:00:00,53.77,EUR,CREATED,region-04378,web
ORD-P004379,CUST-0379,2026-10-05 12:00:00,53.78,EUR,CREATED,region-04379,web
ORD-P004380,CUST-0380,2026-10-05 12:00:00,53.79,EUR,CREATED,region-04380,web
ORD-P004381,CUST-0381,2026-10-05 12:00:00,53.80,EUR,CREATED,region-04381,web
ORD-P004382,CUST-0382,2026-10-05 12:00:00,53.81,EUR,CREATED,region-04382,web
ORD-P004383,CUST-0383,2026-10-05 12:00:00,53.82,EUR,CREATED,region-04383,web
ORD-P004384,CUST-0384,2026-10-05 12:00:00,53.83,EUR,CREATED,region-04384,web
ORD-P004385,CUST-0385,2026-10-05 12:00:00,53.84,EUR,CREATED,region-04385,web
ORD-P004386,CUST-0386,2026-10-05 12:00:00,53.85,EUR,CREATED,region-04386,web
ORD-P004387,CUST-0387,2026-10-05 12:00:00,53.86,EUR,CREATED,region-04387,web
ORD-P004388,CUST-0388,2026-10-05 12:00:00,53.87,EUR,CREATED,region-04388,web
ORD-P004389,CUST-0389,2026-10-05 12:00:00,53.88,EUR,CREATED,region-04389,web
ORD-P004390,CUST-0390,2026-10-05 12:00:00,53.89,EUR,CREATED,region-04390,web
ORD-P004391,CUST-0391,2026-10-05 12:00:00,53.90,EUR,CREATED,region-04391,web
ORD-P004392,CUST-0392,2026-10-05 12:00:00,53.91,EUR,CREATED,region-04392,web
ORD-P004393,CUST-0393,2026-10-05 12:00:00,53.92,EUR,CREATED,region-04393,web
ORD-P004394,CUST-0394,2026-10-05 12:00:00,53.93,EUR,CREATED,region-04394,web
ORD-P004395,CUST-0395,2026-10-05 12:00:00,53.94,EUR,CREATED,region-04395,web
ORD-P004396,CUST-0396,2026-10-05 12:00:00,53.95,EUR,CREATED,region-04396,web
ORD-P004397,CUST-0397,2026-10-05 12:00:00,53.96,EUR,CREATED,region-04397,web
ORD-P004398,CUST-0398,2026-10-05 12:00:00,53.97,EUR,CREATED,region-04398,web
ORD-P004399,CUST-0399,2026-10-05 12:00:00,53.98,EUR,CREATED,region-04399,web
ORD-P004400,CUST-0400,2026-10-05 12:00:00,53.99,EUR,CREATED,region-04400,web
ORD-P004401,CUST-0401,2026-10-05 12:00:00,54.00,EUR,CREATED,region-04401,web
ORD-P004402,CUST-0402,2026-10-05 12:00:00,54.01,EUR,CREATED,region-04402,web
ORD-P004403,CUST-0403,2026-10-05 12:00:00,54.02,EUR,CREATED,region-04403,web
ORD-P004404,CUST-0404,2026-10-05 12:00:00,54.03,EUR,CREATED,region-04404,web
ORD-P004405,CUST-0405,2026-10-05 12:00:00,54.04,EUR,CREATED,region-04405,web
ORD-P004406,CUST-0406,2026-10-05 12:00:00,54.05,EUR,CREATED,region-04406,web
ORD-P004407,CUST-0407,2026-10-05 12:00:00,54.06,EUR,CREATED,region-04407,web
ORD-P004408,CUST-0408,2026-10-05 12:00:00,54.07,EUR,CREATED,region-04408,web
ORD-P004409,CUST-0409,2026-10-05 12:00:00,54.08,EUR,CREATED,region-04409,web
ORD-P004410,CUST-0410,2026-10-05 12:00:00,54.09,EUR,CREATED,region-04410,web
ORD-P004411,CUST-0411,2026-10-05 12:00:00,54.10,EUR,CREATED,region-04411,web
ORD-P004412,CUST-0412,2026-10-05 12:00:00,54.11,EUR,CREATED,region-04412,web
ORD-P004413,CUST-0413,2026-10-05 12:00:00,54.12,EUR,CREATED,region-04413,web
ORD-P004414,CUST-0414,2026-10-05 12:00:00,54.13,EUR,CREATED,region-04414,web
ORD-P004415,CUST-0415,2026-10-05 12:00:00,54.14,EUR,CREATED,region-04415,web
ORD-P004416,CUST-0416,2026-10-05 12:00:00,54.15,EUR,CREATED,region-04416,web
ORD-P004417,CUST-0417,2026-10-05 12:00:00,54.16,EUR,CREATED,region-04417,web
ORD-P004418,CUST-0418,2026-10-05 12:00:00,54.17,EUR,CREATED,region-04418,web
ORD-P004419,CUST-0419,2026-10-05 12:00:00,54.18,EUR,CREATED,region-04419,web
ORD-P004420,CUST-0420,2026-10-05 12:00:00,54.19,EUR,CREATED,region-04420,web
ORD-P004421,CUST-0421,2026-10-05 12:00:00,54.20,EUR,CREATED,region-04421,web
ORD-P004422,CUST-0422,2026-10-05 12:00:00,54.21,EUR,CREATED,region-04422,web
ORD-P004423,CUST-0423,2026-10-05 12:00:00,54.22,EUR,CREATED,region-04423,web
ORD-P004424,CUST-0424,2026-10-05 12:00:00,54.23,EUR,CREATED,region-04424,web
ORD-P004425,CUST-0425,2026-10-05 12:00:00,54.24,EUR,CREATED,region-04425,web
ORD-P004426,CUST-0426,2026-10-05 12:00:00,54.25,EUR,CREATED,region-04426,web
ORD-P004427,CUST-0427,2026-10-05 12:00:00,54.26,EUR,CREATED,region-04427,web
ORD-P004428,CUST-0428,2026-10-05 12:00:00,54.27,EUR,CREATED,region-04428,web
ORD-P004429,CUST-0429,2026-10-05 12:00:00,54.28,EUR,CREATED,region-04429,web
ORD-P004430,CUST-0430,2026-10-05 12:00:00,54.29,EUR,CREATED,region-04430,web
ORD-P004431,CUST-0431,2026-10-05 12:00:00,54.30,EUR,CREATED,region-04431,web
ORD-P004432,CUST-0432,2026-10-05 12:00:00,54.31,EUR,CREATED,region-04432,web
ORD-P004433,CUST-0433,2026-10-05 12:00:00,54.32,EUR,CREATED,region-04433,web
ORD-P004434,CUST-0434,2026-10-05 12:00:00,54.33,EUR,CREATED,region-04434,web
ORD-P004435,CUST-0435,2026-10-05 12:00:00,54.34,EUR,CREATED,region-04435,web
ORD-P004436,CUST-0436,2026-10-05 12:00:00,54.35,EUR,CREATED,region-04436,web
ORD-P004437,CUST-0437,2026-10-05 12:00:00,54.36,EUR,CREATED,region-04437,web
ORD-P004438,CUST-0438,2026-10-05 12:00:00,54.37,EUR,CREATED,region-04438,web
ORD-P004439,CUST-0439,2026-10-05 12:00:00,54.38,EUR,CREATED,region-04439,web
ORD-P004440,CUST-0440,2026-10-05 12:00:00,54.39,EUR,CREATED,region-04440,web
ORD-P004441,CUST-0441,2026-10-05 12:00:00,54.40,EUR,CREATED,region-04441,web
ORD-P004442,CUST-0442,2026-10-05 12:00:00,54.41,EUR,CREATED,region-04442,web
ORD-P004443,CUST-0443,2026-10-05 12:00:00,54.42,EUR,CREATED,region-04443,web
ORD-P004444,CUST-0444,2026-10-05 12:00:00,54.43,EUR,CREATED,region-04444,web
ORD-P004445,CUST-0445,2026-10-05 12:00:00,54.44,EUR,CREATED,region-04445,web
ORD-P004446,CUST-0446,2026-10-05 12:00:00,54.45,EUR,CREATED,region-04446,web
ORD-P004447,CUST-0447,2026-10-05 12:00:00,54.46,EUR,CREATED,region-04447,web
ORD-P004448,CUST-0448,2026-10-05 12:00:00,54.47,EUR,CREATED,region-04448,web
ORD-P004449,CUST-0449,2026-10-05 12:00:00,54.48,EUR,CREATED,region-04449,web
ORD-P004450,CUST-0450,2026-10-05 12:00:00,54.49,EUR,CREATED,region-04450,web
ORD-P004451,CUST-0451,2026-10-05 12:00:00,54.50,EUR,CREATED,region-04451,web
ORD-P004452,CUST-0452,2026-10-05 12:00:00,54.51,EUR,CREATED,region-04452,web
ORD-P004453,CUST-0453,2026-10-05 12:00:00,54.52,EUR,CREATED,region-04453,web
ORD-P004454,CUST-0454,2026-10-05 12:00:00,54.53,EUR,CREATED,region-04454,web
ORD-P004455,CUST-0455,2026-10-05 12:00:00,54.54,EUR,CREATED,region-04455,web
ORD-P004456,CUST-0456,2026-10-05 12:00:00,54.55,EUR,CREATED,region-04456,web
ORD-P004457,CUST-0457,2026-10-05 12:00:00,54.56,EUR,CREATED,region-04457,web
ORD-P004458,CUST-0458,2026-10-05 12:00:00,54.57,EUR,CREATED,region-04458,web
ORD-P004459,CUST-0459,2026-10-05 12:00:00,54.58,EUR,CREATED,region-04459,web
ORD-P004460,CUST-0460,2026-10-05 12:00:00,54.59,EUR,CREATED,region-04460,web
ORD-P004461,CUST-0461,2026-10-05 12:00:00,54.60,EUR,CREATED,region-04461,web
ORD-P004462,CUST-0462,2026-10-05 12:00:00,54.61,EUR,CREATED,region-04462,web
ORD-P004463,CUST-0463,2026-10-05 12:00:00,54.62,EUR,CREATED,region-04463,web
ORD-P004464,CUST-0464,2026-10-05 12:00:00,54.63,EUR,CREATED,region-04464,web
ORD-P004465,CUST-0465,2026-10-05 12:00:00,54.64,EUR,CREATED,region-04465,web
ORD-P004466,CUST-0466,2026-10-05 12:00:00,54.65,EUR,CREATED,region-04466,web
ORD-P004467,CUST-0467,2026-10-05 12:00:00,54.66,EUR,CREATED,region-04467,web
ORD-P004468,CUST-0468,2026-10-05 12:00:00,54.67,EUR,CREATED,region-04468,web
ORD-P004469,CUST-0469,2026-10-05 12:00:00,54.68,EUR,CREATED,region-04469,web
ORD-P004470,CUST-0470,2026-10-05 12:00:00,54.69,EUR,CREATED,region-04470,web
ORD-P004471,CUST-0471,2026-10-05 12:00:00,54.70,EUR,CREATED,region-04471,web
ORD-P004472,CUST-0472,2026-10-05 12:00:00,54.71,EUR,CREATED,region-04472,web
ORD-P004473,CUST-0473,2026-10-05 12:00:00,54.72,EUR,CREATED,region-04473,web
ORD-P004474,CUST-0474,2026-10-05 12:00:00,54.73,EUR,CREATED,region-04474,web
ORD-P004475,CUST-0475,2026-10-05 12:00:00,54.74,EUR,CREATED,region-04475,web
ORD-P004476,CUST-0476,2026-10-05 12:00:00,54.75,EUR,CREATED,region-04476,web
ORD-P004477,CUST-0477,2026-10-05 12:00:00,54.76,EUR,CREATED,region-04477,web
ORD-P004478,CUST-0478,2026-10-05 12:00:00,54.77,EUR,CREATED,region-04478,web
ORD-P004479,CUST-0479,2026-10-05 12:00:00,54.78,EUR,CREATED,region-04479,web
ORD-P004480,CUST-0480,2026-10-05 12:00:00,54.79,EUR,CREATED,region-04480,web
ORD-P004481,CUST-0481,2026-10-05 12:00:00,54.80,EUR,CREATED,region-04481,web
ORD-P004482,CUST-0482,2026-10-05 12:00:00,54.81,EUR,CREATED,region-04482,web
ORD-P004483,CUST-0483,2026-10-05 12:00:00,54.82,EUR,CREATED,region-04483,web
ORD-P004484,CUST-0484,2026-10-05 12:00:00,54.83,EUR,CREATED,region-04484,web
ORD-P004485,CUST-0485,2026-10-05 12:00:00,54.84,EUR,CREATED,region-04485,web
ORD-P004486,CUST-0486,2026-10-05 12:00:00,54.85,EUR,CREATED,region-04486,web
ORD-P004487,CUST-0487,2026-10-05 12:00:00,54.86,EUR,CREATED,region-04487,web
ORD-P004488,CUST-0488,2026-10-05 12:00:00,54.87,EUR,CREATED,region-04488,web
ORD-P004489,CUST-0489,2026-10-05 12:00:00,54.88,EUR,CREATED,region-04489,web
ORD-P004490,CUST-0490,2026-10-05 12:00:00,54.89,EUR,CREATED,region-04490,web
ORD-P004491,CUST-0491,2026-10-05 12:00:00,54.90,EUR,CREATED,region-04491,web
ORD-P004492,CUST-0492,2026-10-05 12:00:00,54.91,EUR,CREATED,region-04492,web
ORD-P004493,CUST-0493,2026-10-05 12:00:00,54.92,EUR,CREATED,region-04493,web
ORD-P004494,CUST-0494,2026-10-05 12:00:00,54.93,EUR,CREATED,region-04494,web
ORD-P004495,CUST-0495,2026-10-05 12:00:00,54.94,EUR,CREATED,region-04495,web
ORD-P004496,CUST-0496,2026-10-05 12:00:00,54.95,EUR,CREATED,region-04496,web
ORD-P004497,CUST-0497,2026-10-05 12:00:00,54.96,EUR,CREATED,region-04497,web
ORD-P004498,CUST-0498,2026-10-05 12:00:00,54.97,EUR,CREATED,region-04498,web
ORD-P004499,CUST-0499,2026-10-05 12:00:00,54.98,EUR,CREATED,region-04499,web
ORD-P004500,CUST-0500,2026-10-05 12:00:00,54.99,EUR,CREATED,region-04500,web
ORD-P004501,CUST-0501,2026-10-05 12:00:00,55.00,EUR,CREATED,region-04501,web
ORD-P004502,CUST-0502,2026-10-05 12:00:00,55.01,EUR,CREATED,region-04502,web
ORD-P004503,CUST-0503,2026-10-05 12:00:00,55.02,EUR,CREATED,region-04503,web
ORD-P004504,CUST-0504,2026-10-05 12:00:00,55.03,EUR,CREATED,region-04504,web
ORD-P004505,CUST-0505,2026-10-05 12:00:00,55.04,EUR,CREATED,region-04505,web
ORD-P004506,CUST-0506,2026-10-05 12:00:00,55.05,EUR,CREATED,region-04506,web
ORD-P004507,CUST-0507,2026-10-05 12:00:00,55.06,EUR,CREATED,region-04507,web
ORD-P004508,CUST-0508,2026-10-05 12:00:00,55.07,EUR,CREATED,region-04508,web
ORD-P004509,CUST-0509,2026-10-05 12:00:00,55.08,EUR,CREATED,region-04509,web
ORD-P004510,CUST-0510,2026-10-05 12:00:00,55.09,EUR,CREATED,region-04510,web
ORD-P004511,CUST-0511,2026-10-05 12:00:00,55.10,EUR,CREATED,region-04511,web
ORD-P004512,CUST-0512,2026-10-05 12:00:00,55.11,EUR,CREATED,region-04512,web
ORD-P004513,CUST-0513,2026-10-05 12:00:00,55.12,EUR,CREATED,region-04513,web
ORD-P004514,CUST-0514,2026-10-05 12:00:00,55.13,EUR,CREATED,region-04514,web
ORD-P004515,CUST-0515,2026-10-05 12:00:00,55.14,EUR,CREATED,region-04515,web
ORD-P004516,CUST-0516,2026-10-05 12:00:00,55.15,EUR,CREATED,region-04516,web
ORD-P004517,CUST-0517,2026-10-05 12:00:00,55.16,EUR,CREATED,region-04517,web
ORD-P004518,CUST-0518,2026-10-05 12:00:00,55.17,EUR,CREATED,region-04518,web
ORD-P004519,CUST-0519,2026-10-05 12:00:00,55.18,EUR,CREATED,region-04519,web
ORD-P004520,CUST-0520,2026-10-05 12:00:00,55.19,EUR,CREATED,region-04520,web
ORD-P004521,CUST-0521,2026-10-05 12:00:00,55.20,EUR,CREATED,region-04521,web
ORD-P004522,CUST-0522,2026-10-05 12:00:00,55.21,EUR,CREATED,region-04522,web
ORD-P004523,CUST-0523,2026-10-05 12:00:00,55.22,EUR,CREATED,region-04523,web
ORD-P004524,CUST-0524,2026-10-05 12:00:00,55.23,EUR,CREATED,region-04524,web
ORD-P004525,CUST-0525,2026-10-05 12:00:00,55.24,EUR,CREATED,region-04525,web
ORD-P004526,CUST-0526,2026-10-05 12:00:00,55.25,EUR,CREATED,region-04526,web
ORD-P004527,CUST-0527,2026-10-05 12:00:00,55.26,EUR,CREATED,region-04527,web
ORD-P004528,CUST-0528,2026-10-05 12:00:00,55.27,EUR,CREATED,region-04528,web
ORD-P004529,CUST-0529,2026-10-05 12:00:00,55.28,EUR,CREATED,region-04529,web
ORD-P004530,CUST-0530,2026-10-05 12:00:00,55.29,EUR,CREATED,region-04530,web
ORD-P004531,CUST-0531,2026-10-05 12:00:00,55.30,EUR,CREATED,region-04531,web
ORD-P004532,CUST-0532,2026-10-05 12:00:00,55.31,EUR,CREATED,region-04532,web
ORD-P004533,CUST-0533,2026-10-05 12:00:00,55.32,EUR,CREATED,region-04533,web
ORD-P004534,CUST-0534,2026-10-05 12:00:00,55.33,EUR,CREATED,region-04534,web
ORD-P004535,CUST-0535,2026-10-05 12:00:00,55.34,EUR,CREATED,region-04535,web
ORD-P004536,CUST-0536,2026-10-05 12:00:00,55.35,EUR,CREATED,region-04536,web
ORD-P004537,CUST-0537,2026-10-05 12:00:00,55.36,EUR,CREATED,region-04537,web
ORD-P004538,CUST-0538,2026-10-05 12:00:00,55.37,EUR,CREATED,region-04538,web
ORD-P004539,CUST-0539,2026-10-05 12:00:00,55.38,EUR,CREATED,region-04539,web
ORD-P004540,CUST-0540,2026-10-05 12:00:00,55.39,EUR,CREATED,region-04540,web
ORD-P004541,CUST-0541,2026-10-05 12:00:00,55.40,EUR,CREATED,region-04541,web
ORD-P004542,CUST-0542,2026-10-05 12:00:00,55.41,EUR,CREATED,region-04542,web
ORD-P004543,CUST-0543,2026-10-05 12:00:00,55.42,EUR,CREATED,region-04543,web
ORD-P004544,CUST-0544,2026-10-05 12:00:00,55.43,EUR,CREATED,region-04544,web
ORD-P004545,CUST-0545,2026-10-05 12:00:00,55.44,EUR,CREATED,region-04545,web
ORD-P004546,CUST-0546,2026-10-05 12:00:00,55.45,EUR,CREATED,region-04546,web
ORD-P004547,CUST-0547,2026-10-05 12:00:00,55.46,EUR,CREATED,region-04547,web
ORD-P004548,CUST-0548,2026-10-05 12:00:00,55.47,EUR,CREATED,region-04548,web
ORD-P004549,CUST-0549,2026-10-05 12:00:00,55.48,EUR,CREATED,region-04549,web
ORD-P004550,CUST-0550,2026-10-05 12:00:00,55.49,EUR,CREATED,region-04550,web
ORD-P004551,CUST-0551,2026-10-05 12:00:00,55.50,EUR,CREATED,region-04551,web
ORD-P004552,CUST-0552,2026-10-05 12:00:00,55.51,EUR,CREATED,region-04552,web
ORD-P004553,CUST-0553,2026-10-05 12:00:00,55.52,EUR,CREATED,region-04553,web
ORD-P004554,CUST-0554,2026-10-05 12:00:00,55.53,EUR,CREATED,region-04554,web
ORD-P004555,CUST-0555,2026-10-05 12:00:00,55.54,EUR,CREATED,region-04555,web
ORD-P004556,CUST-0556,2026-10-05 12:00:00,55.55,EUR,CREATED,region-04556,web
ORD-P004557,CUST-0557,2026-10-05 12:00:00,55.56,EUR,CREATED,region-04557,web
ORD-P004558,CUST-0558,2026-10-05 12:00:00,55.57,EUR,CREATED,region-04558,web
ORD-P004559,CUST-0559,2026-10-05 12:00:00,55.58,EUR,CREATED,region-04559,web
ORD-P004560,CUST-0560,2026-10-05 12:00:00,55.59,EUR,CREATED,region-04560,web
ORD-P004561,CUST-0561,2026-10-05 12:00:00,55.60,EUR,CREATED,region-04561,web
ORD-P004562,CUST-0562,2026-10-05 12:00:00,55.61,EUR,CREATED,region-04562,web
ORD-P004563,CUST-0563,2026-10-05 12:00:00,55.62,EUR,CREATED,region-04563,web
ORD-P004564,CUST-0564,2026-10-05 12:00:00,55.63,EUR,CREATED,region-04564,web
ORD-P004565,CUST-0565,2026-10-05 12:00:00,55.64,EUR,CREATED,region-04565,web
ORD-P004566,CUST-0566,2026-10-05 12:00:00,55.65,EUR,CREATED,region-04566,web
ORD-P004567,CUST-0567,2026-10-05 12:00:00,55.66,EUR,CREATED,region-04567,web
ORD-P004568,CUST-0568,2026-10-05 12:00:00,55.67,EUR,CREATED,region-04568,web
ORD-P004569,CUST-0569,2026-10-05 12:00:00,55.68,EUR,CREATED,region-04569,web
ORD-P004570,CUST-0570,2026-10-05 12:00:00,55.69,EUR,CREATED,region-04570,web
ORD-P004571,CUST-0571,2026-10-05 12:00:00,55.70,EUR,CREATED,region-04571,web
ORD-P004572,CUST-0572,2026-10-05 12:00:00,55.71,EUR,CREATED,region-04572,web
ORD-P004573,CUST-0573,2026-10-05 12:00:00,55.72,EUR,CREATED,region-04573,web
ORD-P004574,CUST-0574,2026-10-05 12:00:00,55.73,EUR,CREATED,region-04574,web
ORD-P004575,CUST-0575,2026-10-05 12:00:00,55.74,EUR,CREATED,region-04575,web
ORD-P004576,CUST-0576,2026-10-05 12:00:00,55.75,EUR,CREATED,region-04576,web
ORD-P004577,CUST-0577,2026-10-05 12:00:00,55.76,EUR,CREATED,region-04577,web
ORD-P004578,CUST-0578,2026-10-05 12:00:00,55.77,EUR,CREATED,region-04578,web
ORD-P004579,CUST-0579,2026-10-05 12:00:00,55.78,EUR,CREATED,region-04579,web
ORD-P004580,CUST-0580,2026-10-05 12:00:00,55.79,EUR,CREATED,region-04580,web
ORD-P004581,CUST-0581,2026-10-05 12:00:00,55.80,EUR,CREATED,region-04581,web
ORD-P004582,CUST-0582,2026-10-05 12:00:00,55.81,EUR,CREATED,region-04582,web
ORD-P004583,CUST-0583,2026-10-05 12:00:00,55.82,EUR,CREATED,region-04583,web
ORD-P004584,CUST-0584,2026-10-05 12:00:00,55.83,EUR,CREATED,region-04584,web
ORD-P004585,CUST-0585,2026-10-05 12:00:00,55.84,EUR,CREATED,region-04585,web
ORD-P004586,CUST-0586,2026-10-05 12:00:00,55.85,EUR,CREATED,region-04586,web
ORD-P004587,CUST-0587,2026-10-05 12:00:00,55.86,EUR,CREATED,region-04587,web
ORD-P004588,CUST-0588,2026-10-05 12:00:00,55.87,EUR,CREATED,region-04588,web
ORD-P004589,CUST-0589,2026-10-05 12:00:00,55.88,EUR,CREATED,region-04589,web
ORD-P004590,CUST-0590,2026-10-05 12:00:00,55.89,EUR,CREATED,region-04590,web
ORD-P004591,CUST-0591,2026-10-05 12:00:00,55.90,EUR,CREATED,region-04591,web
ORD-P004592,CUST-0592,2026-10-05 12:00:00,55.91,EUR,CREATED,region-04592,web
ORD-P004593,CUST-0593,2026-10-05 12:00:00,55.92,EUR,CREATED,region-04593,web
ORD-P004594,CUST-0594,2026-10-05 12:00:00,55.93,EUR,CREATED,region-04594,web
ORD-P004595,CUST-0595,2026-10-05 12:00:00,55.94,EUR,CREATED,region-04595,web
ORD-P004596,CUST-0596,2026-10-05 12:00:00,55.95,EUR,CREATED,region-04596,web
ORD-P004597,CUST-0597,2026-10-05 12:00:00,55.96,EUR,CREATED,region-04597,web
ORD-P004598,CUST-0598,2026-10-05 12:00:00,55.97,EUR,CREATED,region-04598,web
ORD-P004599,CUST-0599,2026-10-05 12:00:00,55.98,EUR,CREATED,region-04599,web
ORD-P004600,CUST-0600,2026-10-05 12:00:00,55.99,EUR,CREATED,region-04600,web
ORD-P004601,CUST-0601,2026-10-05 12:00:00,56.00,EUR,CREATED,region-04601,web
ORD-P004602,CUST-0602,2026-10-05 12:00:00,56.01,EUR,CREATED,region-04602,web
ORD-P004603,CUST-0603,2026-10-05 12:00:00,56.02,EUR,CREATED,region-04603,web
ORD-P004604,CUST-0604,2026-10-05 12:00:00,56.03,EUR,CREATED,region-04604,web
ORD-P004605,CUST-0605,2026-10-05 12:00:00,56.04,EUR,CREATED,region-04605,web
ORD-P004606,CUST-0606,2026-10-05 12:00:00,56.05,EUR,CREATED,region-04606,web
ORD-P004607,CUST-0607,2026-10-05 12:00:00,56.06,EUR,CREATED,region-04607,web
ORD-P004608,CUST-0608,2026-10-05 12:00:00,56.07,EUR,CREATED,region-04608,web
ORD-P004609,CUST-0609,2026-10-05 12:00:00,56.08,EUR,CREATED,region-04609,web
ORD-P004610,CUST-0610,2026-10-05 12:00:00,56.09,EUR,CREATED,region-04610,web
ORD-P004611,CUST-0611,2026-10-05 12:00:00,56.10,EUR,CREATED,region-04611,web
ORD-P004612,CUST-0612,2026-10-05 12:00:00,56.11,EUR,CREATED,region-04612,web
ORD-P004613,CUST-0613,2026-10-05 12:00:00,56.12,EUR,CREATED,region-04613,web
ORD-P004614,CUST-0614,2026-10-05 12:00:00,56.13,EUR,CREATED,region-04614,web
ORD-P004615,CUST-0615,2026-10-05 12:00:00,56.14,EUR,CREATED,region-04615,web
ORD-P004616,CUST-0616,2026-10-05 12:00:00,56.15,EUR,CREATED,region-04616,web
ORD-P004617,CUST-0617,2026-10-05 12:00:00,56.16,EUR,CREATED,region-04617,web
ORD-P004618,CUST-0618,2026-10-05 12:00:00,56.17,EUR,CREATED,region-04618,web
ORD-P004619,CUST-0619,2026-10-05 12:00:00,56.18,EUR,CREATED,region-04619,web
ORD-P004620,CUST-0620,2026-10-05 12:00:00,56.19,EUR,CREATED,region-04620,web
ORD-P004621,CUST-0621,2026-10-05 12:00:00,56.20,EUR,CREATED,region-04621,web
ORD-P004622,CUST-0622,2026-10-05 12:00:00,56.21,EUR,CREATED,region-04622,web
ORD-P004623,CUST-0623,2026-10-05 12:00:00,56.22,EUR,CREATED,region-04623,web
ORD-P004624,CUST-0624,2026-10-05 12:00:00,56.23,EUR,CREATED,region-04624,web
ORD-P004625,CUST-0625,2026-10-05 12:00:00,56.24,EUR,CREATED,region-04625,web
ORD-P004626,CUST-0626,2026-10-05 12:00:00,56.25,EUR,CREATED,region-04626,web
ORD-P004627,CUST-0627,2026-10-05 12:00:00,56.26,EUR,CREATED,region-04627,web
ORD-P004628,CUST-0628,2026-10-05 12:00:00,56.27,EUR,CREATED,region-04628,web
ORD-P004629,CUST-0629,2026-10-05 12:00:00,56.28,EUR,CREATED,region-04629,web
ORD-P004630,CUST-0630,2026-10-05 12:00:00,56.29,EUR,CREATED,region-04630,web
ORD-P004631,CUST-0631,2026-10-05 12:00:00,56.30,EUR,CREATED,region-04631,web
ORD-P004632,CUST-0632,2026-10-05 12:00:00,56.31,EUR,CREATED,region-04632,web
ORD-P004633,CUST-0633,2026-10-05 12:00:00,56.32,EUR,CREATED,region-04633,web
ORD-P004634,CUST-0634,2026-10-05 12:00:00,56.33,EUR,CREATED,region-04634,web
ORD-P004635,CUST-0635,2026-10-05 12:00:00,56.34,EUR,CREATED,region-04635,web
ORD-P004636,CUST-0636,2026-10-05 12:00:00,56.35,EUR,CREATED,region-04636,web
ORD-P004637,CUST-0637,2026-10-05 12:00:00,56.36,EUR,CREATED,region-04637,web
ORD-P004638,CUST-0638,2026-10-05 12:00:00,56.37,EUR,CREATED,region-04638,web
ORD-P004639,CUST-0639,2026-10-05 12:00:00,56.38,EUR,CREATED,region-04639,web
ORD-P004640,CUST-0640,2026-10-05 12:00:00,56.39,EUR,CREATED,region-04640,web
ORD-P004641,CUST-0641,2026-10-05 12:00:00,56.40,EUR,CREATED,region-04641,web
ORD-P004642,CUST-0642,2026-10-05 12:00:00,56.41,EUR,CREATED,region-04642,web
ORD-P004643,CUST-0643,2026-10-05 12:00:00,56.42,EUR,CREATED,region-04643,web
ORD-P004644,CUST-0644,2026-10-05 12:00:00,56.43,EUR,CREATED,region-04644,web
ORD-P004645,CUST-0645,2026-10-05 12:00:00,56.44,EUR,CREATED,region-04645,web
ORD-P004646,CUST-0646,2026-10-05 12:00:00,56.45,EUR,CREATED,region-04646,web
ORD-P004647,CUST-0647,2026-10-05 12:00:00,56.46,EUR,CREATED,region-04647,web
ORD-P004648,CUST-0648,2026-10-05 12:00:00,56.47,EUR,CREATED,region-04648,web
ORD-P004649,CUST-0649,2026-10-05 12:00:00,56.48,EUR,CREATED,region-04649,web
ORD-P004650,CUST-0650,2026-10-05 12:00:00,56.49,EUR,CREATED,region-04650,web
ORD-P004651,CUST-0651,2026-10-05 12:00:00,56.50,EUR,CREATED,region-04651,web
ORD-P004652,CUST-0652,2026-10-05 12:00:00,56.51,EUR,CREATED,region-04652,web
ORD-P004653,CUST-0653,2026-10-05 12:00:00,56.52,EUR,CREATED,region-04653,web
ORD-P004654,CUST-0654,2026-10-05 12:00:00,56.53,EUR,CREATED,region-04654,web
ORD-P004655,CUST-0655,2026-10-05 12:00:00,56.54,EUR,CREATED,region-04655,web
ORD-P004656,CUST-0656,2026-10-05 12:00:00,56.55,EUR,CREATED,region-04656,web
ORD-P004657,CUST-0657,2026-10-05 12:00:00,56.56,EUR,CREATED,region-04657,web
ORD-P004658,CUST-0658,2026-10-05 12:00:00,56.57,EUR,CREATED,region-04658,web
ORD-P004659,CUST-0659,2026-10-05 12:00:00,56.58,EUR,CREATED,region-04659,web
ORD-P004660,CUST-0660,2026-10-05 12:00:00,56.59,EUR,CREATED,region-04660,web
ORD-P004661,CUST-0661,2026-10-05 12:00:00,56.60,EUR,CREATED,region-04661,web
ORD-P004662,CUST-0662,2026-10-05 12:00:00,56.61,EUR,CREATED,region-04662,web
ORD-P004663,CUST-0663,2026-10-05 12:00:00,56.62,EUR,CREATED,region-04663,web
ORD-P004664,CUST-0664,2026-10-05 12:00:00,56.63,EUR,CREATED,region-04664,web
ORD-P004665,CUST-0665,2026-10-05 12:00:00,56.64,EUR,CREATED,region-04665,web
ORD-P004666,CUST-0666,2026-10-05 12:00:00,56.65,EUR,CREATED,region-04666,web
ORD-P004667,CUST-0667,2026-10-05 12:00:00,56.66,EUR,CREATED,region-04667,web
ORD-P004668,CUST-0668,2026-10-05 12:00:00,56.67,EUR,CREATED,region-04668,web
ORD-P004669,CUST-0669,2026-10-05 12:00:00,56.68,EUR,CREATED,region-04669,web
ORD-P004670,CUST-0670,2026-10-05 12:00:00,56.69,EUR,CREATED,region-04670,web
ORD-P004671,CUST-0671,2026-10-05 12:00:00,56.70,EUR,CREATED,region-04671,web
ORD-P004672,CUST-0672,2026-10-05 12:00:00,56.71,EUR,CREATED,region-04672,web
ORD-P004673,CUST-0673,2026-10-05 12:00:00,56.72,EUR,CREATED,region-04673,web
ORD-P004674,CUST-0674,2026-10-05 12:00:00,56.73,EUR,CREATED,region-04674,web
ORD-P004675,CUST-0675,2026-10-05 12:00:00,56.74,EUR,CREATED,region-04675,web
ORD-P004676,CUST-0676,2026-10-05 12:00:00,56.75,EUR,CREATED,region-04676,web
ORD-P004677,CUST-0677,2026-10-05 12:00:00,56.76,EUR,CREATED,region-04677,web
ORD-P004678,CUST-0678,2026-10-05 12:00:00,56.77,EUR,CREATED,region-04678,web
ORD-P004679,CUST-0679,2026-10-05 12:00:00,56.78,EUR,CREATED,region-04679,web
ORD-P004680,CUST-0680,2026-10-05 12:00:00,56.79,EUR,CREATED,region-04680,web
ORD-P004681,CUST-0681,2026-10-05 12:00:00,56.80,EUR,CREATED,region-04681,web
ORD-P004682,CUST-0682,2026-10-05 12:00:00,56.81,EUR,CREATED,region-04682,web
ORD-P004683,CUST-0683,2026-10-05 12:00:00,56.82,EUR,CREATED,region-04683,web
ORD-P004684,CUST-0684,2026-10-05 12:00:00,56.83,EUR,CREATED,region-04684,web
ORD-P004685,CUST-0685,2026-10-05 12:00:00,56.84,EUR,CREATED,region-04685,web
ORD-P004686,CUST-0686,2026-10-05 12:00:00,56.85,EUR,CREATED,region-04686,web
ORD-P004687,CUST-0687,2026-10-05 12:00:00,56.86,EUR,CREATED,region-04687,web
ORD-P004688,CUST-0688,2026-10-05 12:00:00,56.87,EUR,CREATED,region-04688,web
ORD-P004689,CUST-0689,2026-10-05 12:00:00,56.88,EUR,CREATED,region-04689,web
ORD-P004690,CUST-0690,2026-10-05 12:00:00,56.89,EUR,CREATED,region-04690,web
ORD-P004691,CUST-0691,2026-10-05 12:00:00,56.90,EUR,CREATED,region-04691,web
ORD-P004692,CUST-0692,2026-10-05 12:00:00,56.91,EUR,CREATED,region-04692,web
ORD-P004693,CUST-0693,2026-10-05 12:00:00,56.92,EUR,CREATED,region-04693,web
ORD-P004694,CUST-0694,2026-10-05 12:00:00,56.93,EUR,CREATED,region-04694,web
ORD-P004695,CUST-0695,2026-10-05 12:00:00,56.94,EUR,CREATED,region-04695,web
ORD-P004696,CUST-0696,2026-10-05 12:00:00,56.95,EUR,CREATED,region-04696,web
ORD-P004697,CUST-0697,2026-10-05 12:00:00,56.96,EUR,CREATED,region-04697,web
ORD-P004698,CUST-0698,2026-10-05 12:00:00,56.97,EUR,CREATED,region-04698,web
ORD-P004699,CUST-0699,2026-10-05 12:00:00,56.98,EUR,CREATED,region-04699,web
ORD-P004700,CUST-0700,2026-10-05 12:00:00,56.99,EUR,CREATED,region-04700,web
ORD-P004701,CUST-0701,2026-10-05 12:00:00,57.00,EUR,CREATED,region-04701,web
ORD-P004702,CUST-0702,2026-10-05 12:00:00,57.01,EUR,CREATED,region-04702,web
ORD-P004703,CUST-0703,2026-10-05 12:00:00,57.02,EUR,CREATED,region-04703,web
ORD-P004704,CUST-0704,2026-10-05 12:00:00,57.03,EUR,CREATED,region-04704,web
ORD-P004705,CUST-0705,2026-10-05 12:00:00,57.04,EUR,CREATED,region-04705,web
ORD-P004706,CUST-0706,2026-10-05 12:00:00,57.05,EUR,CREATED,region-04706,web
ORD-P004707,CUST-0707,2026-10-05 12:00:00,57.06,EUR,CREATED,region-04707,web
ORD-P004708,CUST-0708,2026-10-05 12:00:00,57.07,EUR,CREATED,region-04708,web
ORD-P004709,CUST-0709,2026-10-05 12:00:00,57.08,EUR,CREATED,region-04709,web
ORD-P004710,CUST-0710,2026-10-05 12:00:00,57.09,EUR,CREATED,region-04710,web
ORD-P004711,CUST-0711,2026-10-05 12:00:00,57.10,EUR,CREATED,region-04711,web
ORD-P004712,CUST-0712,2026-10-05 12:00:00,57.11,EUR,CREATED,region-04712,web
ORD-P004713,CUST-0713,2026-10-05 12:00:00,57.12,EUR,CREATED,region-04713,web
ORD-P004714,CUST-0714,2026-10-05 12:00:00,57.13,EUR,CREATED,region-04714,web
ORD-P004715,CUST-0715,2026-10-05 12:00:00,57.14,EUR,CREATED,region-04715,web
ORD-P004716,CUST-0716,2026-10-05 12:00:00,57.15,EUR,CREATED,region-04716,web
ORD-P004717,CUST-0717,2026-10-05 12:00:00,57.16,EUR,CREATED,region-04717,web
ORD-P004718,CUST-0718,2026-10-05 12:00:00,57.17,EUR,CREATED,region-04718,web
ORD-P004719,CUST-0719,2026-10-05 12:00:00,57.18,EUR,CREATED,region-04719,web
ORD-P004720,CUST-0720,2026-10-05 12:00:00,57.19,EUR,CREATED,region-04720,web
ORD-P004721,CUST-0721,2026-10-05 12:00:00,57.20,EUR,CREATED,region-04721,web
ORD-P004722,CUST-0722,2026-10-05 12:00:00,57.21,EUR,CREATED,region-04722,web
ORD-P004723,CUST-0723,2026-10-05 12:00:00,57.22,EUR,CREATED,region-04723,web
ORD-P004724,CUST-0724,2026-10-05 12:00:00,57.23,EUR,CREATED,region-04724,web
ORD-P004725,CUST-0725,2026-10-05 12:00:00,57.24,EUR,CREATED,region-04725,web
ORD-P004726,CUST-0726,2026-10-05 12:00:00,57.25,EUR,CREATED,region-04726,web
ORD-P004727,CUST-0727,2026-10-05 12:00:00,57.26,EUR,CREATED,region-04727,web
ORD-P004728,CUST-0728,2026-10-05 12:00:00,57.27,EUR,CREATED,region-04728,web
ORD-P004729,CUST-0729,2026-10-05 12:00:00,57.28,EUR,CREATED,region-04729,web
ORD-P004730,CUST-0730,2026-10-05 12:00:00,57.29,EUR,CREATED,region-04730,web
ORD-P004731,CUST-0731,2026-10-05 12:00:00,57.30,EUR,CREATED,region-04731,web
ORD-P004732,CUST-0732,2026-10-05 12:00:00,57.31,EUR,CREATED,region-04732,web
ORD-P004733,CUST-0733,2026-10-05 12:00:00,57.32,EUR,CREATED,region-04733,web
ORD-P004734,CUST-0734,2026-10-05 12:00:00,57.33,EUR,CREATED,region-04734,web
ORD-P004735,CUST-0735,2026-10-05 12:00:00,57.34,EUR,CREATED,region-04735,web
ORD-P004736,CUST-0736,2026-10-05 12:00:00,57.35,EUR,CREATED,region-04736,web
ORD-P004737,CUST-0737,2026-10-05 12:00:00,57.36,EUR,CREATED,region-04737,web
ORD-P004738,CUST-0738,2026-10-05 12:00:00,57.37,EUR,CREATED,region-04738,web
ORD-P004739,CUST-0739,2026-10-05 12:00:00,57.38,EUR,CREATED,region-04739,web
ORD-P004740,CUST-0740,2026-10-05 12:00:00,57.39,EUR,CREATED,region-04740,web
ORD-P004741,CUST-0741,2026-10-05 12:00:00,57.40,EUR,CREATED,region-04741,web
ORD-P004742,CUST-0742,2026-10-05 12:00:00,57.41,EUR,CREATED,region-04742,web
ORD-P004743,CUST-0743,2026-10-05 12:00:00,57.42,EUR,CREATED,region-04743,web
ORD-P004744,CUST-0744,2026-10-05 12:00:00,57.43,EUR,CREATED,region-04744,web
ORD-P004745,CUST-0745,2026-10-05 12:00:00,57.44,EUR,CREATED,region-04745,web
ORD-P004746,CUST-0746,2026-10-05 12:00:00,57.45,EUR,CREATED,region-04746,web
ORD-P004747,CUST-0747,2026-10-05 12:00:00,57.46,EUR,CREATED,region-04747,web
ORD-P004748,CUST-0748,2026-10-05 12:00:00,57.47,EUR,CREATED,region-04748,web
ORD-P004749,CUST-0749,2026-10-05 12:00:00,57.48,EUR,CREATED,region-04749,web
ORD-P004750,CUST-0750,2026-10-05 12:00:00,57.49,EUR,CREATED,region-04750,web
ORD-P004751,CUST-0751,2026-10-05 12:00:00,57.50,EUR,CREATED,region-04751,web
ORD-P004752,CUST-0752,2026-10-05 12:00:00,57.51,EUR,CREATED,region-04752,web
ORD-P004753,CUST-0753,2026-10-05 12:00:00,57.52,EUR,CREATED,region-04753,web
ORD-P004754,CUST-0754,2026-10-05 12:00:00,57.53,EUR,CREATED,region-04754,web
ORD-P004755,CUST-0755,2026-10-05 12:00:00,57.54,EUR,CREATED,region-04755,web
ORD-P004756,CUST-0756,2026-10-05 12:00:00,57.55,EUR,CREATED,region-04756,web
ORD-P004757,CUST-0757,2026-10-05 12:00:00,57.56,EUR,CREATED,region-04757,web
ORD-P004758,CUST-0758,2026-10-05 12:00:00,57.57,EUR,CREATED,region-04758,web
ORD-P004759,CUST-0759,2026-10-05 12:00:00,57.58,EUR,CREATED,region-04759,web
ORD-P004760,CUST-0760,2026-10-05 12:00:00,57.59,EUR,CREATED,region-04760,web
ORD-P004761,CUST-0761,2026-10-05 12:00:00,57.60,EUR,CREATED,region-04761,web
ORD-P004762,CUST-0762,2026-10-05 12:00:00,57.61,EUR,CREATED,region-04762,web
ORD-P004763,CUST-0763,2026-10-05 12:00:00,57.62,EUR,CREATED,region-04763,web
ORD-P004764,CUST-0764,2026-10-05 12:00:00,57.63,EUR,CREATED,region-04764,web
ORD-P004765,CUST-0765,2026-10-05 12:00:00,57.64,EUR,CREATED,region-04765,web
ORD-P004766,CUST-0766,2026-10-05 12:00:00,57.65,EUR,CREATED,region-04766,web
ORD-P004767,CUST-0767,2026-10-05 12:00:00,57.66,EUR,CREATED,region-04767,web
ORD-P004768,CUST-0768,2026-10-05 12:00:00,57.67,EUR,CREATED,region-04768,web
ORD-P004769,CUST-0769,2026-10-05 12:00:00,57.68,EUR,CREATED,region-04769,web
ORD-P004770,CUST-0770,2026-10-05 12:00:00,57.69,EUR,CREATED,region-04770,web
ORD-P004771,CUST-0771,2026-10-05 12:00:00,57.70,EUR,CREATED,region-04771,web
ORD-P004772,CUST-0772,2026-10-05 12:00:00,57.71,EUR,CREATED,region-04772,web
ORD-P004773,CUST-0773,2026-10-05 12:00:00,57.72,EUR,CREATED,region-04773,web
ORD-P004774,CUST-0774,2026-10-05 12:00:00,57.73,EUR,CREATED,region-04774,web
ORD-P004775,CUST-0775,2026-10-05 12:00:00,57.74,EUR,CREATED,region-04775,web
ORD-P004776,CUST-0776,2026-10-05 12:00:00,57.75,EUR,CREATED,region-04776,web
ORD-P004777,CUST-0777,2026-10-05 12:00:00,57.76,EUR,CREATED,region-04777,web
ORD-P004778,CUST-0778,2026-10-05 12:00:00,57.77,EUR,CREATED,region-04778,web
ORD-P004779,CUST-0779,2026-10-05 12:00:00,57.78,EUR,CREATED,region-04779,web
ORD-P004780,CUST-0780,2026-10-05 12:00:00,57.79,EUR,CREATED,region-04780,web
ORD-P004781,CUST-0781,2026-10-05 12:00:00,57.80,EUR,CREATED,region-04781,web
ORD-P004782,CUST-0782,2026-10-05 12:00:00,57.81,EUR,CREATED,region-04782,web
ORD-P004783,CUST-0783,2026-10-05 12:00:00,57.82,EUR,CREATED,region-04783,web
ORD-P004784,CUST-0784,2026-10-05 12:00:00,57.83,EUR,CREATED,region-04784,web
ORD-P004785,CUST-0785,2026-10-05 12:00:00,57.84,EUR,CREATED,region-04785,web
ORD-P004786,CUST-0786,2026-10-05 12:00:00,57.85,EUR,CREATED,region-04786,web
ORD-P004787,CUST-0787,2026-10-05 12:00:00,57.86,EUR,CREATED,region-04787,web
ORD-P004788,CUST-0788,2026-10-05 12:00:00,57.87,EUR,CREATED,region-04788,web
ORD-P004789,CUST-0789,2026-10-05 12:00:00,57.88,EUR,CREATED,region-04789,web
ORD-P004790,CUST-0790,2026-10-05 12:00:00,57.89,EUR,CREATED,region-04790,web
ORD-P004791,CUST-0791,2026-10-05 12:00:00,57.90,EUR,CREATED,region-04791,web
ORD-P004792,CUST-0792,2026-10-05 12:00:00,57.91,EUR,CREATED,region-04792,web
ORD-P004793,CUST-0793,2026-10-05 12:00:00,57.92,EUR,CREATED,region-04793,web
ORD-P004794,CUST-0794,2026-10-05 12:00:00,57.93,EUR,CREATED,region-04794,web
ORD-P004795,CUST-0795,2026-10-05 12:00:00,57.94,EUR,CREATED,region-04795,web
ORD-P004796,CUST-0796,2026-10-05 12:00:00,57.95,EUR,CREATED,region-04796,web
ORD-P004797,CUST-0797,2026-10-05 12:00:00,57.96,EUR,CREATED,region-04797,web
ORD-P004798,CUST-0798,2026-10-05 12:00:00,57.97,EUR,CREATED,region-04798,web
ORD-P004799,CUST-0799,2026-10-05 12:00:00,57.98,EUR,CREATED,region-04799,web
ORD-P004800,CUST-0800,2026-10-05 12:00:00,57.99,EUR,CREATED,region-04800,web
ORD-P004801,CUST-0801,2026-10-05 12:00:00,58.00,EUR,CREATED,region-04801,web
ORD-P004802,CUST-0802,2026-10-05 12:00:00,58.01,EUR,CREATED,region-04802,web
ORD-P004803,CUST-0803,2026-10-05 12:00:00,58.02,EUR,CREATED,region-04803,web
ORD-P004804,CUST-0804,2026-10-05 12:00:00,58.03,EUR,CREATED,region-04804,web
ORD-P004805,CUST-0805,2026-10-05 12:00:00,58.04,EUR,CREATED,region-04805,web
ORD-P004806,CUST-0806,2026-10-05 12:00:00,58.05,EUR,CREATED,region-04806,web
ORD-P004807,CUST-0807,2026-10-05 12:00:00,58.06,EUR,CREATED,region-04807,web
ORD-P004808,CUST-0808,2026-10-05 12:00:00,58.07,EUR,CREATED,region-04808,web
ORD-P004809,CUST-0809,2026-10-05 12:00:00,58.08,EUR,CREATED,region-04809,web
ORD-P004810,CUST-0810,2026-10-05 12:00:00,58.09,EUR,CREATED,region-04810,web
ORD-P004811,CUST-0811,2026-10-05 12:00:00,58.10,EUR,CREATED,region-04811,web
ORD-P004812,CUST-0812,2026-10-05 12:00:00,58.11,EUR,CREATED,region-04812,web
ORD-P004813,CUST-0813,2026-10-05 12:00:00,58.12,EUR,CREATED,region-04813,web
ORD-P004814,CUST-0814,2026-10-05 12:00:00,58.13,EUR,CREATED,region-04814,web
ORD-P004815,CUST-0815,2026-10-05 12:00:00,58.14,EUR,CREATED,region-04815,web
ORD-P004816,CUST-0816,2026-10-05 12:00:00,58.15,EUR,CREATED,region-04816,web
ORD-P004817,CUST-0817,2026-10-05 12:00:00,58.16,EUR,CREATED,region-04817,web
ORD-P004818,CUST-0818,2026-10-05 12:00:00,58.17,EUR,CREATED,region-04818,web
ORD-P004819,CUST-0819,2026-10-05 12:00:00,58.18,EUR,CREATED,region-04819,web
ORD-P004820,CUST-0820,2026-10-05 12:00:00,58.19,EUR,CREATED,region-04820,web
ORD-P004821,CUST-0821,2026-10-05 12:00:00,58.20,EUR,CREATED,region-04821,web
ORD-P004822,CUST-0822,2026-10-05 12:00:00,58.21,EUR,CREATED,region-04822,web
ORD-P004823,CUST-0823,2026-10-05 12:00:00,58.22,EUR,CREATED,region-04823,web
ORD-P004824,CUST-0824,2026-10-05 12:00:00,58.23,EUR,CREATED,region-04824,web
ORD-P004825,CUST-0825,2026-10-05 12:00:00,58.24,EUR,CREATED,region-04825,web
ORD-P004826,CUST-0826,2026-10-05 12:00:00,58.25,EUR,CREATED,region-04826,web
ORD-P004827,CUST-0827,2026-10-05 12:00:00,58.26,EUR,CREATED,region-04827,web
ORD-P004828,CUST-0828,2026-10-05 12:00:00,58.27,EUR,CREATED,region-04828,web
ORD-P004829,CUST-0829,2026-10-05 12:00:00,58.28,EUR,CREATED,region-04829,web
ORD-P004830,CUST-0830,2026-10-05 12:00:00,58.29,EUR,CREATED,region-04830,web
ORD-P004831,CUST-0831,2026-10-05 12:00:00,58.30,EUR,CREATED,region-04831,web
ORD-P004832,CUST-0832,2026-10-05 12:00:00,58.31,EUR,CREATED,region-04832,web
ORD-P004833,CUST-0833,2026-10-05 12:00:00,58.32,EUR,CREATED,region-04833,web
ORD-P004834,CUST-0834,2026-10-05 12:00:00,58.33,EUR,CREATED,region-04834,web
ORD-P004835,CUST-0835,2026-10-05 12:00:00,58.34,EUR,CREATED,region-04835,web
ORD-P004836,CUST-0836,2026-10-05 12:00:00,58.35,EUR,CREATED,region-04836,web
ORD-P004837,CUST-0837,2026-10-05 12:00:00,58.36,EUR,CREATED,region-04837,web
ORD-P004838,CUST-0838,2026-10-05 12:00:00,58.37,EUR,CREATED,region-04838,web
ORD-P004839,CUST-0839,2026-10-05 12:00:00,58.38,EUR,CREATED,region-04839,web
ORD-P004840,CUST-0840,2026-10-05 12:00:00,58.39,EUR,CREATED,region-04840,web
ORD-P004841,CUST-0841,2026-10-05 12:00:00,58.40,EUR,CREATED,region-04841,web
ORD-P004842,CUST-0842,2026-10-05 12:00:00,58.41,EUR,CREATED,region-04842,web
ORD-P004843,CUST-0843,2026-10-05 12:00:00,58.42,EUR,CREATED,region-04843,web
ORD-P004844,CUST-0844,2026-10-05 12:00:00,58.43,EUR,CREATED,region-04844,web
ORD-P004845,CUST-0845,2026-10-05 12:00:00,58.44,EUR,CREATED,region-04845,web
ORD-P004846,CUST-0846,2026-10-05 12:00:00,58.45,EUR,CREATED,region-04846,web
ORD-P004847,CUST-0847,2026-10-05 12:00:00,58.46,EUR,CREATED,region-04847,web
ORD-P004848,CUST-0848,2026-10-05 12:00:00,58.47,EUR,CREATED,region-04848,web
ORD-P004849,CUST-0849,2026-10-05 12:00:00,58.48,EUR,CREATED,region-04849,web
ORD-P004850,CUST-0850,2026-10-05 12:00:00,58.49,EUR,CREATED,region-04850,web
ORD-P004851,CUST-0851,2026-10-05 12:00:00,58.50,EUR,CREATED,region-04851,web
ORD-P004852,CUST-0852,2026-10-05 12:00:00,58.51,EUR,CREATED,region-04852,web
ORD-P004853,CUST-0853,2026-10-05 12:00:00,58.52,EUR,CREATED,region-04853,web
ORD-P004854,CUST-0854,2026-10-05 12:00:00,58.53,EUR,CREATED,region-04854,web
ORD-P004855,CUST-0855,2026-10-05 12:00:00,58.54,EUR,CREATED,region-04855,web
ORD-P004856,CUST-0856,2026-10-05 12:00:00,58.55,EUR,CREATED,region-04856,web
ORD-P004857,CUST-0857,2026-10-05 12:00:00,58.56,EUR,CREATED,region-04857,web
ORD-P004858,CUST-0858,2026-10-05 12:00:00,58.57,EUR,CREATED,region-04858,web
ORD-P004859,CUST-0859,2026-10-05 12:00:00,58.58,EUR,CREATED,region-04859,web
ORD-P004860,CUST-0860,2026-10-05 12:00:00,58.59,EUR,CREATED,region-04860,web
ORD-P004861,CUST-0861,2026-10-05 12:00:00,58.60,EUR,CREATED,region-04861,web
ORD-P004862,CUST-0862,2026-10-05 12:00:00,58.61,EUR,CREATED,region-04862,web
ORD-P004863,CUST-0863,2026-10-05 12:00:00,58.62,EUR,CREATED,region-04863,web
ORD-P004864,CUST-0864,2026-10-05 12:00:00,58.63,EUR,CREATED,region-04864,web
ORD-P004865,CUST-0865,2026-10-05 12:00:00,58.64,EUR,CREATED,region-04865,web
ORD-P004866,CUST-0866,2026-10-05 12:00:00,58.65,EUR,CREATED,region-04866,web
ORD-P004867,CUST-0867,2026-10-05 12:00:00,58.66,EUR,CREATED,region-04867,web
ORD-P004868,CUST-0868,2026-10-05 12:00:00,58.67,EUR,CREATED,region-04868,web
ORD-P004869,CUST-0869,2026-10-05 12:00:00,58.68,EUR,CREATED,region-04869,web
ORD-P004870,CUST-0870,2026-10-05 12:00:00,58.69,EUR,CREATED,region-04870,web
ORD-P004871,CUST-0871,2026-10-05 12:00:00,58.70,EUR,CREATED,region-04871,web
ORD-P004872,CUST-0872,2026-10-05 12:00:00,58.71,EUR,CREATED,region-04872,web
ORD-P004873,CUST-0873,2026-10-05 12:00:00,58.72,EUR,CREATED,region-04873,web
ORD-P004874,CUST-0874,2026-10-05 12:00:00,58.73,EUR,CREATED,region-04874,web
ORD-P004875,CUST-0875,2026-10-05 12:00:00,58.74,EUR,CREATED,region-04875,web
ORD-P004876,CUST-0876,2026-10-05 12:00:00,58.75,EUR,CREATED,region-04876,web
ORD-P004877,CUST-0877,2026-10-05 12:00:00,58.76,EUR,CREATED,region-04877,web
ORD-P004878,CUST-0878,2026-10-05 12:00:00,58.77,EUR,CREATED,region-04878,web
ORD-P004879,CUST-0879,2026-10-05 12:00:00,58.78,EUR,CREATED,region-04879,web
ORD-P004880,CUST-0880,2026-10-05 12:00:00,58.79,EUR,CREATED,region-04880,web
ORD-P004881,CUST-0881,2026-10-05 12:00:00,58.80,EUR,CREATED,region-04881,web
ORD-P004882,CUST-0882,2026-10-05 12:00:00,58.81,EUR,CREATED,region-04882,web
ORD-P004883,CUST-0883,2026-10-05 12:00:00,58.82,EUR,CREATED,region-04883,web
ORD-P004884,CUST-0884,2026-10-05 12:00:00,58.83,EUR,CREATED,region-04884,web
ORD-P004885,CUST-0885,2026-10-05 12:00:00,58.84,EUR,CREATED,region-04885,web
ORD-P004886,CUST-0886,2026-10-05 12:00:00,58.85,EUR,CREATED,region-04886,web
ORD-P004887,CUST-0887,2026-10-05 12:00:00,58.86,EUR,CREATED,region-04887,web
ORD-P004888,CUST-0888,2026-10-05 12:00:00,58.87,EUR,CREATED,region-04888,web
ORD-P004889,CUST-0889,2026-10-05 12:00:00,58.88,EUR,CREATED,region-04889,web
ORD-P004890,CUST-0890,2026-10-05 12:00:00,58.89,EUR,CREATED,region-04890,web
ORD-P004891,CUST-0891,2026-10-05 12:00:00,58.90,EUR,CREATED,region-04891,web
ORD-P004892,CUST-0892,2026-10-05 12:00:00,58.91,EUR,CREATED,region-04892,web
ORD-P004893,CUST-0893,2026-10-05 12:00:00,58.92,EUR,CREATED,region-04893,web
ORD-P004894,CUST-0894,2026-10-05 12:00:00,58.93,EUR,CREATED,region-04894,web
ORD-P004895,CUST-0895,2026-10-05 12:00:00,58.94,EUR,CREATED,region-04895,web
ORD-P004896,CUST-0896,2026-10-05 12:00:00,58.95,EUR,CREATED,region-04896,web
ORD-P004897,CUST-0897,2026-10-05 12:00:00,58.96,EUR,CREATED,region-04897,web
ORD-P004898,CUST-0898,2026-10-05 12:00:00,58.97,EUR,CREATED,region-04898,web
ORD-P004899,CUST-0899,2026-10-05 12:00:00,58.98,EUR,CREATED,region-04899,web
ORD-P004900,CUST-0900,2026-10-05 12:00:00,58.99,EUR,CREATED,region-04900,web
ORD-P004901,CUST-0901,2026-10-05 12:00:00,59.00,EUR,CREATED,region-04901,web
ORD-P004902,CUST-0902,2026-10-05 12:00:00,59.01,EUR,CREATED,region-04902,web
ORD-P004903,CUST-0903,2026-10-05 12:00:00,59.02,EUR,CREATED,region-04903,web
ORD-P004904,CUST-0904,2026-10-05 12:00:00,59.03,EUR,CREATED,region-04904,web
ORD-P004905,CUST-0905,2026-10-05 12:00:00,59.04,EUR,CREATED,region-04905,web
ORD-P004906,CUST-0906,2026-10-05 12:00:00,59.05,EUR,CREATED,region-04906,web
ORD-P004907,CUST-0907,2026-10-05 12:00:00,59.06,EUR,CREATED,region-04907,web
ORD-P004908,CUST-0908,2026-10-05 12:00:00,59.07,EUR,CREATED,region-04908,web
ORD-P004909,CUST-0909,2026-10-05 12:00:00,59.08,EUR,CREATED,region-04909,web
ORD-P004910,CUST-0910,2026-10-05 12:00:00,59.09,EUR,CREATED,region-04910,web
ORD-P004911,CUST-0911,2026-10-05 12:00:00,59.10,EUR,CREATED,region-04911,web
ORD-P004912,CUST-0912,2026-10-05 12:00:00,59.11,EUR,CREATED,region-04912,web
ORD-P004913,CUST-0913,2026-10-05 12:00:00,59.12,EUR,CREATED,region-04913,web
ORD-P004914,CUST-0914,2026-10-05 12:00:00,59.13,EUR,CREATED,region-04914,web
ORD-P004915,CUST-0915,2026-10-05 12:00:00,59.14,EUR,CREATED,region-04915,web
ORD-P004916,CUST-0916,2026-10-05 12:00:00,59.15,EUR,CREATED,region-04916,web
ORD-P004917,CUST-0917,2026-10-05 12:00:00,59.16,EUR,CREATED,region-04917,web
ORD-P004918,CUST-0918,2026-10-05 12:00:00,59.17,EUR,CREATED,region-04918,web
ORD-P004919,CUST-0919,2026-10-05 12:00:00,59.18,EUR,CREATED,region-04919,web
ORD-P004920,CUST-0920,2026-10-05 12:00:00,59.19,EUR,CREATED,region-04920,web
ORD-P004921,CUST-0921,2026-10-05 12:00:00,59.20,EUR,CREATED,region-04921,web
ORD-P004922,CUST-0922,2026-10-05 12:00:00,59.21,EUR,CREATED,region-04922,web
ORD-P004923,CUST-0923,2026-10-05 12:00:00,59.22,EUR,CREATED,region-04923,web
ORD-P004924,CUST-0924,2026-10-05 12:00:00,59.23,EUR,CREATED,region-04924,web
ORD-P004925,CUST-0925,2026-10-05 12:00:00,59.24,EUR,CREATED,region-04925,web
ORD-P004926,CUST-0926,2026-10-05 12:00:00,59.25,EUR,CREATED,region-04926,web
ORD-P004927,CUST-0927,2026-10-05 12:00:00,59.26,EUR,CREATED,region-04927,web
ORD-P004928,CUST-0928,2026-10-05 12:00:00,59.27,EUR,CREATED,region-04928,web
ORD-P004929,CUST-0929,2026-10-05 12:00:00,59.28,EUR,CREATED,region-04929,web
ORD-P004930,CUST-0930,2026-10-05 12:00:00,59.29,EUR,CREATED,region-04930,web
ORD-P004931,CUST-0931,2026-10-05 12:00:00,59.30,EUR,CREATED,region-04931,web
ORD-P004932,CUST-0932,2026-10-05 12:00:00,59.31,EUR,CREATED,region-04932,web
ORD-P004933,CUST-0933,2026-10-05 12:00:00,59.32,EUR,CREATED,region-04933,web
ORD-P004934,CUST-0934,2026-10-05 12:00:00,59.33,EUR,CREATED,region-04934,web
ORD-P004935,CUST-0935,2026-10-05 12:00:00,59.34,EUR,CREATED,region-04935,web
ORD-P004936,CUST-0936,2026-10-05 12:00:00,59.35,EUR,CREATED,region-04936,web
ORD-P004937,CUST-0937,2026-10-05 12:00:00,59.36,EUR,CREATED,region-04937,web
ORD-P004938,CUST-0938,2026-10-05 12:00:00,59.37,EUR,CREATED,region-04938,web
ORD-P004939,CUST-0939,2026-10-05 12:00:00,59.38,EUR,CREATED,region-04939,web
ORD-P004940,CUST-0940,2026-10-05 12:00:00,59.39,EUR,CREATED,region-04940,web
ORD-P004941,CUST-0941,2026-10-05 12:00:00,59.40,EUR,CREATED,region-04941,web
ORD-P004942,CUST-0942,2026-10-05 12:00:00,59.41,EUR,CREATED,region-04942,web
ORD-P004943,CUST-0943,2026-10-05 12:00:00,59.42,EUR,CREATED,region-04943,web
ORD-P004944,CUST-0944,2026-10-05 12:00:00,59.43,EUR,CREATED,region-04944,web
ORD-P004945,CUST-0945,2026-10-05 12:00:00,59.44,EUR,CREATED,region-04945,web
ORD-P004946,CUST-0946,2026-10-05 12:00:00,59.45,EUR,CREATED,region-04946,web
ORD-P004947,CUST-0947,2026-10-05 12:00:00,59.46,EUR,CREATED,region-04947,web
ORD-P004948,CUST-0948,2026-10-05 12:00:00,59.47,EUR,CREATED,region-04948,web
ORD-P004949,CUST-0949,2026-10-05 12:00:00,59.48,EUR,CREATED,region-04949,web
ORD-P004950,CUST-0950,2026-10-05 12:00:00,59.49,EUR,CREATED,region-04950,web
ORD-P004951,CUST-0951,2026-10-05 12:00:00,59.50,EUR,CREATED,region-04951,web
ORD-P004952,CUST-0952,2026-10-05 12:00:00,59.51,EUR,CREATED,region-04952,web
ORD-P004953,CUST-0953,2026-10-05 12:00:00,59.52,EUR,CREATED,region-04953,web
ORD-P004954,CUST-0954,2026-10-05 12:00:00,59.53,EUR,CREATED,region-04954,web
ORD-P004955,CUST-0955,2026-10-05 12:00:00,59.54,EUR,CREATED,region-04955,web
ORD-P004956,CUST-0956,2026-10-05 12:00:00,59.55,EUR,CREATED,region-04956,web
ORD-P004957,CUST-0957,2026-10-05 12:00:00,59.56,EUR,CREATED,region-04957,web
ORD-P004958,CUST-0958,2026-10-05 12:00:00,59.57,EUR,CREATED,region-04958,web
ORD-P004959,CUST-0959,2026-10-05 12:00:00,59.58,EUR,CREATED,region-04959,web
ORD-P004960,CUST-0960,2026-10-05 12:00:00,59.59,EUR,CREATED,region-04960,web
ORD-P004961,CUST-0961,2026-10-05 12:00:00,59.60,EUR,CREATED,region-04961,web
ORD-P004962,CUST-0962,2026-10-05 12:00:00,59.61,EUR,CREATED,region-04962,web
ORD-P004963,CUST-0963,2026-10-05 12:00:00,59.62,EUR,CREATED,region-04963,web
ORD-P004964,CUST-0964,2026-10-05 12:00:00,59.63,EUR,CREATED,region-04964,web
ORD-P004965,CUST-0965,2026-10-05 12:00:00,59.64,EUR,CREATED,region-04965,web
ORD-P004966,CUST-0966,2026-10-05 12:00:00,59.65,EUR,CREATED,region-04966,web
ORD-P004967,CUST-0967,2026-10-05 12:00:00,59.66,EUR,CREATED,region-04967,web
ORD-P004968,CUST-0968,2026-10-05 12:00:00,59.67,EUR,CREATED,region-04968,web
ORD-P004969,CUST-0969,2026-10-05 12:00:00,59.68,EUR,CREATED,region-04969,web
ORD-P004970,CUST-0970,2026-10-05 12:00:00,59.69,EUR,CREATED,region-04970,web
ORD-P004971,CUST-0971,2026-10-05 12:00:00,59.70,EUR,CREATED,region-04971,web
ORD-P004972,CUST-0972,2026-10-05 12:00:00,59.71,EUR,CREATED,region-04972,web
ORD-P004973,CUST-0973,2026-10-05 12:00:00,59.72,EUR,CREATED,region-04973,web
ORD-P004974,CUST-0974,2026-10-05 12:00:00,59.73,EUR,CREATED,region-04974,web
ORD-P004975,CUST-0975,2026-10-05 12:00:00,59.74,EUR,CREATED,region-04975,web
ORD-P004976,CUST-0976,2026-10-05 12:00:00,59.75,EUR,CREATED,region-04976,web
ORD-P004977,CUST-0977,2026-10-05 12:00:00,59.76,EUR,CREATED,region-04977,web
ORD-P004978,CUST-0978,2026-10-05 12:00:00,59.77,EUR,CREATED,region-04978,web
ORD-P004979,CUST-0979,2026-10-05 12:00:00,59.78,EUR,CREATED,region-04979,web
ORD-P004980,CUST-0980,2026-10-05 12:00:00,59.79,EUR,CREATED,region-04980,web
ORD-P004981,CUST-0981,2026-10-05 12:00:00,59.80,EUR,CREATED,region-04981,web
ORD-P004982,CUST-0982,2026-10-05 12:00:00,59.81,EUR,CREATED,region-04982,web
ORD-P004983,CUST-0983,2026-10-05 12:00:00,59.82,EUR,CREATED,region-04983,web
ORD-P004984,CUST-0984,2026-10-05 12:00:00,59.83,EUR,CREATED,region-04984,web
ORD-P004985,CUST-0985,2026-10-05 12:00:00,59.84,EUR,CREATED,region-04985,web
ORD-P004986,CUST-0986,2026-10-05 12:00:00,59.85,EUR,CREATED,region-04986,web
ORD-P004987,CUST-0987,2026-10-05 12:00:00,59.86,EUR,CREATED,region-04987,web
ORD-P004988,CUST-0988,2026-10-05 12:00:00,59.87,EUR,CREATED,region-04988,web
ORD-P004989,CUST-0989,2026-10-05 12:00:00,59.88,EUR,CREATED,region-04989,web
ORD-P004990,CUST-0990,2026-10-05 12:00:00,59.89,EUR,CREATED,region-04990,web
ORD-P004991,CUST-0991,2026-10-05 12:00:00,59.90,EUR,CREATED,region-04991,web
ORD-P004992,CUST-0992,2026-10-05 12:00:00,59.91,EUR,CREATED,region-04992,web
ORD-P004993,CUST-0993,2026-10-05 12:00:00,59.92,EUR,CREATED,region-04993,web
ORD-P004994,CUST-0994,2026-10-05 12:00:00,59.93,EUR,CREATED,region-04994,web
ORD-P004995,CUST-0995,2026-10-05 12:00:00,59.94,EUR,CREATED,region-04995,web
ORD-P004996,CUST-0996,2026-10-05 12:00:00,59.95,EUR,CREATED,region-04996,web
ORD-P004997,CUST-0997,2026-10-05 12:00:00,59.96,EUR,CREATED,region-04997,web
ORD-P004998,CUST-0998,2026-10-05 12:00:00,59.97,EUR,CREATED,region-04998,web
ORD-P004999,CUST-0999,2026-10-05 12:00:00,59.98,EUR,CREATED,region-04999,web
ORD-P005000,CUST-1000,2026-10-05 12:00:00,59.99,EUR,CREATED,region-05000,web
ORD-P005001,CUST-1001,2026-10-05 12:00:00,10.00,EUR,CREATED,region-05001,web
ORD-P005002,CUST-1002,2026-10-05 12:00:00,10.01,EUR,CREATED,region-05002,web
ORD-P005003,CUST-1003,2026-10-05 12:00:00,10.02,EUR,CREATED,region-05003,web
ORD-P005004,CUST-1004,2026-10-05 12:00:00,10.03,EUR,CREATED,region-05004,web
ORD-P005005,CUST-1005,2026-10-05 12:00:00,10.04,EUR,CREATED,region-05005,web
ORD-P005006,CUST-1006,2026-10-05 12:00:00,10.05,EUR,CREATED,region-05006,web
ORD-P005007,CUST-1007,2026-10-05 12:00:00,10.06,EUR,CREATED,region-05007,web
ORD-P005008,CUST-1008,2026-10-05 12:00:00,10.07,EUR,CREATED,region-05008,web
ORD-P005009,CUST-1009,2026-10-05 12:00:00,10.08,EUR,CREATED,region-05009,web
ORD-P005010,CUST-1010,2026-10-05 12:00:00,10.09,EUR,CREATED,region-05010,web
ORD-P005011,CUST-1011,2026-10-05 12:00:00,10.10,EUR,CREATED,region-05011,web
ORD-P005012,CUST-1012,2026-10-05 12:00:00,10.11,EUR,CREATED,region-05012,web
ORD-P005013,CUST-1013,2026-10-05 12:00:00,10.12,EUR,CREATED,region-05013,web
ORD-P005014,CUST-1014,2026-10-05 12:00:00,10.13,EUR,CREATED,region-05014,web
ORD-P005015,CUST-1015,2026-10-05 12:00:00,10.14,EUR,CREATED,region-05015,web
ORD-P005016,CUST-1016,2026-10-05 12:00:00,10.15,EUR,CREATED,region-05016,web
ORD-P005017,CUST-1017,2026-10-05 12:00:00,10.16,EUR,CREATED,region-05017,web
ORD-P005018,CUST-1018,2026-10-05 12:00:00,10.17,EUR,CREATED,region-05018,web
ORD-P005019,CUST-1019,2026-10-05 12:00:00,10.18,EUR,CREATED,region-05019,web
ORD-P005020,CUST-1020,2026-10-05 12:00:00,10.19,EUR,CREATED,region-05020,web
ORD-P005021,CUST-1021,2026-10-05 12:00:00,10.20,EUR,CREATED,region-05021,web
ORD-P005022,CUST-1022,2026-10-05 12:00:00,10.21,EUR,CREATED,region-05022,web
ORD-P005023,CUST-1023,2026-10-05 12:00:00,10.22,EUR,CREATED,region-05023,web
ORD-P005024,CUST-1024,2026-10-05 12:00:00,10.23,EUR,CREATED,region-05024,web
ORD-P005025,CUST-1025,2026-10-05 12:00:00,10.24,EUR,CREATED,region-05025,web
ORD-P005026,CUST-1026,2026-10-05 12:00:00,10.25,EUR,CREATED,region-05026,web
ORD-P005027,CUST-1027,2026-10-05 12:00:00,10.26,EUR,CREATED,region-05027,web
ORD-P005028,CUST-1028,2026-10-05 12:00:00,10.27,EUR,CREATED,region-05028,web
ORD-P005029,CUST-1029,2026-10-05 12:00:00,10.28,EUR,CREATED,region-05029,web
ORD-P005030,CUST-1030,2026-10-05 12:00:00,10.29,EUR,CREATED,region-05030,web
ORD-P005031,CUST-1031,2026-10-05 12:00:00,10.30,EUR,CREATED,region-05031,web
ORD-P005032,CUST-1032,2026-10-05 12:00:00,10.31,EUR,CREATED,region-05032,web
ORD-P005033,CUST-1033,2026-10-05 12:00:00,10.32,EUR,CREATED,region-05033,web
ORD-P005034,CUST-1034,2026-10-05 12:00:00,10.33,EUR,CREATED,region-05034,web
ORD-P005035,CUST-1035,2026-10-05 12:00:00,10.34,EUR,CREATED,region-05035,web
ORD-P005036,CUST-1036,2026-10-05 12:00:00,10.35,EUR,CREATED,region-05036,web
ORD-P005037,CUST-1037,2026-10-05 12:00:00,10.36,EUR,CREATED,region-05037,web
ORD-P005038,CUST-1038,2026-10-05 12:00:00,10.37,EUR,CREATED,region-05038,web
ORD-P005039,CUST-1039,2026-10-05 12:00:00,10.38,EUR,CREATED,region-05039,web
ORD-P005040,CUST-1040,2026-10-05 12:00:00,10.39,EUR,CREATED,region-05040,web
ORD-P005041,CUST-1041,2026-10-05 12:00:00,10.40,EUR,CREATED,region-05041,web
ORD-P005042,CUST-1042,2026-10-05 12:00:00,10.41,EUR,CREATED,region-05042,web
ORD-P005043,CUST-1043,2026-10-05 12:00:00,10.42,EUR,CREATED,region-05043,web
ORD-P005044,CUST-1044,2026-10-05 12:00:00,10.43,EUR,CREATED,region-05044,web
ORD-P005045,CUST-1045,2026-10-05 12:00:00,10.44,EUR,CREATED,region-05045,web
ORD-P005046,CUST-1046,2026-10-05 12:00:00,10.45,EUR,CREATED,region-05046,web
ORD-P005047,CUST-1047,2026-10-05 12:00:00,10.46,EUR,CREATED,region-05047,web
ORD-P005048,CUST-1048,2026-10-05 12:00:00,10.47,EUR,CREATED,region-05048,web
ORD-P005049,CUST-1049,2026-10-05 12:00:00,10.48,EUR,CREATED,region-05049,web
ORD-P005050,CUST-1050,2026-10-05 12:00:00,10.49,EUR,CREATED,region-05050,web
ORD-P005051,CUST-1051,2026-10-05 12:00:00,10.50,EUR,CREATED,region-05051,web
ORD-P005052,CUST-1052,2026-10-05 12:00:00,10.51,EUR,CREATED,region-05052,web
ORD-P005053,CUST-1053,2026-10-05 12:00:00,10.52,EUR,CREATED,region-05053,web
ORD-P005054,CUST-1054,2026-10-05 12:00:00,10.53,EUR,CREATED,region-05054,web
ORD-P005055,CUST-1055,2026-10-05 12:00:00,10.54,EUR,CREATED,region-05055,web
ORD-P005056,CUST-1056,2026-10-05 12:00:00,10.55,EUR,CREATED,region-05056,web
ORD-P005057,CUST-1057,2026-10-05 12:00:00,10.56,EUR,CREATED,region-05057,web
ORD-P005058,CUST-1058,2026-10-05 12:00:00,10.57,EUR,CREATED,region-05058,web
ORD-P005059,CUST-1059,2026-10-05 12:00:00,10.58,EUR,CREATED,region-05059,web
ORD-P005060,CUST-1060,2026-10-05 12:00:00,10.59,EUR,CREATED,region-05060,web
ORD-P005061,CUST-1061,2026-10-05 12:00:00,10.60,EUR,CREATED,region-05061,web
ORD-P005062,CUST-1062,2026-10-05 12:00:00,10.61,EUR,CREATED,region-05062,web
ORD-P005063,CUST-1063,2026-10-05 12:00:00,10.62,EUR,CREATED,region-05063,web
ORD-P005064,CUST-1064,2026-10-05 12:00:00,10.63,EUR,CREATED,region-05064,web
ORD-P005065,CUST-1065,2026-10-05 12:00:00,10.64,EUR,CREATED,region-05065,web
ORD-P005066,CUST-1066,2026-10-05 12:00:00,10.65,EUR,CREATED,region-05066,web
ORD-P005067,CUST-1067,2026-10-05 12:00:00,10.66,EUR,CREATED,region-05067,web
ORD-P005068,CUST-1068,2026-10-05 12:00:00,10.67,EUR,CREATED,region-05068,web
ORD-P005069,CUST-1069,2026-10-05 12:00:00,10.68,EUR,CREATED,region-05069,web
ORD-P005070,CUST-1070,2026-10-05 12:00:00,10.69,EUR,CREATED,region-05070,web
ORD-P005071,CUST-1071,2026-10-05 12:00:00,10.70,EUR,CREATED,region-05071,web
ORD-P005072,CUST-1072,2026-10-05 12:00:00,10.71,EUR,CREATED,region-05072,web
ORD-P005073,CUST-1073,2026-10-05 12:00:00,10.72,EUR,CREATED,region-05073,web
ORD-P005074,CUST-1074,2026-10-05 12:00:00,10.73,EUR,CREATED,region-05074,web
ORD-P005075,CUST-1075,2026-10-05 12:00:00,10.74,EUR,CREATED,region-05075,web
ORD-P005076,CUST-1076,2026-10-05 12:00:00,10.75,EUR,CREATED,region-05076,web
ORD-P005077,CUST-1077,2026-10-05 12:00:00,10.76,EUR,CREATED,region-05077,web
ORD-P005078,CUST-1078,2026-10-05 12:00:00,10.77,EUR,CREATED,region-05078,web
ORD-P005079,CUST-1079,2026-10-05 12:00:00,10.78,EUR,CREATED,region-05079,web
ORD-P005080,CUST-1080,2026-10-05 12:00:00,10.79,EUR,CREATED,region-05080,web
ORD-P005081,CUST-1081,2026-10-05 12:00:00,10.80,EUR,CREATED,region-05081,web
ORD-P005082,CUST-1082,2026-10-05 12:00:00,10.81,EUR,CREATED,region-05082,web
ORD-P005083,CUST-1083,2026-10-05 12:00:00,10.82,EUR,CREATED,region-05083,web
ORD-P005084,CUST-1084,2026-10-05 12:00:00,10.83,EUR,CREATED,region-05084,web
ORD-P005085,CUST-1085,2026-10-05 12:00:00,10.84,EUR,CREATED,region-05085,web
ORD-P005086,CUST-1086,2026-10-05 12:00:00,10.85,EUR,CREATED,region-05086,web
ORD-P005087,CUST-1087,2026-10-05 12:00:00,10.86,EUR,CREATED,region-05087,web
ORD-P005088,CUST-1088,2026-10-05 12:00:00,10.87,EUR,CREATED,region-05088,web
ORD-P005089,CUST-1089,2026-10-05 12:00:00,10.88,EUR,CREATED,region-05089,web
ORD-P005090,CUST-1090,2026-10-05 12:00:00,10.89,EUR,CREATED,region-05090,web
ORD-P005091,CUST-1091,2026-10-05 12:00:00,10.90,EUR,CREATED,region-05091,web
ORD-P005092,CUST-1092,2026-10-05 12:00:00,10.91,EUR,CREATED,region-05092,web
ORD-P005093,CUST-1093,2026-10-05 12:00:00,10.92,EUR,CREATED,region-05093,web
ORD-P005094,CUST-1094,2026-10-05 12:00:00,10.93,EUR,CREATED,region-05094,web
ORD-P005095,CUST-1095,2026-10-05 12:00:00,10.94,EUR,CREATED,region-05095,web
ORD-P005096,CUST-1096,2026-10-05 12:00:00,10.95,EUR,CREATED,region-05096,web
ORD-P005097,CUST-1097,2026-10-05 12:00:00,10.96,EUR,CREATED,region-05097,web
ORD-P005098,CUST-1098,2026-10-05 12:00:00,10.97,EUR,CREATED,region-05098,web
ORD-P005099,CUST-1099,2026-10-05 12:00:00,10.98,EUR,CREATED,region-05099,web
ORD-P005100,CUST-1100,2026-10-05 12:00:00,10.99,EUR,CREATED,region-05100,web
ORD-P005101,CUST-1101,2026-10-05 12:00:00,11.00,EUR,CREATED,region-05101,web
ORD-P005102,CUST-1102,2026-10-05 12:00:00,11.01,EUR,CREATED,region-05102,web
ORD-P005103,CUST-1103,2026-10-05 12:00:00,11.02,EUR,CREATED,region-05103,web
ORD-P005104,CUST-1104,2026-10-05 12:00:00,11.03,EUR,CREATED,region-05104,web
ORD-P005105,CUST-1105,2026-10-05 12:00:00,11.04,EUR,CREATED,region-05105,web
ORD-P005106,CUST-1106,2026-10-05 12:00:00,11.05,EUR,CREATED,region-05106,web
ORD-P005107,CUST-1107,2026-10-05 12:00:00,11.06,EUR,CREATED,region-05107,web
ORD-P005108,CUST-1108,2026-10-05 12:00:00,11.07,EUR,CREATED,region-05108,web
ORD-P005109,CUST-1109,2026-10-05 12:00:00,11.08,EUR,CREATED,region-05109,web
ORD-P005110,CUST-1110,2026-10-05 12:00:00,11.09,EUR,CREATED,region-05110,web
ORD-P005111,CUST-1111,2026-10-05 12:00:00,11.10,EUR,CREATED,region-05111,web
ORD-P005112,CUST-1112,2026-10-05 12:00:00,11.11,EUR,CREATED,region-05112,web
ORD-P005113,CUST-1113,2026-10-05 12:00:00,11.12,EUR,CREATED,region-05113,web
ORD-P005114,CUST-1114,2026-10-05 12:00:00,11.13,EUR,CREATED,region-05114,web
ORD-P005115,CUST-1115,2026-10-05 12:00:00,11.14,EUR,CREATED,region-05115,web
ORD-P005116,CUST-1116,2026-10-05 12:00:00,11.15,EUR,CREATED,region-05116,web
ORD-P005117,CUST-1117,2026-10-05 12:00:00,11.16,EUR,CREATED,region-05117,web
ORD-P005118,CUST-1118,2026-10-05 12:00:00,11.17,EUR,CREATED,region-05118,web
ORD-P005119,CUST-1119,2026-10-05 12:00:00,11.18,EUR,CREATED,region-05119,web
ORD-P005120,CUST-1120,2026-10-05 12:00:00,11.19,EUR,CREATED,region-05120,web
ORD-P005121,CUST-1121,2026-10-05 12:00:00,11.20,EUR,CREATED,region-05121,web
ORD-P005122,CUST-1122,2026-10-05 12:00:00,11.21,EUR,CREATED,region-05122,web
ORD-P005123,CUST-1123,2026-10-05 12:00:00,11.22,EUR,CREATED,region-05123,web
ORD-P005124,CUST-1124,2026-10-05 12:00:00,11.23,EUR,CREATED,region-05124,web
ORD-P005125,CUST-1125,2026-10-05 12:00:00,11.24,EUR,CREATED,region-05125,web
ORD-P005126,CUST-1126,2026-10-05 12:00:00,11.25,EUR,CREATED,region-05126,web
ORD-P005127,CUST-1127,2026-10-05 12:00:00,11.26,EUR,CREATED,region-05127,web
ORD-P005128,CUST-1128,2026-10-05 12:00:00,11.27,EUR,CREATED,region-05128,web
ORD-P005129,CUST-1129,2026-10-05 12:00:00,11.28,EUR,CREATED,region-05129,web
ORD-P005130,CUST-1130,2026-10-05 12:00:00,11.29,EUR,CREATED,region-05130,web
ORD-P005131,CUST-1131,2026-10-05 12:00:00,11.30,EUR,CREATED,region-05131,web
ORD-P005132,CUST-1132,2026-10-05 12:00:00,11.31,EUR,CREATED,region-05132,web
ORD-P005133,CUST-1133,2026-10-05 12:00:00,11.32,EUR,CREATED,region-05133,web
ORD-P005134,CUST-1134,2026-10-05 12:00:00,11.33,EUR,CREATED,region-05134,web
ORD-P005135,CUST-1135,2026-10-05 12:00:00,11.34,EUR,CREATED,region-05135,web
ORD-P005136,CUST-1136,2026-10-05 12:00:00,11.35,EUR,CREATED,region-05136,web
ORD-P005137,CUST-1137,2026-10-05 12:00:00,11.36,EUR,CREATED,region-05137,web
ORD-P005138,CUST-1138,2026-10-05 12:00:00,11.37,EUR,CREATED,region-05138,web
ORD-P005139,CUST-1139,2026-10-05 12:00:00,11.38,EUR,CREATED,region-05139,web
ORD-P005140,CUST-1140,2026-10-05 12:00:00,11.39,EUR,CREATED,region-05140,web
ORD-P005141,CUST-1141,2026-10-05 12:00:00,11.40,EUR,CREATED,region-05141,web
ORD-P005142,CUST-1142,2026-10-05 12:00:00,11.41,EUR,CREATED,region-05142,web
ORD-P005143,CUST-1143,2026-10-05 12:00:00,11.42,EUR,CREATED,region-05143,web
ORD-P005144,CUST-1144,2026-10-05 12:00:00,11.43,EUR,CREATED,region-05144,web
ORD-P005145,CUST-1145,2026-10-05 12:00:00,11.44,EUR,CREATED,region-05145,web
ORD-P005146,CUST-1146,2026-10-05 12:00:00,11.45,EUR,CREATED,region-05146,web
ORD-P005147,CUST-1147,2026-10-05 12:00:00,11.46,EUR,CREATED,region-05147,web
ORD-P005148,CUST-1148,2026-10-05 12:00:00,11.47,EUR,CREATED,region-05148,web
ORD-P005149,CUST-1149,2026-10-05 12:00:00,11.48,EUR,CREATED,region-05149,web
ORD-P005150,CUST-1150,2026-10-05 12:00:00,11.49,EUR,CREATED,region-05150,web
ORD-P005151,CUST-1151,2026-10-05 12:00:00,11.50,EUR,CREATED,region-05151,web
ORD-P005152,CUST-1152,2026-10-05 12:00:00,11.51,EUR,CREATED,region-05152,web
ORD-P005153,CUST-1153,2026-10-05 12:00:00,11.52,EUR,CREATED,region-05153,web
ORD-P005154,CUST-1154,2026-10-05 12:00:00,11.53,EUR,CREATED,region-05154,web
ORD-P005155,CUST-1155,2026-10-05 12:00:00,11.54,EUR,CREATED,region-05155,web
ORD-P005156,CUST-1156,2026-10-05 12:00:00,11.55,EUR,CREATED,region-05156,web
ORD-P005157,CUST-1157,2026-10-05 12:00:00,11.56,EUR,CREATED,region-05157,web
ORD-P005158,CUST-1158,2026-10-05 12:00:00,11.57,EUR,CREATED,region-05158,web
ORD-P005159,CUST-1159,2026-10-05 12:00:00,11.58,EUR,CREATED,region-05159,web
ORD-P005160,CUST-1160,2026-10-05 12:00:00,11.59,EUR,CREATED,region-05160,web
ORD-P005161,CUST-1161,2026-10-05 12:00:00,11.60,EUR,CREATED,region-05161,web
ORD-P005162,CUST-1162,2026-10-05 12:00:00,11.61,EUR,CREATED,region-05162,web
ORD-P005163,CUST-1163,2026-10-05 12:00:00,11.62,EUR,CREATED,region-05163,web
ORD-P005164,CUST-1164,2026-10-05 12:00:00,11.63,EUR,CREATED,region-05164,web
ORD-P005165,CUST-1165,2026-10-05 12:00:00,11.64,EUR,CREATED,region-05165,web
ORD-P005166,CUST-1166,2026-10-05 12:00:00,11.65,EUR,CREATED,region-05166,web
ORD-P005167,CUST-1167,2026-10-05 12:00:00,11.66,EUR,CREATED,region-05167,web
ORD-P005168,CUST-1168,2026-10-05 12:00:00,11.67,EUR,CREATED,region-05168,web
ORD-P005169,CUST-1169,2026-10-05 12:00:00,11.68,EUR,CREATED,region-05169,web
ORD-P005170,CUST-1170,2026-10-05 12:00:00,11.69,EUR,CREATED,region-05170,web
ORD-P005171,CUST-1171,2026-10-05 12:00:00,11.70,EUR,CREATED,region-05171,web
ORD-P005172,CUST-1172,2026-10-05 12:00:00,11.71,EUR,CREATED,region-05172,web
ORD-P005173,CUST-1173,2026-10-05 12:00:00,11.72,EUR,CREATED,region-05173,web
ORD-P005174,CUST-1174,2026-10-05 12:00:00,11.73,EUR,CREATED,region-05174,web
ORD-P005175,CUST-1175,2026-10-05 12:00:00,11.74,EUR,CREATED,region-05175,web
ORD-P005176,CUST-1176,2026-10-05 12:00:00,11.75,EUR,CREATED,region-05176,web
ORD-P005177,CUST-1177,2026-10-05 12:00:00,11.76,EUR,CREATED,region-05177,web
ORD-P005178,CUST-1178,2026-10-05 12:00:00,11.77,EUR,CREATED,region-05178,web
ORD-P005179,CUST-1179,2026-10-05 12:00:00,11.78,EUR,CREATED,region-05179,web
ORD-P005180,CUST-1180,2026-10-05 12:00:00,11.79,EUR,CREATED,region-05180,web
ORD-P005181,CUST-1181,2026-10-05 12:00:00,11.80,EUR,CREATED,region-05181,web
ORD-P005182,CUST-1182,2026-10-05 12:00:00,11.81,EUR,CREATED,region-05182,web
ORD-P005183,CUST-1183,2026-10-05 12:00:00,11.82,EUR,CREATED,region-05183,web
ORD-P005184,CUST-1184,2026-10-05 12:00:00,11.83,EUR,CREATED,region-05184,web
ORD-P005185,CUST-1185,2026-10-05 12:00:00,11.84,EUR,CREATED,region-05185,web
ORD-P005186,CUST-1186,2026-10-05 12:00:00,11.85,EUR,CREATED,region-05186,web
ORD-P005187,CUST-1187,2026-10-05 12:00:00,11.86,EUR,CREATED,region-05187,web
ORD-P005188,CUST-1188,2026-10-05 12:00:00,11.87,EUR,CREATED,region-05188,web
ORD-P005189,CUST-1189,2026-10-05 12:00:00,11.88,EUR,CREATED,region-05189,web
ORD-P005190,CUST-1190,2026-10-05 12:00:00,11.89,EUR,CREATED,region-05190,web
ORD-P005191,CUST-1191,2026-10-05 12:00:00,11.90,EUR,CREATED,region-05191,web
ORD-P005192,CUST-1192,2026-10-05 12:00:00,11.91,EUR,CREATED,region-05192,web
ORD-P005193,CUST-1193,2026-10-05 12:00:00,11.92,EUR,CREATED,region-05193,web
ORD-P005194,CUST-1194,2026-10-05 12:00:00,11.93,EUR,CREATED,region-05194,web
ORD-P005195,CUST-1195,2026-10-05 12:00:00,11.94,EUR,CREATED,region-05195,web
ORD-P005196,CUST-1196,2026-10-05 12:00:00,11.95,EUR,CREATED,region-05196,web
ORD-P005197,CUST-1197,2026-10-05 12:00:00,11.96,EUR,CREATED,region-05197,web
ORD-P005198,CUST-1198,2026-10-05 12:00:00,11.97,EUR,CREATED,region-05198,web
ORD-P005199,CUST-1199,2026-10-05 12:00:00,11.98,EUR,CREATED,region-05199,web
ORD-P005200,CUST-1200,2026-10-05 12:00:00,11.99,EUR,CREATED,region-05200,web
ORD-P005201,CUST-1201,2026-10-05 12:00:00,12.00,EUR,CREATED,region-05201,web
ORD-P005202,CUST-1202,2026-10-05 12:00:00,12.01,EUR,CREATED,region-05202,web
ORD-P005203,CUST-1203,2026-10-05 12:00:00,12.02,EUR,CREATED,region-05203,web
ORD-P005204,CUST-1204,2026-10-05 12:00:00,12.03,EUR,CREATED,region-05204,web
ORD-P005205,CUST-1205,2026-10-05 12:00:00,12.04,EUR,CREATED,region-05205,web
ORD-P005206,CUST-1206,2026-10-05 12:00:00,12.05,EUR,CREATED,region-05206,web
ORD-P005207,CUST-1207,2026-10-05 12:00:00,12.06,EUR,CREATED,region-05207,web
ORD-P005208,CUST-1208,2026-10-05 12:00:00,12.07,EUR,CREATED,region-05208,web
ORD-P005209,CUST-1209,2026-10-05 12:00:00,12.08,EUR,CREATED,region-05209,web
ORD-P005210,CUST-1210,2026-10-05 12:00:00,12.09,EUR,CREATED,region-05210,web
ORD-P005211,CUST-1211,2026-10-05 12:00:00,12.10,EUR,CREATED,region-05211,web
ORD-P005212,CUST-1212,2026-10-05 12:00:00,12.11,EUR,CREATED,region-05212,web
ORD-P005213,CUST-1213,2026-10-05 12:00:00,12.12,EUR,CREATED,region-05213,web
ORD-P005214,CUST-1214,2026-10-05 12:00:00,12.13,EUR,CREATED,region-05214,web
ORD-P005215,CUST-1215,2026-10-05 12:00:00,12.14,EUR,CREATED,region-05215,web
ORD-P005216,CUST-1216,2026-10-05 12:00:00,12.15,EUR,CREATED,region-05216,web
ORD-P005217,CUST-1217,2026-10-05 12:00:00,12.16,EUR,CREATED,region-05217,web
ORD-P005218,CUST-1218,2026-10-05 12:00:00,12.17,EUR,CREATED,region-05218,web
ORD-P005219,CUST-1219,2026-10-05 12:00:00,12.18,EUR,CREATED,region-05219,web
ORD-P005220,CUST-1220,2026-10-05 12:00:00,12.19,EUR,CREATED,region-05220,web
ORD-P005221,CUST-1221,2026-10-05 12:00:00,12.20,EUR,CREATED,region-05221,web
ORD-P005222,CUST-1222,2026-10-05 12:00:00,12.21,EUR,CREATED,region-05222,web
ORD-P005223,CUST-1223,2026-10-05 12:00:00,12.22,EUR,CREATED,region-05223,web
ORD-P005224,CUST-1224,2026-10-05 12:00:00,12.23,EUR,CREATED,region-05224,web
ORD-P005225,CUST-1225,2026-10-05 12:00:00,12.24,EUR,CREATED,region-05225,web
ORD-P005226,CUST-1226,2026-10-05 12:00:00,12.25,EUR,CREATED,region-05226,web
ORD-P005227,CUST-1227,2026-10-05 12:00:00,12.26,EUR,CREATED,region-05227,web
ORD-P005228,CUST-1228,2026-10-05 12:00:00,12.27,EUR,CREATED,region-05228,web
ORD-P005229,CUST-1229,2026-10-05 12:00:00,12.28,EUR,CREATED,region-05229,web
ORD-P005230,CUST-1230,2026-10-05 12:00:00,12.29,EUR,CREATED,region-05230,web
ORD-P005231,CUST-1231,2026-10-05 12:00:00,12.30,EUR,CREATED,region-05231,web
ORD-P005232,CUST-1232,2026-10-05 12:00:00,12.31,EUR,CREATED,region-05232,web
ORD-P005233,CUST-1233,2026-10-05 12:00:00,12.32,EUR,CREATED,region-05233,web
ORD-P005234,CUST-1234,2026-10-05 12:00:00,12.33,EUR,CREATED,region-05234,web
ORD-P005235,CUST-1235,2026-10-05 12:00:00,12.34,EUR,CREATED,region-05235,web
ORD-P005236,CUST-1236,2026-10-05 12:00:00,12.35,EUR,CREATED,region-05236,web
ORD-P005237,CUST-1237,2026-10-05 12:00:00,12.36,EUR,CREATED,region-05237,web
ORD-P005238,CUST-1238,2026-10-05 12:00:00,12.37,EUR,CREATED,region-05238,web
ORD-P005239,CUST-1239,2026-10-05 12:00:00,12.38,EUR,CREATED,region-05239,web
ORD-P005240,CUST-1240,2026-10-05 12:00:00,12.39,EUR,CREATED,region-05240,web
ORD-P005241,CUST-1241,2026-10-05 12:00:00,12.40,EUR,CREATED,region-05241,web
ORD-P005242,CUST-1242,2026-10-05 12:00:00,12.41,EUR,CREATED,region-05242,web
ORD-P005243,CUST-1243,2026-10-05 12:00:00,12.42,EUR,CREATED,region-05243,web
ORD-P005244,CUST-1244,2026-10-05 12:00:00,12.43,EUR,CREATED,region-05244,web
ORD-P005245,CUST-1245,2026-10-05 12:00:00,12.44,EUR,CREATED,region-05245,web
ORD-P005246,CUST-1246,2026-10-05 12:00:00,12.45,EUR,CREATED,region-05246,web
ORD-P005247,CUST-1247,2026-10-05 12:00:00,12.46,EUR,CREATED,region-05247,web
ORD-P005248,CUST-1248,2026-10-05 12:00:00,12.47,EUR,CREATED,region-05248,web
ORD-P005249,CUST-1249,2026-10-05 12:00:00,12.48,EUR,CREATED,region-05249,web
ORD-P005250,CUST-1250,2026-10-05 12:00:00,12.49,EUR,CREATED,region-05250,web
ORD-P005251,CUST-1251,2026-10-05 12:00:00,12.50,EUR,CREATED,region-05251,web
ORD-P005252,CUST-1252,2026-10-05 12:00:00,12.51,EUR,CREATED,region-05252,web
ORD-P005253,CUST-1253,2026-10-05 12:00:00,12.52,EUR,CREATED,region-05253,web
ORD-P005254,CUST-1254,2026-10-05 12:00:00,12.53,EUR,CREATED,region-05254,web
ORD-P005255,CUST-1255,2026-10-05 12:00:00,12.54,EUR,CREATED,region-05255,web
ORD-P005256,CUST-1256,2026-10-05 12:00:00,12.55,EUR,CREATED,region-05256,web
ORD-P005257,CUST-1257,2026-10-05 12:00:00,12.56,EUR,CREATED,region-05257,web
ORD-P005258,CUST-1258,2026-10-05 12:00:00,12.57,EUR,CREATED,region-05258,web
ORD-P005259,CUST-1259,2026-10-05 12:00:00,12.58,EUR,CREATED,region-05259,web
ORD-P005260,CUST-1260,2026-10-05 12:00:00,12.59,EUR,CREATED,region-05260,web
ORD-P005261,CUST-1261,2026-10-05 12:00:00,12.60,EUR,CREATED,region-05261,web
ORD-P005262,CUST-1262,2026-10-05 12:00:00,12.61,EUR,CREATED,region-05262,web
ORD-P005263,CUST-1263,2026-10-05 12:00:00,12.62,EUR,CREATED,region-05263,web
ORD-P005264,CUST-1264,2026-10-05 12:00:00,12.63,EUR,CREATED,region-05264,web
ORD-P005265,CUST-1265,2026-10-05 12:00:00,12.64,EUR,CREATED,region-05265,web
ORD-P005266,CUST-1266,2026-10-05 12:00:00,12.65,EUR,CREATED,region-05266,web
ORD-P005267,CUST-1267,2026-10-05 12:00:00,12.66,EUR,CREATED,region-05267,web
ORD-P005268,CUST-1268,2026-10-05 12:00:00,12.67,EUR,CREATED,region-05268,web
ORD-P005269,CUST-1269,2026-10-05 12:00:00,12.68,EUR,CREATED,region-05269,web
ORD-P005270,CUST-1270,2026-10-05 12:00:00,12.69,EUR,CREATED,region-05270,web
ORD-P005271,CUST-1271,2026-10-05 12:00:00,12.70,EUR,CREATED,region-05271,web
ORD-P005272,CUST-1272,2026-10-05 12:00:00,12.71,EUR,CREATED,region-05272,web
ORD-P005273,CUST-1273,2026-10-05 12:00:00,12.72,EUR,CREATED,region-05273,web
ORD-P005274,CUST-1274,2026-10-05 12:00:00,12.73,EUR,CREATED,region-05274,web
ORD-P005275,CUST-1275,2026-10-05 12:00:00,12.74,EUR,CREATED,region-05275,web
ORD-P005276,CUST-1276,2026-10-05 12:00:00,12.75,EUR,CREATED,region-05276,web
ORD-P005277,CUST-1277,2026-10-05 12:00:00,12.76,EUR,CREATED,region-05277,web
ORD-P005278,CUST-1278,2026-10-05 12:00:00,12.77,EUR,CREATED,region-05278,web
ORD-P005279,CUST-1279,2026-10-05 12:00:00,12.78,EUR,CREATED,region-05279,web
ORD-P005280,CUST-1280,2026-10-05 12:00:00,12.79,EUR,CREATED,region-05280,web
ORD-P005281,CUST-1281,2026-10-05 12:00:00,12.80,EUR,CREATED,region-05281,web
ORD-P005282,CUST-1282,2026-10-05 12:00:00,12.81,EUR,CREATED,region-05282,web
ORD-P005283,CUST-1283,2026-10-05 12:00:00,12.82,EUR,CREATED,region-05283,web
ORD-P005284,CUST-1284,2026-10-05 12:00:00,12.83,EUR,CREATED,region-05284,web
ORD-P005285,CUST-1285,2026-10-05 12:00:00,12.84,EUR,CREATED,region-05285,web
ORD-P005286,CUST-1286,2026-10-05 12:00:00,12.85,EUR,CREATED,region-05286,web
ORD-P005287,CUST-1287,2026-10-05 12:00:00,12.86,EUR,CREATED,region-05287,web
ORD-P005288,CUST-1288,2026-10-05 12:00:00,12.87,EUR,CREATED,region-05288,web
ORD-P005289,CUST-1289,2026-10-05 12:00:00,12.88,EUR,CREATED,region-05289,web
ORD-P005290,CUST-1290,2026-10-05 12:00:00,12.89,EUR,CREATED,region-05290,web
ORD-P005291,CUST-1291,2026-10-05 12:00:00,12.90,EUR,CREATED,region-05291,web
ORD-P005292,CUST-1292,2026-10-05 12:00:00,12.91,EUR,CREATED,region-05292,web
ORD-P005293,CUST-1293,2026-10-05 12:00:00,12.92,EUR,CREATED,region-05293,web
ORD-P005294,CUST-1294,2026-10-05 12:00:00,12.93,EUR,CREATED,region-05294,web
ORD-P005295,CUST-1295,2026-10-05 12:00:00,12.94,EUR,CREATED,region-05295,web
ORD-P005296,CUST-1296,2026-10-05 12:00:00,12.95,EUR,CREATED,region-05296,web
ORD-P005297,CUST-1297,2026-10-05 12:00:00,12.96,EUR,CREATED,region-05297,web
ORD-P005298,CUST-1298,2026-10-05 12:00:00,12.97,EUR,CREATED,region-05298,web
ORD-P005299,CUST-1299,2026-10-05 12:00:00,12.98,EUR,CREATED,region-05299,web
ORD-P005300,CUST-1300,2026-10-05 12:00:00,12.99,EUR,CREATED,region-05300,web
ORD-P005301,CUST-1301,2026-10-05 12:00:00,13.00,EUR,CREATED,region-05301,web
ORD-P005302,CUST-1302,2026-10-05 12:00:00,13.01,EUR,CREATED,region-05302,web
ORD-P005303,CUST-1303,2026-10-05 12:00:00,13.02,EUR,CREATED,region-05303,web
ORD-P005304,CUST-1304,2026-10-05 12:00:00,13.03,EUR,CREATED,region-05304,web
ORD-P005305,CUST-1305,2026-10-05 12:00:00,13.04,EUR,CREATED,region-05305,web
ORD-P005306,CUST-1306,2026-10-05 12:00:00,13.05,EUR,CREATED,region-05306,web
ORD-P005307,CUST-1307,2026-10-05 12:00:00,13.06,EUR,CREATED,region-05307,web
ORD-P005308,CUST-1308,2026-10-05 12:00:00,13.07,EUR,CREATED,region-05308,web
ORD-P005309,CUST-1309,2026-10-05 12:00:00,13.08,EUR,CREATED,region-05309,web
ORD-P005310,CUST-1310,2026-10-05 12:00:00,13.09,EUR,CREATED,region-05310,web
ORD-P005311,CUST-1311,2026-10-05 12:00:00,13.10,EUR,CREATED,region-05311,web
ORD-P005312,CUST-1312,2026-10-05 12:00:00,13.11,EUR,CREATED,region-05312,web
ORD-P005313,CUST-1313,2026-10-05 12:00:00,13.12,EUR,CREATED,region-05313,web
ORD-P005314,CUST-1314,2026-10-05 12:00:00,13.13,EUR,CREATED,region-05314,web
ORD-P005315,CUST-1315,2026-10-05 12:00:00,13.14,EUR,CREATED,region-05315,web
ORD-P005316,CUST-1316,2026-10-05 12:00:00,13.15,EUR,CREATED,region-05316,web
ORD-P005317,CUST-1317,2026-10-05 12:00:00,13.16,EUR,CREATED,region-05317,web
ORD-P005318,CUST-1318,2026-10-05 12:00:00,13.17,EUR,CREATED,region-05318,web
ORD-P005319,CUST-1319,2026-10-05 12:00:00,13.18,EUR,CREATED,region-05319,web
ORD-P005320,CUST-1320,2026-10-05 12:00:00,13.19,EUR,CREATED,region-05320,web
ORD-P005321,CUST-1321,2026-10-05 12:00:00,13.20,EUR,CREATED,region-05321,web
ORD-P005322,CUST-1322,2026-10-05 12:00:00,13.21,EUR,CREATED,region-05322,web
ORD-P005323,CUST-1323,2026-10-05 12:00:00,13.22,EUR,CREATED,region-05323,web
ORD-P005324,CUST-1324,2026-10-05 12:00:00,13.23,EUR,CREATED,region-05324,web
ORD-P005325,CUST-1325,2026-10-05 12:00:00,13.24,EUR,CREATED,region-05325,web
ORD-P005326,CUST-1326,2026-10-05 12:00:00,13.25,EUR,CREATED,region-05326,web
ORD-P005327,CUST-1327,2026-10-05 12:00:00,13.26,EUR,CREATED,region-05327,web
ORD-P005328,CUST-1328,2026-10-05 12:00:00,13.27,EUR,CREATED,region-05328,web
ORD-P005329,CUST-1329,2026-10-05 12:00:00,13.28,EUR,CREATED,region-05329,web
ORD-P005330,CUST-1330,2026-10-05 12:00:00,13.29,EUR,CREATED,region-05330,web
ORD-P005331,CUST-1331,2026-10-05 12:00:00,13.30,EUR,CREATED,region-05331,web
ORD-P005332,CUST-1332,2026-10-05 12:00:00,13.31,EUR,CREATED,region-05332,web
ORD-P005333,CUST-1333,2026-10-05 12:00:00,13.32,EUR,CREATED,region-05333,web
ORD-P005334,CUST-1334,2026-10-05 12:00:00,13.33,EUR,CREATED,region-05334,web
ORD-P005335,CUST-1335,2026-10-05 12:00:00,13.34,EUR,CREATED,region-05335,web
ORD-P005336,CUST-1336,2026-10-05 12:00:00,13.35,EUR,CREATED,region-05336,web
ORD-P005337,CUST-1337,2026-10-05 12:00:00,13.36,EUR,CREATED,region-05337,web
ORD-P005338,CUST-1338,2026-10-05 12:00:00,13.37,EUR,CREATED,region-05338,web
ORD-P005339,CUST-1339,2026-10-05 12:00:00,13.38,EUR,CREATED,region-05339,web
ORD-P005340,CUST-1340,2026-10-05 12:00:00,13.39,EUR,CREATED,region-05340,web
ORD-P005341,CUST-1341,2026-10-05 12:00:00,13.40,EUR,CREATED,region-05341,web
ORD-P005342,CUST-1342,2026-10-05 12:00:00,13.41,EUR,CREATED,region-05342,web
ORD-P005343,CUST-1343,2026-10-05 12:00:00,13.42,EUR,CREATED,region-05343,web
ORD-P005344,CUST-1344,2026-10-05 12:00:00,13.43,EUR,CREATED,region-05344,web
ORD-P005345,CUST-1345,2026-10-05 12:00:00,13.44,EUR,CREATED,region-05345,web
ORD-P005346,CUST-1346,2026-10-05 12:00:00,13.45,EUR,CREATED,region-05346,web
ORD-P005347,CUST-1347,2026-10-05 12:00:00,13.46,EUR,CREATED,region-05347,web
ORD-P005348,CUST-1348,2026-10-05 12:00:00,13.47,EUR,CREATED,region-05348,web
ORD-P005349,CUST-1349,2026-10-05 12:00:00,13.48,EUR,CREATED,region-05349,web
ORD-P005350,CUST-1350,2026-10-05 12:00:00,13.49,EUR,CREATED,region-05350,web
ORD-P005351,CUST-1351,2026-10-05 12:00:00,13.50,EUR,CREATED,region-05351,web
ORD-P005352,CUST-1352,2026-10-05 12:00:00,13.51,EUR,CREATED,region-05352,web
ORD-P005353,CUST-1353,2026-10-05 12:00:00,13.52,EUR,CREATED,region-05353,web
ORD-P005354,CUST-1354,2026-10-05 12:00:00,13.53,EUR,CREATED,region-05354,web
ORD-P005355,CUST-1355,2026-10-05 12:00:00,13.54,EUR,CREATED,region-05355,web
ORD-P005356,CUST-1356,2026-10-05 12:00:00,13.55,EUR,CREATED,region-05356,web
ORD-P005357,CUST-1357,2026-10-05 12:00:00,13.56,EUR,CREATED,region-05357,web
ORD-P005358,CUST-1358,2026-10-05 12:00:00,13.57,EUR,CREATED,region-05358,web
ORD-P005359,CUST-1359,2026-10-05 12:00:00,13.58,EUR,CREATED,region-05359,web
ORD-P005360,CUST-1360,2026-10-05 12:00:00,13.59,EUR,CREATED,region-05360,web
ORD-P005361,CUST-1361,2026-10-05 12:00:00,13.60,EUR,CREATED,region-05361,web
ORD-P005362,CUST-1362,2026-10-05 12:00:00,13.61,EUR,CREATED,region-05362,web
ORD-P005363,CUST-1363,2026-10-05 12:00:00,13.62,EUR,CREATED,region-05363,web
ORD-P005364,CUST-1364,2026-10-05 12:00:00,13.63,EUR,CREATED,region-05364,web
ORD-P005365,CUST-1365,2026-10-05 12:00:00,13.64,EUR,CREATED,region-05365,web
ORD-P005366,CUST-1366,2026-10-05 12:00:00,13.65,EUR,CREATED,region-05366,web
ORD-P005367,CUST-1367,2026-10-05 12:00:00,13.66,EUR,CREATED,region-05367,web
ORD-P005368,CUST-1368,2026-10-05 12:00:00,13.67,EUR,CREATED,region-05368,web
ORD-P005369,CUST-1369,2026-10-05 12:00:00,13.68,EUR,CREATED,region-05369,web
ORD-P005370,CUST-1370,2026-10-05 12:00:00,13.69,EUR,CREATED,region-05370,web
ORD-P005371,CUST-1371,2026-10-05 12:00:00,13.70,EUR,CREATED,region-05371,web
ORD-P005372,CUST-1372,2026-10-05 12:00:00,13.71,EUR,CREATED,region-05372,web
ORD-P005373,CUST-1373,2026-10-05 12:00:00,13.72,EUR,CREATED,region-05373,web
ORD-P005374,CUST-1374,2026-10-05 12:00:00,13.73,EUR,CREATED,region-05374,web
ORD-P005375,CUST-1375,2026-10-05 12:00:00,13.74,EUR,CREATED,region-05375,web
ORD-P005376,CUST-1376,2026-10-05 12:00:00,13.75,EUR,CREATED,region-05376,web
ORD-P005377,CUST-1377,2026-10-05 12:00:00,13.76,EUR,CREATED,region-05377,web
ORD-P005378,CUST-1378,2026-10-05 12:00:00,13.77,EUR,CREATED,region-05378,web
ORD-P005379,CUST-1379,2026-10-05 12:00:00,13.78,EUR,CREATED,region-05379,web
ORD-P005380,CUST-1380,2026-10-05 12:00:00,13.79,EUR,CREATED,region-05380,web
ORD-P005381,CUST-1381,2026-10-05 12:00:00,13.80,EUR,CREATED,region-05381,web
ORD-P005382,CUST-1382,2026-10-05 12:00:00,13.81,EUR,CREATED,region-05382,web
ORD-P005383,CUST-1383,2026-10-05 12:00:00,13.82,EUR,CREATED,region-05383,web
ORD-P005384,CUST-1384,2026-10-05 12:00:00,13.83,EUR,CREATED,region-05384,web
ORD-P005385,CUST-1385,2026-10-05 12:00:00,13.84,EUR,CREATED,region-05385,web
ORD-P005386,CUST-1386,2026-10-05 12:00:00,13.85,EUR,CREATED,region-05386,web
ORD-P005387,CUST-1387,2026-10-05 12:00:00,13.86,EUR,CREATED,region-05387,web
ORD-P005388,CUST-1388,2026-10-05 12:00:00,13.87,EUR,CREATED,region-05388,web
ORD-P005389,CUST-1389,2026-10-05 12:00:00,13.88,EUR,CREATED,region-05389,web
ORD-P005390,CUST-1390,2026-10-05 12:00:00,13.89,EUR,CREATED,region-05390,web
ORD-P005391,CUST-1391,2026-10-05 12:00:00,13.90,EUR,CREATED,region-05391,web
ORD-P005392,CUST-1392,2026-10-05 12:00:00,13.91,EUR,CREATED,region-05392,web
ORD-P005393,CUST-1393,2026-10-05 12:00:00,13.92,EUR,CREATED,region-05393,web
ORD-P005394,CUST-1394,2026-10-05 12:00:00,13.93,EUR,CREATED,region-05394,web
ORD-P005395,CUST-1395,2026-10-05 12:00:00,13.94,EUR,CREATED,region-05395,web
ORD-P005396,CUST-1396,2026-10-05 12:00:00,13.95,EUR,CREATED,region-05396,web
ORD-P005397,CUST-1397,2026-10-05 12:00:00,13.96,EUR,CREATED,region-05397,web
ORD-P005398,CUST-1398,2026-10-05 12:00:00,13.97,EUR,CREATED,region-05398,web
ORD-P005399,CUST-1399,2026-10-05 12:00:00,13.98,EUR,CREATED,region-05399,web
ORD-P005400,CUST-1400,2026-10-05 12:00:00,13.99,EUR,CREATED,region-05400,web
ORD-P005401,CUST-1401,2026-10-05 12:00:00,14.00,EUR,CREATED,region-05401,web
ORD-P005402,CUST-1402,2026-10-05 12:00:00,14.01,EUR,CREATED,region-05402,web
ORD-P005403,CUST-1403,2026-10-05 12:00:00,14.02,EUR,CREATED,region-05403,web
ORD-P005404,CUST-1404,2026-10-05 12:00:00,14.03,EUR,CREATED,region-05404,web
ORD-P005405,CUST-1405,2026-10-05 12:00:00,14.04,EUR,CREATED,region-05405,web
ORD-P005406,CUST-1406,2026-10-05 12:00:00,14.05,EUR,CREATED,region-05406,web
ORD-P005407,CUST-1407,2026-10-05 12:00:00,14.06,EUR,CREATED,region-05407,web
ORD-P005408,CUST-1408,2026-10-05 12:00:00,14.07,EUR,CREATED,region-05408,web
ORD-P005409,CUST-1409,2026-10-05 12:00:00,14.08,EUR,CREATED,region-05409,web
ORD-P005410,CUST-1410,2026-10-05 12:00:00,14.09,EUR,CREATED,region-05410,web
ORD-P005411,CUST-1411,2026-10-05 12:00:00,14.10,EUR,CREATED,region-05411,web
ORD-P005412,CUST-1412,2026-10-05 12:00:00,14.11,EUR,CREATED,region-05412,web
ORD-P005413,CUST-1413,2026-10-05 12:00:00,14.12,EUR,CREATED,region-05413,web
ORD-P005414,CUST-1414,2026-10-05 12:00:00,14.13,EUR,CREATED,region-05414,web
ORD-P005415,CUST-1415,2026-10-05 12:00:00,14.14,EUR,CREATED,region-05415,web
ORD-P005416,CUST-1416,2026-10-05 12:00:00,14.15,EUR,CREATED,region-05416,web
ORD-P005417,CUST-1417,2026-10-05 12:00:00,14.16,EUR,CREATED,region-05417,web
ORD-P005418,CUST-1418,2026-10-05 12:00:00,14.17,EUR,CREATED,region-05418,web
ORD-P005419,CUST-1419,2026-10-05 12:00:00,14.18,EUR,CREATED,region-05419,web
ORD-P005420,CUST-1420,2026-10-05 12:00:00,14.19,EUR,CREATED,region-05420,web
ORD-P005421,CUST-1421,2026-10-05 12:00:00,14.20,EUR,CREATED,region-05421,web
ORD-P005422,CUST-1422,2026-10-05 12:00:00,14.21,EUR,CREATED,region-05422,web
ORD-P005423,CUST-1423,2026-10-05 12:00:00,14.22,EUR,CREATED,region-05423,web
ORD-P005424,CUST-1424,2026-10-05 12:00:00,14.23,EUR,CREATED,region-05424,web
ORD-P005425,CUST-1425,2026-10-05 12:00:00,14.24,EUR,CREATED,region-05425,web
ORD-P005426,CUST-1426,2026-10-05 12:00:00,14.25,EUR,CREATED,region-05426,web
ORD-P005427,CUST-1427,2026-10-05 12:00:00,14.26,EUR,CREATED,region-05427,web
ORD-P005428,CUST-1428,2026-10-05 12:00:00,14.27,EUR,CREATED,region-05428,web
ORD-P005429,CUST-1429,2026-10-05 12:00:00,14.28,EUR,CREATED,region-05429,web
ORD-P005430,CUST-1430,2026-10-05 12:00:00,14.29,EUR,CREATED,region-05430,web
ORD-P005431,CUST-1431,2026-10-05 12:00:00,14.30,EUR,CREATED,region-05431,web
ORD-P005432,CUST-1432,2026-10-05 12:00:00,14.31,EUR,CREATED,region-05432,web
ORD-P005433,CUST-1433,2026-10-05 12:00:00,14.32,EUR,CREATED,region-05433,web
ORD-P005434,CUST-1434,2026-10-05 12:00:00,14.33,EUR,CREATED,region-05434,web
ORD-P005435,CUST-1435,2026-10-05 12:00:00,14.34,EUR,CREATED,region-05435,web
ORD-P005436,CUST-1436,2026-10-05 12:00:00,14.35,EUR,CREATED,region-05436,web
ORD-P005437,CUST-1437,2026-10-05 12:00:00,14.36,EUR,CREATED,region-05437,web
ORD-P005438,CUST-1438,2026-10-05 12:00:00,14.37,EUR,CREATED,region-05438,web
ORD-P005439,CUST-1439,2026-10-05 12:00:00,14.38,EUR,CREATED,region-05439,web
ORD-P005440,CUST-1440,2026-10-05 12:00:00,14.39,EUR,CREATED,region-05440,web
ORD-P005441,CUST-1441,2026-10-05 12:00:00,14.40,EUR,CREATED,region-05441,web
ORD-P005442,CUST-1442,2026-10-05 12:00:00,14.41,EUR,CREATED,region-05442,web
ORD-P005443,CUST-1443,2026-10-05 12:00:00,14.42,EUR,CREATED,region-05443,web
ORD-P005444,CUST-1444,2026-10-05 12:00:00,14.43,EUR,CREATED,region-05444,web
ORD-P005445,CUST-1445,2026-10-05 12:00:00,14.44,EUR,CREATED,region-05445,web
ORD-P005446,CUST-1446,2026-10-05 12:00:00,14.45,EUR,CREATED,region-05446,web
ORD-P005447,CUST-1447,2026-10-05 12:00:00,14.46,EUR,CREATED,region-05447,web
ORD-P005448,CUST-1448,2026-10-05 12:00:00,14.47,EUR,CREATED,region-05448,web
ORD-P005449,CUST-1449,2026-10-05 12:00:00,14.48,EUR,CREATED,region-05449,web
ORD-P005450,CUST-1450,2026-10-05 12:00:00,14.49,EUR,CREATED,region-05450,web
ORD-P005451,CUST-1451,2026-10-05 12:00:00,14.50,EUR,CREATED,region-05451,web
ORD-P005452,CUST-1452,2026-10-05 12:00:00,14.51,EUR,CREATED,region-05452,web
ORD-P005453,CUST-1453,2026-10-05 12:00:00,14.52,EUR,CREATED,region-05453,web
ORD-P005454,CUST-1454,2026-10-05 12:00:00,14.53,EUR,CREATED,region-05454,web
ORD-P005455,CUST-1455,2026-10-05 12:00:00,14.54,EUR,CREATED,region-05455,web
ORD-P005456,CUST-1456,2026-10-05 12:00:00,14.55,EUR,CREATED,region-05456,web
ORD-P005457,CUST-1457,2026-10-05 12:00:00,14.56,EUR,CREATED,region-05457,web
ORD-P005458,CUST-1458,2026-10-05 12:00:00,14.57,EUR,CREATED,region-05458,web
ORD-P005459,CUST-1459,2026-10-05 12:00:00,14.58,EUR,CREATED,region-05459,web
ORD-P005460,CUST-1460,2026-10-05 12:00:00,14.59,EUR,CREATED,region-05460,web
ORD-P005461,CUST-1461,2026-10-05 12:00:00,14.60,EUR,CREATED,region-05461,web
ORD-P005462,CUST-1462,2026-10-05 12:00:00,14.61,EUR,CREATED,region-05462,web
ORD-P005463,CUST-1463,2026-10-05 12:00:00,14.62,EUR,CREATED,region-05463,web
ORD-P005464,CUST-1464,2026-10-05 12:00:00,14.63,EUR,CREATED,region-05464,web
ORD-P005465,CUST-1465,2026-10-05 12:00:00,14.64,EUR,CREATED,region-05465,web
ORD-P005466,CUST-1466,2026-10-05 12:00:00,14.65,EUR,CREATED,region-05466,web
ORD-P005467,CUST-1467,2026-10-05 12:00:00,14.66,EUR,CREATED,region-05467,web
ORD-P005468,CUST-1468,2026-10-05 12:00:00,14.67,EUR,CREATED,region-05468,web
ORD-P005469,CUST-1469,2026-10-05 12:00:00,14.68,EUR,CREATED,region-05469,web
ORD-P005470,CUST-1470,2026-10-05 12:00:00,14.69,EUR,CREATED,region-05470,web
ORD-P005471,CUST-1471,2026-10-05 12:00:00,14.70,EUR,CREATED,region-05471,web
ORD-P005472,CUST-1472,2026-10-05 12:00:00,14.71,EUR,CREATED,region-05472,web
ORD-P005473,CUST-1473,2026-10-05 12:00:00,14.72,EUR,CREATED,region-05473,web
ORD-P005474,CUST-1474,2026-10-05 12:00:00,14.73,EUR,CREATED,region-05474,web
ORD-P005475,CUST-1475,2026-10-05 12:00:00,14.74,EUR,CREATED,region-05475,web
ORD-P005476,CUST-1476,2026-10-05 12:00:00,14.75,EUR,CREATED,region-05476,web
ORD-P005477,CUST-1477,2026-10-05 12:00:00,14.76,EUR,CREATED,region-05477,web
ORD-P005478,CUST-1478,2026-10-05 12:00:00,14.77,EUR,CREATED,region-05478,web
ORD-P005479,CUST-1479,2026-10-05 12:00:00,14.78,EUR,CREATED,region-05479,web
ORD-P005480,CUST-1480,2026-10-05 12:00:00,14.79,EUR,CREATED,region-05480,web
ORD-P005481,CUST-1481,2026-10-05 12:00:00,14.80,EUR,CREATED,region-05481,web
ORD-P005482,CUST-1482,2026-10-05 12:00:00,14.81,EUR,CREATED,region-05482,web
ORD-P005483,CUST-1483,2026-10-05 12:00:00,14.82,EUR,CREATED,region-05483,web
ORD-P005484,CUST-1484,2026-10-05 12:00:00,14.83,EUR,CREATED,region-05484,web
ORD-P005485,CUST-1485,2026-10-05 12:00:00,14.84,EUR,CREATED,region-05485,web
ORD-P005486,CUST-1486,2026-10-05 12:00:00,14.85,EUR,CREATED,region-05486,web
ORD-P005487,CUST-1487,2026-10-05 12:00:00,14.86,EUR,CREATED,region-05487,web
ORD-P005488,CUST-1488,2026-10-05 12:00:00,14.87,EUR,CREATED,region-05488,web
ORD-P005489,CUST-1489,2026-10-05 12:00:00,14.88,EUR,CREATED,region-05489,web
ORD-P005490,CUST-1490,2026-10-05 12:00:00,14.89,EUR,CREATED,region-05490,web
ORD-P005491,CUST-1491,2026-10-05 12:00:00,14.90,EUR,CREATED,region-05491,web
ORD-P005492,CUST-1492,2026-10-05 12:00:00,14.91,EUR,CREATED,region-05492,web
ORD-P005493,CUST-1493,2026-10-05 12:00:00,14.92,EUR,CREATED,region-05493,web
ORD-P005494,CUST-1494,2026-10-05 12:00:00,14.93,EUR,CREATED,region-05494,web
ORD-P005495,CUST-1495,2026-10-05 12:00:00,14.94,EUR,CREATED,region-05495,web
ORD-P005496,CUST-1496,2026-10-05 12:00:00,14.95,EUR,CREATED,region-05496,web
ORD-P005497,CUST-1497,2026-10-05 12:00:00,14.96,EUR,CREATED,region-05497,web
ORD-P005498,CUST-1498,2026-10-05 12:00:00,14.97,EUR,CREATED,region-05498,web
ORD-P005499,CUST-1499,2026-10-05 12:00:00,14.98,EUR,CREATED,region-05499,web
ORD-P005500,CUST-1500,2026-10-05 12:00:00,14.99,EUR,CREATED,region-05500,web
ORD-P005501,CUST-1501,2026-10-05 12:00:00,15.00,EUR,CREATED,region-05501,web
ORD-P005502,CUST-1502,2026-10-05 12:00:00,15.01,EUR,CREATED,region-05502,web
ORD-P005503,CUST-1503,2026-10-05 12:00:00,15.02,EUR,CREATED,region-05503,web
ORD-P005504,CUST-1504,2026-10-05 12:00:00,15.03,EUR,CREATED,region-05504,web
ORD-P005505,CUST-1505,2026-10-05 12:00:00,15.04,EUR,CREATED,region-05505,web
ORD-P005506,CUST-1506,2026-10-05 12:00:00,15.05,EUR,CREATED,region-05506,web
ORD-P005507,CUST-1507,2026-10-05 12:00:00,15.06,EUR,CREATED,region-05507,web
ORD-P005508,CUST-1508,2026-10-05 12:00:00,15.07,EUR,CREATED,region-05508,web
ORD-P005509,CUST-1509,2026-10-05 12:00:00,15.08,EUR,CREATED,region-05509,web
ORD-P005510,CUST-1510,2026-10-05 12:00:00,15.09,EUR,CREATED,region-05510,web
ORD-P005511,CUST-1511,2026-10-05 12:00:00,15.10,EUR,CREATED,region-05511,web
ORD-P005512,CUST-1512,2026-10-05 12:00:00,15.11,EUR,CREATED,region-05512,web
ORD-P005513,CUST-1513,2026-10-05 12:00:00,15.12,EUR,CREATED,region-05513,web
ORD-P005514,CUST-1514,2026-10-05 12:00:00,15.13,EUR,CREATED,region-05514,web
ORD-P005515,CUST-1515,2026-10-05 12:00:00,15.14,EUR,CREATED,region-05515,web
ORD-P005516,CUST-1516,2026-10-05 12:00:00,15.15,EUR,CREATED,region-05516,web
ORD-P005517,CUST-1517,2026-10-05 12:00:00,15.16,EUR,CREATED,region-05517,web
ORD-P005518,CUST-1518,2026-10-05 12:00:00,15.17,EUR,CREATED,region-05518,web
ORD-P005519,CUST-1519,2026-10-05 12:00:00,15.18,EUR,CREATED,region-05519,web
ORD-P005520,CUST-1520,2026-10-05 12:00:00,15.19,EUR,CREATED,region-05520,web
ORD-P005521,CUST-1521,2026-10-05 12:00:00,15.20,EUR,CREATED,region-05521,web
ORD-P005522,CUST-1522,2026-10-05 12:00:00,15.21,EUR,CREATED,region-05522,web
ORD-P005523,CUST-1523,2026-10-05 12:00:00,15.22,EUR,CREATED,region-05523,web
ORD-P005524,CUST-1524,2026-10-05 12:00:00,15.23,EUR,CREATED,region-05524,web
ORD-P005525,CUST-1525,2026-10-05 12:00:00,15.24,EUR,CREATED,region-05525,web
ORD-P005526,CUST-1526,2026-10-05 12:00:00,15.25,EUR,CREATED,region-05526,web
ORD-P005527,CUST-1527,2026-10-05 12:00:00,15.26,EUR,CREATED,region-05527,web
ORD-P005528,CUST-1528,2026-10-05 12:00:00,15.27,EUR,CREATED,region-05528,web
ORD-P005529,CUST-1529,2026-10-05 12:00:00,15.28,EUR,CREATED,region-05529,web
ORD-P005530,CUST-1530,2026-10-05 12:00:00,15.29,EUR,CREATED,region-05530,web
ORD-P005531,CUST-1531,2026-10-05 12:00:00,15.30,EUR,CREATED,region-05531,web
ORD-P005532,CUST-1532,2026-10-05 12:00:00,15.31,EUR,CREATED,region-05532,web
ORD-P005533,CUST-1533,2026-10-05 12:00:00,15.32,EUR,CREATED,region-05533,web
ORD-P005534,CUST-1534,2026-10-05 12:00:00,15.33,EUR,CREATED,region-05534,web
ORD-P005535,CUST-1535,2026-10-05 12:00:00,15.34,EUR,CREATED,region-05535,web
ORD-P005536,CUST-1536,2026-10-05 12:00:00,15.35,EUR,CREATED,region-05536,web
ORD-P005537,CUST-1537,2026-10-05 12:00:00,15.36,EUR,CREATED,region-05537,web
ORD-P005538,CUST-1538,2026-10-05 12:00:00,15.37,EUR,CREATED,region-05538,web
ORD-P005539,CUST-1539,2026-10-05 12:00:00,15.38,EUR,CREATED,region-05539,web
ORD-P005540,CUST-1540,2026-10-05 12:00:00,15.39,EUR,CREATED,region-05540,web
ORD-P005541,CUST-1541,2026-10-05 12:00:00,15.40,EUR,CREATED,region-05541,web
ORD-P005542,CUST-1542,2026-10-05 12:00:00,15.41,EUR,CREATED,region-05542,web
ORD-P005543,CUST-1543,2026-10-05 12:00:00,15.42,EUR,CREATED,region-05543,web
ORD-P005544,CUST-1544,2026-10-05 12:00:00,15.43,EUR,CREATED,region-05544,web
ORD-P005545,CUST-1545,2026-10-05 12:00:00,15.44,EUR,CREATED,region-05545,web
ORD-P005546,CUST-1546,2026-10-05 12:00:00,15.45,EUR,CREATED,region-05546,web
ORD-P005547,CUST-1547,2026-10-05 12:00:00,15.46,EUR,CREATED,region-05547,web
ORD-P005548,CUST-1548,2026-10-05 12:00:00,15.47,EUR,CREATED,region-05548,web
ORD-P005549,CUST-1549,2026-10-05 12:00:00,15.48,EUR,CREATED,region-05549,web
ORD-P005550,CUST-1550,2026-10-05 12:00:00,15.49,EUR,CREATED,region-05550,web
ORD-P005551,CUST-1551,2026-10-05 12:00:00,15.50,EUR,CREATED,region-05551,web
ORD-P005552,CUST-1552,2026-10-05 12:00:00,15.51,EUR,CREATED,region-05552,web
ORD-P005553,CUST-1553,2026-10-05 12:00:00,15.52,EUR,CREATED,region-05553,web
ORD-P005554,CUST-1554,2026-10-05 12:00:00,15.53,EUR,CREATED,region-05554,web
ORD-P005555,CUST-1555,2026-10-05 12:00:00,15.54,EUR,CREATED,region-05555,web
ORD-P005556,CUST-1556,2026-10-05 12:00:00,15.55,EUR,CREATED,region-05556,web
ORD-P005557,CUST-1557,2026-10-05 12:00:00,15.56,EUR,CREATED,region-05557,web
ORD-P005558,CUST-1558,2026-10-05 12:00:00,15.57,EUR,CREATED,region-05558,web
ORD-P005559,CUST-1559,2026-10-05 12:00:00,15.58,EUR,CREATED,region-05559,web
ORD-P005560,CUST-1560,2026-10-05 12:00:00,15.59,EUR,CREATED,region-05560,web
ORD-P005561,CUST-1561,2026-10-05 12:00:00,15.60,EUR,CREATED,region-05561,web
ORD-P005562,CUST-1562,2026-10-05 12:00:00,15.61,EUR,CREATED,region-05562,web
ORD-P005563,CUST-1563,2026-10-05 12:00:00,15.62,EUR,CREATED,region-05563,web
ORD-P005564,CUST-1564,2026-10-05 12:00:00,15.63,EUR,CREATED,region-05564,web
ORD-P005565,CUST-1565,2026-10-05 12:00:00,15.64,EUR,CREATED,region-05565,web
ORD-P005566,CUST-1566,2026-10-05 12:00:00,15.65,EUR,CREATED,region-05566,web
ORD-P005567,CUST-1567,2026-10-05 12:00:00,15.66,EUR,CREATED,region-05567,web
ORD-P005568,CUST-1568,2026-10-05 12:00:00,15.67,EUR,CREATED,region-05568,web
ORD-P005569,CUST-1569,2026-10-05 12:00:00,15.68,EUR,CREATED,region-05569,web
ORD-P005570,CUST-1570,2026-10-05 12:00:00,15.69,EUR,CREATED,region-05570,web
ORD-P005571,CUST-1571,2026-10-05 12:00:00,15.70,EUR,CREATED,region-05571,web
ORD-P005572,CUST-1572,2026-10-05 12:00:00,15.71,EUR,CREATED,region-05572,web
ORD-P005573,CUST-1573,2026-10-05 12:00:00,15.72,EUR,CREATED,region-05573,web
ORD-P005574,CUST-1574,2026-10-05 12:00:00,15.73,EUR,CREATED,region-05574,web
ORD-P005575,CUST-1575,2026-10-05 12:00:00,15.74,EUR,CREATED,region-05575,web
ORD-P005576,CUST-1576,2026-10-05 12:00:00,15.75,EUR,CREATED,region-05576,web
ORD-P005577,CUST-1577,2026-10-05 12:00:00,15.76,EUR,CREATED,region-05577,web
ORD-P005578,CUST-1578,2026-10-05 12:00:00,15.77,EUR,CREATED,region-05578,web
ORD-P005579,CUST-1579,2026-10-05 12:00:00,15.78,EUR,CREATED,region-05579,web
ORD-P005580,CUST-1580,2026-10-05 12:00:00,15.79,EUR,CREATED,region-05580,web
ORD-P005581,CUST-1581,2026-10-05 12:00:00,15.80,EUR,CREATED,region-05581,web
ORD-P005582,CUST-1582,2026-10-05 12:00:00,15.81,EUR,CREATED,region-05582,web
ORD-P005583,CUST-1583,2026-10-05 12:00:00,15.82,EUR,CREATED,region-05583,web
ORD-P005584,CUST-1584,2026-10-05 12:00:00,15.83,EUR,CREATED,region-05584,web
ORD-P005585,CUST-1585,2026-10-05 12:00:00,15.84,EUR,CREATED,region-05585,web
ORD-P005586,CUST-1586,2026-10-05 12:00:00,15.85,EUR,CREATED,region-05586,web
ORD-P005587,CUST-1587,2026-10-05 12:00:00,15.86,EUR,CREATED,region-05587,web
ORD-P005588,CUST-1588,2026-10-05 12:00:00,15.87,EUR,CREATED,region-05588,web
ORD-P005589,CUST-1589,2026-10-05 12:00:00,15.88,EUR,CREATED,region-05589,web
ORD-P005590,CUST-1590,2026-10-05 12:00:00,15.89,EUR,CREATED,region-05590,web
ORD-P005591,CUST-1591,2026-10-05 12:00:00,15.90,EUR,CREATED,region-05591,web
ORD-P005592,CUST-1592,2026-10-05 12:00:00,15.91,EUR,CREATED,region-05592,web
ORD-P005593,CUST-1593,2026-10-05 12:00:00,15.92,EUR,CREATED,region-05593,web
ORD-P005594,CUST-1594,2026-10-05 12:00:00,15.93,EUR,CREATED,region-05594,web
ORD-P005595,CUST-1595,2026-10-05 12:00:00,15.94,EUR,CREATED,region-05595,web
ORD-P005596,CUST-1596,2026-10-05 12:00:00,15.95,EUR,CREATED,region-05596,web
ORD-P005597,CUST-1597,2026-10-05 12:00:00,15.96,EUR,CREATED,region-05597,web
ORD-P005598,CUST-1598,2026-10-05 12:00:00,15.97,EUR,CREATED,region-05598,web
ORD-P005599,CUST-1599,2026-10-05 12:00:00,15.98,EUR,CREATED,region-05599,web
ORD-P005600,CUST-1600,2026-10-05 12:00:00,15.99,EUR,CREATED,region-05600,web
ORD-P005601,CUST-1601,2026-10-05 12:00:00,16.00,EUR,CREATED,region-05601,web
ORD-P005602,CUST-1602,2026-10-05 12:00:00,16.01,EUR,CREATED,region-05602,web
ORD-P005603,CUST-1603,2026-10-05 12:00:00,16.02,EUR,CREATED,region-05603,web
ORD-P005604,CUST-1604,2026-10-05 12:00:00,16.03,EUR,CREATED,region-05604,web
ORD-P005605,CUST-1605,2026-10-05 12:00:00,16.04,EUR,CREATED,region-05605,web
ORD-P005606,CUST-1606,2026-10-05 12:00:00,16.05,EUR,CREATED,region-05606,web
ORD-P005607,CUST-1607,2026-10-05 12:00:00,16.06,EUR,CREATED,region-05607,web
ORD-P005608,CUST-1608,2026-10-05 12:00:00,16.07,EUR,CREATED,region-05608,web
ORD-P005609,CUST-1609,2026-10-05 12:00:00,16.08,EUR,CREATED,region-05609,web
ORD-P005610,CUST-1610,2026-10-05 12:00:00,16.09,EUR,CREATED,region-05610,web
ORD-P005611,CUST-1611,2026-10-05 12:00:00,16.10,EUR,CREATED,region-05611,web
ORD-P005612,CUST-1612,2026-10-05 12:00:00,16.11,EUR,CREATED,region-05612,web
ORD-P005613,CUST-1613,2026-10-05 12:00:00,16.12,EUR,CREATED,region-05613,web
ORD-P005614,CUST-1614,2026-10-05 12:00:00,16.13,EUR,CREATED,region-05614,web
ORD-P005615,CUST-1615,2026-10-05 12:00:00,16.14,EUR,CREATED,region-05615,web
ORD-P005616,CUST-1616,2026-10-05 12:00:00,16.15,EUR,CREATED,region-05616,web
ORD-P005617,CUST-1617,2026-10-05 12:00:00,16.16,EUR,CREATED,region-05617,web
ORD-P005618,CUST-1618,2026-10-05 12:00:00,16.17,EUR,CREATED,region-05618,web
ORD-P005619,CUST-1619,2026-10-05 12:00:00,16.18,EUR,CREATED,region-05619,web
ORD-P005620,CUST-1620,2026-10-05 12:00:00,16.19,EUR,CREATED,region-05620,web
ORD-P005621,CUST-1621,2026-10-05 12:00:00,16.20,EUR,CREATED,region-05621,web
ORD-P005622,CUST-1622,2026-10-05 12:00:00,16.21,EUR,CREATED,region-05622,web
ORD-P005623,CUST-1623,2026-10-05 12:00:00,16.22,EUR,CREATED,region-05623,web
ORD-P005624,CUST-1624,2026-10-05 12:00:00,16.23,EUR,CREATED,region-05624,web
ORD-P005625,CUST-1625,2026-10-05 12:00:00,16.24,EUR,CREATED,region-05625,web
ORD-P005626,CUST-1626,2026-10-05 12:00:00,16.25,EUR,CREATED,region-05626,web
ORD-P005627,CUST-1627,2026-10-05 12:00:00,16.26,EUR,CREATED,region-05627,web
ORD-P005628,CUST-1628,2026-10-05 12:00:00,16.27,EUR,CREATED,region-05628,web
ORD-P005629,CUST-1629,2026-10-05 12:00:00,16.28,EUR,CREATED,region-05629,web
ORD-P005630,CUST-1630,2026-10-05 12:00:00,16.29,EUR,CREATED,region-05630,web
ORD-P005631,CUST-1631,2026-10-05 12:00:00,16.30,EUR,CREATED,region-05631,web
ORD-P005632,CUST-1632,2026-10-05 12:00:00,16.31,EUR,CREATED,region-05632,web
ORD-P005633,CUST-1633,2026-10-05 12:00:00,16.32,EUR,CREATED,region-05633,web
ORD-P005634,CUST-1634,2026-10-05 12:00:00,16.33,EUR,CREATED,region-05634,web
ORD-P005635,CUST-1635,2026-10-05 12:00:00,16.34,EUR,CREATED,region-05635,web
ORD-P005636,CUST-1636,2026-10-05 12:00:00,16.35,EUR,CREATED,region-05636,web
ORD-P005637,CUST-1637,2026-10-05 12:00:00,16.36,EUR,CREATED,region-05637,web
ORD-P005638,CUST-1638,2026-10-05 12:00:00,16.37,EUR,CREATED,region-05638,web
ORD-P005639,CUST-1639,2026-10-05 12:00:00,16.38,EUR,CREATED,region-05639,web
ORD-P005640,CUST-1640,2026-10-05 12:00:00,16.39,EUR,CREATED,region-05640,web
ORD-P005641,CUST-1641,2026-10-05 12:00:00,16.40,EUR,CREATED,region-05641,web
ORD-P005642,CUST-1642,2026-10-05 12:00:00,16.41,EUR,CREATED,region-05642,web
ORD-P005643,CUST-1643,2026-10-05 12:00:00,16.42,EUR,CREATED,region-05643,web
ORD-P005644,CUST-1644,2026-10-05 12:00:00,16.43,EUR,CREATED,region-05644,web
ORD-P005645,CUST-1645,2026-10-05 12:00:00,16.44,EUR,CREATED,region-05645,web
ORD-P005646,CUST-1646,2026-10-05 12:00:00,16.45,EUR,CREATED,region-05646,web
ORD-P005647,CUST-1647,2026-10-05 12:00:00,16.46,EUR,CREATED,region-05647,web
ORD-P005648,CUST-1648,2026-10-05 12:00:00,16.47,EUR,CREATED,region-05648,web
ORD-P005649,CUST-1649,2026-10-05 12:00:00,16.48,EUR,CREATED,region-05649,web
ORD-P005650,CUST-1650,2026-10-05 12:00:00,16.49,EUR,CREATED,region-05650,web
ORD-P005651,CUST-1651,2026-10-05 12:00:00,16.50,EUR,CREATED,region-05651,web
ORD-P005652,CUST-1652,2026-10-05 12:00:00,16.51,EUR,CREATED,region-05652,web
ORD-P005653,CUST-1653,2026-10-05 12:00:00,16.52,EUR,CREATED,region-05653,web
ORD-P005654,CUST-1654,2026-10-05 12:00:00,16.53,EUR,CREATED,region-05654,web
ORD-P005655,CUST-1655,2026-10-05 12:00:00,16.54,EUR,CREATED,region-05655,web
ORD-P005656,CUST-1656,2026-10-05 12:00:00,16.55,EUR,CREATED,region-05656,web
ORD-P005657,CUST-1657,2026-10-05 12:00:00,16.56,EUR,CREATED,region-05657,web
ORD-P005658,CUST-1658,2026-10-05 12:00:00,16.57,EUR,CREATED,region-05658,web
ORD-P005659,CUST-1659,2026-10-05 12:00:00,16.58,EUR,CREATED,region-05659,web
ORD-P005660,CUST-1660,2026-10-05 12:00:00,16.59,EUR,CREATED,region-05660,web
ORD-P005661,CUST-1661,2026-10-05 12:00:00,16.60,EUR,CREATED,region-05661,web
ORD-P005662,CUST-1662,2026-10-05 12:00:00,16.61,EUR,CREATED,region-05662,web
ORD-P005663,CUST-1663,2026-10-05 12:00:00,16.62,EUR,CREATED,region-05663,web
ORD-P005664,CUST-1664,2026-10-05 12:00:00,16.63,EUR,CREATED,region-05664,web
ORD-P005665,CUST-1665,2026-10-05 12:00:00,16.64,EUR,CREATED,region-05665,web
ORD-P005666,CUST-1666,2026-10-05 12:00:00,16.65,EUR,CREATED,region-05666,web
ORD-P005667,CUST-1667,2026-10-05 12:00:00,16.66,EUR,CREATED,region-05667,web
ORD-P005668,CUST-1668,2026-10-05 12:00:00,16.67,EUR,CREATED,region-05668,web
ORD-P005669,CUST-1669,2026-10-05 12:00:00,16.68,EUR,CREATED,region-05669,web
ORD-P005670,CUST-1670,2026-10-05 12:00:00,16.69,EUR,CREATED,region-05670,web
ORD-P005671,CUST-1671,2026-10-05 12:00:00,16.70,EUR,CREATED,region-05671,web
ORD-P005672,CUST-1672,2026-10-05 12:00:00,16.71,EUR,CREATED,region-05672,web
ORD-P005673,CUST-1673,2026-10-05 12:00:00,16.72,EUR,CREATED,region-05673,web
ORD-P005674,CUST-1674,2026-10-05 12:00:00,16.73,EUR,CREATED,region-05674,web
ORD-P005675,CUST-1675,2026-10-05 12:00:00,16.74,EUR,CREATED,region-05675,web
ORD-P005676,CUST-1676,2026-10-05 12:00:00,16.75,EUR,CREATED,region-05676,web
ORD-P005677,CUST-1677,2026-10-05 12:00:00,16.76,EUR,CREATED,region-05677,web
ORD-P005678,CUST-1678,2026-10-05 12:00:00,16.77,EUR,CREATED,region-05678,web
ORD-P005679,CUST-1679,2026-10-05 12:00:00,16.78,EUR,CREATED,region-05679,web
ORD-P005680,CUST-1680,2026-10-05 12:00:00,16.79,EUR,CREATED,region-05680,web
ORD-P005681,CUST-1681,2026-10-05 12:00:00,16.80,EUR,CREATED,region-05681,web
ORD-P005682,CUST-1682,2026-10-05 12:00:00,16.81,EUR,CREATED,region-05682,web
ORD-P005683,CUST-1683,2026-10-05 12:00:00,16.82,EUR,CREATED,region-05683,web
ORD-P005684,CUST-1684,2026-10-05 12:00:00,16.83,EUR,CREATED,region-05684,web
ORD-P005685,CUST-1685,2026-10-05 12:00:00,16.84,EUR,CREATED,region-05685,web
ORD-P005686,CUST-1686,2026-10-05 12:00:00,16.85,EUR,CREATED,region-05686,web
ORD-P005687,CUST-1687,2026-10-05 12:00:00,16.86,EUR,CREATED,region-05687,web
ORD-P005688,CUST-1688,2026-10-05 12:00:00,16.87,EUR,CREATED,region-05688,web
ORD-P005689,CUST-1689,2026-10-05 12:00:00,16.88,EUR,CREATED,region-05689,web
ORD-P005690,CUST-1690,2026-10-05 12:00:00,16.89,EUR,CREATED,region-05690,web
ORD-P005691,CUST-1691,2026-10-05 12:00:00,16.90,EUR,CREATED,region-05691,web
ORD-P005692,CUST-1692,2026-10-05 12:00:00,16.91,EUR,CREATED,region-05692,web
ORD-P005693,CUST-1693,2026-10-05 12:00:00,16.92,EUR,CREATED,region-05693,web
ORD-P005694,CUST-1694,2026-10-05 12:00:00,16.93,EUR,CREATED,region-05694,web
ORD-P005695,CUST-1695,2026-10-05 12:00:00,16.94,EUR,CREATED,region-05695,web
ORD-P005696,CUST-1696,2026-10-05 12:00:00,16.95,EUR,CREATED,region-05696,web
ORD-P005697,CUST-1697,2026-10-05 12:00:00,16.96,EUR,CREATED,region-05697,web
ORD-P005698,CUST-1698,2026-10-05 12:00:00,16.97,EUR,CREATED,region-05698,web
ORD-P005699,CUST-1699,2026-10-05 12:00:00,16.98,EUR,CREATED,region-05699,web
ORD-P005700,CUST-1700,2026-10-05 12:00:00,16.99,EUR,CREATED,region-05700,web
ORD-P005701,CUST-1701,2026-10-05 12:00:00,17.00,EUR,CREATED,region-05701,web
ORD-P005702,CUST-1702,2026-10-05 12:00:00,17.01,EUR,CREATED,region-05702,web
ORD-P005703,CUST-1703,2026-10-05 12:00:00,17.02,EUR,CREATED,region-05703,web
ORD-P005704,CUST-1704,2026-10-05 12:00:00,17.03,EUR,CREATED,region-05704,web
ORD-P005705,CUST-1705,2026-10-05 12:00:00,17.04,EUR,CREATED,region-05705,web
ORD-P005706,CUST-1706,2026-10-05 12:00:00,17.05,EUR,CREATED,region-05706,web
ORD-P005707,CUST-1707,2026-10-05 12:00:00,17.06,EUR,CREATED,region-05707,web
ORD-P005708,CUST-1708,2026-10-05 12:00:00,17.07,EUR,CREATED,region-05708,web
ORD-P005709,CUST-1709,2026-10-05 12:00:00,17.08,EUR,CREATED,region-05709,web
ORD-P005710,CUST-1710,2026-10-05 12:00:00,17.09,EUR,CREATED,region-05710,web
ORD-P005711,CUST-1711,2026-10-05 12:00:00,17.10,EUR,CREATED,region-05711,web
ORD-P005712,CUST-1712,2026-10-05 12:00:00,17.11,EUR,CREATED,region-05712,web
ORD-P005713,CUST-1713,2026-10-05 12:00:00,17.12,EUR,CREATED,region-05713,web
ORD-P005714,CUST-1714,2026-10-05 12:00:00,17.13,EUR,CREATED,region-05714,web
ORD-P005715,CUST-1715,2026-10-05 12:00:00,17.14,EUR,CREATED,region-05715,web
ORD-P005716,CUST-1716,2026-10-05 12:00:00,17.15,EUR,CREATED,region-05716,web
ORD-P005717,CUST-1717,2026-10-05 12:00:00,17.16,EUR,CREATED,region-05717,web
ORD-P005718,CUST-1718,2026-10-05 12:00:00,17.17,EUR,CREATED,region-05718,web
ORD-P005719,CUST-1719,2026-10-05 12:00:00,17.18,EUR,CREATED,region-05719,web
ORD-P005720,CUST-1720,2026-10-05 12:00:00,17.19,EUR,CREATED,region-05720,web
ORD-P005721,CUST-1721,2026-10-05 12:00:00,17.20,EUR,CREATED,region-05721,web
ORD-P005722,CUST-1722,2026-10-05 12:00:00,17.21,EUR,CREATED,region-05722,web
ORD-P005723,CUST-1723,2026-10-05 12:00:00,17.22,EUR,CREATED,region-05723,web
ORD-P005724,CUST-1724,2026-10-05 12:00:00,17.23,EUR,CREATED,region-05724,web
ORD-P005725,CUST-1725,2026-10-05 12:00:00,17.24,EUR,CREATED,region-05725,web
ORD-P005726,CUST-1726,2026-10-05 12:00:00,17.25,EUR,CREATED,region-05726,web
ORD-P005727,CUST-1727,2026-10-05 12:00:00,17.26,EUR,CREATED,region-05727,web
ORD-P005728,CUST-1728,2026-10-05 12:00:00,17.27,EUR,CREATED,region-05728,web
ORD-P005729,CUST-1729,2026-10-05 12:00:00,17.28,EUR,CREATED,region-05729,web
ORD-P005730,CUST-1730,2026-10-05 12:00:00,17.29,EUR,CREATED,region-05730,web
ORD-P005731,CUST-1731,2026-10-05 12:00:00,17.30,EUR,CREATED,region-05731,web
ORD-P005732,CUST-1732,2026-10-05 12:00:00,17.31,EUR,CREATED,region-05732,web
ORD-P005733,CUST-1733,2026-10-05 12:00:00,17.32,EUR,CREATED,region-05733,web
ORD-P005734,CUST-1734,2026-10-05 12:00:00,17.33,EUR,CREATED,region-05734,web
ORD-P005735,CUST-1735,2026-10-05 12:00:00,17.34,EUR,CREATED,region-05735,web
ORD-P005736,CUST-1736,2026-10-05 12:00:00,17.35,EUR,CREATED,region-05736,web
ORD-P005737,CUST-1737,2026-10-05 12:00:00,17.36,EUR,CREATED,region-05737,web
ORD-P005738,CUST-1738,2026-10-05 12:00:00,17.37,EUR,CREATED,region-05738,web
ORD-P005739,CUST-1739,2026-10-05 12:00:00,17.38,EUR,CREATED,region-05739,web
ORD-P005740,CUST-1740,2026-10-05 12:00:00,17.39,EUR,CREATED,region-05740,web
ORD-P005741,CUST-1741,2026-10-05 12:00:00,17.40,EUR,CREATED,region-05741,web
ORD-P005742,CUST-1742,2026-10-05 12:00:00,17.41,EUR,CREATED,region-05742,web
ORD-P005743,CUST-1743,2026-10-05 12:00:00,17.42,EUR,CREATED,region-05743,web
ORD-P005744,CUST-1744,2026-10-05 12:00:00,17.43,EUR,CREATED,region-05744,web
ORD-P005745,CUST-1745,2026-10-05 12:00:00,17.44,EUR,CREATED,region-05745,web
ORD-P005746,CUST-1746,2026-10-05 12:00:00,17.45,EUR,CREATED,region-05746,web
ORD-P005747,CUST-1747,2026-10-05 12:00:00,17.46,EUR,CREATED,region-05747,web
ORD-P005748,CUST-1748,2026-10-05 12:00:00,17.47,EUR,CREATED,region-05748,web
ORD-P005749,CUST-1749,2026-10-05 12:00:00,17.48,EUR,CREATED,region-05749,web
ORD-P005750,CUST-1750,2026-10-05 12:00:00,17.49,EUR,CREATED,region-05750,web
ORD-P005751,CUST-1751,2026-10-05 12:00:00,17.50,EUR,CREATED,region-05751,web
ORD-P005752,CUST-1752,2026-10-05 12:00:00,17.51,EUR,CREATED,region-05752,web
ORD-P005753,CUST-1753,2026-10-05 12:00:00,17.52,EUR,CREATED,region-05753,web
ORD-P005754,CUST-1754,2026-10-05 12:00:00,17.53,EUR,CREATED,region-05754,web
ORD-P005755,CUST-1755,2026-10-05 12:00:00,17.54,EUR,CREATED,region-05755,web
ORD-P005756,CUST-1756,2026-10-05 12:00:00,17.55,EUR,CREATED,region-05756,web
ORD-P005757,CUST-1757,2026-10-05 12:00:00,17.56,EUR,CREATED,region-05757,web
ORD-P005758,CUST-1758,2026-10-05 12:00:00,17.57,EUR,CREATED,region-05758,web
ORD-P005759,CUST-1759,2026-10-05 12:00:00,17.58,EUR,CREATED,region-05759,web
ORD-P005760,CUST-1760,2026-10-05 12:00:00,17.59,EUR,CREATED,region-05760,web
ORD-P005761,CUST-1761,2026-10-05 12:00:00,17.60,EUR,CREATED,region-05761,web
ORD-P005762,CUST-1762,2026-10-05 12:00:00,17.61,EUR,CREATED,region-05762,web
ORD-P005763,CUST-1763,2026-10-05 12:00:00,17.62,EUR,CREATED,region-05763,web
ORD-P005764,CUST-1764,2026-10-05 12:00:00,17.63,EUR,CREATED,region-05764,web
ORD-P005765,CUST-1765,2026-10-05 12:00:00,17.64,EUR,CREATED,region-05765,web
ORD-P005766,CUST-1766,2026-10-05 12:00:00,17.65,EUR,CREATED,region-05766,web
ORD-P005767,CUST-1767,2026-10-05 12:00:00,17.66,EUR,CREATED,region-05767,web
ORD-P005768,CUST-1768,2026-10-05 12:00:00,17.67,EUR,CREATED,region-05768,web
ORD-P005769,CUST-1769,2026-10-05 12:00:00,17.68,EUR,CREATED,region-05769,web
ORD-P005770,CUST-1770,2026-10-05 12:00:00,17.69,EUR,CREATED,region-05770,web
ORD-P005771,CUST-1771,2026-10-05 12:00:00,17.70,EUR,CREATED,region-05771,web
ORD-P005772,CUST-1772,2026-10-05 12:00:00,17.71,EUR,CREATED,region-05772,web
ORD-P005773,CUST-1773,2026-10-05 12:00:00,17.72,EUR,CREATED,region-05773,web
ORD-P005774,CUST-1774,2026-10-05 12:00:00,17.73,EUR,CREATED,region-05774,web
ORD-P005775,CUST-1775,2026-10-05 12:00:00,17.74,EUR,CREATED,region-05775,web
ORD-P005776,CUST-1776,2026-10-05 12:00:00,17.75,EUR,CREATED,region-05776,web
ORD-P005777,CUST-1777,2026-10-05 12:00:00,17.76,EUR,CREATED,region-05777,web
ORD-P005778,CUST-1778,2026-10-05 12:00:00,17.77,EUR,CREATED,region-05778,web
ORD-P005779,CUST-1779,2026-10-05 12:00:00,17.78,EUR,CREATED,region-05779,web
ORD-P005780,CUST-1780,2026-10-05 12:00:00,17.79,EUR,CREATED,region-05780,web
ORD-P005781,CUST-1781,2026-10-05 12:00:00,17.80,EUR,CREATED,region-05781,web
ORD-P005782,CUST-1782,2026-10-05 12:00:00,17.81,EUR,CREATED,region-05782,web
ORD-P005783,CUST-1783,2026-10-05 12:00:00,17.82,EUR,CREATED,region-05783,web
ORD-P005784,CUST-1784,2026-10-05 12:00:00,17.83,EUR,CREATED,region-05784,web
ORD-P005785,CUST-1785,2026-10-05 12:00:00,17.84,EUR,CREATED,region-05785,web
ORD-P005786,CUST-1786,2026-10-05 12:00:00,17.85,EUR,CREATED,region-05786,web
ORD-P005787,CUST-1787,2026-10-05 12:00:00,17.86,EUR,CREATED,region-05787,web
ORD-P005788,CUST-1788,2026-10-05 12:00:00,17.87,EUR,CREATED,region-05788,web
ORD-P005789,CUST-1789,2026-10-05 12:00:00,17.88,EUR,CREATED,region-05789,web
ORD-P005790,CUST-1790,2026-10-05 12:00:00,17.89,EUR,CREATED,region-05790,web
ORD-P005791,CUST-1791,2026-10-05 12:00:00,17.90,EUR,CREATED,region-05791,web
ORD-P005792,CUST-1792,2026-10-05 12:00:00,17.91,EUR,CREATED,region-05792,web
ORD-P005793,CUST-1793,2026-10-05 12:00:00,17.92,EUR,CREATED,region-05793,web
ORD-P005794,CUST-1794,2026-10-05 12:00:00,17.93,EUR,CREATED,region-05794,web
ORD-P005795,CUST-1795,2026-10-05 12:00:00,17.94,EUR,CREATED,region-05795,web
ORD-P005796,CUST-1796,2026-10-05 12:00:00,17.95,EUR,CREATED,region-05796,web
ORD-P005797,CUST-1797,2026-10-05 12:00:00,17.96,EUR,CREATED,region-05797,web
ORD-P005798,CUST-1798,2026-10-05 12:00:00,17.97,EUR,CREATED,region-05798,web
ORD-P005799,CUST-1799,2026-10-05 12:00:00,17.98,EUR,CREATED,region-05799,web
ORD-P005800,CUST-1800,2026-10-05 12:00:00,17.99,EUR,CREATED,region-05800,web
ORD-P005801,CUST-1801,2026-10-05 12:00:00,18.00,EUR,CREATED,region-05801,web
ORD-P005802,CUST-1802,2026-10-05 12:00:00,18.01,EUR,CREATED,region-05802,web
ORD-P005803,CUST-1803,2026-10-05 12:00:00,18.02,EUR,CREATED,region-05803,web
ORD-P005804,CUST-1804,2026-10-05 12:00:00,18.03,EUR,CREATED,region-05804,web
ORD-P005805,CUST-1805,2026-10-05 12:00:00,18.04,EUR,CREATED,region-05805,web
ORD-P005806,CUST-1806,2026-10-05 12:00:00,18.05,EUR,CREATED,region-05806,web
ORD-P005807,CUST-1807,2026-10-05 12:00:00,18.06,EUR,CREATED,region-05807,web
ORD-P005808,CUST-1808,2026-10-05 12:00:00,18.07,EUR,CREATED,region-05808,web
ORD-P005809,CUST-1809,2026-10-05 12:00:00,18.08,EUR,CREATED,region-05809,web
ORD-P005810,CUST-1810,2026-10-05 12:00:00,18.09,EUR,CREATED,region-05810,web
ORD-P005811,CUST-1811,2026-10-05 12:00:00,18.10,EUR,CREATED,region-05811,web
ORD-P005812,CUST-1812,2026-10-05 12:00:00,18.11,EUR,CREATED,region-05812,web
ORD-P005813,CUST-1813,2026-10-05 12:00:00,18.12,EUR,CREATED,region-05813,web
ORD-P005814,CUST-1814,2026-10-05 12:00:00,18.13,EUR,CREATED,region-05814,web
ORD-P005815,CUST-1815,2026-10-05 12:00:00,18.14,EUR,CREATED,region-05815,web
ORD-P005816,CUST-1816,2026-10-05 12:00:00,18.15,EUR,CREATED,region-05816,web
ORD-P005817,CUST-1817,2026-10-05 12:00:00,18.16,EUR,CREATED,region-05817,web
ORD-P005818,CUST-1818,2026-10-05 12:00:00,18.17,EUR,CREATED,region-05818,web
ORD-P005819,CUST-1819,2026-10-05 12:00:00,18.18,EUR,CREATED,region-05819,web
ORD-P005820,CUST-1820,2026-10-05 12:00:00,18.19,EUR,CREATED,region-05820,web
ORD-P005821,CUST-1821,2026-10-05 12:00:00,18.20,EUR,CREATED,region-05821,web
ORD-P005822,CUST-1822,2026-10-05 12:00:00,18.21,EUR,CREATED,region-05822,web
ORD-P005823,CUST-1823,2026-10-05 12:00:00,18.22,EUR,CREATED,region-05823,web
ORD-P005824,CUST-1824,2026-10-05 12:00:00,18.23,EUR,CREATED,region-05824,web
ORD-P005825,CUST-1825,2026-10-05 12:00:00,18.24,EUR,CREATED,region-05825,web
ORD-P005826,CUST-1826,2026-10-05 12:00:00,18.25,EUR,CREATED,region-05826,web
ORD-P005827,CUST-1827,2026-10-05 12:00:00,18.26,EUR,CREATED,region-05827,web
ORD-P005828,CUST-1828,2026-10-05 12:00:00,18.27,EUR,CREATED,region-05828,web
ORD-P005829,CUST-1829,2026-10-05 12:00:00,18.28,EUR,CREATED,region-05829,web
ORD-P005830,CUST-1830,2026-10-05 12:00:00,18.29,EUR,CREATED,region-05830,web
ORD-P005831,CUST-1831,2026-10-05 12:00:00,18.30,EUR,CREATED,region-05831,web
ORD-P005832,CUST-1832,2026-10-05 12:00:00,18.31,EUR,CREATED,region-05832,web
ORD-P005833,CUST-1833,2026-10-05 12:00:00,18.32,EUR,CREATED,region-05833,web
ORD-P005834,CUST-1834,2026-10-05 12:00:00,18.33,EUR,CREATED,region-05834,web
ORD-P005835,CUST-1835,2026-10-05 12:00:00,18.34,EUR,CREATED,region-05835,web
ORD-P005836,CUST-1836,2026-10-05 12:00:00,18.35,EUR,CREATED,region-05836,web
ORD-P005837,CUST-1837,2026-10-05 12:00:00,18.36,EUR,CREATED,region-05837,web
ORD-P005838,CUST-1838,2026-10-05 12:00:00,18.37,EUR,CREATED,region-05838,web
ORD-P005839,CUST-1839,2026-10-05 12:00:00,18.38,EUR,CREATED,region-05839,web
ORD-P005840,CUST-1840,2026-10-05 12:00:00,18.39,EUR,CREATED,region-05840,web
ORD-P005841,CUST-1841,2026-10-05 12:00:00,18.40,EUR,CREATED,region-05841,web
ORD-P005842,CUST-1842,2026-10-05 12:00:00,18.41,EUR,CREATED,region-05842,web
ORD-P005843,CUST-1843,2026-10-05 12:00:00,18.42,EUR,CREATED,region-05843,web
ORD-P005844,CUST-1844,2026-10-05 12:00:00,18.43,EUR,CREATED,region-05844,web
ORD-P005845,CUST-1845,2026-10-05 12:00:00,18.44,EUR,CREATED,region-05845,web
ORD-P005846,CUST-1846,2026-10-05 12:00:00,18.45,EUR,CREATED,region-05846,web
ORD-P005847,CUST-1847,2026-10-05 12:00:00,18.46,EUR,CREATED,region-05847,web
ORD-P005848,CUST-1848,2026-10-05 12:00:00,18.47,EUR,CREATED,region-05848,web
ORD-P005849,CUST-1849,2026-10-05 12:00:00,18.48,EUR,CREATED,region-05849,web
ORD-P005850,CUST-1850,2026-10-05 12:00:00,18.49,EUR,CREATED,region-05850,web
ORD-P005851,CUST-1851,2026-10-05 12:00:00,18.50,EUR,CREATED,region-05851,web
ORD-P005852,CUST-1852,2026-10-05 12:00:00,18.51,EUR,CREATED,region-05852,web
ORD-P005853,CUST-1853,2026-10-05 12:00:00,18.52,EUR,CREATED,region-05853,web
ORD-P005854,CUST-1854,2026-10-05 12:00:00,18.53,EUR,CREATED,region-05854,web
ORD-P005855,CUST-1855,2026-10-05 12:00:00,18.54,EUR,CREATED,region-05855,web
ORD-P005856,CUST-1856,2026-10-05 12:00:00,18.55,EUR,CREATED,region-05856,web
ORD-P005857,CUST-1857,2026-10-05 12:00:00,18.56,EUR,CREATED,region-05857,web
ORD-P005858,CUST-1858,2026-10-05 12:00:00,18.57,EUR,CREATED,region-05858,web
ORD-P005859,CUST-1859,2026-10-05 12:00:00,18.58,EUR,CREATED,region-05859,web
ORD-P005860,CUST-1860,2026-10-05 12:00:00,18.59,EUR,CREATED,region-05860,web
ORD-P005861,CUST-1861,2026-10-05 12:00:00,18.60,EUR,CREATED,region-05861,web
ORD-P005862,CUST-1862,2026-10-05 12:00:00,18.61,EUR,CREATED,region-05862,web
ORD-P005863,CUST-1863,2026-10-05 12:00:00,18.62,EUR,CREATED,region-05863,web
ORD-P005864,CUST-1864,2026-10-05 12:00:00,18.63,EUR,CREATED,region-05864,web
ORD-P005865,CUST-1865,2026-10-05 12:00:00,18.64,EUR,CREATED,region-05865,web
ORD-P005866,CUST-1866,2026-10-05 12:00:00,18.65,EUR,CREATED,region-05866,web
ORD-P005867,CUST-1867,2026-10-05 12:00:00,18.66,EUR,CREATED,region-05867,web
ORD-P005868,CUST-1868,2026-10-05 12:00:00,18.67,EUR,CREATED,region-05868,web
ORD-P005869,CUST-1869,2026-10-05 12:00:00,18.68,EUR,CREATED,region-05869,web
ORD-P005870,CUST-1870,2026-10-05 12:00:00,18.69,EUR,CREATED,region-05870,web
ORD-P005871,CUST-1871,2026-10-05 12:00:00,18.70,EUR,CREATED,region-05871,web
ORD-P005872,CUST-1872,2026-10-05 12:00:00,18.71,EUR,CREATED,region-05872,web
ORD-P005873,CUST-1873,2026-10-05 12:00:00,18.72,EUR,CREATED,region-05873,web
ORD-P005874,CUST-1874,2026-10-05 12:00:00,18.73,EUR,CREATED,region-05874,web
ORD-P005875,CUST-1875,2026-10-05 12:00:00,18.74,EUR,CREATED,region-05875,web
ORD-P005876,CUST-1876,2026-10-05 12:00:00,18.75,EUR,CREATED,region-05876,web
ORD-P005877,CUST-1877,2026-10-05 12:00:00,18.76,EUR,CREATED,region-05877,web
ORD-P005878,CUST-1878,2026-10-05 12:00:00,18.77,EUR,CREATED,region-05878,web
ORD-P005879,CUST-1879,2026-10-05 12:00:00,18.78,EUR,CREATED,region-05879,web
ORD-P005880,CUST-1880,2026-10-05 12:00:00,18.79,EUR,CREATED,region-05880,web
ORD-P005881,CUST-1881,2026-10-05 12:00:00,18.80,EUR,CREATED,region-05881,web
ORD-P005882,CUST-1882,2026-10-05 12:00:00,18.81,EUR,CREATED,region-05882,web
ORD-P005883,CUST-1883,2026-10-05 12:00:00,18.82,EUR,CREATED,region-05883,web
ORD-P005884,CUST-1884,2026-10-05 12:00:00,18.83,EUR,CREATED,region-05884,web
ORD-P005885,CUST-1885,2026-10-05 12:00:00,18.84,EUR,CREATED,region-05885,web
ORD-P005886,CUST-1886,2026-10-05 12:00:00,18.85,EUR,CREATED,region-05886,web
ORD-P005887,CUST-1887,2026-10-05 12:00:00,18.86,EUR,CREATED,region-05887,web
ORD-P005888,CUST-1888,2026-10-05 12:00:00,18.87,EUR,CREATED,region-05888,web
ORD-P005889,CUST-1889,2026-10-05 12:00:00,18.88,EUR,CREATED,region-05889,web
ORD-P005890,CUST-1890,2026-10-05 12:00:00,18.89,EUR,CREATED,region-05890,web
ORD-P005891,CUST-1891,2026-10-05 12:00:00,18.90,EUR,CREATED,region-05891,web
ORD-P005892,CUST-1892,2026-10-05 12:00:00,18.91,EUR,CREATED,region-05892,web
ORD-P005893,CUST-1893,2026-10-05 12:00:00,18.92,EUR,CREATED,region-05893,web
ORD-P005894,CUST-1894,2026-10-05 12:00:00,18.93,EUR,CREATED,region-05894,web
ORD-P005895,CUST-1895,2026-10-05 12:00:00,18.94,EUR,CREATED,region-05895,web
ORD-P005896,CUST-1896,2026-10-05 12:00:00,18.95,EUR,CREATED,region-05896,web
ORD-P005897,CUST-1897,2026-10-05 12:00:00,18.96,EUR,CREATED,region-05897,web
ORD-P005898,CUST-1898,2026-10-05 12:00:00,18.97,EUR,CREATED,region-05898,web
ORD-P005899,CUST-1899,2026-10-05 12:00:00,18.98,EUR,CREATED,region-05899,web
ORD-P005900,CUST-1900,2026-10-05 12:00:00,18.99,EUR,CREATED,region-05900,web
ORD-P005901,CUST-1901,2026-10-05 12:00:00,19.00,EUR,CREATED,region-05901,web
ORD-P005902,CUST-1902,2026-10-05 12:00:00,19.01,EUR,CREATED,region-05902,web
ORD-P005903,CUST-1903,2026-10-05 12:00:00,19.02,EUR,CREATED,region-05903,web
ORD-P005904,CUST-1904,2026-10-05 12:00:00,19.03,EUR,CREATED,region-05904,web
ORD-P005905,CUST-1905,2026-10-05 12:00:00,19.04,EUR,CREATED,region-05905,web
ORD-P005906,CUST-1906,2026-10-05 12:00:00,19.05,EUR,CREATED,region-05906,web
ORD-P005907,CUST-1907,2026-10-05 12:00:00,19.06,EUR,CREATED,region-05907,web
ORD-P005908,CUST-1908,2026-10-05 12:00:00,19.07,EUR,CREATED,region-05908,web
ORD-P005909,CUST-1909,2026-10-05 12:00:00,19.08,EUR,CREATED,region-05909,web
ORD-P005910,CUST-1910,2026-10-05 12:00:00,19.09,EUR,CREATED,region-05910,web
ORD-P005911,CUST-1911,2026-10-05 12:00:00,19.10,EUR,CREATED,region-05911,web
ORD-P005912,CUST-1912,2026-10-05 12:00:00,19.11,EUR,CREATED,region-05912,web
ORD-P005913,CUST-1913,2026-10-05 12:00:00,19.12,EUR,CREATED,region-05913,web
ORD-P005914,CUST-1914,2026-10-05 12:00:00,19.13,EUR,CREATED,region-05914,web
ORD-P005915,CUST-1915,2026-10-05 12:00:00,19.14,EUR,CREATED,region-05915,web
ORD-P005916,CUST-1916,2026-10-05 12:00:00,19.15,EUR,CREATED,region-05916,web
ORD-P005917,CUST-1917,2026-10-05 12:00:00,19.16,EUR,CREATED,region-05917,web
ORD-P005918,CUST-1918,2026-10-05 12:00:00,19.17,EUR,CREATED,region-05918,web
ORD-P005919,CUST-1919,2026-10-05 12:00:00,19.18,EUR,CREATED,region-05919,web
ORD-P005920,CUST-1920,2026-10-05 12:00:00,19.19,EUR,CREATED,region-05920,web
ORD-P005921,CUST-1921,2026-10-05 12:00:00,19.20,EUR,CREATED,region-05921,web
ORD-P005922,CUST-1922,2026-10-05 12:00:00,19.21,EUR,CREATED,region-05922,web
ORD-P005923,CUST-1923,2026-10-05 12:00:00,19.22,EUR,CREATED,region-05923,web
ORD-P005924,CUST-1924,2026-10-05 12:00:00,19.23,EUR,CREATED,region-05924,web
ORD-P005925,CUST-1925,2026-10-05 12:00:00,19.24,EUR,CREATED,region-05925,web
ORD-P005926,CUST-1926,2026-10-05 12:00:00,19.25,EUR,CREATED,region-05926,web
ORD-P005927,CUST-1927,2026-10-05 12:00:00,19.26,EUR,CREATED,region-05927,web
ORD-P005928,CUST-1928,2026-10-05 12:00:00,19.27,EUR,CREATED,region-05928,web
ORD-P005929,CUST-1929,2026-10-05 12:00:00,19.28,EUR,CREATED,region-05929,web
ORD-P005930,CUST-1930,2026-10-05 12:00:00,19.29,EUR,CREATED,region-05930,web
ORD-P005931,CUST-1931,2026-10-05 12:00:00,19.30,EUR,CREATED,region-05931,web
ORD-P005932,CUST-1932,2026-10-05 12:00:00,19.31,EUR,CREATED,region-05932,web
ORD-P005933,CUST-1933,2026-10-05 12:00:00,19.32,EUR,CREATED,region-05933,web
ORD-P005934,CUST-1934,2026-10-05 12:00:00,19.33,EUR,CREATED,region-05934,web
ORD-P005935,CUST-1935,2026-10-05 12:00:00,19.34,EUR,CREATED,region-05935,web
ORD-P005936,CUST-1936,2026-10-05 12:00:00,19.35,EUR,CREATED,region-05936,web
ORD-P005937,CUST-1937,2026-10-05 12:00:00,19.36,EUR,CREATED,region-05937,web
ORD-P005938,CUST-1938,2026-10-05 12:00:00,19.37,EUR,CREATED,region-05938,web
ORD-P005939,CUST-1939,2026-10-05 12:00:00,19.38,EUR,CREATED,region-05939,web
ORD-P005940,CUST-1940,2026-10-05 12:00:00,19.39,EUR,CREATED,region-05940,web
ORD-P005941,CUST-1941,2026-10-05 12:00:00,19.40,EUR,CREATED,region-05941,web
ORD-P005942,CUST-1942,2026-10-05 12:00:00,19.41,EUR,CREATED,region-05942,web
ORD-P005943,CUST-1943,2026-10-05 12:00:00,19.42,EUR,CREATED,region-05943,web
ORD-P005944,CUST-1944,2026-10-05 12:00:00,19.43,EUR,CREATED,region-05944,web
ORD-P005945,CUST-1945,2026-10-05 12:00:00,19.44,EUR,CREATED,region-05945,web
ORD-P005946,CUST-1946,2026-10-05 12:00:00,19.45,EUR,CREATED,region-05946,web
ORD-P005947,CUST-1947,2026-10-05 12:00:00,19.46,EUR,CREATED,region-05947,web
ORD-P005948,CUST-1948,2026-10-05 12:00:00,19.47,EUR,CREATED,region-05948,web
ORD-P005949,CUST-1949,2026-10-05 12:00:00,19.48,EUR,CREATED,region-05949,web
ORD-P005950,CUST-1950,2026-10-05 12:00:00,19.49,EUR,CREATED,region-05950,web
ORD-P005951,CUST-1951,2026-10-05 12:00:00,19.50,EUR,CREATED,region-05951,web
ORD-P005952,CUST-1952,2026-10-05 12:00:00,19.51,EUR,CREATED,region-05952,web
ORD-P005953,CUST-1953,2026-10-05 12:00:00,19.52,EUR,CREATED,region-05953,web
ORD-P005954,CUST-1954,2026-10-05 12:00:00,19.53,EUR,CREATED,region-05954,web
ORD-P005955,CUST-1955,2026-10-05 12:00:00,19.54,EUR,CREATED,region-05955,web
ORD-P005956,CUST-1956,2026-10-05 12:00:00,19.55,EUR,CREATED,region-05956,web
ORD-P005957,CUST-1957,2026-10-05 12:00:00,19.56,EUR,CREATED,region-05957,web
ORD-P005958,CUST-1958,2026-10-05 12:00:00,19.57,EUR,CREATED,region-05958,web
ORD-P005959,CUST-1959,2026-10-05 12:00:00,19.58,EUR,CREATED,region-05959,web
ORD-P005960,CUST-1960,2026-10-05 12:00:00,19.59,EUR,CREATED,region-05960,web
ORD-P005961,CUST-1961,2026-10-05 12:00:00,19.60,EUR,CREATED,region-05961,web
ORD-P005962,CUST-1962,2026-10-05 12:00:00,19.61,EUR,CREATED,region-05962,web
ORD-P005963,CUST-1963,2026-10-05 12:00:00,19.62,EUR,CREATED,region-05963,web
ORD-P005964,CUST-1964,2026-10-05 12:00:00,19.63,EUR,CREATED,region-05964,web
ORD-P005965,CUST-1965,2026-10-05 12:00:00,19.64,EUR,CREATED,region-05965,web
ORD-P005966,CUST-1966,2026-10-05 12:00:00,19.65,EUR,CREATED,region-05966,web
ORD-P005967,CUST-1967,2026-10-05 12:00:00,19.66,EUR,CREATED,region-05967,web
ORD-P005968,CUST-1968,2026-10-05 12:00:00,19.67,EUR,CREATED,region-05968,web
ORD-P005969,CUST-1969,2026-10-05 12:00:00,19.68,EUR,CREATED,region-05969,web
ORD-P005970,CUST-1970,2026-10-05 12:00:00,19.69,EUR,CREATED,region-05970,web
ORD-P005971,CUST-1971,2026-10-05 12:00:00,19.70,EUR,CREATED,region-05971,web
ORD-P005972,CUST-1972,2026-10-05 12:00:00,19.71,EUR,CREATED,region-05972,web
ORD-P005973,CUST-1973,2026-10-05 12:00:00,19.72,EUR,CREATED,region-05973,web
ORD-P005974,CUST-1974,2026-10-05 12:00:00,19.73,EUR,CREATED,region-05974,web
ORD-P005975,CUST-1975,2026-10-05 12:00:00,19.74,EUR,CREATED,region-05975,web
ORD-P005976,CUST-1976,2026-10-05 12:00:00,19.75,EUR,CREATED,region-05976,web
ORD-P005977,CUST-1977,2026-10-05 12:00:00,19.76,EUR,CREATED,region-05977,web
ORD-P005978,CUST-1978,2026-10-05 12:00:00,19.77,EUR,CREATED,region-05978,web
ORD-P005979,CUST-1979,2026-10-05 12:00:00,19.78,EUR,CREATED,region-05979,web
ORD-P005980,CUST-1980,2026-10-05 12:00:00,19.79,EUR,CREATED,region-05980,web
ORD-P005981,CUST-1981,2026-10-05 12:00:00,19.80,EUR,CREATED,region-05981,web
ORD-P005982,CUST-1982,2026-10-05 12:00:00,19.81,EUR,CREATED,region-05982,web
ORD-P005983,CUST-1983,2026-10-05 12:00:00,19.82,EUR,CREATED,region-05983,web
ORD-P005984,CUST-1984,2026-10-05 12:00:00,19.83,EUR,CREATED,region-05984,web
ORD-P005985,CUST-1985,2026-10-05 12:00:00,19.84,EUR,CREATED,region-05985,web
ORD-P005986,CUST-1986,2026-10-05 12:00:00,19.85,EUR,CREATED,region-05986,web
ORD-P005987,CUST-1987,2026-10-05 12:00:00,19.86,EUR,CREATED,region-05987,web
ORD-P005988,CUST-1988,2026-10-05 12:00:00,19.87,EUR,CREATED,region-05988,web
ORD-P005989,CUST-1989,2026-10-05 12:00:00,19.88,EUR,CREATED,region-05989,web
ORD-P005990,CUST-1990,2026-10-05 12:00:00,19.89,EUR,CREATED,region-05990,web
ORD-P005991,CUST-1991,2026-10-05 12:00:00,19.90,EUR,CREATED,region-05991,web
ORD-P005992,CUST-1992,2026-10-05 12:00:00,19.91,EUR,CREATED,region-05992,web
ORD-P005993,CUST-1993,2026-10-05 12:00:00,19.92,EUR,CREATED,region-05993,web
ORD-P005994,CUST-1994,2026-10-05 12:00:00,19.93,EUR,CREATED,region-05994,web
ORD-P005995,CUST-1995,2026-10-05 12:00:00,19.94,EUR,CREATED,region-05995,web
ORD-P005996,CUST-1996,2026-10-05 12:00:00,19.95,EUR,CREATED,region-05996,web
ORD-P005997,CUST-1997,2026-10-05 12:00:00,19.96,EUR,CREATED,region-05997,web
ORD-P005998,CUST-1998,2026-10-05 12:00:00,19.97,EUR,CREATED,region-05998,web
ORD-P005999,CUST-1999,2026-10-05 12:00:00,19.98,EUR,CREATED,region-05999,web
ORD-P006000,CUST-2000,2026-10-05 12:00:00,19.99,EUR,CREATED,region-06000,web
ORD-P006001,CUST-0001,2026-10-05 12:00:00,20.00,EUR,CREATED,region-06001,web
ORD-P006002,CUST-0002,2026-10-05 12:00:00,20.01,EUR,CREATED,region-06002,web
ORD-P006003,CUST-0003,2026-10-05 12:00:00,20.02,EUR,CREATED,region-06003,web
ORD-P006004,CUST-0004,2026-10-05 12:00:00,20.03,EUR,CREATED,region-06004,web
ORD-P006005,CUST-0005,2026-10-05 12:00:00,20.04,EUR,CREATED,region-06005,web
ORD-P006006,CUST-0006,2026-10-05 12:00:00,20.05,EUR,CREATED,region-06006,web
ORD-P006007,CUST-0007,2026-10-05 12:00:00,20.06,EUR,CREATED,region-06007,web
ORD-P006008,CUST-0008,2026-10-05 12:00:00,20.07,EUR,CREATED,region-06008,web
ORD-P006009,CUST-0009,2026-10-05 12:00:00,20.08,EUR,CREATED,region-06009,web
ORD-P006010,CUST-0010,2026-10-05 12:00:00,20.09,EUR,CREATED,region-06010,web
ORD-P006011,CUST-0011,2026-10-05 12:00:00,20.10,EUR,CREATED,region-06011,web
ORD-P006012,CUST-0012,2026-10-05 12:00:00,20.11,EUR,CREATED,region-06012,web
ORD-P006013,CUST-0013,2026-10-05 12:00:00,20.12,EUR,CREATED,region-06013,web
ORD-P006014,CUST-0014,2026-10-05 12:00:00,20.13,EUR,CREATED,region-06014,web
ORD-P006015,CUST-0015,2026-10-05 12:00:00,20.14,EUR,CREATED,region-06015,web
ORD-P006016,CUST-0016,2026-10-05 12:00:00,20.15,EUR,CREATED,region-06016,web
ORD-P006017,CUST-0017,2026-10-05 12:00:00,20.16,EUR,CREATED,region-06017,web
ORD-P006018,CUST-0018,2026-10-05 12:00:00,20.17,EUR,CREATED,region-06018,web
ORD-P006019,CUST-0019,2026-10-05 12:00:00,20.18,EUR,CREATED,region-06019,web
ORD-P006020,CUST-0020,2026-10-05 12:00:00,20.19,EUR,CREATED,region-06020,web
ORD-P006021,CUST-0021,2026-10-05 12:00:00,20.20,EUR,CREATED,region-06021,web
ORD-P006022,CUST-0022,2026-10-05 12:00:00,20.21,EUR,CREATED,region-06022,web
ORD-P006023,CUST-0023,2026-10-05 12:00:00,20.22,EUR,CREATED,region-06023,web
ORD-P006024,CUST-0024,2026-10-05 12:00:00,20.23,EUR,CREATED,region-06024,web
ORD-P006025,CUST-0025,2026-10-05 12:00:00,20.24,EUR,CREATED,region-06025,web
ORD-P006026,CUST-0026,2026-10-05 12:00:00,20.25,EUR,CREATED,region-06026,web
ORD-P006027,CUST-0027,2026-10-05 12:00:00,20.26,EUR,CREATED,region-06027,web
ORD-P006028,CUST-0028,2026-10-05 12:00:00,20.27,EUR,CREATED,region-06028,web
ORD-P006029,CUST-0029,2026-10-05 12:00:00,20.28,EUR,CREATED,region-06029,web
ORD-P006030,CUST-0030,2026-10-05 12:00:00,20.29,EUR,CREATED,region-06030,web
ORD-P006031,CUST-0031,2026-10-05 12:00:00,20.30,EUR,CREATED,region-06031,web
ORD-P006032,CUST-0032,2026-10-05 12:00:00,20.31,EUR,CREATED,region-06032,web
ORD-P006033,CUST-0033,2026-10-05 12:00:00,20.32,EUR,CREATED,region-06033,web
ORD-P006034,CUST-0034,2026-10-05 12:00:00,20.33,EUR,CREATED,region-06034,web
ORD-P006035,CUST-0035,2026-10-05 12:00:00,20.34,EUR,CREATED,region-06035,web
ORD-P006036,CUST-0036,2026-10-05 12:00:00,20.35,EUR,CREATED,region-06036,web
ORD-P006037,CUST-0037,2026-10-05 12:00:00,20.36,EUR,CREATED,region-06037,web
ORD-P006038,CUST-0038,2026-10-05 12:00:00,20.37,EUR,CREATED,region-06038,web
ORD-P006039,CUST-0039,2026-10-05 12:00:00,20.38,EUR,CREATED,region-06039,web
ORD-P006040,CUST-0040,2026-10-05 12:00:00,20.39,EUR,CREATED,region-06040,web
ORD-P006041,CUST-0041,2026-10-05 12:00:00,20.40,EUR,CREATED,region-06041,web
ORD-P006042,CUST-0042,2026-10-05 12:00:00,20.41,EUR,CREATED,region-06042,web
ORD-P006043,CUST-0043,2026-10-05 12:00:00,20.42,EUR,CREATED,region-06043,web
ORD-P006044,CUST-0044,2026-10-05 12:00:00,20.43,EUR,CREATED,region-06044,web
ORD-P006045,CUST-0045,2026-10-05 12:00:00,20.44,EUR,CREATED,region-06045,web
ORD-P006046,CUST-0046,2026-10-05 12:00:00,20.45,EUR,CREATED,region-06046,web
ORD-P006047,CUST-0047,2026-10-05 12:00:00,20.46,EUR,CREATED,region-06047,web
ORD-P006048,CUST-0048,2026-10-05 12:00:00,20.47,EUR,CREATED,region-06048,web
ORD-P006049,CUST-0049,2026-10-05 12:00:00,20.48,EUR,CREATED,region-06049,web
ORD-P006050,CUST-0050,2026-10-05 12:00:00,20.49,EUR,CREATED,region-06050,web
ORD-P006051,CUST-0051,2026-10-05 12:00:00,20.50,EUR,CREATED,region-06051,web
ORD-P006052,CUST-0052,2026-10-05 12:00:00,20.51,EUR,CREATED,region-06052,web
ORD-P006053,CUST-0053,2026-10-05 12:00:00,20.52,EUR,CREATED,region-06053,web
ORD-P006054,CUST-0054,2026-10-05 12:00:00,20.53,EUR,CREATED,region-06054,web
ORD-P006055,CUST-0055,2026-10-05 12:00:00,20.54,EUR,CREATED,region-06055,web
ORD-P006056,CUST-0056,2026-10-05 12:00:00,20.55,EUR,CREATED,region-06056,web
ORD-P006057,CUST-0057,2026-10-05 12:00:00,20.56,EUR,CREATED,region-06057,web
ORD-P006058,CUST-0058,2026-10-05 12:00:00,20.57,EUR,CREATED,region-06058,web
ORD-P006059,CUST-0059,2026-10-05 12:00:00,20.58,EUR,CREATED,region-06059,web
ORD-P006060,CUST-0060,2026-10-05 12:00:00,20.59,EUR,CREATED,region-06060,web
ORD-P006061,CUST-0061,2026-10-05 12:00:00,20.60,EUR,CREATED,region-06061,web
ORD-P006062,CUST-0062,2026-10-05 12:00:00,20.61,EUR,CREATED,region-06062,web
ORD-P006063,CUST-0063,2026-10-05 12:00:00,20.62,EUR,CREATED,region-06063,web
ORD-P006064,CUST-0064,2026-10-05 12:00:00,20.63,EUR,CREATED,region-06064,web
ORD-P006065,CUST-0065,2026-10-05 12:00:00,20.64,EUR,CREATED,region-06065,web
ORD-P006066,CUST-0066,2026-10-05 12:00:00,20.65,EUR,CREATED,region-06066,web
ORD-P006067,CUST-0067,2026-10-05 12:00:00,20.66,EUR,CREATED,region-06067,web
ORD-P006068,CUST-0068,2026-10-05 12:00:00,20.67,EUR,CREATED,region-06068,web
ORD-P006069,CUST-0069,2026-10-05 12:00:00,20.68,EUR,CREATED,region-06069,web
ORD-P006070,CUST-0070,2026-10-05 12:00:00,20.69,EUR,CREATED,region-06070,web
ORD-P006071,CUST-0071,2026-10-05 12:00:00,20.70,EUR,CREATED,region-06071,web
ORD-P006072,CUST-0072,2026-10-05 12:00:00,20.71,EUR,CREATED,region-06072,web
ORD-P006073,CUST-0073,2026-10-05 12:00:00,20.72,EUR,CREATED,region-06073,web
ORD-P006074,CUST-0074,2026-10-05 12:00:00,20.73,EUR,CREATED,region-06074,web
ORD-P006075,CUST-0075,2026-10-05 12:00:00,20.74,EUR,CREATED,region-06075,web
ORD-P006076,CUST-0076,2026-10-05 12:00:00,20.75,EUR,CREATED,region-06076,web
ORD-P006077,CUST-0077,2026-10-05 12:00:00,20.76,EUR,CREATED,region-06077,web
ORD-P006078,CUST-0078,2026-10-05 12:00:00,20.77,EUR,CREATED,region-06078,web
ORD-P006079,CUST-0079,2026-10-05 12:00:00,20.78,EUR,CREATED,region-06079,web
ORD-P006080,CUST-0080,2026-10-05 12:00:00,20.79,EUR,CREATED,region-06080,web
ORD-P006081,CUST-0081,2026-10-05 12:00:00,20.80,EUR,CREATED,region-06081,web
ORD-P006082,CUST-0082,2026-10-05 12:00:00,20.81,EUR,CREATED,region-06082,web
ORD-P006083,CUST-0083,2026-10-05 12:00:00,20.82,EUR,CREATED,region-06083,web
ORD-P006084,CUST-0084,2026-10-05 12:00:00,20.83,EUR,CREATED,region-06084,web
ORD-P006085,CUST-0085,2026-10-05 12:00:00,20.84,EUR,CREATED,region-06085,web
ORD-P006086,CUST-0086,2026-10-05 12:00:00,20.85,EUR,CREATED,region-06086,web
ORD-P006087,CUST-0087,2026-10-05 12:00:00,20.86,EUR,CREATED,region-06087,web
ORD-P006088,CUST-0088,2026-10-05 12:00:00,20.87,EUR,CREATED,region-06088,web
ORD-P006089,CUST-0089,2026-10-05 12:00:00,20.88,EUR,CREATED,region-06089,web
ORD-P006090,CUST-0090,2026-10-05 12:00:00,20.89,EUR,CREATED,region-06090,web
ORD-P006091,CUST-0091,2026-10-05 12:00:00,20.90,EUR,CREATED,region-06091,web
ORD-P006092,CUST-0092,2026-10-05 12:00:00,20.91,EUR,CREATED,region-06092,web
ORD-P006093,CUST-0093,2026-10-05 12:00:00,20.92,EUR,CREATED,region-06093,web
ORD-P006094,CUST-0094,2026-10-05 12:00:00,20.93,EUR,CREATED,region-06094,web
ORD-P006095,CUST-0095,2026-10-05 12:00:00,20.94,EUR,CREATED,region-06095,web
ORD-P006096,CUST-0096,2026-10-05 12:00:00,20.95,EUR,CREATED,region-06096,web
ORD-P006097,CUST-0097,2026-10-05 12:00:00,20.96,EUR,CREATED,region-06097,web
ORD-P006098,CUST-0098,2026-10-05 12:00:00,20.97,EUR,CREATED,region-06098,web
ORD-P006099,CUST-0099,2026-10-05 12:00:00,20.98,EUR,CREATED,region-06099,web
ORD-P006100,CUST-0100,2026-10-05 12:00:00,20.99,EUR,CREATED,region-06100,web
ORD-P006101,CUST-0101,2026-10-05 12:00:00,21.00,EUR,CREATED,region-06101,web
ORD-P006102,CUST-0102,2026-10-05 12:00:00,21.01,EUR,CREATED,region-06102,web
ORD-P006103,CUST-0103,2026-10-05 12:00:00,21.02,EUR,CREATED,region-06103,web
ORD-P006104,CUST-0104,2026-10-05 12:00:00,21.03,EUR,CREATED,region-06104,web
ORD-P006105,CUST-0105,2026-10-05 12:00:00,21.04,EUR,CREATED,region-06105,web
ORD-P006106,CUST-0106,2026-10-05 12:00:00,21.05,EUR,CREATED,region-06106,web
ORD-P006107,CUST-0107,2026-10-05 12:00:00,21.06,EUR,CREATED,region-06107,web
ORD-P006108,CUST-0108,2026-10-05 12:00:00,21.07,EUR,CREATED,region-06108,web
ORD-P006109,CUST-0109,2026-10-05 12:00:00,21.08,EUR,CREATED,region-06109,web
ORD-P006110,CUST-0110,2026-10-05 12:00:00,21.09,EUR,CREATED,region-06110,web
ORD-P006111,CUST-0111,2026-10-05 12:00:00,21.10,EUR,CREATED,region-06111,web
ORD-P006112,CUST-0112,2026-10-05 12:00:00,21.11,EUR,CREATED,region-06112,web
ORD-P006113,CUST-0113,2026-10-05 12:00:00,21.12,EUR,CREATED,region-06113,web
ORD-P006114,CUST-0114,2026-10-05 12:00:00,21.13,EUR,CREATED,region-06114,web
ORD-P006115,CUST-0115,2026-10-05 12:00:00,21.14,EUR,CREATED,region-06115,web
ORD-P006116,CUST-0116,2026-10-05 12:00:00,21.15,EUR,CREATED,region-06116,web
ORD-P006117,CUST-0117,2026-10-05 12:00:00,21.16,EUR,CREATED,region-06117,web
ORD-P006118,CUST-0118,2026-10-05 12:00:00,21.17,EUR,CREATED,region-06118,web
ORD-P006119,CUST-0119,2026-10-05 12:00:00,21.18,EUR,CREATED,region-06119,web
ORD-P006120,CUST-0120,2026-10-05 12:00:00,21.19,EUR,CREATED,region-06120,web
ORD-P006121,CUST-0121,2026-10-05 12:00:00,21.20,EUR,CREATED,region-06121,web
ORD-P006122,CUST-0122,2026-10-05 12:00:00,21.21,EUR,CREATED,region-06122,web
ORD-P006123,CUST-0123,2026-10-05 12:00:00,21.22,EUR,CREATED,region-06123,web
ORD-P006124,CUST-0124,2026-10-05 12:00:00,21.23,EUR,CREATED,region-06124,web
ORD-P006125,CUST-0125,2026-10-05 12:00:00,21.24,EUR,CREATED,region-06125,web
ORD-P006126,CUST-0126,2026-10-05 12:00:00,21.25,EUR,CREATED,region-06126,web
ORD-P006127,CUST-0127,2026-10-05 12:00:00,21.26,EUR,CREATED,region-06127,web
ORD-P006128,CUST-0128,2026-10-05 12:00:00,21.27,EUR,CREATED,region-06128,web
ORD-P006129,CUST-0129,2026-10-05 12:00:00,21.28,EUR,CREATED,region-06129,web
ORD-P006130,CUST-0130,2026-10-05 12:00:00,21.29,EUR,CREATED,region-06130,web
ORD-P006131,CUST-0131,2026-10-05 12:00:00,21.30,EUR,CREATED,region-06131,web
ORD-P006132,CUST-0132,2026-10-05 12:00:00,21.31,EUR,CREATED,region-06132,web
ORD-P006133,CUST-0133,2026-10-05 12:00:00,21.32,EUR,CREATED,region-06133,web
ORD-P006134,CUST-0134,2026-10-05 12:00:00,21.33,EUR,CREATED,region-06134,web
ORD-P006135,CUST-0135,2026-10-05 12:00:00,21.34,EUR,CREATED,region-06135,web
ORD-P006136,CUST-0136,2026-10-05 12:00:00,21.35,EUR,CREATED,region-06136,web
ORD-P006137,CUST-0137,2026-10-05 12:00:00,21.36,EUR,CREATED,region-06137,web
ORD-P006138,CUST-0138,2026-10-05 12:00:00,21.37,EUR,CREATED,region-06138,web
ORD-P006139,CUST-0139,2026-10-05 12:00:00,21.38,EUR,CREATED,region-06139,web
ORD-P006140,CUST-0140,2026-10-05 12:00:00,21.39,EUR,CREATED,region-06140,web
ORD-P006141,CUST-0141,2026-10-05 12:00:00,21.40,EUR,CREATED,region-06141,web
ORD-P006142,CUST-0142,2026-10-05 12:00:00,21.41,EUR,CREATED,region-06142,web
ORD-P006143,CUST-0143,2026-10-05 12:00:00,21.42,EUR,CREATED,region-06143,web
ORD-P006144,CUST-0144,2026-10-05 12:00:00,21.43,EUR,CREATED,region-06144,web
ORD-P006145,CUST-0145,2026-10-05 12:00:00,21.44,EUR,CREATED,region-06145,web
ORD-P006146,CUST-0146,2026-10-05 12:00:00,21.45,EUR,CREATED,region-06146,web
ORD-P006147,CUST-0147,2026-10-05 12:00:00,21.46,EUR,CREATED,region-06147,web
ORD-P006148,CUST-0148,2026-10-05 12:00:00,21.47,EUR,CREATED,region-06148,web
ORD-P006149,CUST-0149,2026-10-05 12:00:00,21.48,EUR,CREATED,region-06149,web
ORD-P006150,CUST-0150,2026-10-05 12:00:00,21.49,EUR,CREATED,region-06150,web
ORD-P006151,CUST-0151,2026-10-05 12:00:00,21.50,EUR,CREATED,region-06151,web
ORD-P006152,CUST-0152,2026-10-05 12:00:00,21.51,EUR,CREATED,region-06152,web
ORD-P006153,CUST-0153,2026-10-05 12:00:00,21.52,EUR,CREATED,region-06153,web
ORD-P006154,CUST-0154,2026-10-05 12:00:00,21.53,EUR,CREATED,region-06154,web
ORD-P006155,CUST-0155,2026-10-05 12:00:00,21.54,EUR,CREATED,region-06155,web
ORD-P006156,CUST-0156,2026-10-05 12:00:00,21.55,EUR,CREATED,region-06156,web
ORD-P006157,CUST-0157,2026-10-05 12:00:00,21.56,EUR,CREATED,region-06157,web
ORD-P006158,CUST-0158,2026-10-05 12:00:00,21.57,EUR,CREATED,region-06158,web
ORD-P006159,CUST-0159,2026-10-05 12:00:00,21.58,EUR,CREATED,region-06159,web
ORD-P006160,CUST-0160,2026-10-05 12:00:00,21.59,EUR,CREATED,region-06160,web
ORD-P006161,CUST-0161,2026-10-05 12:00:00,21.60,EUR,CREATED,region-06161,web
ORD-P006162,CUST-0162,2026-10-05 12:00:00,21.61,EUR,CREATED,region-06162,web
ORD-P006163,CUST-0163,2026-10-05 12:00:00,21.62,EUR,CREATED,region-06163,web
ORD-P006164,CUST-0164,2026-10-05 12:00:00,21.63,EUR,CREATED,region-06164,web
ORD-P006165,CUST-0165,2026-10-05 12:00:00,21.64,EUR,CREATED,region-06165,web
ORD-P006166,CUST-0166,2026-10-05 12:00:00,21.65,EUR,CREATED,region-06166,web
ORD-P006167,CUST-0167,2026-10-05 12:00:00,21.66,EUR,CREATED,region-06167,web
ORD-P006168,CUST-0168,2026-10-05 12:00:00,21.67,EUR,CREATED,region-06168,web
ORD-P006169,CUST-0169,2026-10-05 12:00:00,21.68,EUR,CREATED,region-06169,web
ORD-P006170,CUST-0170,2026-10-05 12:00:00,21.69,EUR,CREATED,region-06170,web
ORD-P006171,CUST-0171,2026-10-05 12:00:00,21.70,EUR,CREATED,region-06171,web
ORD-P006172,CUST-0172,2026-10-05 12:00:00,21.71,EUR,CREATED,region-06172,web
ORD-P006173,CUST-0173,2026-10-05 12:00:00,21.72,EUR,CREATED,region-06173,web
ORD-P006174,CUST-0174,2026-10-05 12:00:00,21.73,EUR,CREATED,region-06174,web
ORD-P006175,CUST-0175,2026-10-05 12:00:00,21.74,EUR,CREATED,region-06175,web
ORD-P006176,CUST-0176,2026-10-05 12:00:00,21.75,EUR,CREATED,region-06176,web
ORD-P006177,CUST-0177,2026-10-05 12:00:00,21.76,EUR,CREATED,region-06177,web
ORD-P006178,CUST-0178,2026-10-05 12:00:00,21.77,EUR,CREATED,region-06178,web
ORD-P006179,CUST-0179,2026-10-05 12:00:00,21.78,EUR,CREATED,region-06179,web
ORD-P006180,CUST-0180,2026-10-05 12:00:00,21.79,EUR,CREATED,region-06180,web
ORD-P006181,CUST-0181,2026-10-05 12:00:00,21.80,EUR,CREATED,region-06181,web
ORD-P006182,CUST-0182,2026-10-05 12:00:00,21.81,EUR,CREATED,region-06182,web
ORD-P006183,CUST-0183,2026-10-05 12:00:00,21.82,EUR,CREATED,region-06183,web
ORD-P006184,CUST-0184,2026-10-05 12:00:00,21.83,EUR,CREATED,region-06184,web
ORD-P006185,CUST-0185,2026-10-05 12:00:00,21.84,EUR,CREATED,region-06185,web
ORD-P006186,CUST-0186,2026-10-05 12:00:00,21.85,EUR,CREATED,region-06186,web
ORD-P006187,CUST-0187,2026-10-05 12:00:00,21.86,EUR,CREATED,region-06187,web
ORD-P006188,CUST-0188,2026-10-05 12:00:00,21.87,EUR,CREATED,region-06188,web
ORD-P006189,CUST-0189,2026-10-05 12:00:00,21.88,EUR,CREATED,region-06189,web
ORD-P006190,CUST-0190,2026-10-05 12:00:00,21.89,EUR,CREATED,region-06190,web
ORD-P006191,CUST-0191,2026-10-05 12:00:00,21.90,EUR,CREATED,region-06191,web
ORD-P006192,CUST-0192,2026-10-05 12:00:00,21.91,EUR,CREATED,region-06192,web
ORD-P006193,CUST-0193,2026-10-05 12:00:00,21.92,EUR,CREATED,region-06193,web
ORD-P006194,CUST-0194,2026-10-05 12:00:00,21.93,EUR,CREATED,region-06194,web
ORD-P006195,CUST-0195,2026-10-05 12:00:00,21.94,EUR,CREATED,region-06195,web
ORD-P006196,CUST-0196,2026-10-05 12:00:00,21.95,EUR,CREATED,region-06196,web
ORD-P006197,CUST-0197,2026-10-05 12:00:00,21.96,EUR,CREATED,region-06197,web
ORD-P006198,CUST-0198,2026-10-05 12:00:00,21.97,EUR,CREATED,region-06198,web
ORD-P006199,CUST-0199,2026-10-05 12:00:00,21.98,EUR,CREATED,region-06199,web
ORD-P006200,CUST-0200,2026-10-05 12:00:00,21.99,EUR,CREATED,region-06200,web
ORD-P006201,CUST-0201,2026-10-05 12:00:00,22.00,EUR,CREATED,region-06201,web
ORD-P006202,CUST-0202,2026-10-05 12:00:00,22.01,EUR,CREATED,region-06202,web
ORD-P006203,CUST-0203,2026-10-05 12:00:00,22.02,EUR,CREATED,region-06203,web
ORD-P006204,CUST-0204,2026-10-05 12:00:00,22.03,EUR,CREATED,region-06204,web
ORD-P006205,CUST-0205,2026-10-05 12:00:00,22.04,EUR,CREATED,region-06205,web
ORD-P006206,CUST-0206,2026-10-05 12:00:00,22.05,EUR,CREATED,region-06206,web
ORD-P006207,CUST-0207,2026-10-05 12:00:00,22.06,EUR,CREATED,region-06207,web
ORD-P006208,CUST-0208,2026-10-05 12:00:00,22.07,EUR,CREATED,region-06208,web
ORD-P006209,CUST-0209,2026-10-05 12:00:00,22.08,EUR,CREATED,region-06209,web
ORD-P006210,CUST-0210,2026-10-05 12:00:00,22.09,EUR,CREATED,region-06210,web
ORD-P006211,CUST-0211,2026-10-05 12:00:00,22.10,EUR,CREATED,region-06211,web
ORD-P006212,CUST-0212,2026-10-05 12:00:00,22.11,EUR,CREATED,region-06212,web
ORD-P006213,CUST-0213,2026-10-05 12:00:00,22.12,EUR,CREATED,region-06213,web
ORD-P006214,CUST-0214,2026-10-05 12:00:00,22.13,EUR,CREATED,region-06214,web
ORD-P006215,CUST-0215,2026-10-05 12:00:00,22.14,EUR,CREATED,region-06215,web
ORD-P006216,CUST-0216,2026-10-05 12:00:00,22.15,EUR,CREATED,region-06216,web
ORD-P006217,CUST-0217,2026-10-05 12:00:00,22.16,EUR,CREATED,region-06217,web
ORD-P006218,CUST-0218,2026-10-05 12:00:00,22.17,EUR,CREATED,region-06218,web
ORD-P006219,CUST-0219,2026-10-05 12:00:00,22.18,EUR,CREATED,region-06219,web
ORD-P006220,CUST-0220,2026-10-05 12:00:00,22.19,EUR,CREATED,region-06220,web
ORD-P006221,CUST-0221,2026-10-05 12:00:00,22.20,EUR,CREATED,region-06221,web
ORD-P006222,CUST-0222,2026-10-05 12:00:00,22.21,EUR,CREATED,region-06222,web
ORD-P006223,CUST-0223,2026-10-05 12:00:00,22.22,EUR,CREATED,region-06223,web
ORD-P006224,CUST-0224,2026-10-05 12:00:00,22.23,EUR,CREATED,region-06224,web
ORD-P006225,CUST-0225,2026-10-05 12:00:00,22.24,EUR,CREATED,region-06225,web
ORD-P006226,CUST-0226,2026-10-05 12:00:00,22.25,EUR,CREATED,region-06226,web
ORD-P006227,CUST-0227,2026-10-05 12:00:00,22.26,EUR,CREATED,region-06227,web
ORD-P006228,CUST-0228,2026-10-05 12:00:00,22.27,EUR,CREATED,region-06228,web
ORD-P006229,CUST-0229,2026-10-05 12:00:00,22.28,EUR,CREATED,region-06229,web
ORD-P006230,CUST-0230,2026-10-05 12:00:00,22.29,EUR,CREATED,region-06230,web
ORD-P006231,CUST-0231,2026-10-05 12:00:00,22.30,EUR,CREATED,region-06231,web
ORD-P006232,CUST-0232,2026-10-05 12:00:00,22.31,EUR,CREATED,region-06232,web
ORD-P006233,CUST-0233,2026-10-05 12:00:00,22.32,EUR,CREATED,region-06233,web
ORD-P006234,CUST-0234,2026-10-05 12:00:00,22.33,EUR,CREATED,region-06234,web
ORD-P006235,CUST-0235,2026-10-05 12:00:00,22.34,EUR,CREATED,region-06235,web
ORD-P006236,CUST-0236,2026-10-05 12:00:00,22.35,EUR,CREATED,region-06236,web
ORD-P006237,CUST-0237,2026-10-05 12:00:00,22.36,EUR,CREATED,region-06237,web
ORD-P006238,CUST-0238,2026-10-05 12:00:00,22.37,EUR,CREATED,region-06238,web
ORD-P006239,CUST-0239,2026-10-05 12:00:00,22.38,EUR,CREATED,region-06239,web
ORD-P006240,CUST-0240,2026-10-05 12:00:00,22.39,EUR,CREATED,region-06240,web
ORD-P006241,CUST-0241,2026-10-05 12:00:00,22.40,EUR,CREATED,region-06241,web
ORD-P006242,CUST-0242,2026-10-05 12:00:00,22.41,EUR,CREATED,region-06242,web
ORD-P006243,CUST-0243,2026-10-05 12:00:00,22.42,EUR,CREATED,region-06243,web
ORD-P006244,CUST-0244,2026-10-05 12:00:00,22.43,EUR,CREATED,region-06244,web
ORD-P006245,CUST-0245,2026-10-05 12:00:00,22.44,EUR,CREATED,region-06245,web
ORD-P006246,CUST-0246,2026-10-05 12:00:00,22.45,EUR,CREATED,region-06246,web
ORD-P006247,CUST-0247,2026-10-05 12:00:00,22.46,EUR,CREATED,region-06247,web
ORD-P006248,CUST-0248,2026-10-05 12:00:00,22.47,EUR,CREATED,region-06248,web
ORD-P006249,CUST-0249,2026-10-05 12:00:00,22.48,EUR,CREATED,region-06249,web
ORD-P006250,CUST-0250,2026-10-05 12:00:00,22.49,EUR,CREATED,region-06250,web
ORD-P006251,CUST-0251,2026-10-05 12:00:00,22.50,EUR,CREATED,region-06251,web
ORD-P006252,CUST-0252,2026-10-05 12:00:00,22.51,EUR,CREATED,region-06252,web
ORD-P006253,CUST-0253,2026-10-05 12:00:00,22.52,EUR,CREATED,region-06253,web
ORD-P006254,CUST-0254,2026-10-05 12:00:00,22.53,EUR,CREATED,region-06254,web
ORD-P006255,CUST-0255,2026-10-05 12:00:00,22.54,EUR,CREATED,region-06255,web
ORD-P006256,CUST-0256,2026-10-05 12:00:00,22.55,EUR,CREATED,region-06256,web
ORD-P006257,CUST-0257,2026-10-05 12:00:00,22.56,EUR,CREATED,region-06257,web
ORD-P006258,CUST-0258,2026-10-05 12:00:00,22.57,EUR,CREATED,region-06258,web
ORD-P006259,CUST-0259,2026-10-05 12:00:00,22.58,EUR,CREATED,region-06259,web
ORD-P006260,CUST-0260,2026-10-05 12:00:00,22.59,EUR,CREATED,region-06260,web
ORD-P006261,CUST-0261,2026-10-05 12:00:00,22.60,EUR,CREATED,region-06261,web
ORD-P006262,CUST-0262,2026-10-05 12:00:00,22.61,EUR,CREATED,region-06262,web
ORD-P006263,CUST-0263,2026-10-05 12:00:00,22.62,EUR,CREATED,region-06263,web
ORD-P006264,CUST-0264,2026-10-05 12:00:00,22.63,EUR,CREATED,region-06264,web
ORD-P006265,CUST-0265,2026-10-05 12:00:00,22.64,EUR,CREATED,region-06265,web
ORD-P006266,CUST-0266,2026-10-05 12:00:00,22.65,EUR,CREATED,region-06266,web
ORD-P006267,CUST-0267,2026-10-05 12:00:00,22.66,EUR,CREATED,region-06267,web
ORD-P006268,CUST-0268,2026-10-05 12:00:00,22.67,EUR,CREATED,region-06268,web
ORD-P006269,CUST-0269,2026-10-05 12:00:00,22.68,EUR,CREATED,region-06269,web
ORD-P006270,CUST-0270,2026-10-05 12:00:00,22.69,EUR,CREATED,region-06270,web
ORD-P006271,CUST-0271,2026-10-05 12:00:00,22.70,EUR,CREATED,region-06271,web
ORD-P006272,CUST-0272,2026-10-05 12:00:00,22.71,EUR,CREATED,region-06272,web
ORD-P006273,CUST-0273,2026-10-05 12:00:00,22.72,EUR,CREATED,region-06273,web
ORD-P006274,CUST-0274,2026-10-05 12:00:00,22.73,EUR,CREATED,region-06274,web
ORD-P006275,CUST-0275,2026-10-05 12:00:00,22.74,EUR,CREATED,region-06275,web
ORD-P006276,CUST-0276,2026-10-05 12:00:00,22.75,EUR,CREATED,region-06276,web
ORD-P006277,CUST-0277,2026-10-05 12:00:00,22.76,EUR,CREATED,region-06277,web
ORD-P006278,CUST-0278,2026-10-05 12:00:00,22.77,EUR,CREATED,region-06278,web
ORD-P006279,CUST-0279,2026-10-05 12:00:00,22.78,EUR,CREATED,region-06279,web
ORD-P006280,CUST-0280,2026-10-05 12:00:00,22.79,EUR,CREATED,region-06280,web
ORD-P006281,CUST-0281,2026-10-05 12:00:00,22.80,EUR,CREATED,region-06281,web
ORD-P006282,CUST-0282,2026-10-05 12:00:00,22.81,EUR,CREATED,region-06282,web
ORD-P006283,CUST-0283,2026-10-05 12:00:00,22.82,EUR,CREATED,region-06283,web
ORD-P006284,CUST-0284,2026-10-05 12:00:00,22.83,EUR,CREATED,region-06284,web
ORD-P006285,CUST-0285,2026-10-05 12:00:00,22.84,EUR,CREATED,region-06285,web
ORD-P006286,CUST-0286,2026-10-05 12:00:00,22.85,EUR,CREATED,region-06286,web
ORD-P006287,CUST-0287,2026-10-05 12:00:00,22.86,EUR,CREATED,region-06287,web
ORD-P006288,CUST-0288,2026-10-05 12:00:00,22.87,EUR,CREATED,region-06288,web
ORD-P006289,CUST-0289,2026-10-05 12:00:00,22.88,EUR,CREATED,region-06289,web
ORD-P006290,CUST-0290,2026-10-05 12:00:00,22.89,EUR,CREATED,region-06290,web
ORD-P006291,CUST-0291,2026-10-05 12:00:00,22.90,EUR,CREATED,region-06291,web
ORD-P006292,CUST-0292,2026-10-05 12:00:00,22.91,EUR,CREATED,region-06292,web
ORD-P006293,CUST-0293,2026-10-05 12:00:00,22.92,EUR,CREATED,region-06293,web
ORD-P006294,CUST-0294,2026-10-05 12:00:00,22.93,EUR,CREATED,region-06294,web
ORD-P006295,CUST-0295,2026-10-05 12:00:00,22.94,EUR,CREATED,region-06295,web
ORD-P006296,CUST-0296,2026-10-05 12:00:00,22.95,EUR,CREATED,region-06296,web
ORD-P006297,CUST-0297,2026-10-05 12:00:00,22.96,EUR,CREATED,region-06297,web
ORD-P006298,CUST-0298,2026-10-05 12:00:00,22.97,EUR,CREATED,region-06298,web
ORD-P006299,CUST-0299,2026-10-05 12:00:00,22.98,EUR,CREATED,region-06299,web
ORD-P006300,CUST-0300,2026-10-05 12:00:00,22.99,EUR,CREATED,region-06300,web
ORD-P006301,CUST-0301,2026-10-05 12:00:00,23.00,EUR,CREATED,region-06301,web
ORD-P006302,CUST-0302,2026-10-05 12:00:00,23.01,EUR,CREATED,region-06302,web
ORD-P006303,CUST-0303,2026-10-05 12:00:00,23.02,EUR,CREATED,region-06303,web
ORD-P006304,CUST-0304,2026-10-05 12:00:00,23.03,EUR,CREATED,region-06304,web
ORD-P006305,CUST-0305,2026-10-05 12:00:00,23.04,EUR,CREATED,region-06305,web
ORD-P006306,CUST-0306,2026-10-05 12:00:00,23.05,EUR,CREATED,region-06306,web
ORD-P006307,CUST-0307,2026-10-05 12:00:00,23.06,EUR,CREATED,region-06307,web
ORD-P006308,CUST-0308,2026-10-05 12:00:00,23.07,EUR,CREATED,region-06308,web
ORD-P006309,CUST-0309,2026-10-05 12:00:00,23.08,EUR,CREATED,region-06309,web
ORD-P006310,CUST-0310,2026-10-05 12:00:00,23.09,EUR,CREATED,region-06310,web
ORD-P006311,CUST-0311,2026-10-05 12:00:00,23.10,EUR,CREATED,region-06311,web
ORD-P006312,CUST-0312,2026-10-05 12:00:00,23.11,EUR,CREATED,region-06312,web
ORD-P006313,CUST-0313,2026-10-05 12:00:00,23.12,EUR,CREATED,region-06313,web
ORD-P006314,CUST-0314,2026-10-05 12:00:00,23.13,EUR,CREATED,region-06314,web
ORD-P006315,CUST-0315,2026-10-05 12:00:00,23.14,EUR,CREATED,region-06315,web
ORD-P006316,CUST-0316,2026-10-05 12:00:00,23.15,EUR,CREATED,region-06316,web
ORD-P006317,CUST-0317,2026-10-05 12:00:00,23.16,EUR,CREATED,region-06317,web
ORD-P006318,CUST-0318,2026-10-05 12:00:00,23.17,EUR,CREATED,region-06318,web
ORD-P006319,CUST-0319,2026-10-05 12:00:00,23.18,EUR,CREATED,region-06319,web
ORD-P006320,CUST-0320,2026-10-05 12:00:00,23.19,EUR,CREATED,region-06320,web
ORD-P006321,CUST-0321,2026-10-05 12:00:00,23.20,EUR,CREATED,region-06321,web
ORD-P006322,CUST-0322,2026-10-05 12:00:00,23.21,EUR,CREATED,region-06322,web
ORD-P006323,CUST-0323,2026-10-05 12:00:00,23.22,EUR,CREATED,region-06323,web
ORD-P006324,CUST-0324,2026-10-05 12:00:00,23.23,EUR,CREATED,region-06324,web
ORD-P006325,CUST-0325,2026-10-05 12:00:00,23.24,EUR,CREATED,region-06325,web
ORD-P006326,CUST-0326,2026-10-05 12:00:00,23.25,EUR,CREATED,region-06326,web
ORD-P006327,CUST-0327,2026-10-05 12:00:00,23.26,EUR,CREATED,region-06327,web
ORD-P006328,CUST-0328,2026-10-05 12:00:00,23.27,EUR,CREATED,region-06328,web
ORD-P006329,CUST-0329,2026-10-05 12:00:00,23.28,EUR,CREATED,region-06329,web
ORD-P006330,CUST-0330,2026-10-05 12:00:00,23.29,EUR,CREATED,region-06330,web
ORD-P006331,CUST-0331,2026-10-05 12:00:00,23.30,EUR,CREATED,region-06331,web
ORD-P006332,CUST-0332,2026-10-05 12:00:00,23.31,EUR,CREATED,region-06332,web
ORD-P006333,CUST-0333,2026-10-05 12:00:00,23.32,EUR,CREATED,region-06333,web
ORD-P006334,CUST-0334,2026-10-05 12:00:00,23.33,EUR,CREATED,region-06334,web
ORD-P006335,CUST-0335,2026-10-05 12:00:00,23.34,EUR,CREATED,region-06335,web
ORD-P006336,CUST-0336,2026-10-05 12:00:00,23.35,EUR,CREATED,region-06336,web
ORD-P006337,CUST-0337,2026-10-05 12:00:00,23.36,EUR,CREATED,region-06337,web
ORD-P006338,CUST-0338,2026-10-05 12:00:00,23.37,EUR,CREATED,region-06338,web
ORD-P006339,CUST-0339,2026-10-05 12:00:00,23.38,EUR,CREATED,region-06339,web
ORD-P006340,CUST-0340,2026-10-05 12:00:00,23.39,EUR,CREATED,region-06340,web
ORD-P006341,CUST-0341,2026-10-05 12:00:00,23.40,EUR,CREATED,region-06341,web
ORD-P006342,CUST-0342,2026-10-05 12:00:00,23.41,EUR,CREATED,region-06342,web
ORD-P006343,CUST-0343,2026-10-05 12:00:00,23.42,EUR,CREATED,region-06343,web
ORD-P006344,CUST-0344,2026-10-05 12:00:00,23.43,EUR,CREATED,region-06344,web
ORD-P006345,CUST-0345,2026-10-05 12:00:00,23.44,EUR,CREATED,region-06345,web
ORD-P006346,CUST-0346,2026-10-05 12:00:00,23.45,EUR,CREATED,region-06346,web
ORD-P006347,CUST-0347,2026-10-05 12:00:00,23.46,EUR,CREATED,region-06347,web
ORD-P006348,CUST-0348,2026-10-05 12:00:00,23.47,EUR,CREATED,region-06348,web
ORD-P006349,CUST-0349,2026-10-05 12:00:00,23.48,EUR,CREATED,region-06349,web
ORD-P006350,CUST-0350,2026-10-05 12:00:00,23.49,EUR,CREATED,region-06350,web
ORD-P006351,CUST-0351,2026-10-05 12:00:00,23.50,EUR,CREATED,region-06351,web
ORD-P006352,CUST-0352,2026-10-05 12:00:00,23.51,EUR,CREATED,region-06352,web
ORD-P006353,CUST-0353,2026-10-05 12:00:00,23.52,EUR,CREATED,region-06353,web
ORD-P006354,CUST-0354,2026-10-05 12:00:00,23.53,EUR,CREATED,region-06354,web
ORD-P006355,CUST-0355,2026-10-05 12:00:00,23.54,EUR,CREATED,region-06355,web
ORD-P006356,CUST-0356,2026-10-05 12:00:00,23.55,EUR,CREATED,region-06356,web
ORD-P006357,CUST-0357,2026-10-05 12:00:00,23.56,EUR,CREATED,region-06357,web
ORD-P006358,CUST-0358,2026-10-05 12:00:00,23.57,EUR,CREATED,region-06358,web
ORD-P006359,CUST-0359,2026-10-05 12:00:00,23.58,EUR,CREATED,region-06359,web
ORD-P006360,CUST-0360,2026-10-05 12:00:00,23.59,EUR,CREATED,region-06360,web
ORD-P006361,CUST-0361,2026-10-05 12:00:00,23.60,EUR,CREATED,region-06361,web
ORD-P006362,CUST-0362,2026-10-05 12:00:00,23.61,EUR,CREATED,region-06362,web
ORD-P006363,CUST-0363,2026-10-05 12:00:00,23.62,EUR,CREATED,region-06363,web
ORD-P006364,CUST-0364,2026-10-05 12:00:00,23.63,EUR,CREATED,region-06364,web
ORD-P006365,CUST-0365,2026-10-05 12:00:00,23.64,EUR,CREATED,region-06365,web
ORD-P006366,CUST-0366,2026-10-05 12:00:00,23.65,EUR,CREATED,region-06366,web
ORD-P006367,CUST-0367,2026-10-05 12:00:00,23.66,EUR,CREATED,region-06367,web
ORD-P006368,CUST-0368,2026-10-05 12:00:00,23.67,EUR,CREATED,region-06368,web
ORD-P006369,CUST-0369,2026-10-05 12:00:00,23.68,EUR,CREATED,region-06369,web
ORD-P006370,CUST-0370,2026-10-05 12:00:00,23.69,EUR,CREATED,region-06370,web
ORD-P006371,CUST-0371,2026-10-05 12:00:00,23.70,EUR,CREATED,region-06371,web
ORD-P006372,CUST-0372,2026-10-05 12:00:00,23.71,EUR,CREATED,region-06372,web
ORD-P006373,CUST-0373,2026-10-05 12:00:00,23.72,EUR,CREATED,region-06373,web
ORD-P006374,CUST-0374,2026-10-05 12:00:00,23.73,EUR,CREATED,region-06374,web
ORD-P006375,CUST-0375,2026-10-05 12:00:00,23.74,EUR,CREATED,region-06375,web
ORD-P006376,CUST-0376,2026-10-05 12:00:00,23.75,EUR,CREATED,region-06376,web
ORD-P006377,CUST-0377,2026-10-05 12:00:00,23.76,EUR,CREATED,region-06377,web
ORD-P006378,CUST-0378,2026-10-05 12:00:00,23.77,EUR,CREATED,region-06378,web
ORD-P006379,CUST-0379,2026-10-05 12:00:00,23.78,EUR,CREATED,region-06379,web
ORD-P006380,CUST-0380,2026-10-05 12:00:00,23.79,EUR,CREATED,region-06380,web
ORD-P006381,CUST-0381,2026-10-05 12:00:00,23.80,EUR,CREATED,region-06381,web
ORD-P006382,CUST-0382,2026-10-05 12:00:00,23.81,EUR,CREATED,region-06382,web
ORD-P006383,CUST-0383,2026-10-05 12:00:00,23.82,EUR,CREATED,region-06383,web
ORD-P006384,CUST-0384,2026-10-05 12:00:00,23.83,EUR,CREATED,region-06384,web
ORD-P006385,CUST-0385,2026-10-05 12:00:00,23.84,EUR,CREATED,region-06385,web
ORD-P006386,CUST-0386,2026-10-05 12:00:00,23.85,EUR,CREATED,region-06386,web
ORD-P006387,CUST-0387,2026-10-05 12:00:00,23.86,EUR,CREATED,region-06387,web
ORD-P006388,CUST-0388,2026-10-05 12:00:00,23.87,EUR,CREATED,region-06388,web
ORD-P006389,CUST-0389,2026-10-05 12:00:00,23.88,EUR,CREATED,region-06389,web
ORD-P006390,CUST-0390,2026-10-05 12:00:00,23.89,EUR,CREATED,region-06390,web
ORD-P006391,CUST-0391,2026-10-05 12:00:00,23.90,EUR,CREATED,region-06391,web
ORD-P006392,CUST-0392,2026-10-05 12:00:00,23.91,EUR,CREATED,region-06392,web
ORD-P006393,CUST-0393,2026-10-05 12:00:00,23.92,EUR,CREATED,region-06393,web
ORD-P006394,CUST-0394,2026-10-05 12:00:00,23.93,EUR,CREATED,region-06394,web
ORD-P006395,CUST-0395,2026-10-05 12:00:00,23.94,EUR,CREATED,region-06395,web
ORD-P006396,CUST-0396,2026-10-05 12:00:00,23.95,EUR,CREATED,region-06396,web
ORD-P006397,CUST-0397,2026-10-05 12:00:00,23.96,EUR,CREATED,region-06397,web
ORD-P006398,CUST-0398,2026-10-05 12:00:00,23.97,EUR,CREATED,region-06398,web
ORD-P006399,CUST-0399,2026-10-05 12:00:00,23.98,EUR,CREATED,region-06399,web
ORD-P006400,CUST-0400,2026-10-05 12:00:00,23.99,EUR,CREATED,region-06400,web
ORD-P006401,CUST-0401,2026-10-05 12:00:00,24.00,EUR,CREATED,region-06401,web
ORD-P006402,CUST-0402,2026-10-05 12:00:00,24.01,EUR,CREATED,region-06402,web
ORD-P006403,CUST-0403,2026-10-05 12:00:00,24.02,EUR,CREATED,region-06403,web
ORD-P006404,CUST-0404,2026-10-05 12:00:00,24.03,EUR,CREATED,region-06404,web
ORD-P006405,CUST-0405,2026-10-05 12:00:00,24.04,EUR,CREATED,region-06405,web
ORD-P006406,CUST-0406,2026-10-05 12:00:00,24.05,EUR,CREATED,region-06406,web
ORD-P006407,CUST-0407,2026-10-05 12:00:00,24.06,EUR,CREATED,region-06407,web
ORD-P006408,CUST-0408,2026-10-05 12:00:00,24.07,EUR,CREATED,region-06408,web
ORD-P006409,CUST-0409,2026-10-05 12:00:00,24.08,EUR,CREATED,region-06409,web
ORD-P006410,CUST-0410,2026-10-05 12:00:00,24.09,EUR,CREATED,region-06410,web
ORD-P006411,CUST-0411,2026-10-05 12:00:00,24.10,EUR,CREATED,region-06411,web
ORD-P006412,CUST-0412,2026-10-05 12:00:00,24.11,EUR,CREATED,region-06412,web
ORD-P006413,CUST-0413,2026-10-05 12:00:00,24.12,EUR,CREATED,region-06413,web
ORD-P006414,CUST-0414,2026-10-05 12:00:00,24.13,EUR,CREATED,region-06414,web
ORD-P006415,CUST-0415,2026-10-05 12:00:00,24.14,EUR,CREATED,region-06415,web
ORD-P006416,CUST-0416,2026-10-05 12:00:00,24.15,EUR,CREATED,region-06416,web
ORD-P006417,CUST-0417,2026-10-05 12:00:00,24.16,EUR,CREATED,region-06417,web
ORD-P006418,CUST-0418,2026-10-05 12:00:00,24.17,EUR,CREATED,region-06418,web
ORD-P006419,CUST-0419,2026-10-05 12:00:00,24.18,EUR,CREATED,region-06419,web
ORD-P006420,CUST-0420,2026-10-05 12:00:00,24.19,EUR,CREATED,region-06420,web
ORD-P006421,CUST-0421,2026-10-05 12:00:00,24.20,EUR,CREATED,region-06421,web
ORD-P006422,CUST-0422,2026-10-05 12:00:00,24.21,EUR,CREATED,region-06422,web
ORD-P006423,CUST-0423,2026-10-05 12:00:00,24.22,EUR,CREATED,region-06423,web
ORD-P006424,CUST-0424,2026-10-05 12:00:00,24.23,EUR,CREATED,region-06424,web
ORD-P006425,CUST-0425,2026-10-05 12:00:00,24.24,EUR,CREATED,region-06425,web
ORD-P006426,CUST-0426,2026-10-05 12:00:00,24.25,EUR,CREATED,region-06426,web
ORD-P006427,CUST-0427,2026-10-05 12:00:00,24.26,EUR,CREATED,region-06427,web
ORD-P006428,CUST-0428,2026-10-05 12:00:00,24.27,EUR,CREATED,region-06428,web
ORD-P006429,CUST-0429,2026-10-05 12:00:00,24.28,EUR,CREATED,region-06429,web
ORD-P006430,CUST-0430,2026-10-05 12:00:00,24.29,EUR,CREATED,region-06430,web
ORD-P006431,CUST-0431,2026-10-05 12:00:00,24.30,EUR,CREATED,region-06431,web
ORD-P006432,CUST-0432,2026-10-05 12:00:00,24.31,EUR,CREATED,region-06432,web
ORD-P006433,CUST-0433,2026-10-05 12:00:00,24.32,EUR,CREATED,region-06433,web
ORD-P006434,CUST-0434,2026-10-05 12:00:00,24.33,EUR,CREATED,region-06434,web
ORD-P006435,CUST-0435,2026-10-05 12:00:00,24.34,EUR,CREATED,region-06435,web
ORD-P006436,CUST-0436,2026-10-05 12:00:00,24.35,EUR,CREATED,region-06436,web
ORD-P006437,CUST-0437,2026-10-05 12:00:00,24.36,EUR,CREATED,region-06437,web
ORD-P006438,CUST-0438,2026-10-05 12:00:00,24.37,EUR,CREATED,region-06438,web
ORD-P006439,CUST-0439,2026-10-05 12:00:00,24.38,EUR,CREATED,region-06439,web
ORD-P006440,CUST-0440,2026-10-05 12:00:00,24.39,EUR,CREATED,region-06440,web
ORD-P006441,CUST-0441,2026-10-05 12:00:00,24.40,EUR,CREATED,region-06441,web
ORD-P006442,CUST-0442,2026-10-05 12:00:00,24.41,EUR,CREATED,region-06442,web
ORD-P006443,CUST-0443,2026-10-05 12:00:00,24.42,EUR,CREATED,region-06443,web
ORD-P006444,CUST-0444,2026-10-05 12:00:00,24.43,EUR,CREATED,region-06444,web
ORD-P006445,CUST-0445,2026-10-05 12:00:00,24.44,EUR,CREATED,region-06445,web
ORD-P006446,CUST-0446,2026-10-05 12:00:00,24.45,EUR,CREATED,region-06446,web
ORD-P006447,CUST-0447,2026-10-05 12:00:00,24.46,EUR,CREATED,region-06447,web
ORD-P006448,CUST-0448,2026-10-05 12:00:00,24.47,EUR,CREATED,region-06448,web
ORD-P006449,CUST-0449,2026-10-05 12:00:00,24.48,EUR,CREATED,region-06449,web
ORD-P006450,CUST-0450,2026-10-05 12:00:00,24.49,EUR,CREATED,region-06450,web
ORD-P006451,CUST-0451,2026-10-05 12:00:00,24.50,EUR,CREATED,region-06451,web
ORD-P006452,CUST-0452,2026-10-05 12:00:00,24.51,EUR,CREATED,region-06452,web
ORD-P006453,CUST-0453,2026-10-05 12:00:00,24.52,EUR,CREATED,region-06453,web
ORD-P006454,CUST-0454,2026-10-05 12:00:00,24.53,EUR,CREATED,region-06454,web
ORD-P006455,CUST-0455,2026-10-05 12:00:00,24.54,EUR,CREATED,region-06455,web
ORD-P006456,CUST-0456,2026-10-05 12:00:00,24.55,EUR,CREATED,region-06456,web
ORD-P006457,CUST-0457,2026-10-05 12:00:00,24.56,EUR,CREATED,region-06457,web
ORD-P006458,CUST-0458,2026-10-05 12:00:00,24.57,EUR,CREATED,region-06458,web
ORD-P006459,CUST-0459,2026-10-05 12:00:00,24.58,EUR,CREATED,region-06459,web
ORD-P006460,CUST-0460,2026-10-05 12:00:00,24.59,EUR,CREATED,region-06460,web
ORD-P006461,CUST-0461,2026-10-05 12:00:00,24.60,EUR,CREATED,region-06461,web
ORD-P006462,CUST-0462,2026-10-05 12:00:00,24.61,EUR,CREATED,region-06462,web
ORD-P006463,CUST-0463,2026-10-05 12:00:00,24.62,EUR,CREATED,region-06463,web
ORD-P006464,CUST-0464,2026-10-05 12:00:00,24.63,EUR,CREATED,region-06464,web
ORD-P006465,CUST-0465,2026-10-05 12:00:00,24.64,EUR,CREATED,region-06465,web
ORD-P006466,CUST-0466,2026-10-05 12:00:00,24.65,EUR,CREATED,region-06466,web
ORD-P006467,CUST-0467,2026-10-05 12:00:00,24.66,EUR,CREATED,region-06467,web
ORD-P006468,CUST-0468,2026-10-05 12:00:00,24.67,EUR,CREATED,region-06468,web
ORD-P006469,CUST-0469,2026-10-05 12:00:00,24.68,EUR,CREATED,region-06469,web
ORD-P006470,CUST-0470,2026-10-05 12:00:00,24.69,EUR,CREATED,region-06470,web
ORD-P006471,CUST-0471,2026-10-05 12:00:00,24.70,EUR,CREATED,region-06471,web
ORD-P006472,CUST-0472,2026-10-05 12:00:00,24.71,EUR,CREATED,region-06472,web
ORD-P006473,CUST-0473,2026-10-05 12:00:00,24.72,EUR,CREATED,region-06473,web
ORD-P006474,CUST-0474,2026-10-05 12:00:00,24.73,EUR,CREATED,region-06474,web
ORD-P006475,CUST-0475,2026-10-05 12:00:00,24.74,EUR,CREATED,region-06475,web
ORD-P006476,CUST-0476,2026-10-05 12:00:00,24.75,EUR,CREATED,region-06476,web
ORD-P006477,CUST-0477,2026-10-05 12:00:00,24.76,EUR,CREATED,region-06477,web
ORD-P006478,CUST-0478,2026-10-05 12:00:00,24.77,EUR,CREATED,region-06478,web
ORD-P006479,CUST-0479,2026-10-05 12:00:00,24.78,EUR,CREATED,region-06479,web
ORD-P006480,CUST-0480,2026-10-05 12:00:00,24.79,EUR,CREATED,region-06480,web
ORD-P006481,CUST-0481,2026-10-05 12:00:00,24.80,EUR,CREATED,region-06481,web
ORD-P006482,CUST-0482,2026-10-05 12:00:00,24.81,EUR,CREATED,region-06482,web
ORD-P006483,CUST-0483,2026-10-05 12:00:00,24.82,EUR,CREATED,region-06483,web
ORD-P006484,CUST-0484,2026-10-05 12:00:00,24.83,EUR,CREATED,region-06484,web
ORD-P006485,CUST-0485,2026-10-05 12:00:00,24.84,EUR,CREATED,region-06485,web
ORD-P006486,CUST-0486,2026-10-05 12:00:00,24.85,EUR,CREATED,region-06486,web
ORD-P006487,CUST-0487,2026-10-05 12:00:00,24.86,EUR,CREATED,region-06487,web
ORD-P006488,CUST-0488,2026-10-05 12:00:00,24.87,EUR,CREATED,region-06488,web
ORD-P006489,CUST-0489,2026-10-05 12:00:00,24.88,EUR,CREATED,region-06489,web
ORD-P006490,CUST-0490,2026-10-05 12:00:00,24.89,EUR,CREATED,region-06490,web
ORD-P006491,CUST-0491,2026-10-05 12:00:00,24.90,EUR,CREATED,region-06491,web
ORD-P006492,CUST-0492,2026-10-05 12:00:00,24.91,EUR,CREATED,region-06492,web
ORD-P006493,CUST-0493,2026-10-05 12:00:00,24.92,EUR,CREATED,region-06493,web
ORD-P006494,CUST-0494,2026-10-05 12:00:00,24.93,EUR,CREATED,region-06494,web
ORD-P006495,CUST-0495,2026-10-05 12:00:00,24.94,EUR,CREATED,region-06495,web
ORD-P006496,CUST-0496,2026-10-05 12:00:00,24.95,EUR,CREATED,region-06496,web
ORD-P006497,CUST-0497,2026-10-05 12:00:00,24.96,EUR,CREATED,region-06497,web
ORD-P006498,CUST-0498,2026-10-05 12:00:00,24.97,EUR,CREATED,region-06498,web
ORD-P006499,CUST-0499,2026-10-05 12:00:00,24.98,EUR,CREATED,region-06499,web
ORD-P006500,CUST-0500,2026-10-05 12:00:00,24.99,EUR,CREATED,region-06500,web
ORD-P006501,CUST-0501,2026-10-05 12:00:00,25.00,EUR,CREATED,region-06501,web
ORD-P006502,CUST-0502,2026-10-05 12:00:00,25.01,EUR,CREATED,region-06502,web
ORD-P006503,CUST-0503,2026-10-05 12:00:00,25.02,EUR,CREATED,region-06503,web
ORD-P006504,CUST-0504,2026-10-05 12:00:00,25.03,EUR,CREATED,region-06504,web
ORD-P006505,CUST-0505,2026-10-05 12:00:00,25.04,EUR,CREATED,region-06505,web
ORD-P006506,CUST-0506,2026-10-05 12:00:00,25.05,EUR,CREATED,region-06506,web
ORD-P006507,CUST-0507,2026-10-05 12:00:00,25.06,EUR,CREATED,region-06507,web
ORD-P006508,CUST-0508,2026-10-05 12:00:00,25.07,EUR,CREATED,region-06508,web
ORD-P006509,CUST-0509,2026-10-05 12:00:00,25.08,EUR,CREATED,region-06509,web
ORD-P006510,CUST-0510,2026-10-05 12:00:00,25.09,EUR,CREATED,region-06510,web
ORD-P006511,CUST-0511,2026-10-05 12:00:00,25.10,EUR,CREATED,region-06511,web
ORD-P006512,CUST-0512,2026-10-05 12:00:00,25.11,EUR,CREATED,region-06512,web
ORD-P006513,CUST-0513,2026-10-05 12:00:00,25.12,EUR,CREATED,region-06513,web
ORD-P006514,CUST-0514,2026-10-05 12:00:00,25.13,EUR,CREATED,region-06514,web
ORD-P006515,CUST-0515,2026-10-05 12:00:00,25.14,EUR,CREATED,region-06515,web
ORD-P006516,CUST-0516,2026-10-05 12:00:00,25.15,EUR,CREATED,region-06516,web
ORD-P006517,CUST-0517,2026-10-05 12:00:00,25.16,EUR,CREATED,region-06517,web
ORD-P006518,CUST-0518,2026-10-05 12:00:00,25.17,EUR,CREATED,region-06518,web
ORD-P006519,CUST-0519,2026-10-05 12:00:00,25.18,EUR,CREATED,region-06519,web
ORD-P006520,CUST-0520,2026-10-05 12:00:00,25.19,EUR,CREATED,region-06520,web
ORD-P006521,CUST-0521,2026-10-05 12:00:00,25.20,EUR,CREATED,region-06521,web
ORD-P006522,CUST-0522,2026-10-05 12:00:00,25.21,EUR,CREATED,region-06522,web
ORD-P006523,CUST-0523,2026-10-05 12:00:00,25.22,EUR,CREATED,region-06523,web
ORD-P006524,CUST-0524,2026-10-05 12:00:00,25.23,EUR,CREATED,region-06524,web
ORD-P006525,CUST-0525,2026-10-05 12:00:00,25.24,EUR,CREATED,region-06525,web
ORD-P006526,CUST-0526,2026-10-05 12:00:00,25.25,EUR,CREATED,region-06526,web
ORD-P006527,CUST-0527,2026-10-05 12:00:00,25.26,EUR,CREATED,region-06527,web
ORD-P006528,CUST-0528,2026-10-05 12:00:00,25.27,EUR,CREATED,region-06528,web
ORD-P006529,CUST-0529,2026-10-05 12:00:00,25.28,EUR,CREATED,region-06529,web
ORD-P006530,CUST-0530,2026-10-05 12:00:00,25.29,EUR,CREATED,region-06530,web
ORD-P006531,CUST-0531,2026-10-05 12:00:00,25.30,EUR,CREATED,region-06531,web
ORD-P006532,CUST-0532,2026-10-05 12:00:00,25.31,EUR,CREATED,region-06532,web
ORD-P006533,CUST-0533,2026-10-05 12:00:00,25.32,EUR,CREATED,region-06533,web
ORD-P006534,CUST-0534,2026-10-05 12:00:00,25.33,EUR,CREATED,region-06534,web
ORD-P006535,CUST-0535,2026-10-05 12:00:00,25.34,EUR,CREATED,region-06535,web
ORD-P006536,CUST-0536,2026-10-05 12:00:00,25.35,EUR,CREATED,region-06536,web
ORD-P006537,CUST-0537,2026-10-05 12:00:00,25.36,EUR,CREATED,region-06537,web
ORD-P006538,CUST-0538,2026-10-05 12:00:00,25.37,EUR,CREATED,region-06538,web
ORD-P006539,CUST-0539,2026-10-05 12:00:00,25.38,EUR,CREATED,region-06539,web
ORD-P006540,CUST-0540,2026-10-05 12:00:00,25.39,EUR,CREATED,region-06540,web
ORD-P006541,CUST-0541,2026-10-05 12:00:00,25.40,EUR,CREATED,region-06541,web
ORD-P006542,CUST-0542,2026-10-05 12:00:00,25.41,EUR,CREATED,region-06542,web
ORD-P006543,CUST-0543,2026-10-05 12:00:00,25.42,EUR,CREATED,region-06543,web
ORD-P006544,CUST-0544,2026-10-05 12:00:00,25.43,EUR,CREATED,region-06544,web
ORD-P006545,CUST-0545,2026-10-05 12:00:00,25.44,EUR,CREATED,region-06545,web
ORD-P006546,CUST-0546,2026-10-05 12:00:00,25.45,EUR,CREATED,region-06546,web
ORD-P006547,CUST-0547,2026-10-05 12:00:00,25.46,EUR,CREATED,region-06547,web
ORD-P006548,CUST-0548,2026-10-05 12:00:00,25.47,EUR,CREATED,region-06548,web
ORD-P006549,CUST-0549,2026-10-05 12:00:00,25.48,EUR,CREATED,region-06549,web
ORD-P006550,CUST-0550,2026-10-05 12:00:00,25.49,EUR,CREATED,region-06550,web
ORD-P006551,CUST-0551,2026-10-05 12:00:00,25.50,EUR,CREATED,region-06551,web
ORD-P006552,CUST-0552,2026-10-05 12:00:00,25.51,EUR,CREATED,region-06552,web
ORD-P006553,CUST-0553,2026-10-05 12:00:00,25.52,EUR,CREATED,region-06553,web
ORD-P006554,CUST-0554,2026-10-05 12:00:00,25.53,EUR,CREATED,region-06554,web
ORD-P006555,CUST-0555,2026-10-05 12:00:00,25.54,EUR,CREATED,region-06555,web
ORD-P006556,CUST-0556,2026-10-05 12:00:00,25.55,EUR,CREATED,region-06556,web
ORD-P006557,CUST-0557,2026-10-05 12:00:00,25.56,EUR,CREATED,region-06557,web
ORD-P006558,CUST-0558,2026-10-05 12:00:00,25.57,EUR,CREATED,region-06558,web
ORD-P006559,CUST-0559,2026-10-05 12:00:00,25.58,EUR,CREATED,region-06559,web
ORD-P006560,CUST-0560,2026-10-05 12:00:00,25.59,EUR,CREATED,region-06560,web
ORD-P006561,CUST-0561,2026-10-05 12:00:00,25.60,EUR,CREATED,region-06561,web
ORD-P006562,CUST-0562,2026-10-05 12:00:00,25.61,EUR,CREATED,region-06562,web
ORD-P006563,CUST-0563,2026-10-05 12:00:00,25.62,EUR,CREATED,region-06563,web
ORD-P006564,CUST-0564,2026-10-05 12:00:00,25.63,EUR,CREATED,region-06564,web
ORD-P006565,CUST-0565,2026-10-05 12:00:00,25.64,EUR,CREATED,region-06565,web
ORD-P006566,CUST-0566,2026-10-05 12:00:00,25.65,EUR,CREATED,region-06566,web
ORD-P006567,CUST-0567,2026-10-05 12:00:00,25.66,EUR,CREATED,region-06567,web
ORD-P006568,CUST-0568,2026-10-05 12:00:00,25.67,EUR,CREATED,region-06568,web
ORD-P006569,CUST-0569,2026-10-05 12:00:00,25.68,EUR,CREATED,region-06569,web
ORD-P006570,CUST-0570,2026-10-05 12:00:00,25.69,EUR,CREATED,region-06570,web
ORD-P006571,CUST-0571,2026-10-05 12:00:00,25.70,EUR,CREATED,region-06571,web
ORD-P006572,CUST-0572,2026-10-05 12:00:00,25.71,EUR,CREATED,region-06572,web
ORD-P006573,CUST-0573,2026-10-05 12:00:00,25.72,EUR,CREATED,region-06573,web
ORD-P006574,CUST-0574,2026-10-05 12:00:00,25.73,EUR,CREATED,region-06574,web
ORD-P006575,CUST-0575,2026-10-05 12:00:00,25.74,EUR,CREATED,region-06575,web
ORD-P006576,CUST-0576,2026-10-05 12:00:00,25.75,EUR,CREATED,region-06576,web
ORD-P006577,CUST-0577,2026-10-05 12:00:00,25.76,EUR,CREATED,region-06577,web
ORD-P006578,CUST-0578,2026-10-05 12:00:00,25.77,EUR,CREATED,region-06578,web
ORD-P006579,CUST-0579,2026-10-05 12:00:00,25.78,EUR,CREATED,region-06579,web
ORD-P006580,CUST-0580,2026-10-05 12:00:00,25.79,EUR,CREATED,region-06580,web
ORD-P006581,CUST-0581,2026-10-05 12:00:00,25.80,EUR,CREATED,region-06581,web
ORD-P006582,CUST-0582,2026-10-05 12:00:00,25.81,EUR,CREATED,region-06582,web
ORD-P006583,CUST-0583,2026-10-05 12:00:00,25.82,EUR,CREATED,region-06583,web
ORD-P006584,CUST-0584,2026-10-05 12:00:00,25.83,EUR,CREATED,region-06584,web
ORD-P006585,CUST-0585,2026-10-05 12:00:00,25.84,EUR,CREATED,region-06585,web
ORD-P006586,CUST-0586,2026-10-05 12:00:00,25.85,EUR,CREATED,region-06586,web
ORD-P006587,CUST-0587,2026-10-05 12:00:00,25.86,EUR,CREATED,region-06587,web
ORD-P006588,CUST-0588,2026-10-05 12:00:00,25.87,EUR,CREATED,region-06588,web
ORD-P006589,CUST-0589,2026-10-05 12:00:00,25.88,EUR,CREATED,region-06589,web
ORD-P006590,CUST-0590,2026-10-05 12:00:00,25.89,EUR,CREATED,region-06590,web
ORD-P006591,CUST-0591,2026-10-05 12:00:00,25.90,EUR,CREATED,region-06591,web
ORD-P006592,CUST-0592,2026-10-05 12:00:00,25.91,EUR,CREATED,region-06592,web
ORD-P006593,CUST-0593,2026-10-05 12:00:00,25.92,EUR,CREATED,region-06593,web
ORD-P006594,CUST-0594,2026-10-05 12:00:00,25.93,EUR,CREATED,region-06594,web
ORD-P006595,CUST-0595,2026-10-05 12:00:00,25.94,EUR,CREATED,region-06595,web
ORD-P006596,CUST-0596,2026-10-05 12:00:00,25.95,EUR,CREATED,region-06596,web
ORD-P006597,CUST-0597,2026-10-05 12:00:00,25.96,EUR,CREATED,region-06597,web
ORD-P006598,CUST-0598,2026-10-05 12:00:00,25.97,EUR,CREATED,region-06598,web
ORD-P006599,CUST-0599,2026-10-05 12:00:00,25.98,EUR,CREATED,region-06599,web
ORD-P006600,CUST-0600,2026-10-05 12:00:00,25.99,EUR,CREATED,region-06600,web
ORD-P006601,CUST-0601,2026-10-05 12:00:00,26.00,EUR,CREATED,region-06601,web
ORD-P006602,CUST-0602,2026-10-05 12:00:00,26.01,EUR,CREATED,region-06602,web
ORD-P006603,CUST-0603,2026-10-05 12:00:00,26.02,EUR,CREATED,region-06603,web
ORD-P006604,CUST-0604,2026-10-05 12:00:00,26.03,EUR,CREATED,region-06604,web
ORD-P006605,CUST-0605,2026-10-05 12:00:00,26.04,EUR,CREATED,region-06605,web
ORD-P006606,CUST-0606,2026-10-05 12:00:00,26.05,EUR,CREATED,region-06606,web
ORD-P006607,CUST-0607,2026-10-05 12:00:00,26.06,EUR,CREATED,region-06607,web
ORD-P006608,CUST-0608,2026-10-05 12:00:00,26.07,EUR,CREATED,region-06608,web
ORD-P006609,CUST-0609,2026-10-05 12:00:00,26.08,EUR,CREATED,region-06609,web
ORD-P006610,CUST-0610,2026-10-05 12:00:00,26.09,EUR,CREATED,region-06610,web
ORD-P006611,CUST-0611,2026-10-05 12:00:00,26.10,EUR,CREATED,region-06611,web
ORD-P006612,CUST-0612,2026-10-05 12:00:00,26.11,EUR,CREATED,region-06612,web
ORD-P006613,CUST-0613,2026-10-05 12:00:00,26.12,EUR,CREATED,region-06613,web
ORD-P006614,CUST-0614,2026-10-05 12:00:00,26.13,EUR,CREATED,region-06614,web
ORD-P006615,CUST-0615,2026-10-05 12:00:00,26.14,EUR,CREATED,region-06615,web
ORD-P006616,CUST-0616,2026-10-05 12:00:00,26.15,EUR,CREATED,region-06616,web
ORD-P006617,CUST-0617,2026-10-05 12:00:00,26.16,EUR,CREATED,region-06617,web
ORD-P006618,CUST-0618,2026-10-05 12:00:00,26.17,EUR,CREATED,region-06618,web
ORD-P006619,CUST-0619,2026-10-05 12:00:00,26.18,EUR,CREATED,region-06619,web
ORD-P006620,CUST-0620,2026-10-05 12:00:00,26.19,EUR,CREATED,region-06620,web
ORD-P006621,CUST-0621,2026-10-05 12:00:00,26.20,EUR,CREATED,region-06621,web
ORD-P006622,CUST-0622,2026-10-05 12:00:00,26.21,EUR,CREATED,region-06622,web
ORD-P006623,CUST-0623,2026-10-05 12:00:00,26.22,EUR,CREATED,region-06623,web
ORD-P006624,CUST-0624,2026-10-05 12:00:00,26.23,EUR,CREATED,region-06624,web
ORD-P006625,CUST-0625,2026-10-05 12:00:00,26.24,EUR,CREATED,region-06625,web
ORD-P006626,CUST-0626,2026-10-05 12:00:00,26.25,EUR,CREATED,region-06626,web
ORD-P006627,CUST-0627,2026-10-05 12:00:00,26.26,EUR,CREATED,region-06627,web
ORD-P006628,CUST-0628,2026-10-05 12:00:00,26.27,EUR,CREATED,region-06628,web
ORD-P006629,CUST-0629,2026-10-05 12:00:00,26.28,EUR,CREATED,region-06629,web
ORD-P006630,CUST-0630,2026-10-05 12:00:00,26.29,EUR,CREATED,region-06630,web
ORD-P006631,CUST-0631,2026-10-05 12:00:00,26.30,EUR,CREATED,region-06631,web
ORD-P006632,CUST-0632,2026-10-05 12:00:00,26.31,EUR,CREATED,region-06632,web
ORD-P006633,CUST-0633,2026-10-05 12:00:00,26.32,EUR,CREATED,region-06633,web
ORD-P006634,CUST-0634,2026-10-05 12:00:00,26.33,EUR,CREATED,region-06634,web
ORD-P006635,CUST-0635,2026-10-05 12:00:00,26.34,EUR,CREATED,region-06635,web
ORD-P006636,CUST-0636,2026-10-05 12:00:00,26.35,EUR,CREATED,region-06636,web
ORD-P006637,CUST-0637,2026-10-05 12:00:00,26.36,EUR,CREATED,region-06637,web
ORD-P006638,CUST-0638,2026-10-05 12:00:00,26.37,EUR,CREATED,region-06638,web
ORD-P006639,CUST-0639,2026-10-05 12:00:00,26.38,EUR,CREATED,region-06639,web
ORD-P006640,CUST-0640,2026-10-05 12:00:00,26.39,EUR,CREATED,region-06640,web
ORD-P006641,CUST-0641,2026-10-05 12:00:00,26.40,EUR,CREATED,region-06641,web
ORD-P006642,CUST-0642,2026-10-05 12:00:00,26.41,EUR,CREATED,region-06642,web
ORD-P006643,CUST-0643,2026-10-05 12:00:00,26.42,EUR,CREATED,region-06643,web
ORD-P006644,CUST-0644,2026-10-05 12:00:00,26.43,EUR,CREATED,region-06644,web
ORD-P006645,CUST-0645,2026-10-05 12:00:00,26.44,EUR,CREATED,region-06645,web
ORD-P006646,CUST-0646,2026-10-05 12:00:00,26.45,EUR,CREATED,region-06646,web
ORD-P006647,CUST-0647,2026-10-05 12:00:00,26.46,EUR,CREATED,region-06647,web
ORD-P006648,CUST-0648,2026-10-05 12:00:00,26.47,EUR,CREATED,region-06648,web
ORD-P006649,CUST-0649,2026-10-05 12:00:00,26.48,EUR,CREATED,region-06649,web
ORD-P006650,CUST-0650,2026-10-05 12:00:00,26.49,EUR,CREATED,region-06650,web
ORD-P006651,CUST-0651,2026-10-05 12:00:00,26.50,EUR,CREATED,region-06651,web
ORD-P006652,CUST-0652,2026-10-05 12:00:00,26.51,EUR,CREATED,region-06652,web
ORD-P006653,CUST-0653,2026-10-05 12:00:00,26.52,EUR,CREATED,region-06653,web
ORD-P006654,CUST-0654,2026-10-05 12:00:00,26.53,EUR,CREATED,region-06654,web
ORD-P006655,CUST-0655,2026-10-05 12:00:00,26.54,EUR,CREATED,region-06655,web
ORD-P006656,CUST-0656,2026-10-05 12:00:00,26.55,EUR,CREATED,region-06656,web
ORD-P006657,CUST-0657,2026-10-05 12:00:00,26.56,EUR,CREATED,region-06657,web
ORD-P006658,CUST-0658,2026-10-05 12:00:00,26.57,EUR,CREATED,region-06658,web
ORD-P006659,CUST-0659,2026-10-05 12:00:00,26.58,EUR,CREATED,region-06659,web
ORD-P006660,CUST-0660,2026-10-05 12:00:00,26.59,EUR,CREATED,region-06660,web
ORD-P006661,CUST-0661,2026-10-05 12:00:00,26.60,EUR,CREATED,region-06661,web
ORD-P006662,CUST-0662,2026-10-05 12:00:00,26.61,EUR,CREATED,region-06662,web
ORD-P006663,CUST-0663,2026-10-05 12:00:00,26.62,EUR,CREATED,region-06663,web
ORD-P006664,CUST-0664,2026-10-05 12:00:00,26.63,EUR,CREATED,region-06664,web
ORD-P006665,CUST-0665,2026-10-05 12:00:00,26.64,EUR,CREATED,region-06665,web
ORD-P006666,CUST-0666,2026-10-05 12:00:00,26.65,EUR,CREATED,region-06666,web
ORD-P006667,CUST-0667,2026-10-05 12:00:00,26.66,EUR,CREATED,region-06667,web
ORD-P006668,CUST-0668,2026-10-05 12:00:00,26.67,EUR,CREATED,region-06668,web
ORD-P006669,CUST-0669,2026-10-05 12:00:00,26.68,EUR,CREATED,region-06669,web
ORD-P006670,CUST-0670,2026-10-05 12:00:00,26.69,EUR,CREATED,region-06670,web
ORD-P006671,CUST-0671,2026-10-05 12:00:00,26.70,EUR,CREATED,region-06671,web
ORD-P006672,CUST-0672,2026-10-05 12:00:00,26.71,EUR,CREATED,region-06672,web
ORD-P006673,CUST-0673,2026-10-05 12:00:00,26.72,EUR,CREATED,region-06673,web
ORD-P006674,CUST-0674,2026-10-05 12:00:00,26.73,EUR,CREATED,region-06674,web
ORD-P006675,CUST-0675,2026-10-05 12:00:00,26.74,EUR,CREATED,region-06675,web
ORD-P006676,CUST-0676,2026-10-05 12:00:00,26.75,EUR,CREATED,region-06676,web
ORD-P006677,CUST-0677,2026-10-05 12:00:00,26.76,EUR,CREATED,region-06677,web
ORD-P006678,CUST-0678,2026-10-05 12:00:00,26.77,EUR,CREATED,region-06678,web
ORD-P006679,CUST-0679,2026-10-05 12:00:00,26.78,EUR,CREATED,region-06679,web
ORD-P006680,CUST-0680,2026-10-05 12:00:00,26.79,EUR,CREATED,region-06680,web
ORD-P006681,CUST-0681,2026-10-05 12:00:00,26.80,EUR,CREATED,region-06681,web
ORD-P006682,CUST-0682,2026-10-05 12:00:00,26.81,EUR,CREATED,region-06682,web
ORD-P006683,CUST-0683,2026-10-05 12:00:00,26.82,EUR,CREATED,region-06683,web
ORD-P006684,CUST-0684,2026-10-05 12:00:00,26.83,EUR,CREATED,region-06684,web
ORD-P006685,CUST-0685,2026-10-05 12:00:00,26.84,EUR,CREATED,region-06685,web
ORD-P006686,CUST-0686,2026-10-05 12:00:00,26.85,EUR,CREATED,region-06686,web
ORD-P006687,CUST-0687,2026-10-05 12:00:00,26.86,EUR,CREATED,region-06687,web
ORD-P006688,CUST-0688,2026-10-05 12:00:00,26.87,EUR,CREATED,region-06688,web
ORD-P006689,CUST-0689,2026-10-05 12:00:00,26.88,EUR,CREATED,region-06689,web
ORD-P006690,CUST-0690,2026-10-05 12:00:00,26.89,EUR,CREATED,region-06690,web
ORD-P006691,CUST-0691,2026-10-05 12:00:00,26.90,EUR,CREATED,region-06691,web
ORD-P006692,CUST-0692,2026-10-05 12:00:00,26.91,EUR,CREATED,region-06692,web
ORD-P006693,CUST-0693,2026-10-05 12:00:00,26.92,EUR,CREATED,region-06693,web
ORD-P006694,CUST-0694,2026-10-05 12:00:00,26.93,EUR,CREATED,region-06694,web
ORD-P006695,CUST-0695,2026-10-05 12:00:00,26.94,EUR,CREATED,region-06695,web
ORD-P006696,CUST-0696,2026-10-05 12:00:00,26.95,EUR,CREATED,region-06696,web
ORD-P006697,CUST-0697,2026-10-05 12:00:00,26.96,EUR,CREATED,region-06697,web
ORD-P006698,CUST-0698,2026-10-05 12:00:00,26.97,EUR,CREATED,region-06698,web
ORD-P006699,CUST-0699,2026-10-05 12:00:00,26.98,EUR,CREATED,region-06699,web
ORD-P006700,CUST-0700,2026-10-05 12:00:00,26.99,EUR,CREATED,region-06700,web
ORD-P006701,CUST-0701,2026-10-05 12:00:00,27.00,EUR,CREATED,region-06701,web
ORD-P006702,CUST-0702,2026-10-05 12:00:00,27.01,EUR,CREATED,region-06702,web
ORD-P006703,CUST-0703,2026-10-05 12:00:00,27.02,EUR,CREATED,region-06703,web
ORD-P006704,CUST-0704,2026-10-05 12:00:00,27.03,EUR,CREATED,region-06704,web
ORD-P006705,CUST-0705,2026-10-05 12:00:00,27.04,EUR,CREATED,region-06705,web
ORD-P006706,CUST-0706,2026-10-05 12:00:00,27.05,EUR,CREATED,region-06706,web
ORD-P006707,CUST-0707,2026-10-05 12:00:00,27.06,EUR,CREATED,region-06707,web
ORD-P006708,CUST-0708,2026-10-05 12:00:00,27.07,EUR,CREATED,region-06708,web
ORD-P006709,CUST-0709,2026-10-05 12:00:00,27.08,EUR,CREATED,region-06709,web
ORD-P006710,CUST-0710,2026-10-05 12:00:00,27.09,EUR,CREATED,region-06710,web
ORD-P006711,CUST-0711,2026-10-05 12:00:00,27.10,EUR,CREATED,region-06711,web
ORD-P006712,CUST-0712,2026-10-05 12:00:00,27.11,EUR,CREATED,region-06712,web
ORD-P006713,CUST-0713,2026-10-05 12:00:00,27.12,EUR,CREATED,region-06713,web
ORD-P006714,CUST-0714,2026-10-05 12:00:00,27.13,EUR,CREATED,region-06714,web
ORD-P006715,CUST-0715,2026-10-05 12:00:00,27.14,EUR,CREATED,region-06715,web
ORD-P006716,CUST-0716,2026-10-05 12:00:00,27.15,EUR,CREATED,region-06716,web
ORD-P006717,CUST-0717,2026-10-05 12:00:00,27.16,EUR,CREATED,region-06717,web
ORD-P006718,CUST-0718,2026-10-05 12:00:00,27.17,EUR,CREATED,region-06718,web
ORD-P006719,CUST-0719,2026-10-05 12:00:00,27.18,EUR,CREATED,region-06719,web
ORD-P006720,CUST-0720,2026-10-05 12:00:00,27.19,EUR,CREATED,region-06720,web
ORD-P006721,CUST-0721,2026-10-05 12:00:00,27.20,EUR,CREATED,region-06721,web
ORD-P006722,CUST-0722,2026-10-05 12:00:00,27.21,EUR,CREATED,region-06722,web
ORD-P006723,CUST-0723,2026-10-05 12:00:00,27.22,EUR,CREATED,region-06723,web
ORD-P006724,CUST-0724,2026-10-05 12:00:00,27.23,EUR,CREATED,region-06724,web
ORD-P006725,CUST-0725,2026-10-05 12:00:00,27.24,EUR,CREATED,region-06725,web
ORD-P006726,CUST-0726,2026-10-05 12:00:00,27.25,EUR,CREATED,region-06726,web
ORD-P006727,CUST-0727,2026-10-05 12:00:00,27.26,EUR,CREATED,region-06727,web
ORD-P006728,CUST-0728,2026-10-05 12:00:00,27.27,EUR,CREATED,region-06728,web
ORD-P006729,CUST-0729,2026-10-05 12:00:00,27.28,EUR,CREATED,region-06729,web
ORD-P006730,CUST-0730,2026-10-05 12:00:00,27.29,EUR,CREATED,region-06730,web
ORD-P006731,CUST-0731,2026-10-05 12:00:00,27.30,EUR,CREATED,region-06731,web
ORD-P006732,CUST-0732,2026-10-05 12:00:00,27.31,EUR,CREATED,region-06732,web
ORD-P006733,CUST-0733,2026-10-05 12:00:00,27.32,EUR,CREATED,region-06733,web
ORD-P006734,CUST-0734,2026-10-05 12:00:00,27.33,EUR,CREATED,region-06734,web
ORD-P006735,CUST-0735,2026-10-05 12:00:00,27.34,EUR,CREATED,region-06735,web
ORD-P006736,CUST-0736,2026-10-05 12:00:00,27.35,EUR,CREATED,region-06736,web
ORD-P006737,CUST-0737,2026-10-05 12:00:00,27.36,EUR,CREATED,region-06737,web
ORD-P006738,CUST-0738,2026-10-05 12:00:00,27.37,EUR,CREATED,region-06738,web
ORD-P006739,CUST-0739,2026-10-05 12:00:00,27.38,EUR,CREATED,region-06739,web
ORD-P006740,CUST-0740,2026-10-05 12:00:00,27.39,EUR,CREATED,region-06740,web
ORD-P006741,CUST-0741,2026-10-05 12:00:00,27.40,EUR,CREATED,region-06741,web
ORD-P006742,CUST-0742,2026-10-05 12:00:00,27.41,EUR,CREATED,region-06742,web
ORD-P006743,CUST-0743,2026-10-05 12:00:00,27.42,EUR,CREATED,region-06743,web
ORD-P006744,CUST-0744,2026-10-05 12:00:00,27.43,EUR,CREATED,region-06744,web
ORD-P006745,CUST-0745,2026-10-05 12:00:00,27.44,EUR,CREATED,region-06745,web
ORD-P006746,CUST-0746,2026-10-05 12:00:00,27.45,EUR,CREATED,region-06746,web
ORD-P006747,CUST-0747,2026-10-05 12:00:00,27.46,EUR,CREATED,region-06747,web
ORD-P006748,CUST-0748,2026-10-05 12:00:00,27.47,EUR,CREATED,region-06748,web
ORD-P006749,CUST-0749,2026-10-05 12:00:00,27.48,EUR,CREATED,region-06749,web
ORD-P006750,CUST-0750,2026-10-05 12:00:00,27.49,EUR,CREATED,region-06750,web
ORD-P006751,CUST-0751,2026-10-05 12:00:00,27.50,EUR,CREATED,region-06751,web
ORD-P006752,CUST-0752,2026-10-05 12:00:00,27.51,EUR,CREATED,region-06752,web
ORD-P006753,CUST-0753,2026-10-05 12:00:00,27.52,EUR,CREATED,region-06753,web
ORD-P006754,CUST-0754,2026-10-05 12:00:00,27.53,EUR,CREATED,region-06754,web
ORD-P006755,CUST-0755,2026-10-05 12:00:00,27.54,EUR,CREATED,region-06755,web
ORD-P006756,CUST-0756,2026-10-05 12:00:00,27.55,EUR,CREATED,region-06756,web
ORD-P006757,CUST-0757,2026-10-05 12:00:00,27.56,EUR,CREATED,region-06757,web
ORD-P006758,CUST-0758,2026-10-05 12:00:00,27.57,EUR,CREATED,region-06758,web
ORD-P006759,CUST-0759,2026-10-05 12:00:00,27.58,EUR,CREATED,region-06759,web
ORD-P006760,CUST-0760,2026-10-05 12:00:00,27.59,EUR,CREATED,region-06760,web
ORD-P006761,CUST-0761,2026-10-05 12:00:00,27.60,EUR,CREATED,region-06761,web
ORD-P006762,CUST-0762,2026-10-05 12:00:00,27.61,EUR,CREATED,region-06762,web
ORD-P006763,CUST-0763,2026-10-05 12:00:00,27.62,EUR,CREATED,region-06763,web
ORD-P006764,CUST-0764,2026-10-05 12:00:00,27.63,EUR,CREATED,region-06764,web
ORD-P006765,CUST-0765,2026-10-05 12:00:00,27.64,EUR,CREATED,region-06765,web
ORD-P006766,CUST-0766,2026-10-05 12:00:00,27.65,EUR,CREATED,region-06766,web
ORD-P006767,CUST-0767,2026-10-05 12:00:00,27.66,EUR,CREATED,region-06767,web
ORD-P006768,CUST-0768,2026-10-05 12:00:00,27.67,EUR,CREATED,region-06768,web
ORD-P006769,CUST-0769,2026-10-05 12:00:00,27.68,EUR,CREATED,region-06769,web
ORD-P006770,CUST-0770,2026-10-05 12:00:00,27.69,EUR,CREATED,region-06770,web
ORD-P006771,CUST-0771,2026-10-05 12:00:00,27.70,EUR,CREATED,region-06771,web
ORD-P006772,CUST-0772,2026-10-05 12:00:00,27.71,EUR,CREATED,region-06772,web
ORD-P006773,CUST-0773,2026-10-05 12:00:00,27.72,EUR,CREATED,region-06773,web
ORD-P006774,CUST-0774,2026-10-05 12:00:00,27.73,EUR,CREATED,region-06774,web
ORD-P006775,CUST-0775,2026-10-05 12:00:00,27.74,EUR,CREATED,region-06775,web
ORD-P006776,CUST-0776,2026-10-05 12:00:00,27.75,EUR,CREATED,region-06776,web
ORD-P006777,CUST-0777,2026-10-05 12:00:00,27.76,EUR,CREATED,region-06777,web
ORD-P006778,CUST-0778,2026-10-05 12:00:00,27.77,EUR,CREATED,region-06778,web
ORD-P006779,CUST-0779,2026-10-05 12:00:00,27.78,EUR,CREATED,region-06779,web
ORD-P006780,CUST-0780,2026-10-05 12:00:00,27.79,EUR,CREATED,region-06780,web
ORD-P006781,CUST-0781,2026-10-05 12:00:00,27.80,EUR,CREATED,region-06781,web
ORD-P006782,CUST-0782,2026-10-05 12:00:00,27.81,EUR,CREATED,region-06782,web
ORD-P006783,CUST-0783,2026-10-05 12:00:00,27.82,EUR,CREATED,region-06783,web
ORD-P006784,CUST-0784,2026-10-05 12:00:00,27.83,EUR,CREATED,region-06784,web
ORD-P006785,CUST-0785,2026-10-05 12:00:00,27.84,EUR,CREATED,region-06785,web
ORD-P006786,CUST-0786,2026-10-05 12:00:00,27.85,EUR,CREATED,region-06786,web
ORD-P006787,CUST-0787,2026-10-05 12:00:00,27.86,EUR,CREATED,region-06787,web
ORD-P006788,CUST-0788,2026-10-05 12:00:00,27.87,EUR,CREATED,region-06788,web
ORD-P006789,CUST-0789,2026-10-05 12:00:00,27.88,EUR,CREATED,region-06789,web
ORD-P006790,CUST-0790,2026-10-05 12:00:00,27.89,EUR,CREATED,region-06790,web
ORD-P006791,CUST-0791,2026-10-05 12:00:00,27.90,EUR,CREATED,region-06791,web
ORD-P006792,CUST-0792,2026-10-05 12:00:00,27.91,EUR,CREATED,region-06792,web
ORD-P006793,CUST-0793,2026-10-05 12:00:00,27.92,EUR,CREATED,region-06793,web
ORD-P006794,CUST-0794,2026-10-05 12:00:00,27.93,EUR,CREATED,region-06794,web
ORD-P006795,CUST-0795,2026-10-05 12:00:00,27.94,EUR,CREATED,region-06795,web
ORD-P006796,CUST-0796,2026-10-05 12:00:00,27.95,EUR,CREATED,region-06796,web
ORD-P006797,CUST-0797,2026-10-05 12:00:00,27.96,EUR,CREATED,region-06797,web
ORD-P006798,CUST-0798,2026-10-05 12:00:00,27.97,EUR,CREATED,region-06798,web
ORD-P006799,CUST-0799,2026-10-05 12:00:00,27.98,EUR,CREATED,region-06799,web
ORD-P006800,CUST-0800,2026-10-05 12:00:00,27.99,EUR,CREATED,region-06800,web
ORD-P006801,CUST-0801,2026-10-05 12:00:00,28.00,EUR,CREATED,region-06801,web
ORD-P006802,CUST-0802,2026-10-05 12:00:00,28.01,EUR,CREATED,region-06802,web
ORD-P006803,CUST-0803,2026-10-05 12:00:00,28.02,EUR,CREATED,region-06803,web
ORD-P006804,CUST-0804,2026-10-05 12:00:00,28.03,EUR,CREATED,region-06804,web
ORD-P006805,CUST-0805,2026-10-05 12:00:00,28.04,EUR,CREATED,region-06805,web
ORD-P006806,CUST-0806,2026-10-05 12:00:00,28.05,EUR,CREATED,region-06806,web
ORD-P006807,CUST-0807,2026-10-05 12:00:00,28.06,EUR,CREATED,region-06807,web
ORD-P006808,CUST-0808,2026-10-05 12:00:00,28.07,EUR,CREATED,region-06808,web
ORD-P006809,CUST-0809,2026-10-05 12:00:00,28.08,EUR,CREATED,region-06809,web
ORD-P006810,CUST-0810,2026-10-05 12:00:00,28.09,EUR,CREATED,region-06810,web
ORD-P006811,CUST-0811,2026-10-05 12:00:00,28.10,EUR,CREATED,region-06811,web
ORD-P006812,CUST-0812,2026-10-05 12:00:00,28.11,EUR,CREATED,region-06812,web
ORD-P006813,CUST-0813,2026-10-05 12:00:00,28.12,EUR,CREATED,region-06813,web
ORD-P006814,CUST-0814,2026-10-05 12:00:00,28.13,EUR,CREATED,region-06814,web
ORD-P006815,CUST-0815,2026-10-05 12:00:00,28.14,EUR,CREATED,region-06815,web
ORD-P006816,CUST-0816,2026-10-05 12:00:00,28.15,EUR,CREATED,region-06816,web
ORD-P006817,CUST-0817,2026-10-05 12:00:00,28.16,EUR,CREATED,region-06817,web
ORD-P006818,CUST-0818,2026-10-05 12:00:00,28.17,EUR,CREATED,region-06818,web
ORD-P006819,CUST-0819,2026-10-05 12:00:00,28.18,EUR,CREATED,region-06819,web
ORD-P006820,CUST-0820,2026-10-05 12:00:00,28.19,EUR,CREATED,region-06820,web
ORD-P006821,CUST-0821,2026-10-05 12:00:00,28.20,EUR,CREATED,region-06821,web
ORD-P006822,CUST-0822,2026-10-05 12:00:00,28.21,EUR,CREATED,region-06822,web
ORD-P006823,CUST-0823,2026-10-05 12:00:00,28.22,EUR,CREATED,region-06823,web
ORD-P006824,CUST-0824,2026-10-05 12:00:00,28.23,EUR,CREATED,region-06824,web
ORD-P006825,CUST-0825,2026-10-05 12:00:00,28.24,EUR,CREATED,region-06825,web
ORD-P006826,CUST-0826,2026-10-05 12:00:00,28.25,EUR,CREATED,region-06826,web
ORD-P006827,CUST-0827,2026-10-05 12:00:00,28.26,EUR,CREATED,region-06827,web
ORD-P006828,CUST-0828,2026-10-05 12:00:00,28.27,EUR,CREATED,region-06828,web
ORD-P006829,CUST-0829,2026-10-05 12:00:00,28.28,EUR,CREATED,region-06829,web
ORD-P006830,CUST-0830,2026-10-05 12:00:00,28.29,EUR,CREATED,region-06830,web
ORD-P006831,CUST-0831,2026-10-05 12:00:00,28.30,EUR,CREATED,region-06831,web
ORD-P006832,CUST-0832,2026-10-05 12:00:00,28.31,EUR,CREATED,region-06832,web
ORD-P006833,CUST-0833,2026-10-05 12:00:00,28.32,EUR,CREATED,region-06833,web
ORD-P006834,CUST-0834,2026-10-05 12:00:00,28.33,EUR,CREATED,region-06834,web
ORD-P006835,CUST-0835,2026-10-05 12:00:00,28.34,EUR,CREATED,region-06835,web
ORD-P006836,CUST-0836,2026-10-05 12:00:00,28.35,EUR,CREATED,region-06836,web
ORD-P006837,CUST-0837,2026-10-05 12:00:00,28.36,EUR,CREATED,region-06837,web
ORD-P006838,CUST-0838,2026-10-05 12:00:00,28.37,EUR,CREATED,region-06838,web
ORD-P006839,CUST-0839,2026-10-05 12:00:00,28.38,EUR,CREATED,region-06839,web
ORD-P006840,CUST-0840,2026-10-05 12:00:00,28.39,EUR,CREATED,region-06840,web
ORD-P006841,CUST-0841,2026-10-05 12:00:00,28.40,EUR,CREATED,region-06841,web
ORD-P006842,CUST-0842,2026-10-05 12:00:00,28.41,EUR,CREATED,region-06842,web
ORD-P006843,CUST-0843,2026-10-05 12:00:00,28.42,EUR,CREATED,region-06843,web
ORD-P006844,CUST-0844,2026-10-05 12:00:00,28.43,EUR,CREATED,region-06844,web
ORD-P006845,CUST-0845,2026-10-05 12:00:00,28.44,EUR,CREATED,region-06845,web
ORD-P006846,CUST-0846,2026-10-05 12:00:00,28.45,EUR,CREATED,region-06846,web
ORD-P006847,CUST-0847,2026-10-05 12:00:00,28.46,EUR,CREATED,region-06847,web
ORD-P006848,CUST-0848,2026-10-05 12:00:00,28.47,EUR,CREATED,region-06848,web
ORD-P006849,CUST-0849,2026-10-05 12:00:00,28.48,EUR,CREATED,region-06849,web
ORD-P006850,CUST-0850,2026-10-05 12:00:00,28.49,EUR,CREATED,region-06850,web
ORD-P006851,CUST-0851,2026-10-05 12:00:00,28.50,EUR,CREATED,region-06851,web
ORD-P006852,CUST-0852,2026-10-05 12:00:00,28.51,EUR,CREATED,region-06852,web
ORD-P006853,CUST-0853,2026-10-05 12:00:00,28.52,EUR,CREATED,region-06853,web
ORD-P006854,CUST-0854,2026-10-05 12:00:00,28.53,EUR,CREATED,region-06854,web
ORD-P006855,CUST-0855,2026-10-05 12:00:00,28.54,EUR,CREATED,region-06855,web
ORD-P006856,CUST-0856,2026-10-05 12:00:00,28.55,EUR,CREATED,region-06856,web
ORD-P006857,CUST-0857,2026-10-05 12:00:00,28.56,EUR,CREATED,region-06857,web
ORD-P006858,CUST-0858,2026-10-05 12:00:00,28.57,EUR,CREATED,region-06858,web
ORD-P006859,CUST-0859,2026-10-05 12:00:00,28.58,EUR,CREATED,region-06859,web
ORD-P006860,CUST-0860,2026-10-05 12:00:00,28.59,EUR,CREATED,region-06860,web
ORD-P006861,CUST-0861,2026-10-05 12:00:00,28.60,EUR,CREATED,region-06861,web
ORD-P006862,CUST-0862,2026-10-05 12:00:00,28.61,EUR,CREATED,region-06862,web
ORD-P006863,CUST-0863,2026-10-05 12:00:00,28.62,EUR,CREATED,region-06863,web
ORD-P006864,CUST-0864,2026-10-05 12:00:00,28.63,EUR,CREATED,region-06864,web
ORD-P006865,CUST-0865,2026-10-05 12:00:00,28.64,EUR,CREATED,region-06865,web
ORD-P006866,CUST-0866,2026-10-05 12:00:00,28.65,EUR,CREATED,region-06866,web
ORD-P006867,CUST-0867,2026-10-05 12:00:00,28.66,EUR,CREATED,region-06867,web
ORD-P006868,CUST-0868,2026-10-05 12:00:00,28.67,EUR,CREATED,region-06868,web
ORD-P006869,CUST-0869,2026-10-05 12:00:00,28.68,EUR,CREATED,region-06869,web
ORD-P006870,CUST-0870,2026-10-05 12:00:00,28.69,EUR,CREATED,region-06870,web
ORD-P006871,CUST-0871,2026-10-05 12:00:00,28.70,EUR,CREATED,region-06871,web
ORD-P006872,CUST-0872,2026-10-05 12:00:00,28.71,EUR,CREATED,region-06872,web
ORD-P006873,CUST-0873,2026-10-05 12:00:00,28.72,EUR,CREATED,region-06873,web
ORD-P006874,CUST-0874,2026-10-05 12:00:00,28.73,EUR,CREATED,region-06874,web
ORD-P006875,CUST-0875,2026-10-05 12:00:00,28.74,EUR,CREATED,region-06875,web
ORD-P006876,CUST-0876,2026-10-05 12:00:00,28.75,EUR,CREATED,region-06876,web
ORD-P006877,CUST-0877,2026-10-05 12:00:00,28.76,EUR,CREATED,region-06877,web
ORD-P006878,CUST-0878,2026-10-05 12:00:00,28.77,EUR,CREATED,region-06878,web
ORD-P006879,CUST-0879,2026-10-05 12:00:00,28.78,EUR,CREATED,region-06879,web
ORD-P006880,CUST-0880,2026-10-05 12:00:00,28.79,EUR,CREATED,region-06880,web
ORD-P006881,CUST-0881,2026-10-05 12:00:00,28.80,EUR,CREATED,region-06881,web
ORD-P006882,CUST-0882,2026-10-05 12:00:00,28.81,EUR,CREATED,region-06882,web
ORD-P006883,CUST-0883,2026-10-05 12:00:00,28.82,EUR,CREATED,region-06883,web
ORD-P006884,CUST-0884,2026-10-05 12:00:00,28.83,EUR,CREATED,region-06884,web
ORD-P006885,CUST-0885,2026-10-05 12:00:00,28.84,EUR,CREATED,region-06885,web
ORD-P006886,CUST-0886,2026-10-05 12:00:00,28.85,EUR,CREATED,region-06886,web
ORD-P006887,CUST-0887,2026-10-05 12:00:00,28.86,EUR,CREATED,region-06887,web
ORD-P006888,CUST-0888,2026-10-05 12:00:00,28.87,EUR,CREATED,region-06888,web
ORD-P006889,CUST-0889,2026-10-05 12:00:00,28.88,EUR,CREATED,region-06889,web
ORD-P006890,CUST-0890,2026-10-05 12:00:00,28.89,EUR,CREATED,region-06890,web
ORD-P006891,CUST-0891,2026-10-05 12:00:00,28.90,EUR,CREATED,region-06891,web
ORD-P006892,CUST-0892,2026-10-05 12:00:00,28.91,EUR,CREATED,region-06892,web
ORD-P006893,CUST-0893,2026-10-05 12:00:00,28.92,EUR,CREATED,region-06893,web
ORD-P006894,CUST-0894,2026-10-05 12:00:00,28.93,EUR,CREATED,region-06894,web
ORD-P006895,CUST-0895,2026-10-05 12:00:00,28.94,EUR,CREATED,region-06895,web
ORD-P006896,CUST-0896,2026-10-05 12:00:00,28.95,EUR,CREATED,region-06896,web
ORD-P006897,CUST-0897,2026-10-05 12:00:00,28.96,EUR,CREATED,region-06897,web
ORD-P006898,CUST-0898,2026-10-05 12:00:00,28.97,EUR,CREATED,region-06898,web
ORD-P006899,CUST-0899,2026-10-05 12:00:00,28.98,EUR,CREATED,region-06899,web
ORD-P006900,CUST-0900,2026-10-05 12:00:00,28.99,EUR,CREATED,region-06900,web
ORD-P006901,CUST-0901,2026-10-05 12:00:00,29.00,EUR,CREATED,region-06901,web
ORD-P006902,CUST-0902,2026-10-05 12:00:00,29.01,EUR,CREATED,region-06902,web
ORD-P006903,CUST-0903,2026-10-05 12:00:00,29.02,EUR,CREATED,region-06903,web
ORD-P006904,CUST-0904,2026-10-05 12:00:00,29.03,EUR,CREATED,region-06904,web
ORD-P006905,CUST-0905,2026-10-05 12:00:00,29.04,EUR,CREATED,region-06905,web
ORD-P006906,CUST-0906,2026-10-05 12:00:00,29.05,EUR,CREATED,region-06906,web
ORD-P006907,CUST-0907,2026-10-05 12:00:00,29.06,EUR,CREATED,region-06907,web
ORD-P006908,CUST-0908,2026-10-05 12:00:00,29.07,EUR,CREATED,region-06908,web
ORD-P006909,CUST-0909,2026-10-05 12:00:00,29.08,EUR,CREATED,region-06909,web
ORD-P006910,CUST-0910,2026-10-05 12:00:00,29.09,EUR,CREATED,region-06910,web
ORD-P006911,CUST-0911,2026-10-05 12:00:00,29.10,EUR,CREATED,region-06911,web
ORD-P006912,CUST-0912,2026-10-05 12:00:00,29.11,EUR,CREATED,region-06912,web
ORD-P006913,CUST-0913,2026-10-05 12:00:00,29.12,EUR,CREATED,region-06913,web
ORD-P006914,CUST-0914,2026-10-05 12:00:00,29.13,EUR,CREATED,region-06914,web
ORD-P006915,CUST-0915,2026-10-05 12:00:00,29.14,EUR,CREATED,region-06915,web
ORD-P006916,CUST-0916,2026-10-05 12:00:00,29.15,EUR,CREATED,region-06916,web
ORD-P006917,CUST-0917,2026-10-05 12:00:00,29.16,EUR,CREATED,region-06917,web
ORD-P006918,CUST-0918,2026-10-05 12:00:00,29.17,EUR,CREATED,region-06918,web
ORD-P006919,CUST-0919,2026-10-05 12:00:00,29.18,EUR,CREATED,region-06919,web
ORD-P006920,CUST-0920,2026-10-05 12:00:00,29.19,EUR,CREATED,region-06920,web
ORD-P006921,CUST-0921,2026-10-05 12:00:00,29.20,EUR,CREATED,region-06921,web
ORD-P006922,CUST-0922,2026-10-05 12:00:00,29.21,EUR,CREATED,region-06922,web
ORD-P006923,CUST-0923,2026-10-05 12:00:00,29.22,EUR,CREATED,region-06923,web
ORD-P006924,CUST-0924,2026-10-05 12:00:00,29.23,EUR,CREATED,region-06924,web
ORD-P006925,CUST-0925,2026-10-05 12:00:00,29.24,EUR,CREATED,region-06925,web
ORD-P006926,CUST-0926,2026-10-05 12:00:00,29.25,EUR,CREATED,region-06926,web
ORD-P006927,CUST-0927,2026-10-05 12:00:00,29.26,EUR,CREATED,region-06927,web
ORD-P006928,CUST-0928,2026-10-05 12:00:00,29.27,EUR,CREATED,region-06928,web
ORD-P006929,CUST-0929,2026-10-05 12:00:00,29.28,EUR,CREATED,region-06929,web
ORD-P006930,CUST-0930,2026-10-05 12:00:00,29.29,EUR,CREATED,region-06930,web
ORD-P006931,CUST-0931,2026-10-05 12:00:00,29.30,EUR,CREATED,region-06931,web
ORD-P006932,CUST-0932,2026-10-05 12:00:00,29.31,EUR,CREATED,region-06932,web
ORD-P006933,CUST-0933,2026-10-05 12:00:00,29.32,EUR,CREATED,region-06933,web
ORD-P006934,CUST-0934,2026-10-05 12:00:00,29.33,EUR,CREATED,region-06934,web
ORD-P006935,CUST-0935,2026-10-05 12:00:00,29.34,EUR,CREATED,region-06935,web
ORD-P006936,CUST-0936,2026-10-05 12:00:00,29.35,EUR,CREATED,region-06936,web
ORD-P006937,CUST-0937,2026-10-05 12:00:00,29.36,EUR,CREATED,region-06937,web
ORD-P006938,CUST-0938,2026-10-05 12:00:00,29.37,EUR,CREATED,region-06938,web
ORD-P006939,CUST-0939,2026-10-05 12:00:00,29.38,EUR,CREATED,region-06939,web
ORD-P006940,CUST-0940,2026-10-05 12:00:00,29.39,EUR,CREATED,region-06940,web
ORD-P006941,CUST-0941,2026-10-05 12:00:00,29.40,EUR,CREATED,region-06941,web
ORD-P006942,CUST-0942,2026-10-05 12:00:00,29.41,EUR,CREATED,region-06942,web
ORD-P006943,CUST-0943,2026-10-05 12:00:00,29.42,EUR,CREATED,region-06943,web
ORD-P006944,CUST-0944,2026-10-05 12:00:00,29.43,EUR,CREATED,region-06944,web
ORD-P006945,CUST-0945,2026-10-05 12:00:00,29.44,EUR,CREATED,region-06945,web
ORD-P006946,CUST-0946,2026-10-05 12:00:00,29.45,EUR,CREATED,region-06946,web
ORD-P006947,CUST-0947,2026-10-05 12:00:00,29.46,EUR,CREATED,region-06947,web
ORD-P006948,CUST-0948,2026-10-05 12:00:00,29.47,EUR,CREATED,region-06948,web
ORD-P006949,CUST-0949,2026-10-05 12:00:00,29.48,EUR,CREATED,region-06949,web
ORD-P006950,CUST-0950,2026-10-05 12:00:00,29.49,EUR,CREATED,region-06950,web
ORD-P006951,CUST-0951,2026-10-05 12:00:00,29.50,EUR,CREATED,region-06951,web
ORD-P006952,CUST-0952,2026-10-05 12:00:00,29.51,EUR,CREATED,region-06952,web
ORD-P006953,CUST-0953,2026-10-05 12:00:00,29.52,EUR,CREATED,region-06953,web
ORD-P006954,CUST-0954,2026-10-05 12:00:00,29.53,EUR,CREATED,region-06954,web
ORD-P006955,CUST-0955,2026-10-05 12:00:00,29.54,EUR,CREATED,region-06955,web
ORD-P006956,CUST-0956,2026-10-05 12:00:00,29.55,EUR,CREATED,region-06956,web
ORD-P006957,CUST-0957,2026-10-05 12:00:00,29.56,EUR,CREATED,region-06957,web
ORD-P006958,CUST-0958,2026-10-05 12:00:00,29.57,EUR,CREATED,region-06958,web
ORD-P006959,CUST-0959,2026-10-05 12:00:00,29.58,EUR,CREATED,region-06959,web
ORD-P006960,CUST-0960,2026-10-05 12:00:00,29.59,EUR,CREATED,region-06960,web
ORD-P006961,CUST-0961,2026-10-05 12:00:00,29.60,EUR,CREATED,region-06961,web
ORD-P006962,CUST-0962,2026-10-05 12:00:00,29.61,EUR,CREATED,region-06962,web
ORD-P006963,CUST-0963,2026-10-05 12:00:00,29.62,EUR,CREATED,region-06963,web
ORD-P006964,CUST-0964,2026-10-05 12:00:00,29.63,EUR,CREATED,region-06964,web
ORD-P006965,CUST-0965,2026-10-05 12:00:00,29.64,EUR,CREATED,region-06965,web
ORD-P006966,CUST-0966,2026-10-05 12:00:00,29.65,EUR,CREATED,region-06966,web
ORD-P006967,CUST-0967,2026-10-05 12:00:00,29.66,EUR,CREATED,region-06967,web
ORD-P006968,CUST-0968,2026-10-05 12:00:00,29.67,EUR,CREATED,region-06968,web
ORD-P006969,CUST-0969,2026-10-05 12:00:00,29.68,EUR,CREATED,region-06969,web
ORD-P006970,CUST-0970,2026-10-05 12:00:00,29.69,EUR,CREATED,region-06970,web
ORD-P006971,CUST-0971,2026-10-05 12:00:00,29.70,EUR,CREATED,region-06971,web
ORD-P006972,CUST-0972,2026-10-05 12:00:00,29.71,EUR,CREATED,region-06972,web
ORD-P006973,CUST-0973,2026-10-05 12:00:00,29.72,EUR,CREATED,region-06973,web
ORD-P006974,CUST-0974,2026-10-05 12:00:00,29.73,EUR,CREATED,region-06974,web
ORD-P006975,CUST-0975,2026-10-05 12:00:00,29.74,EUR,CREATED,region-06975,web
ORD-P006976,CUST-0976,2026-10-05 12:00:00,29.75,EUR,CREATED,region-06976,web
ORD-P006977,CUST-0977,2026-10-05 12:00:00,29.76,EUR,CREATED,region-06977,web
ORD-P006978,CUST-0978,2026-10-05 12:00:00,29.77,EUR,CREATED,region-06978,web
ORD-P006979,CUST-0979,2026-10-05 12:00:00,29.78,EUR,CREATED,region-06979,web
ORD-P006980,CUST-0980,2026-10-05 12:00:00,29.79,EUR,CREATED,region-06980,web
ORD-P006981,CUST-0981,2026-10-05 12:00:00,29.80,EUR,CREATED,region-06981,web
ORD-P006982,CUST-0982,2026-10-05 12:00:00,29.81,EUR,CREATED,region-06982,web
ORD-P006983,CUST-0983,2026-10-05 12:00:00,29.82,EUR,CREATED,region-06983,web
ORD-P006984,CUST-0984,2026-10-05 12:00:00,29.83,EUR,CREATED,region-06984,web
ORD-P006985,CUST-0985,2026-10-05 12:00:00,29.84,EUR,CREATED,region-06985,web
ORD-P006986,CUST-0986,2026-10-05 12:00:00,29.85,EUR,CREATED,region-06986,web
ORD-P006987,CUST-0987,2026-10-05 12:00:00,29.86,EUR,CREATED,region-06987,web
ORD-P006988,CUST-0988,2026-10-05 12:00:00,29.87,EUR,CREATED,region-06988,web
ORD-P006989,CUST-0989,2026-10-05 12:00:00,29.88,EUR,CREATED,region-06989,web
ORD-P006990,CUST-0990,2026-10-05 12:00:00,29.89,EUR,CREATED,region-06990,web
ORD-P006991,CUST-0991,2026-10-05 12:00:00,29.90,EUR,CREATED,region-06991,web
ORD-P006992,CUST-0992,2026-10-05 12:00:00,29.91,EUR,CREATED,region-06992,web
ORD-P006993,CUST-0993,2026-10-05 12:00:00,29.92,EUR,CREATED,region-06993,web
ORD-P006994,CUST-0994,2026-10-05 12:00:00,29.93,EUR,CREATED,region-06994,web
ORD-P006995,CUST-0995,2026-10-05 12:00:00,29.94,EUR,CREATED,region-06995,web
ORD-P006996,CUST-0996,2026-10-05 12:00:00,29.95,EUR,CREATED,region-06996,web
ORD-P006997,CUST-0997,2026-10-05 12:00:00,29.96,EUR,CREATED,region-06997,web
ORD-P006998,CUST-0998,2026-10-05 12:00:00,29.97,EUR,CREATED,region-06998,web
ORD-P006999,CUST-0999,2026-10-05 12:00:00,29.98,EUR,CREATED,region-06999,web
ORD-P007000,CUST-1000,2026-10-05 12:00:00,29.99,EUR,CREATED,region-07000,web
ORD-P007001,CUST-1001,2026-10-05 12:00:00,30.00,EUR,CREATED,region-07001,web
ORD-P007002,CUST-1002,2026-10-05 12:00:00,30.01,EUR,CREATED,region-07002,web
ORD-P007003,CUST-1003,2026-10-05 12:00:00,30.02,EUR,CREATED,region-07003,web
ORD-P007004,CUST-1004,2026-10-05 12:00:00,30.03,EUR,CREATED,region-07004,web
ORD-P007005,CUST-1005,2026-10-05 12:00:00,30.04,EUR,CREATED,region-07005,web
ORD-P007006,CUST-1006,2026-10-05 12:00:00,30.05,EUR,CREATED,region-07006,web
ORD-P007007,CUST-1007,2026-10-05 12:00:00,30.06,EUR,CREATED,region-07007,web
ORD-P007008,CUST-1008,2026-10-05 12:00:00,30.07,EUR,CREATED,region-07008,web
ORD-P007009,CUST-1009,2026-10-05 12:00:00,30.08,EUR,CREATED,region-07009,web
ORD-P007010,CUST-1010,2026-10-05 12:00:00,30.09,EUR,CREATED,region-07010,web
ORD-P007011,CUST-1011,2026-10-05 12:00:00,30.10,EUR,CREATED,region-07011,web
ORD-P007012,CUST-1012,2026-10-05 12:00:00,30.11,EUR,CREATED,region-07012,web
ORD-P007013,CUST-1013,2026-10-05 12:00:00,30.12,EUR,CREATED,region-07013,web
ORD-P007014,CUST-1014,2026-10-05 12:00:00,30.13,EUR,CREATED,region-07014,web
ORD-P007015,CUST-1015,2026-10-05 12:00:00,30.14,EUR,CREATED,region-07015,web
ORD-P007016,CUST-1016,2026-10-05 12:00:00,30.15,EUR,CREATED,region-07016,web
ORD-P007017,CUST-1017,2026-10-05 12:00:00,30.16,EUR,CREATED,region-07017,web
ORD-P007018,CUST-1018,2026-10-05 12:00:00,30.17,EUR,CREATED,region-07018,web
ORD-P007019,CUST-1019,2026-10-05 12:00:00,30.18,EUR,CREATED,region-07019,web
ORD-P007020,CUST-1020,2026-10-05 12:00:00,30.19,EUR,CREATED,region-07020,web
ORD-P007021,CUST-1021,2026-10-05 12:00:00,30.20,EUR,CREATED,region-07021,web
ORD-P007022,CUST-1022,2026-10-05 12:00:00,30.21,EUR,CREATED,region-07022,web
ORD-P007023,CUST-1023,2026-10-05 12:00:00,30.22,EUR,CREATED,region-07023,web
ORD-P007024,CUST-1024,2026-10-05 12:00:00,30.23,EUR,CREATED,region-07024,web
ORD-P007025,CUST-1025,2026-10-05 12:00:00,30.24,EUR,CREATED,region-07025,web
ORD-P007026,CUST-1026,2026-10-05 12:00:00,30.25,EUR,CREATED,region-07026,web
ORD-P007027,CUST-1027,2026-10-05 12:00:00,30.26,EUR,CREATED,region-07027,web
ORD-P007028,CUST-1028,2026-10-05 12:00:00,30.27,EUR,CREATED,region-07028,web
ORD-P007029,CUST-1029,2026-10-05 12:00:00,30.28,EUR,CREATED,region-07029,web
ORD-P007030,CUST-1030,2026-10-05 12:00:00,30.29,EUR,CREATED,region-07030,web
ORD-P007031,CUST-1031,2026-10-05 12:00:00,30.30,EUR,CREATED,region-07031,web
ORD-P007032,CUST-1032,2026-10-05 12:00:00,30.31,EUR,CREATED,region-07032,web
ORD-P007033,CUST-1033,2026-10-05 12:00:00,30.32,EUR,CREATED,region-07033,web
ORD-P007034,CUST-1034,2026-10-05 12:00:00,30.33,EUR,CREATED,region-07034,web
ORD-P007035,CUST-1035,2026-10-05 12:00:00,30.34,EUR,CREATED,region-07035,web
ORD-P007036,CUST-1036,2026-10-05 12:00:00,30.35,EUR,CREATED,region-07036,web
ORD-P007037,CUST-1037,2026-10-05 12:00:00,30.36,EUR,CREATED,region-07037,web
ORD-P007038,CUST-1038,2026-10-05 12:00:00,30.37,EUR,CREATED,region-07038,web
ORD-P007039,CUST-1039,2026-10-05 12:00:00,30.38,EUR,CREATED,region-07039,web
ORD-P007040,CUST-1040,2026-10-05 12:00:00,30.39,EUR,CREATED,region-07040,web
ORD-P007041,CUST-1041,2026-10-05 12:00:00,30.40,EUR,CREATED,region-07041,web
ORD-P007042,CUST-1042,2026-10-05 12:00:00,30.41,EUR,CREATED,region-07042,web
ORD-P007043,CUST-1043,2026-10-05 12:00:00,30.42,EUR,CREATED,region-07043,web
ORD-P007044,CUST-1044,2026-10-05 12:00:00,30.43,EUR,CREATED,region-07044,web
ORD-P007045,CUST-1045,2026-10-05 12:00:00,30.44,EUR,CREATED,region-07045,web
ORD-P007046,CUST-1046,2026-10-05 12:00:00,30.45,EUR,CREATED,region-07046,web
ORD-P007047,CUST-1047,2026-10-05 12:00:00,30.46,EUR,CREATED,region-07047,web
ORD-P007048,CUST-1048,2026-10-05 12:00:00,30.47,EUR,CREATED,region-07048,web
ORD-P007049,CUST-1049,2026-10-05 12:00:00,30.48,EUR,CREATED,region-07049,web
ORD-P007050,CUST-1050,2026-10-05 12:00:00,30.49,EUR,CREATED,region-07050,web
ORD-P007051,CUST-1051,2026-10-05 12:00:00,30.50,EUR,CREATED,region-07051,web
ORD-P007052,CUST-1052,2026-10-05 12:00:00,30.51,EUR,CREATED,region-07052,web
ORD-P007053,CUST-1053,2026-10-05 12:00:00,30.52,EUR,CREATED,region-07053,web
ORD-P007054,CUST-1054,2026-10-05 12:00:00,30.53,EUR,CREATED,region-07054,web
ORD-P007055,CUST-1055,2026-10-05 12:00:00,30.54,EUR,CREATED,region-07055,web
ORD-P007056,CUST-1056,2026-10-05 12:00:00,30.55,EUR,CREATED,region-07056,web
ORD-P007057,CUST-1057,2026-10-05 12:00:00,30.56,EUR,CREATED,region-07057,web
ORD-P007058,CUST-1058,2026-10-05 12:00:00,30.57,EUR,CREATED,region-07058,web
ORD-P007059,CUST-1059,2026-10-05 12:00:00,30.58,EUR,CREATED,region-07059,web
ORD-P007060,CUST-1060,2026-10-05 12:00:00,30.59,EUR,CREATED,region-07060,web
ORD-P007061,CUST-1061,2026-10-05 12:00:00,30.60,EUR,CREATED,region-07061,web
ORD-P007062,CUST-1062,2026-10-05 12:00:00,30.61,EUR,CREATED,region-07062,web
ORD-P007063,CUST-1063,2026-10-05 12:00:00,30.62,EUR,CREATED,region-07063,web
ORD-P007064,CUST-1064,2026-10-05 12:00:00,30.63,EUR,CREATED,region-07064,web
ORD-P007065,CUST-1065,2026-10-05 12:00:00,30.64,EUR,CREATED,region-07065,web
ORD-P007066,CUST-1066,2026-10-05 12:00:00,30.65,EUR,CREATED,region-07066,web
ORD-P007067,CUST-1067,2026-10-05 12:00:00,30.66,EUR,CREATED,region-07067,web
ORD-P007068,CUST-1068,2026-10-05 12:00:00,30.67,EUR,CREATED,region-07068,web
ORD-P007069,CUST-1069,2026-10-05 12:00:00,30.68,EUR,CREATED,region-07069,web
ORD-P007070,CUST-1070,2026-10-05 12:00:00,30.69,EUR,CREATED,region-07070,web
ORD-P007071,CUST-1071,2026-10-05 12:00:00,30.70,EUR,CREATED,region-07071,web
ORD-P007072,CUST-1072,2026-10-05 12:00:00,30.71,EUR,CREATED,region-07072,web
ORD-P007073,CUST-1073,2026-10-05 12:00:00,30.72,EUR,CREATED,region-07073,web
ORD-P007074,CUST-1074,2026-10-05 12:00:00,30.73,EUR,CREATED,region-07074,web
ORD-P007075,CUST-1075,2026-10-05 12:00:00,30.74,EUR,CREATED,region-07075,web
ORD-P007076,CUST-1076,2026-10-05 12:00:00,30.75,EUR,CREATED,region-07076,web
ORD-P007077,CUST-1077,2026-10-05 12:00:00,30.76,EUR,CREATED,region-07077,web
ORD-P007078,CUST-1078,2026-10-05 12:00:00,30.77,EUR,CREATED,region-07078,web
ORD-P007079,CUST-1079,2026-10-05 12:00:00,30.78,EUR,CREATED,region-07079,web
ORD-P007080,CUST-1080,2026-10-05 12:00:00,30.79,EUR,CREATED,region-07080,web
ORD-P007081,CUST-1081,2026-10-05 12:00:00,30.80,EUR,CREATED,region-07081,web
ORD-P007082,CUST-1082,2026-10-05 12:00:00,30.81,EUR,CREATED,region-07082,web
ORD-P007083,CUST-1083,2026-10-05 12:00:00,30.82,EUR,CREATED,region-07083,web
ORD-P007084,CUST-1084,2026-10-05 12:00:00,30.83,EUR,CREATED,region-07084,web
ORD-P007085,CUST-1085,2026-10-05 12:00:00,30.84,EUR,CREATED,region-07085,web
ORD-P007086,CUST-1086,2026-10-05 12:00:00,30.85,EUR,CREATED,region-07086,web
ORD-P007087,CUST-1087,2026-10-05 12:00:00,30.86,EUR,CREATED,region-07087,web
ORD-P007088,CUST-1088,2026-10-05 12:00:00,30.87,EUR,CREATED,region-07088,web
ORD-P007089,CUST-1089,2026-10-05 12:00:00,30.88,EUR,CREATED,region-07089,web
ORD-P007090,CUST-1090,2026-10-05 12:00:00,30.89,EUR,CREATED,region-07090,web
ORD-P007091,CUST-1091,2026-10-05 12:00:00,30.90,EUR,CREATED,region-07091,web
ORD-P007092,CUST-1092,2026-10-05 12:00:00,30.91,EUR,CREATED,region-07092,web
ORD-P007093,CUST-1093,2026-10-05 12:00:00,30.92,EUR,CREATED,region-07093,web
ORD-P007094,CUST-1094,2026-10-05 12:00:00,30.93,EUR,CREATED,region-07094,web
ORD-P007095,CUST-1095,2026-10-05 12:00:00,30.94,EUR,CREATED,region-07095,web
ORD-P007096,CUST-1096,2026-10-05 12:00:00,30.95,EUR,CREATED,region-07096,web
ORD-P007097,CUST-1097,2026-10-05 12:00:00,30.96,EUR,CREATED,region-07097,web
ORD-P007098,CUST-1098,2026-10-05 12:00:00,30.97,EUR,CREATED,region-07098,web
ORD-P007099,CUST-1099,2026-10-05 12:00:00,30.98,EUR,CREATED,region-07099,web
ORD-P007100,CUST-1100,2026-10-05 12:00:00,30.99,EUR,CREATED,region-07100,web
ORD-P007101,CUST-1101,2026-10-05 12:00:00,31.00,EUR,CREATED,region-07101,web
ORD-P007102,CUST-1102,2026-10-05 12:00:00,31.01,EUR,CREATED,region-07102,web
ORD-P007103,CUST-1103,2026-10-05 12:00:00,31.02,EUR,CREATED,region-07103,web
ORD-P007104,CUST-1104,2026-10-05 12:00:00,31.03,EUR,CREATED,region-07104,web
ORD-P007105,CUST-1105,2026-10-05 12:00:00,31.04,EUR,CREATED,region-07105,web
ORD-P007106,CUST-1106,2026-10-05 12:00:00,31.05,EUR,CREATED,region-07106,web
ORD-P007107,CUST-1107,2026-10-05 12:00:00,31.06,EUR,CREATED,region-07107,web
ORD-P007108,CUST-1108,2026-10-05 12:00:00,31.07,EUR,CREATED,region-07108,web
ORD-P007109,CUST-1109,2026-10-05 12:00:00,31.08,EUR,CREATED,region-07109,web
ORD-P007110,CUST-1110,2026-10-05 12:00:00,31.09,EUR,CREATED,region-07110,web
ORD-P007111,CUST-1111,2026-10-05 12:00:00,31.10,EUR,CREATED,region-07111,web
ORD-P007112,CUST-1112,2026-10-05 12:00:00,31.11,EUR,CREATED,region-07112,web
ORD-P007113,CUST-1113,2026-10-05 12:00:00,31.12,EUR,CREATED,region-07113,web
ORD-P007114,CUST-1114,2026-10-05 12:00:00,31.13,EUR,CREATED,region-07114,web
ORD-P007115,CUST-1115,2026-10-05 12:00:00,31.14,EUR,CREATED,region-07115,web
ORD-P007116,CUST-1116,2026-10-05 12:00:00,31.15,EUR,CREATED,region-07116,web
ORD-P007117,CUST-1117,2026-10-05 12:00:00,31.16,EUR,CREATED,region-07117,web
ORD-P007118,CUST-1118,2026-10-05 12:00:00,31.17,EUR,CREATED,region-07118,web
ORD-P007119,CUST-1119,2026-10-05 12:00:00,31.18,EUR,CREATED,region-07119,web
ORD-P007120,CUST-1120,2026-10-05 12:00:00,31.19,EUR,CREATED,region-07120,web
ORD-P007121,CUST-1121,2026-10-05 12:00:00,31.20,EUR,CREATED,region-07121,web
ORD-P007122,CUST-1122,2026-10-05 12:00:00,31.21,EUR,CREATED,region-07122,web
ORD-P007123,CUST-1123,2026-10-05 12:00:00,31.22,EUR,CREATED,region-07123,web
ORD-P007124,CUST-1124,2026-10-05 12:00:00,31.23,EUR,CREATED,region-07124,web
ORD-P007125,CUST-1125,2026-10-05 12:00:00,31.24,EUR,CREATED,region-07125,web
ORD-P007126,CUST-1126,2026-10-05 12:00:00,31.25,EUR,CREATED,region-07126,web
ORD-P007127,CUST-1127,2026-10-05 12:00:00,31.26,EUR,CREATED,region-07127,web
ORD-P007128,CUST-1128,2026-10-05 12:00:00,31.27,EUR,CREATED,region-07128,web
ORD-P007129,CUST-1129,2026-10-05 12:00:00,31.28,EUR,CREATED,region-07129,web
ORD-P007130,CUST-1130,2026-10-05 12:00:00,31.29,EUR,CREATED,region-07130,web
ORD-P007131,CUST-1131,2026-10-05 12:00:00,31.30,EUR,CREATED,region-07131,web
ORD-P007132,CUST-1132,2026-10-05 12:00:00,31.31,EUR,CREATED,region-07132,web
ORD-P007133,CUST-1133,2026-10-05 12:00:00,31.32,EUR,CREATED,region-07133,web
ORD-P007134,CUST-1134,2026-10-05 12:00:00,31.33,EUR,CREATED,region-07134,web
ORD-P007135,CUST-1135,2026-10-05 12:00:00,31.34,EUR,CREATED,region-07135,web
ORD-P007136,CUST-1136,2026-10-05 12:00:00,31.35,EUR,CREATED,region-07136,web
ORD-P007137,CUST-1137,2026-10-05 12:00:00,31.36,EUR,CREATED,region-07137,web
ORD-P007138,CUST-1138,2026-10-05 12:00:00,31.37,EUR,CREATED,region-07138,web
ORD-P007139,CUST-1139,2026-10-05 12:00:00,31.38,EUR,CREATED,region-07139,web
ORD-P007140,CUST-1140,2026-10-05 12:00:00,31.39,EUR,CREATED,region-07140,web
ORD-P007141,CUST-1141,2026-10-05 12:00:00,31.40,EUR,CREATED,region-07141,web
ORD-P007142,CUST-1142,2026-10-05 12:00:00,31.41,EUR,CREATED,region-07142,web
ORD-P007143,CUST-1143,2026-10-05 12:00:00,31.42,EUR,CREATED,region-07143,web
ORD-P007144,CUST-1144,2026-10-05 12:00:00,31.43,EUR,CREATED,region-07144,web
ORD-P007145,CUST-1145,2026-10-05 12:00:00,31.44,EUR,CREATED,region-07145,web
ORD-P007146,CUST-1146,2026-10-05 12:00:00,31.45,EUR,CREATED,region-07146,web
ORD-P007147,CUST-1147,2026-10-05 12:00:00,31.46,EUR,CREATED,region-07147,web
ORD-P007148,CUST-1148,2026-10-05 12:00:00,31.47,EUR,CREATED,region-07148,web
ORD-P007149,CUST-1149,2026-10-05 12:00:00,31.48,EUR,CREATED,region-07149,web
ORD-P007150,CUST-1150,2026-10-05 12:00:00,31.49,EUR,CREATED,region-07150,web
ORD-P007151,CUST-1151,2026-10-05 12:00:00,31.50,EUR,CREATED,region-07151,web
ORD-P007152,CUST-1152,2026-10-05 12:00:00,31.51,EUR,CREATED,region-07152,web
ORD-P007153,CUST-1153,2026-10-05 12:00:00,31.52,EUR,CREATED,region-07153,web
ORD-P007154,CUST-1154,2026-10-05 12:00:00,31.53,EUR,CREATED,region-07154,web
ORD-P007155,CUST-1155,2026-10-05 12:00:00,31.54,EUR,CREATED,region-07155,web
ORD-P007156,CUST-1156,2026-10-05 12:00:00,31.55,EUR,CREATED,region-07156,web
ORD-P007157,CUST-1157,2026-10-05 12:00:00,31.56,EUR,CREATED,region-07157,web
ORD-P007158,CUST-1158,2026-10-05 12:00:00,31.57,EUR,CREATED,region-07158,web
ORD-P007159,CUST-1159,2026-10-05 12:00:00,31.58,EUR,CREATED,region-07159,web
ORD-P007160,CUST-1160,2026-10-05 12:00:00,31.59,EUR,CREATED,region-07160,web
ORD-P007161,CUST-1161,2026-10-05 12:00:00,31.60,EUR,CREATED,region-07161,web
ORD-P007162,CUST-1162,2026-10-05 12:00:00,31.61,EUR,CREATED,region-07162,web
ORD-P007163,CUST-1163,2026-10-05 12:00:00,31.62,EUR,CREATED,region-07163,web
ORD-P007164,CUST-1164,2026-10-05 12:00:00,31.63,EUR,CREATED,region-07164,web
ORD-P007165,CUST-1165,2026-10-05 12:00:00,31.64,EUR,CREATED,region-07165,web
ORD-P007166,CUST-1166,2026-10-05 12:00:00,31.65,EUR,CREATED,region-07166,web
ORD-P007167,CUST-1167,2026-10-05 12:00:00,31.66,EUR,CREATED,region-07167,web
ORD-P007168,CUST-1168,2026-10-05 12:00:00,31.67,EUR,CREATED,region-07168,web
ORD-P007169,CUST-1169,2026-10-05 12:00:00,31.68,EUR,CREATED,region-07169,web
ORD-P007170,CUST-1170,2026-10-05 12:00:00,31.69,EUR,CREATED,region-07170,web
ORD-P007171,CUST-1171,2026-10-05 12:00:00,31.70,EUR,CREATED,region-07171,web
ORD-P007172,CUST-1172,2026-10-05 12:00:00,31.71,EUR,CREATED,region-07172,web
ORD-P007173,CUST-1173,2026-10-05 12:00:00,31.72,EUR,CREATED,region-07173,web
ORD-P007174,CUST-1174,2026-10-05 12:00:00,31.73,EUR,CREATED,region-07174,web
ORD-P007175,CUST-1175,2026-10-05 12:00:00,31.74,EUR,CREATED,region-07175,web
ORD-P007176,CUST-1176,2026-10-05 12:00:00,31.75,EUR,CREATED,region-07176,web
ORD-P007177,CUST-1177,2026-10-05 12:00:00,31.76,EUR,CREATED,region-07177,web
ORD-P007178,CUST-1178,2026-10-05 12:00:00,31.77,EUR,CREATED,region-07178,web
ORD-P007179,CUST-1179,2026-10-05 12:00:00,31.78,EUR,CREATED,region-07179,web
ORD-P007180,CUST-1180,2026-10-05 12:00:00,31.79,EUR,CREATED,region-07180,web
ORD-P007181,CUST-1181,2026-10-05 12:00:00,31.80,EUR,CREATED,region-07181,web
ORD-P007182,CUST-1182,2026-10-05 12:00:00,31.81,EUR,CREATED,region-07182,web
ORD-P007183,CUST-1183,2026-10-05 12:00:00,31.82,EUR,CREATED,region-07183,web
ORD-P007184,CUST-1184,2026-10-05 12:00:00,31.83,EUR,CREATED,region-07184,web
ORD-P007185,CUST-1185,2026-10-05 12:00:00,31.84,EUR,CREATED,region-07185,web
ORD-P007186,CUST-1186,2026-10-05 12:00:00,31.85,EUR,CREATED,region-07186,web
ORD-P007187,CUST-1187,2026-10-05 12:00:00,31.86,EUR,CREATED,region-07187,web
ORD-P007188,CUST-1188,2026-10-05 12:00:00,31.87,EUR,CREATED,region-07188,web
ORD-P007189,CUST-1189,2026-10-05 12:00:00,31.88,EUR,CREATED,region-07189,web
ORD-P007190,CUST-1190,2026-10-05 12:00:00,31.89,EUR,CREATED,region-07190,web
ORD-P007191,CUST-1191,2026-10-05 12:00:00,31.90,EUR,CREATED,region-07191,web
ORD-P007192,CUST-1192,2026-10-05 12:00:00,31.91,EUR,CREATED,region-07192,web
ORD-P007193,CUST-1193,2026-10-05 12:00:00,31.92,EUR,CREATED,region-07193,web
ORD-P007194,CUST-1194,2026-10-05 12:00:00,31.93,EUR,CREATED,region-07194,web
ORD-P007195,CUST-1195,2026-10-05 12:00:00,31.94,EUR,CREATED,region-07195,web
ORD-P007196,CUST-1196,2026-10-05 12:00:00,31.95,EUR,CREATED,region-07196,web
ORD-P007197,CUST-1197,2026-10-05 12:00:00,31.96,EUR,CREATED,region-07197,web
ORD-P007198,CUST-1198,2026-10-05 12:00:00,31.97,EUR,CREATED,region-07198,web
ORD-P007199,CUST-1199,2026-10-05 12:00:00,31.98,EUR,CREATED,region-07199,web
ORD-P007200,CUST-1200,2026-10-05 12:00:00,31.99,EUR,CREATED,region-07200,web
ORD-P007201,CUST-1201,2026-10-05 12:00:00,32.00,EUR,CREATED,region-07201,web
ORD-P007202,CUST-1202,2026-10-05 12:00:00,32.01,EUR,CREATED,region-07202,web
ORD-P007203,CUST-1203,2026-10-05 12:00:00,32.02,EUR,CREATED,region-07203,web
ORD-P007204,CUST-1204,2026-10-05 12:00:00,32.03,EUR,CREATED,region-07204,web
ORD-P007205,CUST-1205,2026-10-05 12:00:00,32.04,EUR,CREATED,region-07205,web
ORD-P007206,CUST-1206,2026-10-05 12:00:00,32.05,EUR,CREATED,region-07206,web
ORD-P007207,CUST-1207,2026-10-05 12:00:00,32.06,EUR,CREATED,region-07207,web
ORD-P007208,CUST-1208,2026-10-05 12:00:00,32.07,EUR,CREATED,region-07208,web
ORD-P007209,CUST-1209,2026-10-05 12:00:00,32.08,EUR,CREATED,region-07209,web
ORD-P007210,CUST-1210,2026-10-05 12:00:00,32.09,EUR,CREATED,region-07210,web
ORD-P007211,CUST-1211,2026-10-05 12:00:00,32.10,EUR,CREATED,region-07211,web
ORD-P007212,CUST-1212,2026-10-05 12:00:00,32.11,EUR,CREATED,region-07212,web
ORD-P007213,CUST-1213,2026-10-05 12:00:00,32.12,EUR,CREATED,region-07213,web
ORD-P007214,CUST-1214,2026-10-05 12:00:00,32.13,EUR,CREATED,region-07214,web
ORD-P007215,CUST-1215,2026-10-05 12:00:00,32.14,EUR,CREATED,region-07215,web
ORD-P007216,CUST-1216,2026-10-05 12:00:00,32.15,EUR,CREATED,region-07216,web
ORD-P007217,CUST-1217,2026-10-05 12:00:00,32.16,EUR,CREATED,region-07217,web
ORD-P007218,CUST-1218,2026-10-05 12:00:00,32.17,EUR,CREATED,region-07218,web
ORD-P007219,CUST-1219,2026-10-05 12:00:00,32.18,EUR,CREATED,region-07219,web
ORD-P007220,CUST-1220,2026-10-05 12:00:00,32.19,EUR,CREATED,region-07220,web
ORD-P007221,CUST-1221,2026-10-05 12:00:00,32.20,EUR,CREATED,region-07221,web
ORD-P007222,CUST-1222,2026-10-05 12:00:00,32.21,EUR,CREATED,region-07222,web
ORD-P007223,CUST-1223,2026-10-05 12:00:00,32.22,EUR,CREATED,region-07223,web
ORD-P007224,CUST-1224,2026-10-05 12:00:00,32.23,EUR,CREATED,region-07224,web
ORD-P007225,CUST-1225,2026-10-05 12:00:00,32.24,EUR,CREATED,region-07225,web
ORD-P007226,CUST-1226,2026-10-05 12:00:00,32.25,EUR,CREATED,region-07226,web
ORD-P007227,CUST-1227,2026-10-05 12:00:00,32.26,EUR,CREATED,region-07227,web
ORD-P007228,CUST-1228,2026-10-05 12:00:00,32.27,EUR,CREATED,region-07228,web
ORD-P007229,CUST-1229,2026-10-05 12:00:00,32.28,EUR,CREATED,region-07229,web
ORD-P007230,CUST-1230,2026-10-05 12:00:00,32.29,EUR,CREATED,region-07230,web
ORD-P007231,CUST-1231,2026-10-05 12:00:00,32.30,EUR,CREATED,region-07231,web
ORD-P007232,CUST-1232,2026-10-05 12:00:00,32.31,EUR,CREATED,region-07232,web
ORD-P007233,CUST-1233,2026-10-05 12:00:00,32.32,EUR,CREATED,region-07233,web
ORD-P007234,CUST-1234,2026-10-05 12:00:00,32.33,EUR,CREATED,region-07234,web
ORD-P007235,CUST-1235,2026-10-05 12:00:00,32.34,EUR,CREATED,region-07235,web
ORD-P007236,CUST-1236,2026-10-05 12:00:00,32.35,EUR,CREATED,region-07236,web
ORD-P007237,CUST-1237,2026-10-05 12:00:00,32.36,EUR,CREATED,region-07237,web
ORD-P007238,CUST-1238,2026-10-05 12:00:00,32.37,EUR,CREATED,region-07238,web
ORD-P007239,CUST-1239,2026-10-05 12:00:00,32.38,EUR,CREATED,region-07239,web
ORD-P007240,CUST-1240,2026-10-05 12:00:00,32.39,EUR,CREATED,region-07240,web
ORD-P007241,CUST-1241,2026-10-05 12:00:00,32.40,EUR,CREATED,region-07241,web
ORD-P007242,CUST-1242,2026-10-05 12:00:00,32.41,EUR,CREATED,region-07242,web
ORD-P007243,CUST-1243,2026-10-05 12:00:00,32.42,EUR,CREATED,region-07243,web
ORD-P007244,CUST-1244,2026-10-05 12:00:00,32.43,EUR,CREATED,region-07244,web
ORD-P007245,CUST-1245,2026-10-05 12:00:00,32.44,EUR,CREATED,region-07245,web
ORD-P007246,CUST-1246,2026-10-05 12:00:00,32.45,EUR,CREATED,region-07246,web
ORD-P007247,CUST-1247,2026-10-05 12:00:00,32.46,EUR,CREATED,region-07247,web
ORD-P007248,CUST-1248,2026-10-05 12:00:00,32.47,EUR,CREATED,region-07248,web
ORD-P007249,CUST-1249,2026-10-05 12:00:00,32.48,EUR,CREATED,region-07249,web
ORD-P007250,CUST-1250,2026-10-05 12:00:00,32.49,EUR,CREATED,region-07250,web
ORD-P007251,CUST-1251,2026-10-05 12:00:00,32.50,EUR,CREATED,region-07251,web
ORD-P007252,CUST-1252,2026-10-05 12:00:00,32.51,EUR,CREATED,region-07252,web
ORD-P007253,CUST-1253,2026-10-05 12:00:00,32.52,EUR,CREATED,region-07253,web
ORD-P007254,CUST-1254,2026-10-05 12:00:00,32.53,EUR,CREATED,region-07254,web
ORD-P007255,CUST-1255,2026-10-05 12:00:00,32.54,EUR,CREATED,region-07255,web
ORD-P007256,CUST-1256,2026-10-05 12:00:00,32.55,EUR,CREATED,region-07256,web
ORD-P007257,CUST-1257,2026-10-05 12:00:00,32.56,EUR,CREATED,region-07257,web
ORD-P007258,CUST-1258,2026-10-05 12:00:00,32.57,EUR,CREATED,region-07258,web
ORD-P007259,CUST-1259,2026-10-05 12:00:00,32.58,EUR,CREATED,region-07259,web
ORD-P007260,CUST-1260,2026-10-05 12:00:00,32.59,EUR,CREATED,region-07260,web
ORD-P007261,CUST-1261,2026-10-05 12:00:00,32.60,EUR,CREATED,region-07261,web
ORD-P007262,CUST-1262,2026-10-05 12:00:00,32.61,EUR,CREATED,region-07262,web
ORD-P007263,CUST-1263,2026-10-05 12:00:00,32.62,EUR,CREATED,region-07263,web
ORD-P007264,CUST-1264,2026-10-05 12:00:00,32.63,EUR,CREATED,region-07264,web
ORD-P007265,CUST-1265,2026-10-05 12:00:00,32.64,EUR,CREATED,region-07265,web
ORD-P007266,CUST-1266,2026-10-05 12:00:00,32.65,EUR,CREATED,region-07266,web
ORD-P007267,CUST-1267,2026-10-05 12:00:00,32.66,EUR,CREATED,region-07267,web
ORD-P007268,CUST-1268,2026-10-05 12:00:00,32.67,EUR,CREATED,region-07268,web
ORD-P007269,CUST-1269,2026-10-05 12:00:00,32.68,EUR,CREATED,region-07269,web
ORD-P007270,CUST-1270,2026-10-05 12:00:00,32.69,EUR,CREATED,region-07270,web
ORD-P007271,CUST-1271,2026-10-05 12:00:00,32.70,EUR,CREATED,region-07271,web
ORD-P007272,CUST-1272,2026-10-05 12:00:00,32.71,EUR,CREATED,region-07272,web
ORD-P007273,CUST-1273,2026-10-05 12:00:00,32.72,EUR,CREATED,region-07273,web
ORD-P007274,CUST-1274,2026-10-05 12:00:00,32.73,EUR,CREATED,region-07274,web
ORD-P007275,CUST-1275,2026-10-05 12:00:00,32.74,EUR,CREATED,region-07275,web
ORD-P007276,CUST-1276,2026-10-05 12:00:00,32.75,EUR,CREATED,region-07276,web
ORD-P007277,CUST-1277,2026-10-05 12:00:00,32.76,EUR,CREATED,region-07277,web
ORD-P007278,CUST-1278,2026-10-05 12:00:00,32.77,EUR,CREATED,region-07278,web
ORD-P007279,CUST-1279,2026-10-05 12:00:00,32.78,EUR,CREATED,region-07279,web
ORD-P007280,CUST-1280,2026-10-05 12:00:00,32.79,EUR,CREATED,region-07280,web
ORD-P007281,CUST-1281,2026-10-05 12:00:00,32.80,EUR,CREATED,region-07281,web
ORD-P007282,CUST-1282,2026-10-05 12:00:00,32.81,EUR,CREATED,region-07282,web
ORD-P007283,CUST-1283,2026-10-05 12:00:00,32.82,EUR,CREATED,region-07283,web
ORD-P007284,CUST-1284,2026-10-05 12:00:00,32.83,EUR,CREATED,region-07284,web
ORD-P007285,CUST-1285,2026-10-05 12:00:00,32.84,EUR,CREATED,region-07285,web
ORD-P007286,CUST-1286,2026-10-05 12:00:00,32.85,EUR,CREATED,region-07286,web
ORD-P007287,CUST-1287,2026-10-05 12:00:00,32.86,EUR,CREATED,region-07287,web
ORD-P007288,CUST-1288,2026-10-05 12:00:00,32.87,EUR,CREATED,region-07288,web
ORD-P007289,CUST-1289,2026-10-05 12:00:00,32.88,EUR,CREATED,region-07289,web
ORD-P007290,CUST-1290,2026-10-05 12:00:00,32.89,EUR,CREATED,region-07290,web
ORD-P007291,CUST-1291,2026-10-05 12:00:00,32.90,EUR,CREATED,region-07291,web
ORD-P007292,CUST-1292,2026-10-05 12:00:00,32.91,EUR,CREATED,region-07292,web
ORD-P007293,CUST-1293,2026-10-05 12:00:00,32.92,EUR,CREATED,region-07293,web
ORD-P007294,CUST-1294,2026-10-05 12:00:00,32.93,EUR,CREATED,region-07294,web
ORD-P007295,CUST-1295,2026-10-05 12:00:00,32.94,EUR,CREATED,region-07295,web
ORD-P007296,CUST-1296,2026-10-05 12:00:00,32.95,EUR,CREATED,region-07296,web
ORD-P007297,CUST-1297,2026-10-05 12:00:00,32.96,EUR,CREATED,region-07297,web
ORD-P007298,CUST-1298,2026-10-05 12:00:00,32.97,EUR,CREATED,region-07298,web
ORD-P007299,CUST-1299,2026-10-05 12:00:00,32.98,EUR,CREATED,region-07299,web
ORD-P007300,CUST-1300,2026-10-05 12:00:00,32.99,EUR,CREATED,region-07300,web
ORD-P007301,CUST-1301,2026-10-05 12:00:00,33.00,EUR,CREATED,region-07301,web
ORD-P007302,CUST-1302,2026-10-05 12:00:00,33.01,EUR,CREATED,region-07302,web
ORD-P007303,CUST-1303,2026-10-05 12:00:00,33.02,EUR,CREATED,region-07303,web
ORD-P007304,CUST-1304,2026-10-05 12:00:00,33.03,EUR,CREATED,region-07304,web
ORD-P007305,CUST-1305,2026-10-05 12:00:00,33.04,EUR,CREATED,region-07305,web
ORD-P007306,CUST-1306,2026-10-05 12:00:00,33.05,EUR,CREATED,region-07306,web
ORD-P007307,CUST-1307,2026-10-05 12:00:00,33.06,EUR,CREATED,region-07307,web
ORD-P007308,CUST-1308,2026-10-05 12:00:00,33.07,EUR,CREATED,region-07308,web
ORD-P007309,CUST-1309,2026-10-05 12:00:00,33.08,EUR,CREATED,region-07309,web
ORD-P007310,CUST-1310,2026-10-05 12:00:00,33.09,EUR,CREATED,region-07310,web
ORD-P007311,CUST-1311,2026-10-05 12:00:00,33.10,EUR,CREATED,region-07311,web
ORD-P007312,CUST-1312,2026-10-05 12:00:00,33.11,EUR,CREATED,region-07312,web
ORD-P007313,CUST-1313,2026-10-05 12:00:00,33.12,EUR,CREATED,region-07313,web
ORD-P007314,CUST-1314,2026-10-05 12:00:00,33.13,EUR,CREATED,region-07314,web
ORD-P007315,CUST-1315,2026-10-05 12:00:00,33.14,EUR,CREATED,region-07315,web
ORD-P007316,CUST-1316,2026-10-05 12:00:00,33.15,EUR,CREATED,region-07316,web
ORD-P007317,CUST-1317,2026-10-05 12:00:00,33.16,EUR,CREATED,region-07317,web
ORD-P007318,CUST-1318,2026-10-05 12:00:00,33.17,EUR,CREATED,region-07318,web
ORD-P007319,CUST-1319,2026-10-05 12:00:00,33.18,EUR,CREATED,region-07319,web
ORD-P007320,CUST-1320,2026-10-05 12:00:00,33.19,EUR,CREATED,region-07320,web
ORD-P007321,CUST-1321,2026-10-05 12:00:00,33.20,EUR,CREATED,region-07321,web
ORD-P007322,CUST-1322,2026-10-05 12:00:00,33.21,EUR,CREATED,region-07322,web
ORD-P007323,CUST-1323,2026-10-05 12:00:00,33.22,EUR,CREATED,region-07323,web
ORD-P007324,CUST-1324,2026-10-05 12:00:00,33.23,EUR,CREATED,region-07324,web
ORD-P007325,CUST-1325,2026-10-05 12:00:00,33.24,EUR,CREATED,region-07325,web
ORD-P007326,CUST-1326,2026-10-05 12:00:00,33.25,EUR,CREATED,region-07326,web
ORD-P007327,CUST-1327,2026-10-05 12:00:00,33.26,EUR,CREATED,region-07327,web
ORD-P007328,CUST-1328,2026-10-05 12:00:00,33.27,EUR,CREATED,region-07328,web
ORD-P007329,CUST-1329,2026-10-05 12:00:00,33.28,EUR,CREATED,region-07329,web
ORD-P007330,CUST-1330,2026-10-05 12:00:00,33.29,EUR,CREATED,region-07330,web
ORD-P007331,CUST-1331,2026-10-05 12:00:00,33.30,EUR,CREATED,region-07331,web
ORD-P007332,CUST-1332,2026-10-05 12:00:00,33.31,EUR,CREATED,region-07332,web
ORD-P007333,CUST-1333,2026-10-05 12:00:00,33.32,EUR,CREATED,region-07333,web
ORD-P007334,CUST-1334,2026-10-05 12:00:00,33.33,EUR,CREATED,region-07334,web
ORD-P007335,CUST-1335,2026-10-05 12:00:00,33.34,EUR,CREATED,region-07335,web
ORD-P007336,CUST-1336,2026-10-05 12:00:00,33.35,EUR,CREATED,region-07336,web
ORD-P007337,CUST-1337,2026-10-05 12:00:00,33.36,EUR,CREATED,region-07337,web
ORD-P007338,CUST-1338,2026-10-05 12:00:00,33.37,EUR,CREATED,region-07338,web
ORD-P007339,CUST-1339,2026-10-05 12:00:00,33.38,EUR,CREATED,region-07339,web
ORD-P007340,CUST-1340,2026-10-05 12:00:00,33.39,EUR,CREATED,region-07340,web
ORD-P007341,CUST-1341,2026-10-05 12:00:00,33.40,EUR,CREATED,region-07341,web
ORD-P007342,CUST-1342,2026-10-05 12:00:00,33.41,EUR,CREATED,region-07342,web
ORD-P007343,CUST-1343,2026-10-05 12:00:00,33.42,EUR,CREATED,region-07343,web
ORD-P007344,CUST-1344,2026-10-05 12:00:00,33.43,EUR,CREATED,region-07344,web
ORD-P007345,CUST-1345,2026-10-05 12:00:00,33.44,EUR,CREATED,region-07345,web
ORD-P007346,CUST-1346,2026-10-05 12:00:00,33.45,EUR,CREATED,region-07346,web
ORD-P007347,CUST-1347,2026-10-05 12:00:00,33.46,EUR,CREATED,region-07347,web
ORD-P007348,CUST-1348,2026-10-05 12:00:00,33.47,EUR,CREATED,region-07348,web
ORD-P007349,CUST-1349,2026-10-05 12:00:00,33.48,EUR,CREATED,region-07349,web
ORD-P007350,CUST-1350,2026-10-05 12:00:00,33.49,EUR,CREATED,region-07350,web
ORD-P007351,CUST-1351,2026-10-05 12:00:00,33.50,EUR,CREATED,region-07351,web
ORD-P007352,CUST-1352,2026-10-05 12:00:00,33.51,EUR,CREATED,region-07352,web
ORD-P007353,CUST-1353,2026-10-05 12:00:00,33.52,EUR,CREATED,region-07353,web
ORD-P007354,CUST-1354,2026-10-05 12:00:00,33.53,EUR,CREATED,region-07354,web
ORD-P007355,CUST-1355,2026-10-05 12:00:00,33.54,EUR,CREATED,region-07355,web
ORD-P007356,CUST-1356,2026-10-05 12:00:00,33.55,EUR,CREATED,region-07356,web
ORD-P007357,CUST-1357,2026-10-05 12:00:00,33.56,EUR,CREATED,region-07357,web
ORD-P007358,CUST-1358,2026-10-05 12:00:00,33.57,EUR,CREATED,region-07358,web
ORD-P007359,CUST-1359,2026-10-05 12:00:00,33.58,EUR,CREATED,region-07359,web
ORD-P007360,CUST-1360,2026-10-05 12:00:00,33.59,EUR,CREATED,region-07360,web
ORD-P007361,CUST-1361,2026-10-05 12:00:00,33.60,EUR,CREATED,region-07361,web
ORD-P007362,CUST-1362,2026-10-05 12:00:00,33.61,EUR,CREATED,region-07362,web
ORD-P007363,CUST-1363,2026-10-05 12:00:00,33.62,EUR,CREATED,region-07363,web
ORD-P007364,CUST-1364,2026-10-05 12:00:00,33.63,EUR,CREATED,region-07364,web
ORD-P007365,CUST-1365,2026-10-05 12:00:00,33.64,EUR,CREATED,region-07365,web
ORD-P007366,CUST-1366,2026-10-05 12:00:00,33.65,EUR,CREATED,region-07366,web
ORD-P007367,CUST-1367,2026-10-05 12:00:00,33.66,EUR,CREATED,region-07367,web
ORD-P007368,CUST-1368,2026-10-05 12:00:00,33.67,EUR,CREATED,region-07368,web
ORD-P007369,CUST-1369,2026-10-05 12:00:00,33.68,EUR,CREATED,region-07369,web
ORD-P007370,CUST-1370,2026-10-05 12:00:00,33.69,EUR,CREATED,region-07370,web
ORD-P007371,CUST-1371,2026-10-05 12:00:00,33.70,EUR,CREATED,region-07371,web
ORD-P007372,CUST-1372,2026-10-05 12:00:00,33.71,EUR,CREATED,region-07372,web
ORD-P007373,CUST-1373,2026-10-05 12:00:00,33.72,EUR,CREATED,region-07373,web
ORD-P007374,CUST-1374,2026-10-05 12:00:00,33.73,EUR,CREATED,region-07374,web
ORD-P007375,CUST-1375,2026-10-05 12:00:00,33.74,EUR,CREATED,region-07375,web
ORD-P007376,CUST-1376,2026-10-05 12:00:00,33.75,EUR,CREATED,region-07376,web
ORD-P007377,CUST-1377,2026-10-05 12:00:00,33.76,EUR,CREATED,region-07377,web
ORD-P007378,CUST-1378,2026-10-05 12:00:00,33.77,EUR,CREATED,region-07378,web
ORD-P007379,CUST-1379,2026-10-05 12:00:00,33.78,EUR,CREATED,region-07379,web
ORD-P007380,CUST-1380,2026-10-05 12:00:00,33.79,EUR,CREATED,region-07380,web
ORD-P007381,CUST-1381,2026-10-05 12:00:00,33.80,EUR,CREATED,region-07381,web
ORD-P007382,CUST-1382,2026-10-05 12:00:00,33.81,EUR,CREATED,region-07382,web
ORD-P007383,CUST-1383,2026-10-05 12:00:00,33.82,EUR,CREATED,region-07383,web
ORD-P007384,CUST-1384,2026-10-05 12:00:00,33.83,EUR,CREATED,region-07384,web
ORD-P007385,CUST-1385,2026-10-05 12:00:00,33.84,EUR,CREATED,region-07385,web
ORD-P007386,CUST-1386,2026-10-05 12:00:00,33.85,EUR,CREATED,region-07386,web
ORD-P007387,CUST-1387,2026-10-05 12:00:00,33.86,EUR,CREATED,region-07387,web
ORD-P007388,CUST-1388,2026-10-05 12:00:00,33.87,EUR,CREATED,region-07388,web
ORD-P007389,CUST-1389,2026-10-05 12:00:00,33.88,EUR,CREATED,region-07389,web
ORD-P007390,CUST-1390,2026-10-05 12:00:00,33.89,EUR,CREATED,region-07390,web
ORD-P007391,CUST-1391,2026-10-05 12:00:00,33.90,EUR,CREATED,region-07391,web
ORD-P007392,CUST-1392,2026-10-05 12:00:00,33.91,EUR,CREATED,region-07392,web
ORD-P007393,CUST-1393,2026-10-05 12:00:00,33.92,EUR,CREATED,region-07393,web
ORD-P007394,CUST-1394,2026-10-05 12:00:00,33.93,EUR,CREATED,region-07394,web
ORD-P007395,CUST-1395,2026-10-05 12:00:00,33.94,EUR,CREATED,region-07395,web
ORD-P007396,CUST-1396,2026-10-05 12:00:00,33.95,EUR,CREATED,region-07396,web
ORD-P007397,CUST-1397,2026-10-05 12:00:00,33.96,EUR,CREATED,region-07397,web
ORD-P007398,CUST-1398,2026-10-05 12:00:00,33.97,EUR,CREATED,region-07398,web
ORD-P007399,CUST-1399,2026-10-05 12:00:00,33.98,EUR,CREATED,region-07399,web
ORD-P007400,CUST-1400,2026-10-05 12:00:00,33.99,EUR,CREATED,region-07400,web
ORD-P007401,CUST-1401,2026-10-05 12:00:00,34.00,EUR,CREATED,region-07401,web
ORD-P007402,CUST-1402,2026-10-05 12:00:00,34.01,EUR,CREATED,region-07402,web
ORD-P007403,CUST-1403,2026-10-05 12:00:00,34.02,EUR,CREATED,region-07403,web
ORD-P007404,CUST-1404,2026-10-05 12:00:00,34.03,EUR,CREATED,region-07404,web
ORD-P007405,CUST-1405,2026-10-05 12:00:00,34.04,EUR,CREATED,region-07405,web
ORD-P007406,CUST-1406,2026-10-05 12:00:00,34.05,EUR,CREATED,region-07406,web
ORD-P007407,CUST-1407,2026-10-05 12:00:00,34.06,EUR,CREATED,region-07407,web
ORD-P007408,CUST-1408,2026-10-05 12:00:00,34.07,EUR,CREATED,region-07408,web
ORD-P007409,CUST-1409,2026-10-05 12:00:00,34.08,EUR,CREATED,region-07409,web
ORD-P007410,CUST-1410,2026-10-05 12:00:00,34.09,EUR,CREATED,region-07410,web
ORD-P007411,CUST-1411,2026-10-05 12:00:00,34.10,EUR,CREATED,region-07411,web
ORD-P007412,CUST-1412,2026-10-05 12:00:00,34.11,EUR,CREATED,region-07412,web
ORD-P007413,CUST-1413,2026-10-05 12:00:00,34.12,EUR,CREATED,region-07413,web
ORD-P007414,CUST-1414,2026-10-05 12:00:00,34.13,EUR,CREATED,region-07414,web
ORD-P007415,CUST-1415,2026-10-05 12:00:00,34.14,EUR,CREATED,region-07415,web
ORD-P007416,CUST-1416,2026-10-05 12:00:00,34.15,EUR,CREATED,region-07416,web
ORD-P007417,CUST-1417,2026-10-05 12:00:00,34.16,EUR,CREATED,region-07417,web
ORD-P007418,CUST-1418,2026-10-05 12:00:00,34.17,EUR,CREATED,region-07418,web
ORD-P007419,CUST-1419,2026-10-05 12:00:00,34.18,EUR,CREATED,region-07419,web
ORD-P007420,CUST-1420,2026-10-05 12:00:00,34.19,EUR,CREATED,region-07420,web
ORD-P007421,CUST-1421,2026-10-05 12:00:00,34.20,EUR,CREATED,region-07421,web
ORD-P007422,CUST-1422,2026-10-05 12:00:00,34.21,EUR,CREATED,region-07422,web
ORD-P007423,CUST-1423,2026-10-05 12:00:00,34.22,EUR,CREATED,region-07423,web
ORD-P007424,CUST-1424,2026-10-05 12:00:00,34.23,EUR,CREATED,region-07424,web
ORD-P007425,CUST-1425,2026-10-05 12:00:00,34.24,EUR,CREATED,region-07425,web
ORD-P007426,CUST-1426,2026-10-05 12:00:00,34.25,EUR,CREATED,region-07426,web
ORD-P007427,CUST-1427,2026-10-05 12:00:00,34.26,EUR,CREATED,region-07427,web
ORD-P007428,CUST-1428,2026-10-05 12:00:00,34.27,EUR,CREATED,region-07428,web
ORD-P007429,CUST-1429,2026-10-05 12:00:00,34.28,EUR,CREATED,region-07429,web
ORD-P007430,CUST-1430,2026-10-05 12:00:00,34.29,EUR,CREATED,region-07430,web
ORD-P007431,CUST-1431,2026-10-05 12:00:00,34.30,EUR,CREATED,region-07431,web
ORD-P007432,CUST-1432,2026-10-05 12:00:00,34.31,EUR,CREATED,region-07432,web
ORD-P007433,CUST-1433,2026-10-05 12:00:00,34.32,EUR,CREATED,region-07433,web
ORD-P007434,CUST-1434,2026-10-05 12:00:00,34.33,EUR,CREATED,region-07434,web
ORD-P007435,CUST-1435,2026-10-05 12:00:00,34.34,EUR,CREATED,region-07435,web
ORD-P007436,CUST-1436,2026-10-05 12:00:00,34.35,EUR,CREATED,region-07436,web
ORD-P007437,CUST-1437,2026-10-05 12:00:00,34.36,EUR,CREATED,region-07437,web
ORD-P007438,CUST-1438,2026-10-05 12:00:00,34.37,EUR,CREATED,region-07438,web
ORD-P007439,CUST-1439,2026-10-05 12:00:00,34.38,EUR,CREATED,region-07439,web
ORD-P007440,CUST-1440,2026-10-05 12:00:00,34.39,EUR,CREATED,region-07440,web
ORD-P007441,CUST-1441,2026-10-05 12:00:00,34.40,EUR,CREATED,region-07441,web
ORD-P007442,CUST-1442,2026-10-05 12:00:00,34.41,EUR,CREATED,region-07442,web
ORD-P007443,CUST-1443,2026-10-05 12:00:00,34.42,EUR,CREATED,region-07443,web
ORD-P007444,CUST-1444,2026-10-05 12:00:00,34.43,EUR,CREATED,region-07444,web
ORD-P007445,CUST-1445,2026-10-05 12:00:00,34.44,EUR,CREATED,region-07445,web
ORD-P007446,CUST-1446,2026-10-05 12:00:00,34.45,EUR,CREATED,region-07446,web
ORD-P007447,CUST-1447,2026-10-05 12:00:00,34.46,EUR,CREATED,region-07447,web
ORD-P007448,CUST-1448,2026-10-05 12:00:00,34.47,EUR,CREATED,region-07448,web
ORD-P007449,CUST-1449,2026-10-05 12:00:00,34.48,EUR,CREATED,region-07449,web
ORD-P007450,CUST-1450,2026-10-05 12:00:00,34.49,EUR,CREATED,region-07450,web
ORD-P007451,CUST-1451,2026-10-05 12:00:00,34.50,EUR,CREATED,region-07451,web
ORD-P007452,CUST-1452,2026-10-05 12:00:00,34.51,EUR,CREATED,region-07452,web
ORD-P007453,CUST-1453,2026-10-05 12:00:00,34.52,EUR,CREATED,region-07453,web
ORD-P007454,CUST-1454,2026-10-05 12:00:00,34.53,EUR,CREATED,region-07454,web
ORD-P007455,CUST-1455,2026-10-05 12:00:00,34.54,EUR,CREATED,region-07455,web
ORD-P007456,CUST-1456,2026-10-05 12:00:00,34.55,EUR,CREATED,region-07456,web
ORD-P007457,CUST-1457,2026-10-05 12:00:00,34.56,EUR,CREATED,region-07457,web
ORD-P007458,CUST-1458,2026-10-05 12:00:00,34.57,EUR,CREATED,region-07458,web
ORD-P007459,CUST-1459,2026-10-05 12:00:00,34.58,EUR,CREATED,region-07459,web
ORD-P007460,CUST-1460,2026-10-05 12:00:00,34.59,EUR,CREATED,region-07460,web
ORD-P007461,CUST-1461,2026-10-05 12:00:00,34.60,EUR,CREATED,region-07461,web
ORD-P007462,CUST-1462,2026-10-05 12:00:00,34.61,EUR,CREATED,region-07462,web
ORD-P007463,CUST-1463,2026-10-05 12:00:00,34.62,EUR,CREATED,region-07463,web
ORD-P007464,CUST-1464,2026-10-05 12:00:00,34.63,EUR,CREATED,region-07464,web
ORD-P007465,CUST-1465,2026-10-05 12:00:00,34.64,EUR,CREATED,region-07465,web
ORD-P007466,CUST-1466,2026-10-05 12:00:00,34.65,EUR,CREATED,region-07466,web
ORD-P007467,CUST-1467,2026-10-05 12:00:00,34.66,EUR,CREATED,region-07467,web
ORD-P007468,CUST-1468,2026-10-05 12:00:00,34.67,EUR,CREATED,region-07468,web
ORD-P007469,CUST-1469,2026-10-05 12:00:00,34.68,EUR,CREATED,region-07469,web
ORD-P007470,CUST-1470,2026-10-05 12:00:00,34.69,EUR,CREATED,region-07470,web
ORD-P007471,CUST-1471,2026-10-05 12:00:00,34.70,EUR,CREATED,region-07471,web
ORD-P007472,CUST-1472,2026-10-05 12:00:00,34.71,EUR,CREATED,region-07472,web
ORD-P007473,CUST-1473,2026-10-05 12:00:00,34.72,EUR,CREATED,region-07473,web
ORD-P007474,CUST-1474,2026-10-05 12:00:00,34.73,EUR,CREATED,region-07474,web
ORD-P007475,CUST-1475,2026-10-05 12:00:00,34.74,EUR,CREATED,region-07475,web
ORD-P007476,CUST-1476,2026-10-05 12:00:00,34.75,EUR,CREATED,region-07476,web
ORD-P007477,CUST-1477,2026-10-05 12:00:00,34.76,EUR,CREATED,region-07477,web
ORD-P007478,CUST-1478,2026-10-05 12:00:00,34.77,EUR,CREATED,region-07478,web
ORD-P007479,CUST-1479,2026-10-05 12:00:00,34.78,EUR,CREATED,region-07479,web
ORD-P007480,CUST-1480,2026-10-05 12:00:00,34.79,EUR,CREATED,region-07480,web
ORD-P007481,CUST-1481,2026-10-05 12:00:00,34.80,EUR,CREATED,region-07481,web
ORD-P007482,CUST-1482,2026-10-05 12:00:00,34.81,EUR,CREATED,region-07482,web
ORD-P007483,CUST-1483,2026-10-05 12:00:00,34.82,EUR,CREATED,region-07483,web
ORD-P007484,CUST-1484,2026-10-05 12:00:00,34.83,EUR,CREATED,region-07484,web
ORD-P007485,CUST-1485,2026-10-05 12:00:00,34.84,EUR,CREATED,region-07485,web
ORD-P007486,CUST-1486,2026-10-05 12:00:00,34.85,EUR,CREATED,region-07486,web
ORD-P007487,CUST-1487,2026-10-05 12:00:00,34.86,EUR,CREATED,region-07487,web
ORD-P007488,CUST-1488,2026-10-05 12:00:00,34.87,EUR,CREATED,region-07488,web
ORD-P007489,CUST-1489,2026-10-05 12:00:00,34.88,EUR,CREATED,region-07489,web
ORD-P007490,CUST-1490,2026-10-05 12:00:00,34.89,EUR,CREATED,region-07490,web
ORD-P007491,CUST-1491,2026-10-05 12:00:00,34.90,EUR,CREATED,region-07491,web
ORD-P007492,CUST-1492,2026-10-05 12:00:00,34.91,EUR,CREATED,region-07492,web
ORD-P007493,CUST-1493,2026-10-05 12:00:00,34.92,EUR,CREATED,region-07493,web
ORD-P007494,CUST-1494,2026-10-05 12:00:00,34.93,EUR,CREATED,region-07494,web
ORD-P007495,CUST-1495,2026-10-05 12:00:00,34.94,EUR,CREATED,region-07495,web
ORD-P007496,CUST-1496,2026-10-05 12:00:00,34.95,EUR,CREATED,region-07496,web
ORD-P007497,CUST-1497,2026-10-05 12:00:00,34.96,EUR,CREATED,region-07497,web
ORD-P007498,CUST-1498,2026-10-05 12:00:00,34.97,EUR,CREATED,region-07498,web
ORD-P007499,CUST-1499,2026-10-05 12:00:00,34.98,EUR,CREATED,region-07499,web
ORD-P007500,CUST-1500,2026-10-05 12:00:00,34.99,EUR,CREATED,region-07500,web
ORD-P007501,CUST-1501,2026-10-05 12:00:00,35.00,EUR,CREATED,region-07501,web
ORD-P007502,CUST-1502,2026-10-05 12:00:00,35.01,EUR,CREATED,region-07502,web
ORD-P007503,CUST-1503,2026-10-05 12:00:00,35.02,EUR,CREATED,region-07503,web
ORD-P007504,CUST-1504,2026-10-05 12:00:00,35.03,EUR,CREATED,region-07504,web
ORD-P007505,CUST-1505,2026-10-05 12:00:00,35.04,EUR,CREATED,region-07505,web
ORD-P007506,CUST-1506,2026-10-05 12:00:00,35.05,EUR,CREATED,region-07506,web
ORD-P007507,CUST-1507,2026-10-05 12:00:00,35.06,EUR,CREATED,region-07507,web
ORD-P007508,CUST-1508,2026-10-05 12:00:00,35.07,EUR,CREATED,region-07508,web
ORD-P007509,CUST-1509,2026-10-05 12:00:00,35.08,EUR,CREATED,region-07509,web
ORD-P007510,CUST-1510,2026-10-05 12:00:00,35.09,EUR,CREATED,region-07510,web
ORD-P007511,CUST-1511,2026-10-05 12:00:00,35.10,EUR,CREATED,region-07511,web
ORD-P007512,CUST-1512,2026-10-05 12:00:00,35.11,EUR,CREATED,region-07512,web
ORD-P007513,CUST-1513,2026-10-05 12:00:00,35.12,EUR,CREATED,region-07513,web
ORD-P007514,CUST-1514,2026-10-05 12:00:00,35.13,EUR,CREATED,region-07514,web
ORD-P007515,CUST-1515,2026-10-05 12:00:00,35.14,EUR,CREATED,region-07515,web
ORD-P007516,CUST-1516,2026-10-05 12:00:00,35.15,EUR,CREATED,region-07516,web
ORD-P007517,CUST-1517,2026-10-05 12:00:00,35.16,EUR,CREATED,region-07517,web
ORD-P007518,CUST-1518,2026-10-05 12:00:00,35.17,EUR,CREATED,region-07518,web
ORD-P007519,CUST-1519,2026-10-05 12:00:00,35.18,EUR,CREATED,region-07519,web
ORD-P007520,CUST-1520,2026-10-05 12:00:00,35.19,EUR,CREATED,region-07520,web
ORD-P007521,CUST-1521,2026-10-05 12:00:00,35.20,EUR,CREATED,region-07521,web
ORD-P007522,CUST-1522,2026-10-05 12:00:00,35.21,EUR,CREATED,region-07522,web
ORD-P007523,CUST-1523,2026-10-05 12:00:00,35.22,EUR,CREATED,region-07523,web
ORD-P007524,CUST-1524,2026-10-05 12:00:00,35.23,EUR,CREATED,region-07524,web
ORD-P007525,CUST-1525,2026-10-05 12:00:00,35.24,EUR,CREATED,region-07525,web
ORD-P007526,CUST-1526,2026-10-05 12:00:00,35.25,EUR,CREATED,region-07526,web
ORD-P007527,CUST-1527,2026-10-05 12:00:00,35.26,EUR,CREATED,region-07527,web
ORD-P007528,CUST-1528,2026-10-05 12:00:00,35.27,EUR,CREATED,region-07528,web
ORD-P007529,CUST-1529,2026-10-05 12:00:00,35.28,EUR,CREATED,region-07529,web
ORD-P007530,CUST-1530,2026-10-05 12:00:00,35.29,EUR,CREATED,region-07530,web
ORD-P007531,CUST-1531,2026-10-05 12:00:00,35.30,EUR,CREATED,region-07531,web
ORD-P007532,CUST-1532,2026-10-05 12:00:00,35.31,EUR,CREATED,region-07532,web
ORD-P007533,CUST-1533,2026-10-05 12:00:00,35.32,EUR,CREATED,region-07533,web
ORD-P007534,CUST-1534,2026-10-05 12:00:00,35.33,EUR,CREATED,region-07534,web
ORD-P007535,CUST-1535,2026-10-05 12:00:00,35.34,EUR,CREATED,region-07535,web
ORD-P007536,CUST-1536,2026-10-05 12:00:00,35.35,EUR,CREATED,region-07536,web
ORD-P007537,CUST-1537,2026-10-05 12:00:00,35.36,EUR,CREATED,region-07537,web
ORD-P007538,CUST-1538,2026-10-05 12:00:00,35.37,EUR,CREATED,region-07538,web
ORD-P007539,CUST-1539,2026-10-05 12:00:00,35.38,EUR,CREATED,region-07539,web
ORD-P007540,CUST-1540,2026-10-05 12:00:00,35.39,EUR,CREATED,region-07540,web
ORD-P007541,CUST-1541,2026-10-05 12:00:00,35.40,EUR,CREATED,region-07541,web
ORD-P007542,CUST-1542,2026-10-05 12:00:00,35.41,EUR,CREATED,region-07542,web
ORD-P007543,CUST-1543,2026-10-05 12:00:00,35.42,EUR,CREATED,region-07543,web
ORD-P007544,CUST-1544,2026-10-05 12:00:00,35.43,EUR,CREATED,region-07544,web
ORD-P007545,CUST-1545,2026-10-05 12:00:00,35.44,EUR,CREATED,region-07545,web
ORD-P007546,CUST-1546,2026-10-05 12:00:00,35.45,EUR,CREATED,region-07546,web
ORD-P007547,CUST-1547,2026-10-05 12:00:00,35.46,EUR,CREATED,region-07547,web
ORD-P007548,CUST-1548,2026-10-05 12:00:00,35.47,EUR,CREATED,region-07548,web
ORD-P007549,CUST-1549,2026-10-05 12:00:00,35.48,EUR,CREATED,region-07549,web
ORD-P007550,CUST-1550,2026-10-05 12:00:00,35.49,EUR,CREATED,region-07550,web
ORD-P007551,CUST-1551,2026-10-05 12:00:00,35.50,EUR,CREATED,region-07551,web
ORD-P007552,CUST-1552,2026-10-05 12:00:00,35.51,EUR,CREATED,region-07552,web
ORD-P007553,CUST-1553,2026-10-05 12:00:00,35.52,EUR,CREATED,region-07553,web
ORD-P007554,CUST-1554,2026-10-05 12:00:00,35.53,EUR,CREATED,region-07554,web
ORD-P007555,CUST-1555,2026-10-05 12:00:00,35.54,EUR,CREATED,region-07555,web
ORD-P007556,CUST-1556,2026-10-05 12:00:00,35.55,EUR,CREATED,region-07556,web
ORD-P007557,CUST-1557,2026-10-05 12:00:00,35.56,EUR,CREATED,region-07557,web
ORD-P007558,CUST-1558,2026-10-05 12:00:00,35.57,EUR,CREATED,region-07558,web
ORD-P007559,CUST-1559,2026-10-05 12:00:00,35.58,EUR,CREATED,region-07559,web
ORD-P007560,CUST-1560,2026-10-05 12:00:00,35.59,EUR,CREATED,region-07560,web
ORD-P007561,CUST-1561,2026-10-05 12:00:00,35.60,EUR,CREATED,region-07561,web
ORD-P007562,CUST-1562,2026-10-05 12:00:00,35.61,EUR,CREATED,region-07562,web
ORD-P007563,CUST-1563,2026-10-05 12:00:00,35.62,EUR,CREATED,region-07563,web
ORD-P007564,CUST-1564,2026-10-05 12:00:00,35.63,EUR,CREATED,region-07564,web
ORD-P007565,CUST-1565,2026-10-05 12:00:00,35.64,EUR,CREATED,region-07565,web
ORD-P007566,CUST-1566,2026-10-05 12:00:00,35.65,EUR,CREATED,region-07566,web
ORD-P007567,CUST-1567,2026-10-05 12:00:00,35.66,EUR,CREATED,region-07567,web
ORD-P007568,CUST-1568,2026-10-05 12:00:00,35.67,EUR,CREATED,region-07568,web
ORD-P007569,CUST-1569,2026-10-05 12:00:00,35.68,EUR,CREATED,region-07569,web
ORD-P007570,CUST-1570,2026-10-05 12:00:00,35.69,EUR,CREATED,region-07570,web
ORD-P007571,CUST-1571,2026-10-05 12:00:00,35.70,EUR,CREATED,region-07571,web
ORD-P007572,CUST-1572,2026-10-05 12:00:00,35.71,EUR,CREATED,region-07572,web
ORD-P007573,CUST-1573,2026-10-05 12:00:00,35.72,EUR,CREATED,region-07573,web
ORD-P007574,CUST-1574,2026-10-05 12:00:00,35.73,EUR,CREATED,region-07574,web
ORD-P007575,CUST-1575,2026-10-05 12:00:00,35.74,EUR,CREATED,region-07575,web
ORD-P007576,CUST-1576,2026-10-05 12:00:00,35.75,EUR,CREATED,region-07576,web
ORD-P007577,CUST-1577,2026-10-05 12:00:00,35.76,EUR,CREATED,region-07577,web
ORD-P007578,CUST-1578,2026-10-05 12:00:00,35.77,EUR,CREATED,region-07578,web
ORD-P007579,CUST-1579,2026-10-05 12:00:00,35.78,EUR,CREATED,region-07579,web
ORD-P007580,CUST-1580,2026-10-05 12:00:00,35.79,EUR,CREATED,region-07580,web
ORD-P007581,CUST-1581,2026-10-05 12:00:00,35.80,EUR,CREATED,region-07581,web
ORD-P007582,CUST-1582,2026-10-05 12:00:00,35.81,EUR,CREATED,region-07582,web
ORD-P007583,CUST-1583,2026-10-05 12:00:00,35.82,EUR,CREATED,region-07583,web
ORD-P007584,CUST-1584,2026-10-05 12:00:00,35.83,EUR,CREATED,region-07584,web
ORD-P007585,CUST-1585,2026-10-05 12:00:00,35.84,EUR,CREATED,region-07585,web
ORD-P007586,CUST-1586,2026-10-05 12:00:00,35.85,EUR,CREATED,region-07586,web
ORD-P007587,CUST-1587,2026-10-05 12:00:00,35.86,EUR,CREATED,region-07587,web
ORD-P007588,CUST-1588,2026-10-05 12:00:00,35.87,EUR,CREATED,region-07588,web
ORD-P007589,CUST-1589,2026-10-05 12:00:00,35.88,EUR,CREATED,region-07589,web
ORD-P007590,CUST-1590,2026-10-05 12:00:00,35.89,EUR,CREATED,region-07590,web
ORD-P007591,CUST-1591,2026-10-05 12:00:00,35.90,EUR,CREATED,region-07591,web
ORD-P007592,CUST-1592,2026-10-05 12:00:00,35.91,EUR,CREATED,region-07592,web
ORD-P007593,CUST-1593,2026-10-05 12:00:00,35.92,EUR,CREATED,region-07593,web
ORD-P007594,CUST-1594,2026-10-05 12:00:00,35.93,EUR,CREATED,region-07594,web
ORD-P007595,CUST-1595,2026-10-05 12:00:00,35.94,EUR,CREATED,region-07595,web
ORD-P007596,CUST-1596,2026-10-05 12:00:00,35.95,EUR,CREATED,region-07596,web
ORD-P007597,CUST-1597,2026-10-05 12:00:00,35.96,EUR,CREATED,region-07597,web
ORD-P007598,CUST-1598,2026-10-05 12:00:00,35.97,EUR,CREATED,region-07598,web
ORD-P007599,CUST-1599,2026-10-05 12:00:00,35.98,EUR,CREATED,region-07599,web
ORD-P007600,CUST-1600,2026-10-05 12:00:00,35.99,EUR,CREATED,region-07600,web
ORD-P007601,CUST-1601,2026-10-05 12:00:00,36.00,EUR,CREATED,region-07601,web
ORD-P007602,CUST-1602,2026-10-05 12:00:00,36.01,EUR,CREATED,region-07602,web
ORD-P007603,CUST-1603,2026-10-05 12:00:00,36.02,EUR,CREATED,region-07603,web
ORD-P007604,CUST-1604,2026-10-05 12:00:00,36.03,EUR,CREATED,region-07604,web
ORD-P007605,CUST-1605,2026-10-05 12:00:00,36.04,EUR,CREATED,region-07605,web
ORD-P007606,CUST-1606,2026-10-05 12:00:00,36.05,EUR,CREATED,region-07606,web
ORD-P007607,CUST-1607,2026-10-05 12:00:00,36.06,EUR,CREATED,region-07607,web
ORD-P007608,CUST-1608,2026-10-05 12:00:00,36.07,EUR,CREATED,region-07608,web
ORD-P007609,CUST-1609,2026-10-05 12:00:00,36.08,EUR,CREATED,region-07609,web
ORD-P007610,CUST-1610,2026-10-05 12:00:00,36.09,EUR,CREATED,region-07610,web
ORD-P007611,CUST-1611,2026-10-05 12:00:00,36.10,EUR,CREATED,region-07611,web
ORD-P007612,CUST-1612,2026-10-05 12:00:00,36.11,EUR,CREATED,region-07612,web
ORD-P007613,CUST-1613,2026-10-05 12:00:00,36.12,EUR,CREATED,region-07613,web
ORD-P007614,CUST-1614,2026-10-05 12:00:00,36.13,EUR,CREATED,region-07614,web
ORD-P007615,CUST-1615,2026-10-05 12:00:00,36.14,EUR,CREATED,region-07615,web
ORD-P007616,CUST-1616,2026-10-05 12:00:00,36.15,EUR,CREATED,region-07616,web
ORD-P007617,CUST-1617,2026-10-05 12:00:00,36.16,EUR,CREATED,region-07617,web
ORD-P007618,CUST-1618,2026-10-05 12:00:00,36.17,EUR,CREATED,region-07618,web
ORD-P007619,CUST-1619,2026-10-05 12:00:00,36.18,EUR,CREATED,region-07619,web
ORD-P007620,CUST-1620,2026-10-05 12:00:00,36.19,EUR,CREATED,region-07620,web
ORD-P007621,CUST-1621,2026-10-05 12:00:00,36.20,EUR,CREATED,region-07621,web
ORD-P007622,CUST-1622,2026-10-05 12:00:00,36.21,EUR,CREATED,region-07622,web
ORD-P007623,CUST-1623,2026-10-05 12:00:00,36.22,EUR,CREATED,region-07623,web
ORD-P007624,CUST-1624,2026-10-05 12:00:00,36.23,EUR,CREATED,region-07624,web
ORD-P007625,CUST-1625,2026-10-05 12:00:00,36.24,EUR,CREATED,region-07625,web
ORD-P007626,CUST-1626,2026-10-05 12:00:00,36.25,EUR,CREATED,region-07626,web
ORD-P007627,CUST-1627,2026-10-05 12:00:00,36.26,EUR,CREATED,region-07627,web
ORD-P007628,CUST-1628,2026-10-05 12:00:00,36.27,EUR,CREATED,region-07628,web
ORD-P007629,CUST-1629,2026-10-05 12:00:00,36.28,EUR,CREATED,region-07629,web
ORD-P007630,CUST-1630,2026-10-05 12:00:00,36.29,EUR,CREATED,region-07630,web
ORD-P007631,CUST-1631,2026-10-05 12:00:00,36.30,EUR,CREATED,region-07631,web
ORD-P007632,CUST-1632,2026-10-05 12:00:00,36.31,EUR,CREATED,region-07632,web
ORD-P007633,CUST-1633,2026-10-05 12:00:00,36.32,EUR,CREATED,region-07633,web
ORD-P007634,CUST-1634,2026-10-05 12:00:00,36.33,EUR,CREATED,region-07634,web
ORD-P007635,CUST-1635,2026-10-05 12:00:00,36.34,EUR,CREATED,region-07635,web
ORD-P007636,CUST-1636,2026-10-05 12:00:00,36.35,EUR,CREATED,region-07636,web
ORD-P007637,CUST-1637,2026-10-05 12:00:00,36.36,EUR,CREATED,region-07637,web
ORD-P007638,CUST-1638,2026-10-05 12:00:00,36.37,EUR,CREATED,region-07638,web
ORD-P007639,CUST-1639,2026-10-05 12:00:00,36.38,EUR,CREATED,region-07639,web
ORD-P007640,CUST-1640,2026-10-05 12:00:00,36.39,EUR,CREATED,region-07640,web
ORD-P007641,CUST-1641,2026-10-05 12:00:00,36.40,EUR,CREATED,region-07641,web
ORD-P007642,CUST-1642,2026-10-05 12:00:00,36.41,EUR,CREATED,region-07642,web
ORD-P007643,CUST-1643,2026-10-05 12:00:00,36.42,EUR,CREATED,region-07643,web
ORD-P007644,CUST-1644,2026-10-05 12:00:00,36.43,EUR,CREATED,region-07644,web
ORD-P007645,CUST-1645,2026-10-05 12:00:00,36.44,EUR,CREATED,region-07645,web
ORD-P007646,CUST-1646,2026-10-05 12:00:00,36.45,EUR,CREATED,region-07646,web
ORD-P007647,CUST-1647,2026-10-05 12:00:00,36.46,EUR,CREATED,region-07647,web
ORD-P007648,CUST-1648,2026-10-05 12:00:00,36.47,EUR,CREATED,region-07648,web
ORD-P007649,CUST-1649,2026-10-05 12:00:00,36.48,EUR,CREATED,region-07649,web
ORD-P007650,CUST-1650,2026-10-05 12:00:00,36.49,EUR,CREATED,region-07650,web
ORD-P007651,CUST-1651,2026-10-05 12:00:00,36.50,EUR,CREATED,region-07651,web
ORD-P007652,CUST-1652,2026-10-05 12:00:00,36.51,EUR,CREATED,region-07652,web
ORD-P007653,CUST-1653,2026-10-05 12:00:00,36.52,EUR,CREATED,region-07653,web
ORD-P007654,CUST-1654,2026-10-05 12:00:00,36.53,EUR,CREATED,region-07654,web
ORD-P007655,CUST-1655,2026-10-05 12:00:00,36.54,EUR,CREATED,region-07655,web
ORD-P007656,CUST-1656,2026-10-05 12:00:00,36.55,EUR,CREATED,region-07656,web
ORD-P007657,CUST-1657,2026-10-05 12:00:00,36.56,EUR,CREATED,region-07657,web
ORD-P007658,CUST-1658,2026-10-05 12:00:00,36.57,EUR,CREATED,region-07658,web
ORD-P007659,CUST-1659,2026-10-05 12:00:00,36.58,EUR,CREATED,region-07659,web
ORD-P007660,CUST-1660,2026-10-05 12:00:00,36.59,EUR,CREATED,region-07660,web
ORD-P007661,CUST-1661,2026-10-05 12:00:00,36.60,EUR,CREATED,region-07661,web
ORD-P007662,CUST-1662,2026-10-05 12:00:00,36.61,EUR,CREATED,region-07662,web
ORD-P007663,CUST-1663,2026-10-05 12:00:00,36.62,EUR,CREATED,region-07663,web
ORD-P007664,CUST-1664,2026-10-05 12:00:00,36.63,EUR,CREATED,region-07664,web
ORD-P007665,CUST-1665,2026-10-05 12:00:00,36.64,EUR,CREATED,region-07665,web
ORD-P007666,CUST-1666,2026-10-05 12:00:00,36.65,EUR,CREATED,region-07666,web
ORD-P007667,CUST-1667,2026-10-05 12:00:00,36.66,EUR,CREATED,region-07667,web
ORD-P007668,CUST-1668,2026-10-05 12:00:00,36.67,EUR,CREATED,region-07668,web
ORD-P007669,CUST-1669,2026-10-05 12:00:00,36.68,EUR,CREATED,region-07669,web
ORD-P007670,CUST-1670,2026-10-05 12:00:00,36.69,EUR,CREATED,region-07670,web
ORD-P007671,CUST-1671,2026-10-05 12:00:00,36.70,EUR,CREATED,region-07671,web
ORD-P007672,CUST-1672,2026-10-05 12:00:00,36.71,EUR,CREATED,region-07672,web
ORD-P007673,CUST-1673,2026-10-05 12:00:00,36.72,EUR,CREATED,region-07673,web
ORD-P007674,CUST-1674,2026-10-05 12:00:00,36.73,EUR,CREATED,region-07674,web
ORD-P007675,CUST-1675,2026-10-05 12:00:00,36.74,EUR,CREATED,region-07675,web
ORD-P007676,CUST-1676,2026-10-05 12:00:00,36.75,EUR,CREATED,region-07676,web
ORD-P007677,CUST-1677,2026-10-05 12:00:00,36.76,EUR,CREATED,region-07677,web
ORD-P007678,CUST-1678,2026-10-05 12:00:00,36.77,EUR,CREATED,region-07678,web
ORD-P007679,CUST-1679,2026-10-05 12:00:00,36.78,EUR,CREATED,region-07679,web
ORD-P007680,CUST-1680,2026-10-05 12:00:00,36.79,EUR,CREATED,region-07680,web
ORD-P007681,CUST-1681,2026-10-05 12:00:00,36.80,EUR,CREATED,region-07681,web
ORD-P007682,CUST-1682,2026-10-05 12:00:00,36.81,EUR,CREATED,region-07682,web
ORD-P007683,CUST-1683,2026-10-05 12:00:00,36.82,EUR,CREATED,region-07683,web
ORD-P007684,CUST-1684,2026-10-05 12:00:00,36.83,EUR,CREATED,region-07684,web
ORD-P007685,CUST-1685,2026-10-05 12:00:00,36.84,EUR,CREATED,region-07685,web
ORD-P007686,CUST-1686,2026-10-05 12:00:00,36.85,EUR,CREATED,region-07686,web
ORD-P007687,CUST-1687,2026-10-05 12:00:00,36.86,EUR,CREATED,region-07687,web
ORD-P007688,CUST-1688,2026-10-05 12:00:00,36.87,EUR,CREATED,region-07688,web
ORD-P007689,CUST-1689,2026-10-05 12:00:00,36.88,EUR,CREATED,region-07689,web
ORD-P007690,CUST-1690,2026-10-05 12:00:00,36.89,EUR,CREATED,region-07690,web
ORD-P007691,CUST-1691,2026-10-05 12:00:00,36.90,EUR,CREATED,region-07691,web
ORD-P007692,CUST-1692,2026-10-05 12:00:00,36.91,EUR,CREATED,region-07692,web
ORD-P007693,CUST-1693,2026-10-05 12:00:00,36.92,EUR,CREATED,region-07693,web
ORD-P007694,CUST-1694,2026-10-05 12:00:00,36.93,EUR,CREATED,region-07694,web
ORD-P007695,CUST-1695,2026-10-05 12:00:00,36.94,EUR,CREATED,region-07695,web
ORD-P007696,CUST-1696,2026-10-05 12:00:00,36.95,EUR,CREATED,region-07696,web
ORD-P007697,CUST-1697,2026-10-05 12:00:00,36.96,EUR,CREATED,region-07697,web
ORD-P007698,CUST-1698,2026-10-05 12:00:00,36.97,EUR,CREATED,region-07698,web
ORD-P007699,CUST-1699,2026-10-05 12:00:00,36.98,EUR,CREATED,region-07699,web
ORD-P007700,CUST-1700,2026-10-05 12:00:00,36.99,EUR,CREATED,region-07700,web
ORD-P007701,CUST-1701,2026-10-05 12:00:00,37.00,EUR,CREATED,region-07701,web
ORD-P007702,CUST-1702,2026-10-05 12:00:00,37.01,EUR,CREATED,region-07702,web
ORD-P007703,CUST-1703,2026-10-05 12:00:00,37.02,EUR,CREATED,region-07703,web
ORD-P007704,CUST-1704,2026-10-05 12:00:00,37.03,EUR,CREATED,region-07704,web
ORD-P007705,CUST-1705,2026-10-05 12:00:00,37.04,EUR,CREATED,region-07705,web
ORD-P007706,CUST-1706,2026-10-05 12:00:00,37.05,EUR,CREATED,region-07706,web
ORD-P007707,CUST-1707,2026-10-05 12:00:00,37.06,EUR,CREATED,region-07707,web
ORD-P007708,CUST-1708,2026-10-05 12:00:00,37.07,EUR,CREATED,region-07708,web
ORD-P007709,CUST-1709,2026-10-05 12:00:00,37.08,EUR,CREATED,region-07709,web
ORD-P007710,CUST-1710,2026-10-05 12:00:00,37.09,EUR,CREATED,region-07710,web
ORD-P007711,CUST-1711,2026-10-05 12:00:00,37.10,EUR,CREATED,region-07711,web
ORD-P007712,CUST-1712,2026-10-05 12:00:00,37.11,EUR,CREATED,region-07712,web
ORD-P007713,CUST-1713,2026-10-05 12:00:00,37.12,EUR,CREATED,region-07713,web
ORD-P007714,CUST-1714,2026-10-05 12:00:00,37.13,EUR,CREATED,region-07714,web
ORD-P007715,CUST-1715,2026-10-05 12:00:00,37.14,EUR,CREATED,region-07715,web
ORD-P007716,CUST-1716,2026-10-05 12:00:00,37.15,EUR,CREATED,region-07716,web
ORD-P007717,CUST-1717,2026-10-05 12:00:00,37.16,EUR,CREATED,region-07717,web
ORD-P007718,CUST-1718,2026-10-05 12:00:00,37.17,EUR,CREATED,region-07718,web
ORD-P007719,CUST-1719,2026-10-05 12:00:00,37.18,EUR,CREATED,region-07719,web
ORD-P007720,CUST-1720,2026-10-05 12:00:00,37.19,EUR,CREATED,region-07720,web
ORD-P007721,CUST-1721,2026-10-05 12:00:00,37.20,EUR,CREATED,region-07721,web
ORD-P007722,CUST-1722,2026-10-05 12:00:00,37.21,EUR,CREATED,region-07722,web
ORD-P007723,CUST-1723,2026-10-05 12:00:00,37.22,EUR,CREATED,region-07723,web
ORD-P007724,CUST-1724,2026-10-05 12:00:00,37.23,EUR,CREATED,region-07724,web
ORD-P007725,CUST-1725,2026-10-05 12:00:00,37.24,EUR,CREATED,region-07725,web
ORD-P007726,CUST-1726,2026-10-05 12:00:00,37.25,EUR,CREATED,region-07726,web
ORD-P007727,CUST-1727,2026-10-05 12:00:00,37.26,EUR,CREATED,region-07727,web
ORD-P007728,CUST-1728,2026-10-05 12:00:00,37.27,EUR,CREATED,region-07728,web
ORD-P007729,CUST-1729,2026-10-05 12:00:00,37.28,EUR,CREATED,region-07729,web
ORD-P007730,CUST-1730,2026-10-05 12:00:00,37.29,EUR,CREATED,region-07730,web
ORD-P007731,CUST-1731,2026-10-05 12:00:00,37.30,EUR,CREATED,region-07731,web
ORD-P007732,CUST-1732,2026-10-05 12:00:00,37.31,EUR,CREATED,region-07732,web
ORD-P007733,CUST-1733,2026-10-05 12:00:00,37.32,EUR,CREATED,region-07733,web
ORD-P007734,CUST-1734,2026-10-05 12:00:00,37.33,EUR,CREATED,region-07734,web
ORD-P007735,CUST-1735,2026-10-05 12:00:00,37.34,EUR,CREATED,region-07735,web
ORD-P007736,CUST-1736,2026-10-05 12:00:00,37.35,EUR,CREATED,region-07736,web
ORD-P007737,CUST-1737,2026-10-05 12:00:00,37.36,EUR,CREATED,region-07737,web
ORD-P007738,CUST-1738,2026-10-05 12:00:00,37.37,EUR,CREATED,region-07738,web
ORD-P007739,CUST-1739,2026-10-05 12:00:00,37.38,EUR,CREATED,region-07739,web
ORD-P007740,CUST-1740,2026-10-05 12:00:00,37.39,EUR,CREATED,region-07740,web
ORD-P007741,CUST-1741,2026-10-05 12:00:00,37.40,EUR,CREATED,region-07741,web
ORD-P007742,CUST-1742,2026-10-05 12:00:00,37.41,EUR,CREATED,region-07742,web
ORD-P007743,CUST-1743,2026-10-05 12:00:00,37.42,EUR,CREATED,region-07743,web
ORD-P007744,CUST-1744,2026-10-05 12:00:00,37.43,EUR,CREATED,region-07744,web
ORD-P007745,CUST-1745,2026-10-05 12:00:00,37.44,EUR,CREATED,region-07745,web
ORD-P007746,CUST-1746,2026-10-05 12:00:00,37.45,EUR,CREATED,region-07746,web
ORD-P007747,CUST-1747,2026-10-05 12:00:00,37.46,EUR,CREATED,region-07747,web
ORD-P007748,CUST-1748,2026-10-05 12:00:00,37.47,EUR,CREATED,region-07748,web
ORD-P007749,CUST-1749,2026-10-05 12:00:00,37.48,EUR,CREATED,region-07749,web
ORD-P007750,CUST-1750,2026-10-05 12:00:00,37.49,EUR,CREATED,region-07750,web
ORD-P007751,CUST-1751,2026-10-05 12:00:00,37.50,EUR,CREATED,region-07751,web
ORD-P007752,CUST-1752,2026-10-05 12:00:00,37.51,EUR,CREATED,region-07752,web
ORD-P007753,CUST-1753,2026-10-05 12:00:00,37.52,EUR,CREATED,region-07753,web
ORD-P007754,CUST-1754,2026-10-05 12:00:00,37.53,EUR,CREATED,region-07754,web
ORD-P007755,CUST-1755,2026-10-05 12:00:00,37.54,EUR,CREATED,region-07755,web
ORD-P007756,CUST-1756,2026-10-05 12:00:00,37.55,EUR,CREATED,region-07756,web
ORD-P007757,CUST-1757,2026-10-05 12:00:00,37.56,EUR,CREATED,region-07757,web
ORD-P007758,CUST-1758,2026-10-05 12:00:00,37.57,EUR,CREATED,region-07758,web
ORD-P007759,CUST-1759,2026-10-05 12:00:00,37.58,EUR,CREATED,region-07759,web
ORD-P007760,CUST-1760,2026-10-05 12:00:00,37.59,EUR,CREATED,region-07760,web
ORD-P007761,CUST-1761,2026-10-05 12:00:00,37.60,EUR,CREATED,region-07761,web
ORD-P007762,CUST-1762,2026-10-05 12:00:00,37.61,EUR,CREATED,region-07762,web
ORD-P007763,CUST-1763,2026-10-05 12:00:00,37.62,EUR,CREATED,region-07763,web
ORD-P007764,CUST-1764,2026-10-05 12:00:00,37.63,EUR,CREATED,region-07764,web
ORD-P007765,CUST-1765,2026-10-05 12:00:00,37.64,EUR,CREATED,region-07765,web
ORD-P007766,CUST-1766,2026-10-05 12:00:00,37.65,EUR,CREATED,region-07766,web
ORD-P007767,CUST-1767,2026-10-05 12:00:00,37.66,EUR,CREATED,region-07767,web
ORD-P007768,CUST-1768,2026-10-05 12:00:00,37.67,EUR,CREATED,region-07768,web
ORD-P007769,CUST-1769,2026-10-05 12:00:00,37.68,EUR,CREATED,region-07769,web
ORD-P007770,CUST-1770,2026-10-05 12:00:00,37.69,EUR,CREATED,region-07770,web
ORD-P007771,CUST-1771,2026-10-05 12:00:00,37.70,EUR,CREATED,region-07771,web
ORD-P007772,CUST-1772,2026-10-05 12:00:00,37.71,EUR,CREATED,region-07772,web
ORD-P007773,CUST-1773,2026-10-05 12:00:00,37.72,EUR,CREATED,region-07773,web
ORD-P007774,CUST-1774,2026-10-05 12:00:00,37.73,EUR,CREATED,region-07774,web
ORD-P007775,CUST-1775,2026-10-05 12:00:00,37.74,EUR,CREATED,region-07775,web
ORD-P007776,CUST-1776,2026-10-05 12:00:00,37.75,EUR,CREATED,region-07776,web
ORD-P007777,CUST-1777,2026-10-05 12:00:00,37.76,EUR,CREATED,region-07777,web
ORD-P007778,CUST-1778,2026-10-05 12:00:00,37.77,EUR,CREATED,region-07778,web
ORD-P007779,CUST-1779,2026-10-05 12:00:00,37.78,EUR,CREATED,region-07779,web
ORD-P007780,CUST-1780,2026-10-05 12:00:00,37.79,EUR,CREATED,region-07780,web
ORD-P007781,CUST-1781,2026-10-05 12:00:00,37.80,EUR,CREATED,region-07781,web
ORD-P007782,CUST-1782,2026-10-05 12:00:00,37.81,EUR,CREATED,region-07782,web
ORD-P007783,CUST-1783,2026-10-05 12:00:00,37.82,EUR,CREATED,region-07783,web
ORD-P007784,CUST-1784,2026-10-05 12:00:00,37.83,EUR,CREATED,region-07784,web
ORD-P007785,CUST-1785,2026-10-05 12:00:00,37.84,EUR,CREATED,region-07785,web
ORD-P007786,CUST-1786,2026-10-05 12:00:00,37.85,EUR,CREATED,region-07786,web
ORD-P007787,CUST-1787,2026-10-05 12:00:00,37.86,EUR,CREATED,region-07787,web
ORD-P007788,CUST-1788,2026-10-05 12:00:00,37.87,EUR,CREATED,region-07788,web
ORD-P007789,CUST-1789,2026-10-05 12:00:00,37.88,EUR,CREATED,region-07789,web
ORD-P007790,CUST-1790,2026-10-05 12:00:00,37.89,EUR,CREATED,region-07790,web
ORD-P007791,CUST-1791,2026-10-05 12:00:00,37.90,EUR,CREATED,region-07791,web
ORD-P007792,CUST-1792,2026-10-05 12:00:00,37.91,EUR,CREATED,region-07792,web
ORD-P007793,CUST-1793,2026-10-05 12:00:00,37.92,EUR,CREATED,region-07793,web
ORD-P007794,CUST-1794,2026-10-05 12:00:00,37.93,EUR,CREATED,region-07794,web
ORD-P007795,CUST-1795,2026-10-05 12:00:00,37.94,EUR,CREATED,region-07795,web
ORD-P007796,CUST-1796,2026-10-05 12:00:00,37.95,EUR,CREATED,region-07796,web
ORD-P007797,CUST-1797,2026-10-05 12:00:00,37.96,EUR,CREATED,region-07797,web
ORD-P007798,CUST-1798,2026-10-05 12:00:00,37.97,EUR,CREATED,region-07798,web
ORD-P007799,CUST-1799,2026-10-05 12:00:00,37.98,EUR,CREATED,region-07799,web
ORD-P007800,CUST-1800,2026-10-05 12:00:00,37.99,EUR,CREATED,region-07800,web
ORD-P007801,CUST-1801,2026-10-05 12:00:00,38.00,EUR,CREATED,region-07801,web
ORD-P007802,CUST-1802,2026-10-05 12:00:00,38.01,EUR,CREATED,region-07802,web
ORD-P007803,CUST-1803,2026-10-05 12:00:00,38.02,EUR,CREATED,region-07803,web
ORD-P007804,CUST-1804,2026-10-05 12:00:00,38.03,EUR,CREATED,region-07804,web
ORD-P007805,CUST-1805,2026-10-05 12:00:00,38.04,EUR,CREATED,region-07805,web
ORD-P007806,CUST-1806,2026-10-05 12:00:00,38.05,EUR,CREATED,region-07806,web
ORD-P007807,CUST-1807,2026-10-05 12:00:00,38.06,EUR,CREATED,region-07807,web
ORD-P007808,CUST-1808,2026-10-05 12:00:00,38.07,EUR,CREATED,region-07808,web
ORD-P007809,CUST-1809,2026-10-05 12:00:00,38.08,EUR,CREATED,region-07809,web
ORD-P007810,CUST-1810,2026-10-05 12:00:00,38.09,EUR,CREATED,region-07810,web
ORD-P007811,CUST-1811,2026-10-05 12:00:00,38.10,EUR,CREATED,region-07811,web
ORD-P007812,CUST-1812,2026-10-05 12:00:00,38.11,EUR,CREATED,region-07812,web
ORD-P007813,CUST-1813,2026-10-05 12:00:00,38.12,EUR,CREATED,region-07813,web
ORD-P007814,CUST-1814,2026-10-05 12:00:00,38.13,EUR,CREATED,region-07814,web
ORD-P007815,CUST-1815,2026-10-05 12:00:00,38.14,EUR,CREATED,region-07815,web
ORD-P007816,CUST-1816,2026-10-05 12:00:00,38.15,EUR,CREATED,region-07816,web
ORD-P007817,CUST-1817,2026-10-05 12:00:00,38.16,EUR,CREATED,region-07817,web
ORD-P007818,CUST-1818,2026-10-05 12:00:00,38.17,EUR,CREATED,region-07818,web
ORD-P007819,CUST-1819,2026-10-05 12:00:00,38.18,EUR,CREATED,region-07819,web
ORD-P007820,CUST-1820,2026-10-05 12:00:00,38.19,EUR,CREATED,region-07820,web
ORD-P007821,CUST-1821,2026-10-05 12:00:00,38.20,EUR,CREATED,region-07821,web
ORD-P007822,CUST-1822,2026-10-05 12:00:00,38.21,EUR,CREATED,region-07822,web
ORD-P007823,CUST-1823,2026-10-05 12:00:00,38.22,EUR,CREATED,region-07823,web
ORD-P007824,CUST-1824,2026-10-05 12:00:00,38.23,EUR,CREATED,region-07824,web
ORD-P007825,CUST-1825,2026-10-05 12:00:00,38.24,EUR,CREATED,region-07825,web
ORD-P007826,CUST-1826,2026-10-05 12:00:00,38.25,EUR,CREATED,region-07826,web
ORD-P007827,CUST-1827,2026-10-05 12:00:00,38.26,EUR,CREATED,region-07827,web
ORD-P007828,CUST-1828,2026-10-05 12:00:00,38.27,EUR,CREATED,region-07828,web
ORD-P007829,CUST-1829,2026-10-05 12:00:00,38.28,EUR,CREATED,region-07829,web
ORD-P007830,CUST-1830,2026-10-05 12:00:00,38.29,EUR,CREATED,region-07830,web
ORD-P007831,CUST-1831,2026-10-05 12:00:00,38.30,EUR,CREATED,region-07831,web
ORD-P007832,CUST-1832,2026-10-05 12:00:00,38.31,EUR,CREATED,region-07832,web
ORD-P007833,CUST-1833,2026-10-05 12:00:00,38.32,EUR,CREATED,region-07833,web
ORD-P007834,CUST-1834,2026-10-05 12:00:00,38.33,EUR,CREATED,region-07834,web
ORD-P007835,CUST-1835,2026-10-05 12:00:00,38.34,EUR,CREATED,region-07835,web
ORD-P007836,CUST-1836,2026-10-05 12:00:00,38.35,EUR,CREATED,region-07836,web
ORD-P007837,CUST-1837,2026-10-05 12:00:00,38.36,EUR,CREATED,region-07837,web
ORD-P007838,CUST-1838,2026-10-05 12:00:00,38.37,EUR,CREATED,region-07838,web
ORD-P007839,CUST-1839,2026-10-05 12:00:00,38.38,EUR,CREATED,region-07839,web
ORD-P007840,CUST-1840,2026-10-05 12:00:00,38.39,EUR,CREATED,region-07840,web
ORD-P007841,CUST-1841,2026-10-05 12:00:00,38.40,EUR,CREATED,region-07841,web
ORD-P007842,CUST-1842,2026-10-05 12:00:00,38.41,EUR,CREATED,region-07842,web
ORD-P007843,CUST-1843,2026-10-05 12:00:00,38.42,EUR,CREATED,region-07843,web
ORD-P007844,CUST-1844,2026-10-05 12:00:00,38.43,EUR,CREATED,region-07844,web
ORD-P007845,CUST-1845,2026-10-05 12:00:00,38.44,EUR,CREATED,region-07845,web
ORD-P007846,CUST-1846,2026-10-05 12:00:00,38.45,EUR,CREATED,region-07846,web
ORD-P007847,CUST-1847,2026-10-05 12:00:00,38.46,EUR,CREATED,region-07847,web
ORD-P007848,CUST-1848,2026-10-05 12:00:00,38.47,EUR,CREATED,region-07848,web
ORD-P007849,CUST-1849,2026-10-05 12:00:00,38.48,EUR,CREATED,region-07849,web
ORD-P007850,CUST-1850,2026-10-05 12:00:00,38.49,EUR,CREATED,region-07850,web
ORD-P007851,CUST-1851,2026-10-05 12:00:00,38.50,EUR,CREATED,region-07851,web
ORD-P007852,CUST-1852,2026-10-05 12:00:00,38.51,EUR,CREATED,region-07852,web
ORD-P007853,CUST-1853,2026-10-05 12:00:00,38.52,EUR,CREATED,region-07853,web
ORD-P007854,CUST-1854,2026-10-05 12:00:00,38.53,EUR,CREATED,region-07854,web
ORD-P007855,CUST-1855,2026-10-05 12:00:00,38.54,EUR,CREATED,region-07855,web
ORD-P007856,CUST-1856,2026-10-05 12:00:00,38.55,EUR,CREATED,region-07856,web
ORD-P007857,CUST-1857,2026-10-05 12:00:00,38.56,EUR,CREATED,region-07857,web
ORD-P007858,CUST-1858,2026-10-05 12:00:00,38.57,EUR,CREATED,region-07858,web
ORD-P007859,CUST-1859,2026-10-05 12:00:00,38.58,EUR,CREATED,region-07859,web
ORD-P007860,CUST-1860,2026-10-05 12:00:00,38.59,EUR,CREATED,region-07860,web
ORD-P007861,CUST-1861,2026-10-05 12:00:00,38.60,EUR,CREATED,region-07861,web
ORD-P007862,CUST-1862,2026-10-05 12:00:00,38.61,EUR,CREATED,region-07862,web
ORD-P007863,CUST-1863,2026-10-05 12:00:00,38.62,EUR,CREATED,region-07863,web
ORD-P007864,CUST-1864,2026-10-05 12:00:00,38.63,EUR,CREATED,region-07864,web
ORD-P007865,CUST-1865,2026-10-05 12:00:00,38.64,EUR,CREATED,region-07865,web
ORD-P007866,CUST-1866,2026-10-05 12:00:00,38.65,EUR,CREATED,region-07866,web
ORD-P007867,CUST-1867,2026-10-05 12:00:00,38.66,EUR,CREATED,region-07867,web
ORD-P007868,CUST-1868,2026-10-05 12:00:00,38.67,EUR,CREATED,region-07868,web
ORD-P007869,CUST-1869,2026-10-05 12:00:00,38.68,EUR,CREATED,region-07869,web
ORD-P007870,CUST-1870,2026-10-05 12:00:00,38.69,EUR,CREATED,region-07870,web
ORD-P007871,CUST-1871,2026-10-05 12:00:00,38.70,EUR,CREATED,region-07871,web
ORD-P007872,CUST-1872,2026-10-05 12:00:00,38.71,EUR,CREATED,region-07872,web
ORD-P007873,CUST-1873,2026-10-05 12:00:00,38.72,EUR,CREATED,region-07873,web
ORD-P007874,CUST-1874,2026-10-05 12:00:00,38.73,EUR,CREATED,region-07874,web
ORD-P007875,CUST-1875,2026-10-05 12:00:00,38.74,EUR,CREATED,region-07875,web
ORD-P007876,CUST-1876,2026-10-05 12:00:00,38.75,EUR,CREATED,region-07876,web
ORD-P007877,CUST-1877,2026-10-05 12:00:00,38.76,EUR,CREATED,region-07877,web
ORD-P007878,CUST-1878,2026-10-05 12:00:00,38.77,EUR,CREATED,region-07878,web
ORD-P007879,CUST-1879,2026-10-05 12:00:00,38.78,EUR,CREATED,region-07879,web
ORD-P007880,CUST-1880,2026-10-05 12:00:00,38.79,EUR,CREATED,region-07880,web
ORD-P007881,CUST-1881,2026-10-05 12:00:00,38.80,EUR,CREATED,region-07881,web
ORD-P007882,CUST-1882,2026-10-05 12:00:00,38.81,EUR,CREATED,region-07882,web
ORD-P007883,CUST-1883,2026-10-05 12:00:00,38.82,EUR,CREATED,region-07883,web
ORD-P007884,CUST-1884,2026-10-05 12:00:00,38.83,EUR,CREATED,region-07884,web
ORD-P007885,CUST-1885,2026-10-05 12:00:00,38.84,EUR,CREATED,region-07885,web
ORD-P007886,CUST-1886,2026-10-05 12:00:00,38.85,EUR,CREATED,region-07886,web
ORD-P007887,CUST-1887,2026-10-05 12:00:00,38.86,EUR,CREATED,region-07887,web
ORD-P007888,CUST-1888,2026-10-05 12:00:00,38.87,EUR,CREATED,region-07888,web
ORD-P007889,CUST-1889,2026-10-05 12:00:00,38.88,EUR,CREATED,region-07889,web
ORD-P007890,CUST-1890,2026-10-05 12:00:00,38.89,EUR,CREATED,region-07890,web
ORD-P007891,CUST-1891,2026-10-05 12:00:00,38.90,EUR,CREATED,region-07891,web
ORD-P007892,CUST-1892,2026-10-05 12:00:00,38.91,EUR,CREATED,region-07892,web
ORD-P007893,CUST-1893,2026-10-05 12:00:00,38.92,EUR,CREATED,region-07893,web
ORD-P007894,CUST-1894,2026-10-05 12:00:00,38.93,EUR,CREATED,region-07894,web
ORD-P007895,CUST-1895,2026-10-05 12:00:00,38.94,EUR,CREATED,region-07895,web
ORD-P007896,CUST-1896,2026-10-05 12:00:00,38.95,EUR,CREATED,region-07896,web
ORD-P007897,CUST-1897,2026-10-05 12:00:00,38.96,EUR,CREATED,region-07897,web
ORD-P007898,CUST-1898,2026-10-05 12:00:00,38.97,EUR,CREATED,region-07898,web
ORD-P007899,CUST-1899,2026-10-05 12:00:00,38.98,EUR,CREATED,region-07899,web
ORD-P007900,CUST-1900,2026-10-05 12:00:00,38.99,EUR,CREATED,region-07900,web
ORD-P007901,CUST-1901,2026-10-05 12:00:00,39.00,EUR,CREATED,region-07901,web
ORD-P007902,CUST-1902,2026-10-05 12:00:00,39.01,EUR,CREATED,region-07902,web
ORD-P007903,CUST-1903,2026-10-05 12:00:00,39.02,EUR,CREATED,region-07903,web
ORD-P007904,CUST-1904,2026-10-05 12:00:00,39.03,EUR,CREATED,region-07904,web
ORD-P007905,CUST-1905,2026-10-05 12:00:00,39.04,EUR,CREATED,region-07905,web
ORD-P007906,CUST-1906,2026-10-05 12:00:00,39.05,EUR,CREATED,region-07906,web
ORD-P007907,CUST-1907,2026-10-05 12:00:00,39.06,EUR,CREATED,region-07907,web
ORD-P007908,CUST-1908,2026-10-05 12:00:00,39.07,EUR,CREATED,region-07908,web
ORD-P007909,CUST-1909,2026-10-05 12:00:00,39.08,EUR,CREATED,region-07909,web
ORD-P007910,CUST-1910,2026-10-05 12:00:00,39.09,EUR,CREATED,region-07910,web
ORD-P007911,CUST-1911,2026-10-05 12:00:00,39.10,EUR,CREATED,region-07911,web
ORD-P007912,CUST-1912,2026-10-05 12:00:00,39.11,EUR,CREATED,region-07912,web
ORD-P007913,CUST-1913,2026-10-05 12:00:00,39.12,EUR,CREATED,region-07913,web
ORD-P007914,CUST-1914,2026-10-05 12:00:00,39.13,EUR,CREATED,region-07914,web
ORD-P007915,CUST-1915,2026-10-05 12:00:00,39.14,EUR,CREATED,region-07915,web
ORD-P007916,CUST-1916,2026-10-05 12:00:00,39.15,EUR,CREATED,region-07916,web
ORD-P007917,CUST-1917,2026-10-05 12:00:00,39.16,EUR,CREATED,region-07917,web
ORD-P007918,CUST-1918,2026-10-05 12:00:00,39.17,EUR,CREATED,region-07918,web
ORD-P007919,CUST-1919,2026-10-05 12:00:00,39.18,EUR,CREATED,region-07919,web
ORD-P007920,CUST-1920,2026-10-05 12:00:00,39.19,EUR,CREATED,region-07920,web
ORD-P007921,CUST-1921,2026-10-05 12:00:00,39.20,EUR,CREATED,region-07921,web
ORD-P007922,CUST-1922,2026-10-05 12:00:00,39.21,EUR,CREATED,region-07922,web
ORD-P007923,CUST-1923,2026-10-05 12:00:00,39.22,EUR,CREATED,region-07923,web
ORD-P007924,CUST-1924,2026-10-05 12:00:00,39.23,EUR,CREATED,region-07924,web
ORD-P007925,CUST-1925,2026-10-05 12:00:00,39.24,EUR,CREATED,region-07925,web
ORD-P007926,CUST-1926,2026-10-05 12:00:00,39.25,EUR,CREATED,region-07926,web
ORD-P007927,CUST-1927,2026-10-05 12:00:00,39.26,EUR,CREATED,region-07927,web
ORD-P007928,CUST-1928,2026-10-05 12:00:00,39.27,EUR,CREATED,region-07928,web
ORD-P007929,CUST-1929,2026-10-05 12:00:00,39.28,EUR,CREATED,region-07929,web
ORD-P007930,CUST-1930,2026-10-05 12:00:00,39.29,EUR,CREATED,region-07930,web
ORD-P007931,CUST-1931,2026-10-05 12:00:00,39.30,EUR,CREATED,region-07931,web
ORD-P007932,CUST-1932,2026-10-05 12:00:00,39.31,EUR,CREATED,region-07932,web
ORD-P007933,CUST-1933,2026-10-05 12:00:00,39.32,EUR,CREATED,region-07933,web
ORD-P007934,CUST-1934,2026-10-05 12:00:00,39.33,EUR,CREATED,region-07934,web
ORD-P007935,CUST-1935,2026-10-05 12:00:00,39.34,EUR,CREATED,region-07935,web
ORD-P007936,CUST-1936,2026-10-05 12:00:00,39.35,EUR,CREATED,region-07936,web
ORD-P007937,CUST-1937,2026-10-05 12:00:00,39.36,EUR,CREATED,region-07937,web
ORD-P007938,CUST-1938,2026-10-05 12:00:00,39.37,EUR,CREATED,region-07938,web
ORD-P007939,CUST-1939,2026-10-05 12:00:00,39.38,EUR,CREATED,region-07939,web
ORD-P007940,CUST-1940,2026-10-05 12:00:00,39.39,EUR,CREATED,region-07940,web
ORD-P007941,CUST-1941,2026-10-05 12:00:00,39.40,EUR,CREATED,region-07941,web
ORD-P007942,CUST-1942,2026-10-05 12:00:00,39.41,EUR,CREATED,region-07942,web
ORD-P007943,CUST-1943,2026-10-05 12:00:00,39.42,EUR,CREATED,region-07943,web
ORD-P007944,CUST-1944,2026-10-05 12:00:00,39.43,EUR,CREATED,region-07944,web
ORD-P007945,CUST-1945,2026-10-05 12:00:00,39.44,EUR,CREATED,region-07945,web
ORD-P007946,CUST-1946,2026-10-05 12:00:00,39.45,EUR,CREATED,region-07946,web
ORD-P007947,CUST-1947,2026-10-05 12:00:00,39.46,EUR,CREATED,region-07947,web
ORD-P007948,CUST-1948,2026-10-05 12:00:00,39.47,EUR,CREATED,region-07948,web
ORD-P007949,CUST-1949,2026-10-05 12:00:00,39.48,EUR,CREATED,region-07949,web
ORD-P007950,CUST-1950,2026-10-05 12:00:00,39.49,EUR,CREATED,region-07950,web
ORD-P007951,CUST-1951,2026-10-05 12:00:00,39.50,EUR,CREATED,region-07951,web
ORD-P007952,CUST-1952,2026-10-05 12:00:00,39.51,EUR,CREATED,region-07952,web
ORD-P007953,CUST-1953,2026-10-05 12:00:00,39.52,EUR,CREATED,region-07953,web
ORD-P007954,CUST-1954,2026-10-05 12:00:00,39.53,EUR,CREATED,region-07954,web
ORD-P007955,CUST-1955,2026-10-05 12:00:00,39.54,EUR,CREATED,region-07955,web
ORD-P007956,CUST-1956,2026-10-05 12:00:00,39.55,EUR,CREATED,region-07956,web
ORD-P007957,CUST-1957,2026-10-05 12:00:00,39.56,EUR,CREATED,region-07957,web
ORD-P007958,CUST-1958,2026-10-05 12:00:00,39.57,EUR,CREATED,region-07958,web
ORD-P007959,CUST-1959,2026-10-05 12:00:00,39.58,EUR,CREATED,region-07959,web
ORD-P007960,CUST-1960,2026-10-05 12:00:00,39.59,EUR,CREATED,region-07960,web
ORD-P007961,CUST-1961,2026-10-05 12:00:00,39.60,EUR,CREATED,region-07961,web
ORD-P007962,CUST-1962,2026-10-05 12:00:00,39.61,EUR,CREATED,region-07962,web
ORD-P007963,CUST-1963,2026-10-05 12:00:00,39.62,EUR,CREATED,region-07963,web
ORD-P007964,CUST-1964,2026-10-05 12:00:00,39.63,EUR,CREATED,region-07964,web
ORD-P007965,CUST-1965,2026-10-05 12:00:00,39.64,EUR,CREATED,region-07965,web
ORD-P007966,CUST-1966,2026-10-05 12:00:00,39.65,EUR,CREATED,region-07966,web
ORD-P007967,CUST-1967,2026-10-05 12:00:00,39.66,EUR,CREATED,region-07967,web
ORD-P007968,CUST-1968,2026-10-05 12:00:00,39.67,EUR,CREATED,region-07968,web
ORD-P007969,CUST-1969,2026-10-05 12:00:00,39.68,EUR,CREATED,region-07969,web
ORD-P007970,CUST-1970,2026-10-05 12:00:00,39.69,EUR,CREATED,region-07970,web
ORD-P007971,CUST-1971,2026-10-05 12:00:00,39.70,EUR,CREATED,region-07971,web
ORD-P007972,CUST-1972,2026-10-05 12:00:00,39.71,EUR,CREATED,region-07972,web
ORD-P007973,CUST-1973,2026-10-05 12:00:00,39.72,EUR,CREATED,region-07973,web
ORD-P007974,CUST-1974,2026-10-05 12:00:00,39.73,EUR,CREATED,region-07974,web
ORD-P007975,CUST-1975,2026-10-05 12:00:00,39.74,EUR,CREATED,region-07975,web
ORD-P007976,CUST-1976,2026-10-05 12:00:00,39.75,EUR,CREATED,region-07976,web
ORD-P007977,CUST-1977,2026-10-05 12:00:00,39.76,EUR,CREATED,region-07977,web
ORD-P007978,CUST-1978,2026-10-05 12:00:00,39.77,EUR,CREATED,region-07978,web
ORD-P007979,CUST-1979,2026-10-05 12:00:00,39.78,EUR,CREATED,region-07979,web
ORD-P007980,CUST-1980,2026-10-05 12:00:00,39.79,EUR,CREATED,region-07980,web
ORD-P007981,CUST-1981,2026-10-05 12:00:00,39.80,EUR,CREATED,region-07981,web
ORD-P007982,CUST-1982,2026-10-05 12:00:00,39.81,EUR,CREATED,region-07982,web
ORD-P007983,CUST-1983,2026-10-05 12:00:00,39.82,EUR,CREATED,region-07983,web
ORD-P007984,CUST-1984,2026-10-05 12:00:00,39.83,EUR,CREATED,region-07984,web
ORD-P007985,CUST-1985,2026-10-05 12:00:00,39.84,EUR,CREATED,region-07985,web
ORD-P007986,CUST-1986,2026-10-05 12:00:00,39.85,EUR,CREATED,region-07986,web
ORD-P007987,CUST-1987,2026-10-05 12:00:00,39.86,EUR,CREATED,region-07987,web
ORD-P007988,CUST-1988,2026-10-05 12:00:00,39.87,EUR,CREATED,region-07988,web
ORD-P007989,CUST-1989,2026-10-05 12:00:00,39.88,EUR,CREATED,region-07989,web
ORD-P007990,CUST-1990,2026-10-05 12:00:00,39.89,EUR,CREATED,region-07990,web
ORD-P007991,CUST-1991,2026-10-05 12:00:00,39.90,EUR,CREATED,region-07991,web
ORD-P007992,CUST-1992,2026-10-05 12:00:00,39.91,EUR,CREATED,region-07992,web
ORD-P007993,CUST-1993,2026-10-05 12:00:00,39.92,EUR,CREATED,region-07993,web
ORD-P007994,CUST-1994,2026-10-05 12:00:00,39.93,EUR,CREATED,region-07994,web
ORD-P007995,CUST-1995,2026-10-05 12:00:00,39.94,EUR,CREATED,region-07995,web
ORD-P007996,CUST-1996,2026-10-05 12:00:00,39.95,EUR,CREATED,region-07996,web
ORD-P007997,CUST-1997,2026-10-05 12:00:00,39.96,EUR,CREATED,region-07997,web
ORD-P007998,CUST-1998,2026-10-05 12:00:00,39.97,EUR,CREATED,region-07998,web
ORD-P007999,CUST-1999,2026-10-05 12:00:00,39.98,EUR,CREATED,region-07999,web
ORD-P008000,CUST-2000,2026-10-05 12:00:00,39.99,EUR,CREATED,region-08000,web
ORD-P008001,CUST-0001,2026-10-05 12:00:00,40.00,EUR,CREATED,region-08001,web
ORD-P008002,CUST-0002,2026-10-05 12:00:00,40.01,EUR,CREATED,region-08002,web
ORD-P008003,CUST-0003,2026-10-05 12:00:00,40.02,EUR,CREATED,region-08003,web
ORD-P008004,CUST-0004,2026-10-05 12:00:00,40.03,EUR,CREATED,region-08004,web
ORD-P008005,CUST-0005,2026-10-05 12:00:00,40.04,EUR,CREATED,region-08005,web
ORD-P008006,CUST-0006,2026-10-05 12:00:00,40.05,EUR,CREATED,region-08006,web
ORD-P008007,CUST-0007,2026-10-05 12:00:00,40.06,EUR,CREATED,region-08007,web
ORD-P008008,CUST-0008,2026-10-05 12:00:00,40.07,EUR,CREATED,region-08008,web
ORD-P008009,CUST-0009,2026-10-05 12:00:00,40.08,EUR,CREATED,region-08009,web
ORD-P008010,CUST-0010,2026-10-05 12:00:00,40.09,EUR,CREATED,region-08010,web
ORD-P008011,CUST-0011,2026-10-05 12:00:00,40.10,EUR,CREATED,region-08011,web
ORD-P008012,CUST-0012,2026-10-05 12:00:00,40.11,EUR,CREATED,region-08012,web
ORD-P008013,CUST-0013,2026-10-05 12:00:00,40.12,EUR,CREATED,region-08013,web
ORD-P008014,CUST-0014,2026-10-05 12:00:00,40.13,EUR,CREATED,region-08014,web
ORD-P008015,CUST-0015,2026-10-05 12:00:00,40.14,EUR,CREATED,region-08015,web
ORD-P008016,CUST-0016,2026-10-05 12:00:00,40.15,EUR,CREATED,region-08016,web
ORD-P008017,CUST-0017,2026-10-05 12:00:00,40.16,EUR,CREATED,region-08017,web
ORD-P008018,CUST-0018,2026-10-05 12:00:00,40.17,EUR,CREATED,region-08018,web
ORD-P008019,CUST-0019,2026-10-05 12:00:00,40.18,EUR,CREATED,region-08019,web
ORD-P008020,CUST-0020,2026-10-05 12:00:00,40.19,EUR,CREATED,region-08020,web
ORD-P008021,CUST-0021,2026-10-05 12:00:00,40.20,EUR,CREATED,region-08021,web
ORD-P008022,CUST-0022,2026-10-05 12:00:00,40.21,EUR,CREATED,region-08022,web
ORD-P008023,CUST-0023,2026-10-05 12:00:00,40.22,EUR,CREATED,region-08023,web
ORD-P008024,CUST-0024,2026-10-05 12:00:00,40.23,EUR,CREATED,region-08024,web
ORD-P008025,CUST-0025,2026-10-05 12:00:00,40.24,EUR,CREATED,region-08025,web
ORD-P008026,CUST-0026,2026-10-05 12:00:00,40.25,EUR,CREATED,region-08026,web
ORD-P008027,CUST-0027,2026-10-05 12:00:00,40.26,EUR,CREATED,region-08027,web
ORD-P008028,CUST-0028,2026-10-05 12:00:00,40.27,EUR,CREATED,region-08028,web
ORD-P008029,CUST-0029,2026-10-05 12:00:00,40.28,EUR,CREATED,region-08029,web
ORD-P008030,CUST-0030,2026-10-05 12:00:00,40.29,EUR,CREATED,region-08030,web
ORD-P008031,CUST-0031,2026-10-05 12:00:00,40.30,EUR,CREATED,region-08031,web
ORD-P008032,CUST-0032,2026-10-05 12:00:00,40.31,EUR,CREATED,region-08032,web
ORD-P008033,CUST-0033,2026-10-05 12:00:00,40.32,EUR,CREATED,region-08033,web
ORD-P008034,CUST-0034,2026-10-05 12:00:00,40.33,EUR,CREATED,region-08034,web
ORD-P008035,CUST-0035,2026-10-05 12:00:00,40.34,EUR,CREATED,region-08035,web
ORD-P008036,CUST-0036,2026-10-05 12:00:00,40.35,EUR,CREATED,region-08036,web
ORD-P008037,CUST-0037,2026-10-05 12:00:00,40.36,EUR,CREATED,region-08037,web
ORD-P008038,CUST-0038,2026-10-05 12:00:00,40.37,EUR,CREATED,region-08038,web
ORD-P008039,CUST-0039,2026-10-05 12:00:00,40.38,EUR,CREATED,region-08039,web
ORD-P008040,CUST-0040,2026-10-05 12:00:00,40.39,EUR,CREATED,region-08040,web
ORD-P008041,CUST-0041,2026-10-05 12:00:00,40.40,EUR,CREATED,region-08041,web
ORD-P008042,CUST-0042,2026-10-05 12:00:00,40.41,EUR,CREATED,region-08042,web
ORD-P008043,CUST-0043,2026-10-05 12:00:00,40.42,EUR,CREATED,region-08043,web
ORD-P008044,CUST-0044,2026-10-05 12:00:00,40.43,EUR,CREATED,region-08044,web
ORD-P008045,CUST-0045,2026-10-05 12:00:00,40.44,EUR,CREATED,region-08045,web
ORD-P008046,CUST-0046,2026-10-05 12:00:00,40.45,EUR,CREATED,region-08046,web
ORD-P008047,CUST-0047,2026-10-05 12:00:00,40.46,EUR,CREATED,region-08047,web
ORD-P008048,CUST-0048,2026-10-05 12:00:00,40.47,EUR,CREATED,region-08048,web
ORD-P008049,CUST-0049,2026-10-05 12:00:00,40.48,EUR,CREATED,region-08049,web
ORD-P008050,CUST-0050,2026-10-05 12:00:00,40.49,EUR,CREATED,region-08050,web
ORD-P008051,CUST-0051,2026-10-05 12:00:00,40.50,EUR,CREATED,region-08051,web
ORD-P008052,CUST-0052,2026-10-05 12:00:00,40.51,EUR,CREATED,region-08052,web
ORD-P008053,CUST-0053,2026-10-05 12:00:00,40.52,EUR,CREATED,region-08053,web
ORD-P008054,CUST-0054,2026-10-05 12:00:00,40.53,EUR,CREATED,region-08054,web
ORD-P008055,CUST-0055,2026-10-05 12:00:00,40.54,EUR,CREATED,region-08055,web
ORD-P008056,CUST-0056,2026-10-05 12:00:00,40.55,EUR,CREATED,region-08056,web
ORD-P008057,CUST-0057,2026-10-05 12:00:00,40.56,EUR,CREATED,region-08057,web
ORD-P008058,CUST-0058,2026-10-05 12:00:00,40.57,EUR,CREATED,region-08058,web
ORD-P008059,CUST-0059,2026-10-05 12:00:00,40.58,EUR,CREATED,region-08059,web
ORD-P008060,CUST-0060,2026-10-05 12:00:00,40.59,EUR,CREATED,region-08060,web
ORD-P008061,CUST-0061,2026-10-05 12:00:00,40.60,EUR,CREATED,region-08061,web
ORD-P008062,CUST-0062,2026-10-05 12:00:00,40.61,EUR,CREATED,region-08062,web
ORD-P008063,CUST-0063,2026-10-05 12:00:00,40.62,EUR,CREATED,region-08063,web
ORD-P008064,CUST-0064,2026-10-05 12:00:00,40.63,EUR,CREATED,region-08064,web
ORD-P008065,CUST-0065,2026-10-05 12:00:00,40.64,EUR,CREATED,region-08065,web
ORD-P008066,CUST-0066,2026-10-05 12:00:00,40.65,EUR,CREATED,region-08066,web
ORD-P008067,CUST-0067,2026-10-05 12:00:00,40.66,EUR,CREATED,region-08067,web
ORD-P008068,CUST-0068,2026-10-05 12:00:00,40.67,EUR,CREATED,region-08068,web
ORD-P008069,CUST-0069,2026-10-05 12:00:00,40.68,EUR,CREATED,region-08069,web
ORD-P008070,CUST-0070,2026-10-05 12:00:00,40.69,EUR,CREATED,region-08070,web
ORD-P008071,CUST-0071,2026-10-05 12:00:00,40.70,EUR,CREATED,region-08071,web
ORD-P008072,CUST-0072,2026-10-05 12:00:00,40.71,EUR,CREATED,region-08072,web
ORD-P008073,CUST-0073,2026-10-05 12:00:00,40.72,EUR,CREATED,region-08073,web
ORD-P008074,CUST-0074,2026-10-05 12:00:00,40.73,EUR,CREATED,region-08074,web
ORD-P008075,CUST-0075,2026-10-05 12:00:00,40.74,EUR,CREATED,region-08075,web
ORD-P008076,CUST-0076,2026-10-05 12:00:00,40.75,EUR,CREATED,region-08076,web
ORD-P008077,CUST-0077,2026-10-05 12:00:00,40.76,EUR,CREATED,region-08077,web
ORD-P008078,CUST-0078,2026-10-05 12:00:00,40.77,EUR,CREATED,region-08078,web
ORD-P008079,CUST-0079,2026-10-05 12:00:00,40.78,EUR,CREATED,region-08079,web
ORD-P008080,CUST-0080,2026-10-05 12:00:00,40.79,EUR,CREATED,region-08080,web
ORD-P008081,CUST-0081,2026-10-05 12:00:00,40.80,EUR,CREATED,region-08081,web
ORD-P008082,CUST-0082,2026-10-05 12:00:00,40.81,EUR,CREATED,region-08082,web
ORD-P008083,CUST-0083,2026-10-05 12:00:00,40.82,EUR,CREATED,region-08083,web
ORD-P008084,CUST-0084,2026-10-05 12:00:00,40.83,EUR,CREATED,region-08084,web
ORD-P008085,CUST-0085,2026-10-05 12:00:00,40.84,EUR,CREATED,region-08085,web
ORD-P008086,CUST-0086,2026-10-05 12:00:00,40.85,EUR,CREATED,region-08086,web
ORD-P008087,CUST-0087,2026-10-05 12:00:00,40.86,EUR,CREATED,region-08087,web
ORD-P008088,CUST-0088,2026-10-05 12:00:00,40.87,EUR,CREATED,region-08088,web
ORD-P008089,CUST-0089,2026-10-05 12:00:00,40.88,EUR,CREATED,region-08089,web
ORD-P008090,CUST-0090,2026-10-05 12:00:00,40.89,EUR,CREATED,region-08090,web
ORD-P008091,CUST-0091,2026-10-05 12:00:00,40.90,EUR,CREATED,region-08091,web
ORD-P008092,CUST-0092,2026-10-05 12:00:00,40.91,EUR,CREATED,region-08092,web
ORD-P008093,CUST-0093,2026-10-05 12:00:00,40.92,EUR,CREATED,region-08093,web
ORD-P008094,CUST-0094,2026-10-05 12:00:00,40.93,EUR,CREATED,region-08094,web
ORD-P008095,CUST-0095,2026-10-05 12:00:00,40.94,EUR,CREATED,region-08095,web
ORD-P008096,CUST-0096,2026-10-05 12:00:00,40.95,EUR,CREATED,region-08096,web
ORD-P008097,CUST-0097,2026-10-05 12:00:00,40.96,EUR,CREATED,region-08097,web
ORD-P008098,CUST-0098,2026-10-05 12:00:00,40.97,EUR,CREATED,region-08098,web
ORD-P008099,CUST-0099,2026-10-05 12:00:00,40.98,EUR,CREATED,region-08099,web
ORD-P008100,CUST-0100,2026-10-05 12:00:00,40.99,EUR,CREATED,region-08100,web
ORD-P008101,CUST-0101,2026-10-05 12:00:00,41.00,EUR,CREATED,region-08101,web
ORD-P008102,CUST-0102,2026-10-05 12:00:00,41.01,EUR,CREATED,region-08102,web
ORD-P008103,CUST-0103,2026-10-05 12:00:00,41.02,EUR,CREATED,region-08103,web
ORD-P008104,CUST-0104,2026-10-05 12:00:00,41.03,EUR,CREATED,region-08104,web
ORD-P008105,CUST-0105,2026-10-05 12:00:00,41.04,EUR,CREATED,region-08105,web
ORD-P008106,CUST-0106,2026-10-05 12:00:00,41.05,EUR,CREATED,region-08106,web
ORD-P008107,CUST-0107,2026-10-05 12:00:00,41.06,EUR,CREATED,region-08107,web
ORD-P008108,CUST-0108,2026-10-05 12:00:00,41.07,EUR,CREATED,region-08108,web
ORD-P008109,CUST-0109,2026-10-05 12:00:00,41.08,EUR,CREATED,region-08109,web
ORD-P008110,CUST-0110,2026-10-05 12:00:00,41.09,EUR,CREATED,region-08110,web
ORD-P008111,CUST-0111,2026-10-05 12:00:00,41.10,EUR,CREATED,region-08111,web
ORD-P008112,CUST-0112,2026-10-05 12:00:00,41.11,EUR,CREATED,region-08112,web
ORD-P008113,CUST-0113,2026-10-05 12:00:00,41.12,EUR,CREATED,region-08113,web
ORD-P008114,CUST-0114,2026-10-05 12:00:00,41.13,EUR,CREATED,region-08114,web
ORD-P008115,CUST-0115,2026-10-05 12:00:00,41.14,EUR,CREATED,region-08115,web
ORD-P008116,CUST-0116,2026-10-05 12:00:00,41.15,EUR,CREATED,region-08116,web
ORD-P008117,CUST-0117,2026-10-05 12:00:00,41.16,EUR,CREATED,region-08117,web
ORD-P008118,CUST-0118,2026-10-05 12:00:00,41.17,EUR,CREATED,region-08118,web
ORD-P008119,CUST-0119,2026-10-05 12:00:00,41.18,EUR,CREATED,region-08119,web
ORD-P008120,CUST-0120,2026-10-05 12:00:00,41.19,EUR,CREATED,region-08120,web
ORD-P008121,CUST-0121,2026-10-05 12:00:00,41.20,EUR,CREATED,region-08121,web
ORD-P008122,CUST-0122,2026-10-05 12:00:00,41.21,EUR,CREATED,region-08122,web
ORD-P008123,CUST-0123,2026-10-05 12:00:00,41.22,EUR,CREATED,region-08123,web
ORD-P008124,CUST-0124,2026-10-05 12:00:00,41.23,EUR,CREATED,region-08124,web
ORD-P008125,CUST-0125,2026-10-05 12:00:00,41.24,EUR,CREATED,region-08125,web
ORD-P008126,CUST-0126,2026-10-05 12:00:00,41.25,EUR,CREATED,region-08126,web
ORD-P008127,CUST-0127,2026-10-05 12:00:00,41.26,EUR,CREATED,region-08127,web
ORD-P008128,CUST-0128,2026-10-05 12:00:00,41.27,EUR,CREATED,region-08128,web
ORD-P008129,CUST-0129,2026-10-05 12:00:00,41.28,EUR,CREATED,region-08129,web
ORD-P008130,CUST-0130,2026-10-05 12:00:00,41.29,EUR,CREATED,region-08130,web
ORD-P008131,CUST-0131,2026-10-05 12:00:00,41.30,EUR,CREATED,region-08131,web
ORD-P008132,CUST-0132,2026-10-05 12:00:00,41.31,EUR,CREATED,region-08132,web
ORD-P008133,CUST-0133,2026-10-05 12:00:00,41.32,EUR,CREATED,region-08133,web
ORD-P008134,CUST-0134,2026-10-05 12:00:00,41.33,EUR,CREATED,region-08134,web
ORD-P008135,CUST-0135,2026-10-05 12:00:00,41.34,EUR,CREATED,region-08135,web
ORD-P008136,CUST-0136,2026-10-05 12:00:00,41.35,EUR,CREATED,region-08136,web
ORD-P008137,CUST-0137,2026-10-05 12:00:00,41.36,EUR,CREATED,region-08137,web
ORD-P008138,CUST-0138,2026-10-05 12:00:00,41.37,EUR,CREATED,region-08138,web
ORD-P008139,CUST-0139,2026-10-05 12:00:00,41.38,EUR,CREATED,region-08139,web
ORD-P008140,CUST-0140,2026-10-05 12:00:00,41.39,EUR,CREATED,region-08140,web
ORD-P008141,CUST-0141,2026-10-05 12:00:00,41.40,EUR,CREATED,region-08141,web
ORD-P008142,CUST-0142,2026-10-05 12:00:00,41.41,EUR,CREATED,region-08142,web
ORD-P008143,CUST-0143,2026-10-05 12:00:00,41.42,EUR,CREATED,region-08143,web
ORD-P008144,CUST-0144,2026-10-05 12:00:00,41.43,EUR,CREATED,region-08144,web
ORD-P008145,CUST-0145,2026-10-05 12:00:00,41.44,EUR,CREATED,region-08145,web
ORD-P008146,CUST-0146,2026-10-05 12:00:00,41.45,EUR,CREATED,region-08146,web
ORD-P008147,CUST-0147,2026-10-05 12:00:00,41.46,EUR,CREATED,region-08147,web
ORD-P008148,CUST-0148,2026-10-05 12:00:00,41.47,EUR,CREATED,region-08148,web
ORD-P008149,CUST-0149,2026-10-05 12:00:00,41.48,EUR,CREATED,region-08149,web
ORD-P008150,CUST-0150,2026-10-05 12:00:00,41.49,EUR,CREATED,region-08150,web
ORD-P008151,CUST-0151,2026-10-05 12:00:00,41.50,EUR,CREATED,region-08151,web
ORD-P008152,CUST-0152,2026-10-05 12:00:00,41.51,EUR,CREATED,region-08152,web
ORD-P008153,CUST-0153,2026-10-05 12:00:00,41.52,EUR,CREATED,region-08153,web
ORD-P008154,CUST-0154,2026-10-05 12:00:00,41.53,EUR,CREATED,region-08154,web
ORD-P008155,CUST-0155,2026-10-05 12:00:00,41.54,EUR,CREATED,region-08155,web
ORD-P008156,CUST-0156,2026-10-05 12:00:00,41.55,EUR,CREATED,region-08156,web
ORD-P008157,CUST-0157,2026-10-05 12:00:00,41.56,EUR,CREATED,region-08157,web
ORD-P008158,CUST-0158,2026-10-05 12:00:00,41.57,EUR,CREATED,region-08158,web
ORD-P008159,CUST-0159,2026-10-05 12:00:00,41.58,EUR,CREATED,region-08159,web
ORD-P008160,CUST-0160,2026-10-05 12:00:00,41.59,EUR,CREATED,region-08160,web
ORD-P008161,CUST-0161,2026-10-05 12:00:00,41.60,EUR,CREATED,region-08161,web
ORD-P008162,CUST-0162,2026-10-05 12:00:00,41.61,EUR,CREATED,region-08162,web
ORD-P008163,CUST-0163,2026-10-05 12:00:00,41.62,EUR,CREATED,region-08163,web
ORD-P008164,CUST-0164,2026-10-05 12:00:00,41.63,EUR,CREATED,region-08164,web
ORD-P008165,CUST-0165,2026-10-05 12:00:00,41.64,EUR,CREATED,region-08165,web
ORD-P008166,CUST-0166,2026-10-05 12:00:00,41.65,EUR,CREATED,region-08166,web
ORD-P008167,CUST-0167,2026-10-05 12:00:00,41.66,EUR,CREATED,region-08167,web
ORD-P008168,CUST-0168,2026-10-05 12:00:00,41.67,EUR,CREATED,region-08168,web
ORD-P008169,CUST-0169,2026-10-05 12:00:00,41.68,EUR,CREATED,region-08169,web
ORD-P008170,CUST-0170,2026-10-05 12:00:00,41.69,EUR,CREATED,region-08170,web
ORD-P008171,CUST-0171,2026-10-05 12:00:00,41.70,EUR,CREATED,region-08171,web
ORD-P008172,CUST-0172,2026-10-05 12:00:00,41.71,EUR,CREATED,region-08172,web
ORD-P008173,CUST-0173,2026-10-05 12:00:00,41.72,EUR,CREATED,region-08173,web
ORD-P008174,CUST-0174,2026-10-05 12:00:00,41.73,EUR,CREATED,region-08174,web
ORD-P008175,CUST-0175,2026-10-05 12:00:00,41.74,EUR,CREATED,region-08175,web
ORD-P008176,CUST-0176,2026-10-05 12:00:00,41.75,EUR,CREATED,region-08176,web
ORD-P008177,CUST-0177,2026-10-05 12:00:00,41.76,EUR,CREATED,region-08177,web
ORD-P008178,CUST-0178,2026-10-05 12:00:00,41.77,EUR,CREATED,region-08178,web
ORD-P008179,CUST-0179,2026-10-05 12:00:00,41.78,EUR,CREATED,region-08179,web
ORD-P008180,CUST-0180,2026-10-05 12:00:00,41.79,EUR,CREATED,region-08180,web
ORD-P008181,CUST-0181,2026-10-05 12:00:00,41.80,EUR,CREATED,region-08181,web
ORD-P008182,CUST-0182,2026-10-05 12:00:00,41.81,EUR,CREATED,region-08182,web
ORD-P008183,CUST-0183,2026-10-05 12:00:00,41.82,EUR,CREATED,region-08183,web
ORD-P008184,CUST-0184,2026-10-05 12:00:00,41.83,EUR,CREATED,region-08184,web
ORD-P008185,CUST-0185,2026-10-05 12:00:00,41.84,EUR,CREATED,region-08185,web
ORD-P008186,CUST-0186,2026-10-05 12:00:00,41.85,EUR,CREATED,region-08186,web
ORD-P008187,CUST-0187,2026-10-05 12:00:00,41.86,EUR,CREATED,region-08187,web
ORD-P008188,CUST-0188,2026-10-05 12:00:00,41.87,EUR,CREATED,region-08188,web
ORD-P008189,CUST-0189,2026-10-05 12:00:00,41.88,EUR,CREATED,region-08189,web
ORD-P008190,CUST-0190,2026-10-05 12:00:00,41.89,EUR,CREATED,region-08190,web
ORD-P008191,CUST-0191,2026-10-05 12:00:00,41.90,EUR,CREATED,region-08191,web
ORD-P008192,CUST-0192,2026-10-05 12:00:00,41.91,EUR,CREATED,region-08192,web
ORD-P008193,CUST-0193,2026-10-05 12:00:00,41.92,EUR,CREATED,region-08193,web
ORD-P008194,CUST-0194,2026-10-05 12:00:00,41.93,EUR,CREATED,region-08194,web
ORD-P008195,CUST-0195,2026-10-05 12:00:00,41.94,EUR,CREATED,region-08195,web
ORD-P008196,CUST-0196,2026-10-05 12:00:00,41.95,EUR,CREATED,region-08196,web
ORD-P008197,CUST-0197,2026-10-05 12:00:00,41.96,EUR,CREATED,region-08197,web
ORD-P008198,CUST-0198,2026-10-05 12:00:00,41.97,EUR,CREATED,region-08198,web
ORD-P008199,CUST-0199,2026-10-05 12:00:00,41.98,EUR,CREATED,region-08199,web
ORD-P008200,CUST-0200,2026-10-05 12:00:00,41.99,EUR,CREATED,region-08200,web
ORD-P008201,CUST-0201,2026-10-05 12:00:00,42.00,EUR,CREATED,region-08201,web
ORD-P008202,CUST-0202,2026-10-05 12:00:00,42.01,EUR,CREATED,region-08202,web
ORD-P008203,CUST-0203,2026-10-05 12:00:00,42.02,EUR,CREATED,region-08203,web
ORD-P008204,CUST-0204,2026-10-05 12:00:00,42.03,EUR,CREATED,region-08204,web
ORD-P008205,CUST-0205,2026-10-05 12:00:00,42.04,EUR,CREATED,region-08205,web
ORD-P008206,CUST-0206,2026-10-05 12:00:00,42.05,EUR,CREATED,region-08206,web
ORD-P008207,CUST-0207,2026-10-05 12:00:00,42.06,EUR,CREATED,region-08207,web
ORD-P008208,CUST-0208,2026-10-05 12:00:00,42.07,EUR,CREATED,region-08208,web
ORD-P008209,CUST-0209,2026-10-05 12:00:00,42.08,EUR,CREATED,region-08209,web
ORD-P008210,CUST-0210,2026-10-05 12:00:00,42.09,EUR,CREATED,region-08210,web
ORD-P008211,CUST-0211,2026-10-05 12:00:00,42.10,EUR,CREATED,region-08211,web
ORD-P008212,CUST-0212,2026-10-05 12:00:00,42.11,EUR,CREATED,region-08212,web
ORD-P008213,CUST-0213,2026-10-05 12:00:00,42.12,EUR,CREATED,region-08213,web
ORD-P008214,CUST-0214,2026-10-05 12:00:00,42.13,EUR,CREATED,region-08214,web
ORD-P008215,CUST-0215,2026-10-05 12:00:00,42.14,EUR,CREATED,region-08215,web
ORD-P008216,CUST-0216,2026-10-05 12:00:00,42.15,EUR,CREATED,region-08216,web
ORD-P008217,CUST-0217,2026-10-05 12:00:00,42.16,EUR,CREATED,region-08217,web
ORD-P008218,CUST-0218,2026-10-05 12:00:00,42.17,EUR,CREATED,region-08218,web
ORD-P008219,CUST-0219,2026-10-05 12:00:00,42.18,EUR,CREATED,region-08219,web
ORD-P008220,CUST-0220,2026-10-05 12:00:00,42.19,EUR,CREATED,region-08220,web
ORD-P008221,CUST-0221,2026-10-05 12:00:00,42.20,EUR,CREATED,region-08221,web
ORD-P008222,CUST-0222,2026-10-05 12:00:00,42.21,EUR,CREATED,region-08222,web
ORD-P008223,CUST-0223,2026-10-05 12:00:00,42.22,EUR,CREATED,region-08223,web
ORD-P008224,CUST-0224,2026-10-05 12:00:00,42.23,EUR,CREATED,region-08224,web
ORD-P008225,CUST-0225,2026-10-05 12:00:00,42.24,EUR,CREATED,region-08225,web
ORD-P008226,CUST-0226,2026-10-05 12:00:00,42.25,EUR,CREATED,region-08226,web
ORD-P008227,CUST-0227,2026-10-05 12:00:00,42.26,EUR,CREATED,region-08227,web
ORD-P008228,CUST-0228,2026-10-05 12:00:00,42.27,EUR,CREATED,region-08228,web
ORD-P008229,CUST-0229,2026-10-05 12:00:00,42.28,EUR,CREATED,region-08229,web
ORD-P008230,CUST-0230,2026-10-05 12:00:00,42.29,EUR,CREATED,region-08230,web
ORD-P008231,CUST-0231,2026-10-05 12:00:00,42.30,EUR,CREATED,region-08231,web
ORD-P008232,CUST-0232,2026-10-05 12:00:00,42.31,EUR,CREATED,region-08232,web
ORD-P008233,CUST-0233,2026-10-05 12:00:00,42.32,EUR,CREATED,region-08233,web
ORD-P008234,CUST-0234,2026-10-05 12:00:00,42.33,EUR,CREATED,region-08234,web
ORD-P008235,CUST-0235,2026-10-05 12:00:00,42.34,EUR,CREATED,region-08235,web
ORD-P008236,CUST-0236,2026-10-05 12:00:00,42.35,EUR,CREATED,region-08236,web
ORD-P008237,CUST-0237,2026-10-05 12:00:00,42.36,EUR,CREATED,region-08237,web
ORD-P008238,CUST-0238,2026-10-05 12:00:00,42.37,EUR,CREATED,region-08238,web
ORD-P008239,CUST-0239,2026-10-05 12:00:00,42.38,EUR,CREATED,region-08239,web
ORD-P008240,CUST-0240,2026-10-05 12:00:00,42.39,EUR,CREATED,region-08240,web
ORD-P008241,CUST-0241,2026-10-05 12:00:00,42.40,EUR,CREATED,region-08241,web
ORD-P008242,CUST-0242,2026-10-05 12:00:00,42.41,EUR,CREATED,region-08242,web
ORD-P008243,CUST-0243,2026-10-05 12:00:00,42.42,EUR,CREATED,region-08243,web
ORD-P008244,CUST-0244,2026-10-05 12:00:00,42.43,EUR,CREATED,region-08244,web
ORD-P008245,CUST-0245,2026-10-05 12:00:00,42.44,EUR,CREATED,region-08245,web
ORD-P008246,CUST-0246,2026-10-05 12:00:00,42.45,EUR,CREATED,region-08246,web
ORD-P008247,CUST-0247,2026-10-05 12:00:00,42.46,EUR,CREATED,region-08247,web
ORD-P008248,CUST-0248,2026-10-05 12:00:00,42.47,EUR,CREATED,region-08248,web
ORD-P008249,CUST-0249,2026-10-05 12:00:00,42.48,EUR,CREATED,region-08249,web
ORD-P008250,CUST-0250,2026-10-05 12:00:00,42.49,EUR,CREATED,region-08250,web
ORD-P008251,CUST-0251,2026-10-05 12:00:00,42.50,EUR,CREATED,region-08251,web
ORD-P008252,CUST-0252,2026-10-05 12:00:00,42.51,EUR,CREATED,region-08252,web
ORD-P008253,CUST-0253,2026-10-05 12:00:00,42.52,EUR,CREATED,region-08253,web
ORD-P008254,CUST-0254,2026-10-05 12:00:00,42.53,EUR,CREATED,region-08254,web
ORD-P008255,CUST-0255,2026-10-05 12:00:00,42.54,EUR,CREATED,region-08255,web
ORD-P008256,CUST-0256,2026-10-05 12:00:00,42.55,EUR,CREATED,region-08256,web
ORD-P008257,CUST-0257,2026-10-05 12:00:00,42.56,EUR,CREATED,region-08257,web
ORD-P008258,CUST-0258,2026-10-05 12:00:00,42.57,EUR,CREATED,region-08258,web
ORD-P008259,CUST-0259,2026-10-05 12:00:00,42.58,EUR,CREATED,region-08259,web
ORD-P008260,CUST-0260,2026-10-05 12:00:00,42.59,EUR,CREATED,region-08260,web
ORD-P008261,CUST-0261,2026-10-05 12:00:00,42.60,EUR,CREATED,region-08261,web
ORD-P008262,CUST-0262,2026-10-05 12:00:00,42.61,EUR,CREATED,region-08262,web
ORD-P008263,CUST-0263,2026-10-05 12:00:00,42.62,EUR,CREATED,region-08263,web
ORD-P008264,CUST-0264,2026-10-05 12:00:00,42.63,EUR,CREATED,region-08264,web
ORD-P008265,CUST-0265,2026-10-05 12:00:00,42.64,EUR,CREATED,region-08265,web
ORD-P008266,CUST-0266,2026-10-05 12:00:00,42.65,EUR,CREATED,region-08266,web
ORD-P008267,CUST-0267,2026-10-05 12:00:00,42.66,EUR,CREATED,region-08267,web
ORD-P008268,CUST-0268,2026-10-05 12:00:00,42.67,EUR,CREATED,region-08268,web
ORD-P008269,CUST-0269,2026-10-05 12:00:00,42.68,EUR,CREATED,region-08269,web
ORD-P008270,CUST-0270,2026-10-05 12:00:00,42.69,EUR,CREATED,region-08270,web
ORD-P008271,CUST-0271,2026-10-05 12:00:00,42.70,EUR,CREATED,region-08271,web
ORD-P008272,CUST-0272,2026-10-05 12:00:00,42.71,EUR,CREATED,region-08272,web
ORD-P008273,CUST-0273,2026-10-05 12:00:00,42.72,EUR,CREATED,region-08273,web
ORD-P008274,CUST-0274,2026-10-05 12:00:00,42.73,EUR,CREATED,region-08274,web
ORD-P008275,CUST-0275,2026-10-05 12:00:00,42.74,EUR,CREATED,region-08275,web
ORD-P008276,CUST-0276,2026-10-05 12:00:00,42.75,EUR,CREATED,region-08276,web
ORD-P008277,CUST-0277,2026-10-05 12:00:00,42.76,EUR,CREATED,region-08277,web
ORD-P008278,CUST-0278,2026-10-05 12:00:00,42.77,EUR,CREATED,region-08278,web
ORD-P008279,CUST-0279,2026-10-05 12:00:00,42.78,EUR,CREATED,region-08279,web
ORD-P008280,CUST-0280,2026-10-05 12:00:00,42.79,EUR,CREATED,region-08280,web
ORD-P008281,CUST-0281,2026-10-05 12:00:00,42.80,EUR,CREATED,region-08281,web
ORD-P008282,CUST-0282,2026-10-05 12:00:00,42.81,EUR,CREATED,region-08282,web
ORD-P008283,CUST-0283,2026-10-05 12:00:00,42.82,EUR,CREATED,region-08283,web
ORD-P008284,CUST-0284,2026-10-05 12:00:00,42.83,EUR,CREATED,region-08284,web
ORD-P008285,CUST-0285,2026-10-05 12:00:00,42.84,EUR,CREATED,region-08285,web
ORD-P008286,CUST-0286,2026-10-05 12:00:00,42.85,EUR,CREATED,region-08286,web
ORD-P008287,CUST-0287,2026-10-05 12:00:00,42.86,EUR,CREATED,region-08287,web
ORD-P008288,CUST-0288,2026-10-05 12:00:00,42.87,EUR,CREATED,region-08288,web
ORD-P008289,CUST-0289,2026-10-05 12:00:00,42.88,EUR,CREATED,region-08289,web
ORD-P008290,CUST-0290,2026-10-05 12:00:00,42.89,EUR,CREATED,region-08290,web
ORD-P008291,CUST-0291,2026-10-05 12:00:00,42.90,EUR,CREATED,region-08291,web
ORD-P008292,CUST-0292,2026-10-05 12:00:00,42.91,EUR,CREATED,region-08292,web
ORD-P008293,CUST-0293,2026-10-05 12:00:00,42.92,EUR,CREATED,region-08293,web
ORD-P008294,CUST-0294,2026-10-05 12:00:00,42.93,EUR,CREATED,region-08294,web
ORD-P008295,CUST-0295,2026-10-05 12:00:00,42.94,EUR,CREATED,region-08295,web
ORD-P008296,CUST-0296,2026-10-05 12:00:00,42.95,EUR,CREATED,region-08296,web
ORD-P008297,CUST-0297,2026-10-05 12:00:00,42.96,EUR,CREATED,region-08297,web
ORD-P008298,CUST-0298,2026-10-05 12:00:00,42.97,EUR,CREATED,region-08298,web
ORD-P008299,CUST-0299,2026-10-05 12:00:00,42.98,EUR,CREATED,region-08299,web
ORD-P008300,CUST-0300,2026-10-05 12:00:00,42.99,EUR,CREATED,region-08300,web
ORD-P008301,CUST-0301,2026-10-05 12:00:00,43.00,EUR,CREATED,region-08301,web
ORD-P008302,CUST-0302,2026-10-05 12:00:00,43.01,EUR,CREATED,region-08302,web
ORD-P008303,CUST-0303,2026-10-05 12:00:00,43.02,EUR,CREATED,region-08303,web
ORD-P008304,CUST-0304,2026-10-05 12:00:00,43.03,EUR,CREATED,region-08304,web
ORD-P008305,CUST-0305,2026-10-05 12:00:00,43.04,EUR,CREATED,region-08305,web
ORD-P008306,CUST-0306,2026-10-05 12:00:00,43.05,EUR,CREATED,region-08306,web
ORD-P008307,CUST-0307,2026-10-05 12:00:00,43.06,EUR,CREATED,region-08307,web
ORD-P008308,CUST-0308,2026-10-05 12:00:00,43.07,EUR,CREATED,region-08308,web
ORD-P008309,CUST-0309,2026-10-05 12:00:00,43.08,EUR,CREATED,region-08309,web
ORD-P008310,CUST-0310,2026-10-05 12:00:00,43.09,EUR,CREATED,region-08310,web
ORD-P008311,CUST-0311,2026-10-05 12:00:00,43.10,EUR,CREATED,region-08311,web
ORD-P008312,CUST-0312,2026-10-05 12:00:00,43.11,EUR,CREATED,region-08312,web
ORD-P008313,CUST-0313,2026-10-05 12:00:00,43.12,EUR,CREATED,region-08313,web
ORD-P008314,CUST-0314,2026-10-05 12:00:00,43.13,EUR,CREATED,region-08314,web
ORD-P008315,CUST-0315,2026-10-05 12:00:00,43.14,EUR,CREATED,region-08315,web
ORD-P008316,CUST-0316,2026-10-05 12:00:00,43.15,EUR,CREATED,region-08316,web
ORD-P008317,CUST-0317,2026-10-05 12:00:00,43.16,EUR,CREATED,region-08317,web
ORD-P008318,CUST-0318,2026-10-05 12:00:00,43.17,EUR,CREATED,region-08318,web
ORD-P008319,CUST-0319,2026-10-05 12:00:00,43.18,EUR,CREATED,region-08319,web
ORD-P008320,CUST-0320,2026-10-05 12:00:00,43.19,EUR,CREATED,region-08320,web
ORD-P008321,CUST-0321,2026-10-05 12:00:00,43.20,EUR,CREATED,region-08321,web
ORD-P008322,CUST-0322,2026-10-05 12:00:00,43.21,EUR,CREATED,region-08322,web
ORD-P008323,CUST-0323,2026-10-05 12:00:00,43.22,EUR,CREATED,region-08323,web
ORD-P008324,CUST-0324,2026-10-05 12:00:00,43.23,EUR,CREATED,region-08324,web
ORD-P008325,CUST-0325,2026-10-05 12:00:00,43.24,EUR,CREATED,region-08325,web
ORD-P008326,CUST-0326,2026-10-05 12:00:00,43.25,EUR,CREATED,region-08326,web
ORD-P008327,CUST-0327,2026-10-05 12:00:00,43.26,EUR,CREATED,region-08327,web
ORD-P008328,CUST-0328,2026-10-05 12:00:00,43.27,EUR,CREATED,region-08328,web
ORD-P008329,CUST-0329,2026-10-05 12:00:00,43.28,EUR,CREATED,region-08329,web
ORD-P008330,CUST-0330,2026-10-05 12:00:00,43.29,EUR,CREATED,region-08330,web
ORD-P008331,CUST-0331,2026-10-05 12:00:00,43.30,EUR,CREATED,region-08331,web
ORD-P008332,CUST-0332,2026-10-05 12:00:00,43.31,EUR,CREATED,region-08332,web
ORD-P008333,CUST-0333,2026-10-05 12:00:00,43.32,EUR,CREATED,region-08333,web
ORD-P008334,CUST-0334,2026-10-05 12:00:00,43.33,EUR,CREATED,region-08334,web
ORD-P008335,CUST-0335,2026-10-05 12:00:00,43.34,EUR,CREATED,region-08335,web
ORD-P008336,CUST-0336,2026-10-05 12:00:00,43.35,EUR,CREATED,region-08336,web
ORD-P008337,CUST-0337,2026-10-05 12:00:00,43.36,EUR,CREATED,region-08337,web
ORD-P008338,CUST-0338,2026-10-05 12:00:00,43.37,EUR,CREATED,region-08338,web
ORD-P008339,CUST-0339,2026-10-05 12:00:00,43.38,EUR,CREATED,region-08339,web
ORD-P008340,CUST-0340,2026-10-05 12:00:00,43.39,EUR,CREATED,region-08340,web
ORD-P008341,CUST-0341,2026-10-05 12:00:00,43.40,EUR,CREATED,region-08341,web
ORD-P008342,CUST-0342,2026-10-05 12:00:00,43.41,EUR,CREATED,region-08342,web
ORD-P008343,CUST-0343,2026-10-05 12:00:00,43.42,EUR,CREATED,region-08343,web
ORD-P008344,CUST-0344,2026-10-05 12:00:00,43.43,EUR,CREATED,region-08344,web
ORD-P008345,CUST-0345,2026-10-05 12:00:00,43.44,EUR,CREATED,region-08345,web
ORD-P008346,CUST-0346,2026-10-05 12:00:00,43.45,EUR,CREATED,region-08346,web
ORD-P008347,CUST-0347,2026-10-05 12:00:00,43.46,EUR,CREATED,region-08347,web
ORD-P008348,CUST-0348,2026-10-05 12:00:00,43.47,EUR,CREATED,region-08348,web
ORD-P008349,CUST-0349,2026-10-05 12:00:00,43.48,EUR,CREATED,region-08349,web
ORD-P008350,CUST-0350,2026-10-05 12:00:00,43.49,EUR,CREATED,region-08350,web
ORD-P008351,CUST-0351,2026-10-05 12:00:00,43.50,EUR,CREATED,region-08351,web
ORD-P008352,CUST-0352,2026-10-05 12:00:00,43.51,EUR,CREATED,region-08352,web
ORD-P008353,CUST-0353,2026-10-05 12:00:00,43.52,EUR,CREATED,region-08353,web
ORD-P008354,CUST-0354,2026-10-05 12:00:00,43.53,EUR,CREATED,region-08354,web
ORD-P008355,CUST-0355,2026-10-05 12:00:00,43.54,EUR,CREATED,region-08355,web
ORD-P008356,CUST-0356,2026-10-05 12:00:00,43.55,EUR,CREATED,region-08356,web
ORD-P008357,CUST-0357,2026-10-05 12:00:00,43.56,EUR,CREATED,region-08357,web
ORD-P008358,CUST-0358,2026-10-05 12:00:00,43.57,EUR,CREATED,region-08358,web
ORD-P008359,CUST-0359,2026-10-05 12:00:00,43.58,EUR,CREATED,region-08359,web
ORD-P008360,CUST-0360,2026-10-05 12:00:00,43.59,EUR,CREATED,region-08360,web
ORD-P008361,CUST-0361,2026-10-05 12:00:00,43.60,EUR,CREATED,region-08361,web
ORD-P008362,CUST-0362,2026-10-05 12:00:00,43.61,EUR,CREATED,region-08362,web
ORD-P008363,CUST-0363,2026-10-05 12:00:00,43.62,EUR,CREATED,region-08363,web
ORD-P008364,CUST-0364,2026-10-05 12:00:00,43.63,EUR,CREATED,region-08364,web
ORD-P008365,CUST-0365,2026-10-05 12:00:00,43.64,EUR,CREATED,region-08365,web
ORD-P008366,CUST-0366,2026-10-05 12:00:00,43.65,EUR,CREATED,region-08366,web
ORD-P008367,CUST-0367,2026-10-05 12:00:00,43.66,EUR,CREATED,region-08367,web
ORD-P008368,CUST-0368,2026-10-05 12:00:00,43.67,EUR,CREATED,region-08368,web
ORD-P008369,CUST-0369,2026-10-05 12:00:00,43.68,EUR,CREATED,region-08369,web
ORD-P008370,CUST-0370,2026-10-05 12:00:00,43.69,EUR,CREATED,region-08370,web
ORD-P008371,CUST-0371,2026-10-05 12:00:00,43.70,EUR,CREATED,region-08371,web
ORD-P008372,CUST-0372,2026-10-05 12:00:00,43.71,EUR,CREATED,region-08372,web
ORD-P008373,CUST-0373,2026-10-05 12:00:00,43.72,EUR,CREATED,region-08373,web
ORD-P008374,CUST-0374,2026-10-05 12:00:00,43.73,EUR,CREATED,region-08374,web
ORD-P008375,CUST-0375,2026-10-05 12:00:00,43.74,EUR,CREATED,region-08375,web
ORD-P008376,CUST-0376,2026-10-05 12:00:00,43.75,EUR,CREATED,region-08376,web
ORD-P008377,CUST-0377,2026-10-05 12:00:00,43.76,EUR,CREATED,region-08377,web
ORD-P008378,CUST-0378,2026-10-05 12:00:00,43.77,EUR,CREATED,region-08378,web
ORD-P008379,CUST-0379,2026-10-05 12:00:00,43.78,EUR,CREATED,region-08379,web
ORD-P008380,CUST-0380,2026-10-05 12:00:00,43.79,EUR,CREATED,region-08380,web
ORD-P008381,CUST-0381,2026-10-05 12:00:00,43.80,EUR,CREATED,region-08381,web
ORD-P008382,CUST-0382,2026-10-05 12:00:00,43.81,EUR,CREATED,region-08382,web
ORD-P008383,CUST-0383,2026-10-05 12:00:00,43.82,EUR,CREATED,region-08383,web
ORD-P008384,CUST-0384,2026-10-05 12:00:00,43.83,EUR,CREATED,region-08384,web
ORD-P008385,CUST-0385,2026-10-05 12:00:00,43.84,EUR,CREATED,region-08385,web
ORD-P008386,CUST-0386,2026-10-05 12:00:00,43.85,EUR,CREATED,region-08386,web
ORD-P008387,CUST-0387,2026-10-05 12:00:00,43.86,EUR,CREATED,region-08387,web
ORD-P008388,CUST-0388,2026-10-05 12:00:00,43.87,EUR,CREATED,region-08388,web
ORD-P008389,CUST-0389,2026-10-05 12:00:00,43.88,EUR,CREATED,region-08389,web
ORD-P008390,CUST-0390,2026-10-05 12:00:00,43.89,EUR,CREATED,region-08390,web
ORD-P008391,CUST-0391,2026-10-05 12:00:00,43.90,EUR,CREATED,region-08391,web
ORD-P008392,CUST-0392,2026-10-05 12:00:00,43.91,EUR,CREATED,region-08392,web
ORD-P008393,CUST-0393,2026-10-05 12:00:00,43.92,EUR,CREATED,region-08393,web
ORD-P008394,CUST-0394,2026-10-05 12:00:00,43.93,EUR,CREATED,region-08394,web
ORD-P008395,CUST-0395,2026-10-05 12:00:00,43.94,EUR,CREATED,region-08395,web
ORD-P008396,CUST-0396,2026-10-05 12:00:00,43.95,EUR,CREATED,region-08396,web
ORD-P008397,CUST-0397,2026-10-05 12:00:00,43.96,EUR,CREATED,region-08397,web
ORD-P008398,CUST-0398,2026-10-05 12:00:00,43.97,EUR,CREATED,region-08398,web
ORD-P008399,CUST-0399,2026-10-05 12:00:00,43.98,EUR,CREATED,region-08399,web
ORD-P008400,CUST-0400,2026-10-05 12:00:00,43.99,EUR,CREATED,region-08400,web
ORD-P008401,CUST-0401,2026-10-05 12:00:00,44.00,EUR,CREATED,region-08401,web
ORD-P008402,CUST-0402,2026-10-05 12:00:00,44.01,EUR,CREATED,region-08402,web
ORD-P008403,CUST-0403,2026-10-05 12:00:00,44.02,EUR,CREATED,region-08403,web
ORD-P008404,CUST-0404,2026-10-05 12:00:00,44.03,EUR,CREATED,region-08404,web
ORD-P008405,CUST-0405,2026-10-05 12:00:00,44.04,EUR,CREATED,region-08405,web
ORD-P008406,CUST-0406,2026-10-05 12:00:00,44.05,EUR,CREATED,region-08406,web
ORD-P008407,CUST-0407,2026-10-05 12:00:00,44.06,EUR,CREATED,region-08407,web
ORD-P008408,CUST-0408,2026-10-05 12:00:00,44.07,EUR,CREATED,region-08408,web
ORD-P008409,CUST-0409,2026-10-05 12:00:00,44.08,EUR,CREATED,region-08409,web
ORD-P008410,CUST-0410,2026-10-05 12:00:00,44.09,EUR,CREATED,region-08410,web
ORD-P008411,CUST-0411,2026-10-05 12:00:00,44.10,EUR,CREATED,region-08411,web
ORD-P008412,CUST-0412,2026-10-05 12:00:00,44.11,EUR,CREATED,region-08412,web
ORD-P008413,CUST-0413,2026-10-05 12:00:00,44.12,EUR,CREATED,region-08413,web
ORD-P008414,CUST-0414,2026-10-05 12:00:00,44.13,EUR,CREATED,region-08414,web
ORD-P008415,CUST-0415,2026-10-05 12:00:00,44.14,EUR,CREATED,region-08415,web
ORD-P008416,CUST-0416,2026-10-05 12:00:00,44.15,EUR,CREATED,region-08416,web
ORD-P008417,CUST-0417,2026-10-05 12:00:00,44.16,EUR,CREATED,region-08417,web
ORD-P008418,CUST-0418,2026-10-05 12:00:00,44.17,EUR,CREATED,region-08418,web
ORD-P008419,CUST-0419,2026-10-05 12:00:00,44.18,EUR,CREATED,region-08419,web
ORD-P008420,CUST-0420,2026-10-05 12:00:00,44.19,EUR,CREATED,region-08420,web
ORD-P008421,CUST-0421,2026-10-05 12:00:00,44.20,EUR,CREATED,region-08421,web
ORD-P008422,CUST-0422,2026-10-05 12:00:00,44.21,EUR,CREATED,region-08422,web
ORD-P008423,CUST-0423,2026-10-05 12:00:00,44.22,EUR,CREATED,region-08423,web
ORD-P008424,CUST-0424,2026-10-05 12:00:00,44.23,EUR,CREATED,region-08424,web
ORD-P008425,CUST-0425,2026-10-05 12:00:00,44.24,EUR,CREATED,region-08425,web
ORD-P008426,CUST-0426,2026-10-05 12:00:00,44.25,EUR,CREATED,region-08426,web
ORD-P008427,CUST-0427,2026-10-05 12:00:00,44.26,EUR,CREATED,region-08427,web
ORD-P008428,CUST-0428,2026-10-05 12:00:00,44.27,EUR,CREATED,region-08428,web
ORD-P008429,CUST-0429,2026-10-05 12:00:00,44.28,EUR,CREATED,region-08429,web
ORD-P008430,CUST-0430,2026-10-05 12:00:00,44.29,EUR,CREATED,region-08430,web
ORD-P008431,CUST-0431,2026-10-05 12:00:00,44.30,EUR,CREATED,region-08431,web
ORD-P008432,CUST-0432,2026-10-05 12:00:00,44.31,EUR,CREATED,region-08432,web
ORD-P008433,CUST-0433,2026-10-05 12:00:00,44.32,EUR,CREATED,region-08433,web
ORD-P008434,CUST-0434,2026-10-05 12:00:00,44.33,EUR,CREATED,region-08434,web
ORD-P008435,CUST-0435,2026-10-05 12:00:00,44.34,EUR,CREATED,region-08435,web
ORD-P008436,CUST-0436,2026-10-05 12:00:00,44.35,EUR,CREATED,region-08436,web
ORD-P008437,CUST-0437,2026-10-05 12:00:00,44.36,EUR,CREATED,region-08437,web
ORD-P008438,CUST-0438,2026-10-05 12:00:00,44.37,EUR,CREATED,region-08438,web
ORD-P008439,CUST-0439,2026-10-05 12:00:00,44.38,EUR,CREATED,region-08439,web
ORD-P008440,CUST-0440,2026-10-05 12:00:00,44.39,EUR,CREATED,region-08440,web
ORD-P008441,CUST-0441,2026-10-05 12:00:00,44.40,EUR,CREATED,region-08441,web
ORD-P008442,CUST-0442,2026-10-05 12:00:00,44.41,EUR,CREATED,region-08442,web
ORD-P008443,CUST-0443,2026-10-05 12:00:00,44.42,EUR,CREATED,region-08443,web
ORD-P008444,CUST-0444,2026-10-05 12:00:00,44.43,EUR,CREATED,region-08444,web
ORD-P008445,CUST-0445,2026-10-05 12:00:00,44.44,EUR,CREATED,region-08445,web
ORD-P008446,CUST-0446,2026-10-05 12:00:00,44.45,EUR,CREATED,region-08446,web
ORD-P008447,CUST-0447,2026-10-05 12:00:00,44.46,EUR,CREATED,region-08447,web
ORD-P008448,CUST-0448,2026-10-05 12:00:00,44.47,EUR,CREATED,region-08448,web
ORD-P008449,CUST-0449,2026-10-05 12:00:00,44.48,EUR,CREATED,region-08449,web
ORD-P008450,CUST-0450,2026-10-05 12:00:00,44.49,EUR,CREATED,region-08450,web
ORD-P008451,CUST-0451,2026-10-05 12:00:00,44.50,EUR,CREATED,region-08451,web
ORD-P008452,CUST-0452,2026-10-05 12:00:00,44.51,EUR,CREATED,region-08452,web
ORD-P008453,CUST-0453,2026-10-05 12:00:00,44.52,EUR,CREATED,region-08453,web
ORD-P008454,CUST-0454,2026-10-05 12:00:00,44.53,EUR,CREATED,region-08454,web
ORD-P008455,CUST-0455,2026-10-05 12:00:00,44.54,EUR,CREATED,region-08455,web
ORD-P008456,CUST-0456,2026-10-05 12:00:00,44.55,EUR,CREATED,region-08456,web
ORD-P008457,CUST-0457,2026-10-05 12:00:00,44.56,EUR,CREATED,region-08457,web
ORD-P008458,CUST-0458,2026-10-05 12:00:00,44.57,EUR,CREATED,region-08458,web
ORD-P008459,CUST-0459,2026-10-05 12:00:00,44.58,EUR,CREATED,region-08459,web
ORD-P008460,CUST-0460,2026-10-05 12:00:00,44.59,EUR,CREATED,region-08460,web
ORD-P008461,CUST-0461,2026-10-05 12:00:00,44.60,EUR,CREATED,region-08461,web
ORD-P008462,CUST-0462,2026-10-05 12:00:00,44.61,EUR,CREATED,region-08462,web
ORD-P008463,CUST-0463,2026-10-05 12:00:00,44.62,EUR,CREATED,region-08463,web
ORD-P008464,CUST-0464,2026-10-05 12:00:00,44.63,EUR,CREATED,region-08464,web
ORD-P008465,CUST-0465,2026-10-05 12:00:00,44.64,EUR,CREATED,region-08465,web
ORD-P008466,CUST-0466,2026-10-05 12:00:00,44.65,EUR,CREATED,region-08466,web
ORD-P008467,CUST-0467,2026-10-05 12:00:00,44.66,EUR,CREATED,region-08467,web
ORD-P008468,CUST-0468,2026-10-05 12:00:00,44.67,EUR,CREATED,region-08468,web
ORD-P008469,CUST-0469,2026-10-05 12:00:00,44.68,EUR,CREATED,region-08469,web
ORD-P008470,CUST-0470,2026-10-05 12:00:00,44.69,EUR,CREATED,region-08470,web
ORD-P008471,CUST-0471,2026-10-05 12:00:00,44.70,EUR,CREATED,region-08471,web
ORD-P008472,CUST-0472,2026-10-05 12:00:00,44.71,EUR,CREATED,region-08472,web
ORD-P008473,CUST-0473,2026-10-05 12:00:00,44.72,EUR,CREATED,region-08473,web
ORD-P008474,CUST-0474,2026-10-05 12:00:00,44.73,EUR,CREATED,region-08474,web
ORD-P008475,CUST-0475,2026-10-05 12:00:00,44.74,EUR,CREATED,region-08475,web
ORD-P008476,CUST-0476,2026-10-05 12:00:00,44.75,EUR,CREATED,region-08476,web
ORD-P008477,CUST-0477,2026-10-05 12:00:00,44.76,EUR,CREATED,region-08477,web
ORD-P008478,CUST-0478,2026-10-05 12:00:00,44.77,EUR,CREATED,region-08478,web
ORD-P008479,CUST-0479,2026-10-05 12:00:00,44.78,EUR,CREATED,region-08479,web
ORD-P008480,CUST-0480,2026-10-05 12:00:00,44.79,EUR,CREATED,region-08480,web
ORD-P008481,CUST-0481,2026-10-05 12:00:00,44.80,EUR,CREATED,region-08481,web
ORD-P008482,CUST-0482,2026-10-05 12:00:00,44.81,EUR,CREATED,region-08482,web
ORD-P008483,CUST-0483,2026-10-05 12:00:00,44.82,EUR,CREATED,region-08483,web
ORD-P008484,CUST-0484,2026-10-05 12:00:00,44.83,EUR,CREATED,region-08484,web
ORD-P008485,CUST-0485,2026-10-05 12:00:00,44.84,EUR,CREATED,region-08485,web
ORD-P008486,CUST-0486,2026-10-05 12:00:00,44.85,EUR,CREATED,region-08486,web
ORD-P008487,CUST-0487,2026-10-05 12:00:00,44.86,EUR,CREATED,region-08487,web
ORD-P008488,CUST-0488,2026-10-05 12:00:00,44.87,EUR,CREATED,region-08488,web
ORD-P008489,CUST-0489,2026-10-05 12:00:00,44.88,EUR,CREATED,region-08489,web
ORD-P008490,CUST-0490,2026-10-05 12:00:00,44.89,EUR,CREATED,region-08490,web
ORD-P008491,CUST-0491,2026-10-05 12:00:00,44.90,EUR,CREATED,region-08491,web
ORD-P008492,CUST-0492,2026-10-05 12:00:00,44.91,EUR,CREATED,region-08492,web
ORD-P008493,CUST-0493,2026-10-05 12:00:00,44.92,EUR,CREATED,region-08493,web
ORD-P008494,CUST-0494,2026-10-05 12:00:00,44.93,EUR,CREATED,region-08494,web
ORD-P008495,CUST-0495,2026-10-05 12:00:00,44.94,EUR,CREATED,region-08495,web
ORD-P008496,CUST-0496,2026-10-05 12:00:00,44.95,EUR,CREATED,region-08496,web
ORD-P008497,CUST-0497,2026-10-05 12:00:00,44.96,EUR,CREATED,region-08497,web
ORD-P008498,CUST-0498,2026-10-05 12:00:00,44.97,EUR,CREATED,region-08498,web
ORD-P008499,CUST-0499,2026-10-05 12:00:00,44.98,EUR,CREATED,region-08499,web
ORD-P008500,CUST-0500,2026-10-05 12:00:00,44.99,EUR,CREATED,region-08500,web
ORD-P008501,CUST-0501,2026-10-05 12:00:00,45.00,EUR,CREATED,region-08501,web
ORD-P008502,CUST-0502,2026-10-05 12:00:00,45.01,EUR,CREATED,region-08502,web
ORD-P008503,CUST-0503,2026-10-05 12:00:00,45.02,EUR,CREATED,region-08503,web
ORD-P008504,CUST-0504,2026-10-05 12:00:00,45.03,EUR,CREATED,region-08504,web
ORD-P008505,CUST-0505,2026-10-05 12:00:00,45.04,EUR,CREATED,region-08505,web
ORD-P008506,CUST-0506,2026-10-05 12:00:00,45.05,EUR,CREATED,region-08506,web
ORD-P008507,CUST-0507,2026-10-05 12:00:00,45.06,EUR,CREATED,region-08507,web
ORD-P008508,CUST-0508,2026-10-05 12:00:00,45.07,EUR,CREATED,region-08508,web
ORD-P008509,CUST-0509,2026-10-05 12:00:00,45.08,EUR,CREATED,region-08509,web
ORD-P008510,CUST-0510,2026-10-05 12:00:00,45.09,EUR,CREATED,region-08510,web
ORD-P008511,CUST-0511,2026-10-05 12:00:00,45.10,EUR,CREATED,region-08511,web
ORD-P008512,CUST-0512,2026-10-05 12:00:00,45.11,EUR,CREATED,region-08512,web
ORD-P008513,CUST-0513,2026-10-05 12:00:00,45.12,EUR,CREATED,region-08513,web
ORD-P008514,CUST-0514,2026-10-05 12:00:00,45.13,EUR,CREATED,region-08514,web
ORD-P008515,CUST-0515,2026-10-05 12:00:00,45.14,EUR,CREATED,region-08515,web
ORD-P008516,CUST-0516,2026-10-05 12:00:00,45.15,EUR,CREATED,region-08516,web
ORD-P008517,CUST-0517,2026-10-05 12:00:00,45.16,EUR,CREATED,region-08517,web
ORD-P008518,CUST-0518,2026-10-05 12:00:00,45.17,EUR,CREATED,region-08518,web
ORD-P008519,CUST-0519,2026-10-05 12:00:00,45.18,EUR,CREATED,region-08519,web
ORD-P008520,CUST-0520,2026-10-05 12:00:00,45.19,EUR,CREATED,region-08520,web
ORD-P008521,CUST-0521,2026-10-05 12:00:00,45.20,EUR,CREATED,region-08521,web
ORD-P008522,CUST-0522,2026-10-05 12:00:00,45.21,EUR,CREATED,region-08522,web
ORD-P008523,CUST-0523,2026-10-05 12:00:00,45.22,EUR,CREATED,region-08523,web
ORD-P008524,CUST-0524,2026-10-05 12:00:00,45.23,EUR,CREATED,region-08524,web
ORD-P008525,CUST-0525,2026-10-05 12:00:00,45.24,EUR,CREATED,region-08525,web
ORD-P008526,CUST-0526,2026-10-05 12:00:00,45.25,EUR,CREATED,region-08526,web
ORD-P008527,CUST-0527,2026-10-05 12:00:00,45.26,EUR,CREATED,region-08527,web
ORD-P008528,CUST-0528,2026-10-05 12:00:00,45.27,EUR,CREATED,region-08528,web
ORD-P008529,CUST-0529,2026-10-05 12:00:00,45.28,EUR,CREATED,region-08529,web
ORD-P008530,CUST-0530,2026-10-05 12:00:00,45.29,EUR,CREATED,region-08530,web
ORD-P008531,CUST-0531,2026-10-05 12:00:00,45.30,EUR,CREATED,region-08531,web
ORD-P008532,CUST-0532,2026-10-05 12:00:00,45.31,EUR,CREATED,region-08532,web
ORD-P008533,CUST-0533,2026-10-05 12:00:00,45.32,EUR,CREATED,region-08533,web
ORD-P008534,CUST-0534,2026-10-05 12:00:00,45.33,EUR,CREATED,region-08534,web
ORD-P008535,CUST-0535,2026-10-05 12:00:00,45.34,EUR,CREATED,region-08535,web
ORD-P008536,CUST-0536,2026-10-05 12:00:00,45.35,EUR,CREATED,region-08536,web
ORD-P008537,CUST-0537,2026-10-05 12:00:00,45.36,EUR,CREATED,region-08537,web
ORD-P008538,CUST-0538,2026-10-05 12:00:00,45.37,EUR,CREATED,region-08538,web
ORD-P008539,CUST-0539,2026-10-05 12:00:00,45.38,EUR,CREATED,region-08539,web
ORD-P008540,CUST-0540,2026-10-05 12:00:00,45.39,EUR,CREATED,region-08540,web
ORD-P008541,CUST-0541,2026-10-05 12:00:00,45.40,EUR,CREATED,region-08541,web
ORD-P008542,CUST-0542,2026-10-05 12:00:00,45.41,EUR,CREATED,region-08542,web
ORD-P008543,CUST-0543,2026-10-05 12:00:00,45.42,EUR,CREATED,region-08543,web
ORD-P008544,CUST-0544,2026-10-05 12:00:00,45.43,EUR,CREATED,region-08544,web
ORD-P008545,CUST-0545,2026-10-05 12:00:00,45.44,EUR,CREATED,region-08545,web
ORD-P008546,CUST-0546,2026-10-05 12:00:00,45.45,EUR,CREATED,region-08546,web
ORD-P008547,CUST-0547,2026-10-05 12:00:00,45.46,EUR,CREATED,region-08547,web
ORD-P008548,CUST-0548,2026-10-05 12:00:00,45.47,EUR,CREATED,region-08548,web
ORD-P008549,CUST-0549,2026-10-05 12:00:00,45.48,EUR,CREATED,region-08549,web
ORD-P008550,CUST-0550,2026-10-05 12:00:00,45.49,EUR,CREATED,region-08550,web
ORD-P008551,CUST-0551,2026-10-05 12:00:00,45.50,EUR,CREATED,region-08551,web
ORD-P008552,CUST-0552,2026-10-05 12:00:00,45.51,EUR,CREATED,region-08552,web
ORD-P008553,CUST-0553,2026-10-05 12:00:00,45.52,EUR,CREATED,region-08553,web
ORD-P008554,CUST-0554,2026-10-05 12:00:00,45.53,EUR,CREATED,region-08554,web
ORD-P008555,CUST-0555,2026-10-05 12:00:00,45.54,EUR,CREATED,region-08555,web
ORD-P008556,CUST-0556,2026-10-05 12:00:00,45.55,EUR,CREATED,region-08556,web
ORD-P008557,CUST-0557,2026-10-05 12:00:00,45.56,EUR,CREATED,region-08557,web
ORD-P008558,CUST-0558,2026-10-05 12:00:00,45.57,EUR,CREATED,region-08558,web
ORD-P008559,CUST-0559,2026-10-05 12:00:00,45.58,EUR,CREATED,region-08559,web
ORD-P008560,CUST-0560,2026-10-05 12:00:00,45.59,EUR,CREATED,region-08560,web
ORD-P008561,CUST-0561,2026-10-05 12:00:00,45.60,EUR,CREATED,region-08561,web
ORD-P008562,CUST-0562,2026-10-05 12:00:00,45.61,EUR,CREATED,region-08562,web
ORD-P008563,CUST-0563,2026-10-05 12:00:00,45.62,EUR,CREATED,region-08563,web
ORD-P008564,CUST-0564,2026-10-05 12:00:00,45.63,EUR,CREATED,region-08564,web
ORD-P008565,CUST-0565,2026-10-05 12:00:00,45.64,EUR,CREATED,region-08565,web
ORD-P008566,CUST-0566,2026-10-05 12:00:00,45.65,EUR,CREATED,region-08566,web
ORD-P008567,CUST-0567,2026-10-05 12:00:00,45.66,EUR,CREATED,region-08567,web
ORD-P008568,CUST-0568,2026-10-05 12:00:00,45.67,EUR,CREATED,region-08568,web
ORD-P008569,CUST-0569,2026-10-05 12:00:00,45.68,EUR,CREATED,region-08569,web
ORD-P008570,CUST-0570,2026-10-05 12:00:00,45.69,EUR,CREATED,region-08570,web
ORD-P008571,CUST-0571,2026-10-05 12:00:00,45.70,EUR,CREATED,region-08571,web
ORD-P008572,CUST-0572,2026-10-05 12:00:00,45.71,EUR,CREATED,region-08572,web
ORD-P008573,CUST-0573,2026-10-05 12:00:00,45.72,EUR,CREATED,region-08573,web
ORD-P008574,CUST-0574,2026-10-05 12:00:00,45.73,EUR,CREATED,region-08574,web
ORD-P008575,CUST-0575,2026-10-05 12:00:00,45.74,EUR,CREATED,region-08575,web
ORD-P008576,CUST-0576,2026-10-05 12:00:00,45.75,EUR,CREATED,region-08576,web
ORD-P008577,CUST-0577,2026-10-05 12:00:00,45.76,EUR,CREATED,region-08577,web
ORD-P008578,CUST-0578,2026-10-05 12:00:00,45.77,EUR,CREATED,region-08578,web
ORD-P008579,CUST-0579,2026-10-05 12:00:00,45.78,EUR,CREATED,region-08579,web
ORD-P008580,CUST-0580,2026-10-05 12:00:00,45.79,EUR,CREATED,region-08580,web
ORD-P008581,CUST-0581,2026-10-05 12:00:00,45.80,EUR,CREATED,region-08581,web
ORD-P008582,CUST-0582,2026-10-05 12:00:00,45.81,EUR,CREATED,region-08582,web
ORD-P008583,CUST-0583,2026-10-05 12:00:00,45.82,EUR,CREATED,region-08583,web
ORD-P008584,CUST-0584,2026-10-05 12:00:00,45.83,EUR,CREATED,region-08584,web
ORD-P008585,CUST-0585,2026-10-05 12:00:00,45.84,EUR,CREATED,region-08585,web
ORD-P008586,CUST-0586,2026-10-05 12:00:00,45.85,EUR,CREATED,region-08586,web
ORD-P008587,CUST-0587,2026-10-05 12:00:00,45.86,EUR,CREATED,region-08587,web
ORD-P008588,CUST-0588,2026-10-05 12:00:00,45.87,EUR,CREATED,region-08588,web
ORD-P008589,CUST-0589,2026-10-05 12:00:00,45.88,EUR,CREATED,region-08589,web
ORD-P008590,CUST-0590,2026-10-05 12:00:00,45.89,EUR,CREATED,region-08590,web
ORD-P008591,CUST-0591,2026-10-05 12:00:00,45.90,EUR,CREATED,region-08591,web
ORD-P008592,CUST-0592,2026-10-05 12:00:00,45.91,EUR,CREATED,region-08592,web
ORD-P008593,CUST-0593,2026-10-05 12:00:00,45.92,EUR,CREATED,region-08593,web
ORD-P008594,CUST-0594,2026-10-05 12:00:00,45.93,EUR,CREATED,region-08594,web
ORD-P008595,CUST-0595,2026-10-05 12:00:00,45.94,EUR,CREATED,region-08595,web
ORD-P008596,CUST-0596,2026-10-05 12:00:00,45.95,EUR,CREATED,region-08596,web
ORD-P008597,CUST-0597,2026-10-05 12:00:00,45.96,EUR,CREATED,region-08597,web
ORD-P008598,CUST-0598,2026-10-05 12:00:00,45.97,EUR,CREATED,region-08598,web
ORD-P008599,CUST-0599,2026-10-05 12:00:00,45.98,EUR,CREATED,region-08599,web
ORD-P008600,CUST-0600,2026-10-05 12:00:00,45.99,EUR,CREATED,region-08600,web
ORD-P008601,CUST-0601,2026-10-05 12:00:00,46.00,EUR,CREATED,region-08601,web
ORD-P008602,CUST-0602,2026-10-05 12:00:00,46.01,EUR,CREATED,region-08602,web
ORD-P008603,CUST-0603,2026-10-05 12:00:00,46.02,EUR,CREATED,region-08603,web
ORD-P008604,CUST-0604,2026-10-05 12:00:00,46.03,EUR,CREATED,region-08604,web
ORD-P008605,CUST-0605,2026-10-05 12:00:00,46.04,EUR,CREATED,region-08605,web
ORD-P008606,CUST-0606,2026-10-05 12:00:00,46.05,EUR,CREATED,region-08606,web
ORD-P008607,CUST-0607,2026-10-05 12:00:00,46.06,EUR,CREATED,region-08607,web
ORD-P008608,CUST-0608,2026-10-05 12:00:00,46.07,EUR,CREATED,region-08608,web
ORD-P008609,CUST-0609,2026-10-05 12:00:00,46.08,EUR,CREATED,region-08609,web
ORD-P008610,CUST-0610,2026-10-05 12:00:00,46.09,EUR,CREATED,region-08610,web
ORD-P008611,CUST-0611,2026-10-05 12:00:00,46.10,EUR,CREATED,region-08611,web
ORD-P008612,CUST-0612,2026-10-05 12:00:00,46.11,EUR,CREATED,region-08612,web
ORD-P008613,CUST-0613,2026-10-05 12:00:00,46.12,EUR,CREATED,region-08613,web
ORD-P008614,CUST-0614,2026-10-05 12:00:00,46.13,EUR,CREATED,region-08614,web
ORD-P008615,CUST-0615,2026-10-05 12:00:00,46.14,EUR,CREATED,region-08615,web
ORD-P008616,CUST-0616,2026-10-05 12:00:00,46.15,EUR,CREATED,region-08616,web
ORD-P008617,CUST-0617,2026-10-05 12:00:00,46.16,EUR,CREATED,region-08617,web
ORD-P008618,CUST-0618,2026-10-05 12:00:00,46.17,EUR,CREATED,region-08618,web
ORD-P008619,CUST-0619,2026-10-05 12:00:00,46.18,EUR,CREATED,region-08619,web
ORD-P008620,CUST-0620,2026-10-05 12:00:00,46.19,EUR,CREATED,region-08620,web
ORD-P008621,CUST-0621,2026-10-05 12:00:00,46.20,EUR,CREATED,region-08621,web
ORD-P008622,CUST-0622,2026-10-05 12:00:00,46.21,EUR,CREATED,region-08622,web
ORD-P008623,CUST-0623,2026-10-05 12:00:00,46.22,EUR,CREATED,region-08623,web
ORD-P008624,CUST-0624,2026-10-05 12:00:00,46.23,EUR,CREATED,region-08624,web
ORD-P008625,CUST-0625,2026-10-05 12:00:00,46.24,EUR,CREATED,region-08625,web
ORD-P008626,CUST-0626,2026-10-05 12:00:00,46.25,EUR,CREATED,region-08626,web
ORD-P008627,CUST-0627,2026-10-05 12:00:00,46.26,EUR,CREATED,region-08627,web
ORD-P008628,CUST-0628,2026-10-05 12:00:00,46.27,EUR,CREATED,region-08628,web
ORD-P008629,CUST-0629,2026-10-05 12:00:00,46.28,EUR,CREATED,region-08629,web
ORD-P008630,CUST-0630,2026-10-05 12:00:00,46.29,EUR,CREATED,region-08630,web
ORD-P008631,CUST-0631,2026-10-05 12:00:00,46.30,EUR,CREATED,region-08631,web
ORD-P008632,CUST-0632,2026-10-05 12:00:00,46.31,EUR,CREATED,region-08632,web
ORD-P008633,CUST-0633,2026-10-05 12:00:00,46.32,EUR,CREATED,region-08633,web
ORD-P008634,CUST-0634,2026-10-05 12:00:00,46.33,EUR,CREATED,region-08634,web
ORD-P008635,CUST-0635,2026-10-05 12:00:00,46.34,EUR,CREATED,region-08635,web
ORD-P008636,CUST-0636,2026-10-05 12:00:00,46.35,EUR,CREATED,region-08636,web
ORD-P008637,CUST-0637,2026-10-05 12:00:00,46.36,EUR,CREATED,region-08637,web
ORD-P008638,CUST-0638,2026-10-05 12:00:00,46.37,EUR,CREATED,region-08638,web
ORD-P008639,CUST-0639,2026-10-05 12:00:00,46.38,EUR,CREATED,region-08639,web
ORD-P008640,CUST-0640,2026-10-05 12:00:00,46.39,EUR,CREATED,region-08640,web
ORD-P008641,CUST-0641,2026-10-05 12:00:00,46.40,EUR,CREATED,region-08641,web
ORD-P008642,CUST-0642,2026-10-05 12:00:00,46.41,EUR,CREATED,region-08642,web
ORD-P008643,CUST-0643,2026-10-05 12:00:00,46.42,EUR,CREATED,region-08643,web
ORD-P008644,CUST-0644,2026-10-05 12:00:00,46.43,EUR,CREATED,region-08644,web
ORD-P008645,CUST-0645,2026-10-05 12:00:00,46.44,EUR,CREATED,region-08645,web
ORD-P008646,CUST-0646,2026-10-05 12:00:00,46.45,EUR,CREATED,region-08646,web
ORD-P008647,CUST-0647,2026-10-05 12:00:00,46.46,EUR,CREATED,region-08647,web
ORD-P008648,CUST-0648,2026-10-05 12:00:00,46.47,EUR,CREATED,region-08648,web
ORD-P008649,CUST-0649,2026-10-05 12:00:00,46.48,EUR,CREATED,region-08649,web
ORD-P008650,CUST-0650,2026-10-05 12:00:00,46.49,EUR,CREATED,region-08650,web
ORD-P008651,CUST-0651,2026-10-05 12:00:00,46.50,EUR,CREATED,region-08651,web
ORD-P008652,CUST-0652,2026-10-05 12:00:00,46.51,EUR,CREATED,region-08652,web
ORD-P008653,CUST-0653,2026-10-05 12:00:00,46.52,EUR,CREATED,region-08653,web
ORD-P008654,CUST-0654,2026-10-05 12:00:00,46.53,EUR,CREATED,region-08654,web
ORD-P008655,CUST-0655,2026-10-05 12:00:00,46.54,EUR,CREATED,region-08655,web
ORD-P008656,CUST-0656,2026-10-05 12:00:00,46.55,EUR,CREATED,region-08656,web
ORD-P008657,CUST-0657,2026-10-05 12:00:00,46.56,EUR,CREATED,region-08657,web
ORD-P008658,CUST-0658,2026-10-05 12:00:00,46.57,EUR,CREATED,region-08658,web
ORD-P008659,CUST-0659,2026-10-05 12:00:00,46.58,EUR,CREATED,region-08659,web
ORD-P008660,CUST-0660,2026-10-05 12:00:00,46.59,EUR,CREATED,region-08660,web
ORD-P008661,CUST-0661,2026-10-05 12:00:00,46.60,EUR,CREATED,region-08661,web
ORD-P008662,CUST-0662,2026-10-05 12:00:00,46.61,EUR,CREATED,region-08662,web
ORD-P008663,CUST-0663,2026-10-05 12:00:00,46.62,EUR,CREATED,region-08663,web
ORD-P008664,CUST-0664,2026-10-05 12:00:00,46.63,EUR,CREATED,region-08664,web
ORD-P008665,CUST-0665,2026-10-05 12:00:00,46.64,EUR,CREATED,region-08665,web
ORD-P008666,CUST-0666,2026-10-05 12:00:00,46.65,EUR,CREATED,region-08666,web
ORD-P008667,CUST-0667,2026-10-05 12:00:00,46.66,EUR,CREATED,region-08667,web
ORD-P008668,CUST-0668,2026-10-05 12:00:00,46.67,EUR,CREATED,region-08668,web
ORD-P008669,CUST-0669,2026-10-05 12:00:00,46.68,EUR,CREATED,region-08669,web
ORD-P008670,CUST-0670,2026-10-05 12:00:00,46.69,EUR,CREATED,region-08670,web
ORD-P008671,CUST-0671,2026-10-05 12:00:00,46.70,EUR,CREATED,region-08671,web
ORD-P008672,CUST-0672,2026-10-05 12:00:00,46.71,EUR,CREATED,region-08672,web
ORD-P008673,CUST-0673,2026-10-05 12:00:00,46.72,EUR,CREATED,region-08673,web
ORD-P008674,CUST-0674,2026-10-05 12:00:00,46.73,EUR,CREATED,region-08674,web
ORD-P008675,CUST-0675,2026-10-05 12:00:00,46.74,EUR,CREATED,region-08675,web
ORD-P008676,CUST-0676,2026-10-05 12:00:00,46.75,EUR,CREATED,region-08676,web
ORD-P008677,CUST-0677,2026-10-05 12:00:00,46.76,EUR,CREATED,region-08677,web
ORD-P008678,CUST-0678,2026-10-05 12:00:00,46.77,EUR,CREATED,region-08678,web
ORD-P008679,CUST-0679,2026-10-05 12:00:00,46.78,EUR,CREATED,region-08679,web
ORD-P008680,CUST-0680,2026-10-05 12:00:00,46.79,EUR,CREATED,region-08680,web
ORD-P008681,CUST-0681,2026-10-05 12:00:00,46.80,EUR,CREATED,region-08681,web
ORD-P008682,CUST-0682,2026-10-05 12:00:00,46.81,EUR,CREATED,region-08682,web
ORD-P008683,CUST-0683,2026-10-05 12:00:00,46.82,EUR,CREATED,region-08683,web
ORD-P008684,CUST-0684,2026-10-05 12:00:00,46.83,EUR,CREATED,region-08684,web
ORD-P008685,CUST-0685,2026-10-05 12:00:00,46.84,EUR,CREATED,region-08685,web
ORD-P008686,CUST-0686,2026-10-05 12:00:00,46.85,EUR,CREATED,region-08686,web
ORD-P008687,CUST-0687,2026-10-05 12:00:00,46.86,EUR,CREATED,region-08687,web
ORD-P008688,CUST-0688,2026-10-05 12:00:00,46.87,EUR,CREATED,region-08688,web
ORD-P008689,CUST-0689,2026-10-05 12:00:00,46.88,EUR,CREATED,region-08689,web
ORD-P008690,CUST-0690,2026-10-05 12:00:00,46.89,EUR,CREATED,region-08690,web
ORD-P008691,CUST-0691,2026-10-05 12:00:00,46.90,EUR,CREATED,region-08691,web
ORD-P008692,CUST-0692,2026-10-05 12:00:00,46.91,EUR,CREATED,region-08692,web
ORD-P008693,CUST-0693,2026-10-05 12:00:00,46.92,EUR,CREATED,region-08693,web
ORD-P008694,CUST-0694,2026-10-05 12:00:00,46.93,EUR,CREATED,region-08694,web
ORD-P008695,CUST-0695,2026-10-05 12:00:00,46.94,EUR,CREATED,region-08695,web
ORD-P008696,CUST-0696,2026-10-05 12:00:00,46.95,EUR,CREATED,region-08696,web
ORD-P008697,CUST-0697,2026-10-05 12:00:00,46.96,EUR,CREATED,region-08697,web
ORD-P008698,CUST-0698,2026-10-05 12:00:00,46.97,EUR,CREATED,region-08698,web
ORD-P008699,CUST-0699,2026-10-05 12:00:00,46.98,EUR,CREATED,region-08699,web
ORD-P008700,CUST-0700,2026-10-05 12:00:00,46.99,EUR,CREATED,region-08700,web
ORD-P008701,CUST-0701,2026-10-05 12:00:00,47.00,EUR,CREATED,region-08701,web
ORD-P008702,CUST-0702,2026-10-05 12:00:00,47.01,EUR,CREATED,region-08702,web
ORD-P008703,CUST-0703,2026-10-05 12:00:00,47.02,EUR,CREATED,region-08703,web
ORD-P008704,CUST-0704,2026-10-05 12:00:00,47.03,EUR,CREATED,region-08704,web
ORD-P008705,CUST-0705,2026-10-05 12:00:00,47.04,EUR,CREATED,region-08705,web
ORD-P008706,CUST-0706,2026-10-05 12:00:00,47.05,EUR,CREATED,region-08706,web
ORD-P008707,CUST-0707,2026-10-05 12:00:00,47.06,EUR,CREATED,region-08707,web
ORD-P008708,CUST-0708,2026-10-05 12:00:00,47.07,EUR,CREATED,region-08708,web
ORD-P008709,CUST-0709,2026-10-05 12:00:00,47.08,EUR,CREATED,region-08709,web
ORD-P008710,CUST-0710,2026-10-05 12:00:00,47.09,EUR,CREATED,region-08710,web
ORD-P008711,CUST-0711,2026-10-05 12:00:00,47.10,EUR,CREATED,region-08711,web
ORD-P008712,CUST-0712,2026-10-05 12:00:00,47.11,EUR,CREATED,region-08712,web
ORD-P008713,CUST-0713,2026-10-05 12:00:00,47.12,EUR,CREATED,region-08713,web
ORD-P008714,CUST-0714,2026-10-05 12:00:00,47.13,EUR,CREATED,region-08714,web
ORD-P008715,CUST-0715,2026-10-05 12:00:00,47.14,EUR,CREATED,region-08715,web
ORD-P008716,CUST-0716,2026-10-05 12:00:00,47.15,EUR,CREATED,region-08716,web
ORD-P008717,CUST-0717,2026-10-05 12:00:00,47.16,EUR,CREATED,region-08717,web
ORD-P008718,CUST-0718,2026-10-05 12:00:00,47.17,EUR,CREATED,region-08718,web
ORD-P008719,CUST-0719,2026-10-05 12:00:00,47.18,EUR,CREATED,region-08719,web
ORD-P008720,CUST-0720,2026-10-05 12:00:00,47.19,EUR,CREATED,region-08720,web
ORD-P008721,CUST-0721,2026-10-05 12:00:00,47.20,EUR,CREATED,region-08721,web
ORD-P008722,CUST-0722,2026-10-05 12:00:00,47.21,EUR,CREATED,region-08722,web
ORD-P008723,CUST-0723,2026-10-05 12:00:00,47.22,EUR,CREATED,region-08723,web
ORD-P008724,CUST-0724,2026-10-05 12:00:00,47.23,EUR,CREATED,region-08724,web
ORD-P008725,CUST-0725,2026-10-05 12:00:00,47.24,EUR,CREATED,region-08725,web
ORD-P008726,CUST-0726,2026-10-05 12:00:00,47.25,EUR,CREATED,region-08726,web
ORD-P008727,CUST-0727,2026-10-05 12:00:00,47.26,EUR,CREATED,region-08727,web
ORD-P008728,CUST-0728,2026-10-05 12:00:00,47.27,EUR,CREATED,region-08728,web
ORD-P008729,CUST-0729,2026-10-05 12:00:00,47.28,EUR,CREATED,region-08729,web
ORD-P008730,CUST-0730,2026-10-05 12:00:00,47.29,EUR,CREATED,region-08730,web
ORD-P008731,CUST-0731,2026-10-05 12:00:00,47.30,EUR,CREATED,region-08731,web
ORD-P008732,CUST-0732,2026-10-05 12:00:00,47.31,EUR,CREATED,region-08732,web
ORD-P008733,CUST-0733,2026-10-05 12:00:00,47.32,EUR,CREATED,region-08733,web
ORD-P008734,CUST-0734,2026-10-05 12:00:00,47.33,EUR,CREATED,region-08734,web
ORD-P008735,CUST-0735,2026-10-05 12:00:00,47.34,EUR,CREATED,region-08735,web
ORD-P008736,CUST-0736,2026-10-05 12:00:00,47.35,EUR,CREATED,region-08736,web
ORD-P008737,CUST-0737,2026-10-05 12:00:00,47.36,EUR,CREATED,region-08737,web
ORD-P008738,CUST-0738,2026-10-05 12:00:00,47.37,EUR,CREATED,region-08738,web
ORD-P008739,CUST-0739,2026-10-05 12:00:00,47.38,EUR,CREATED,region-08739,web
ORD-P008740,CUST-0740,2026-10-05 12:00:00,47.39,EUR,CREATED,region-08740,web
ORD-P008741,CUST-0741,2026-10-05 12:00:00,47.40,EUR,CREATED,region-08741,web
ORD-P008742,CUST-0742,2026-10-05 12:00:00,47.41,EUR,CREATED,region-08742,web
ORD-P008743,CUST-0743,2026-10-05 12:00:00,47.42,EUR,CREATED,region-08743,web
ORD-P008744,CUST-0744,2026-10-05 12:00:00,47.43,EUR,CREATED,region-08744,web
ORD-P008745,CUST-0745,2026-10-05 12:00:00,47.44,EUR,CREATED,region-08745,web
ORD-P008746,CUST-0746,2026-10-05 12:00:00,47.45,EUR,CREATED,region-08746,web
ORD-P008747,CUST-0747,2026-10-05 12:00:00,47.46,EUR,CREATED,region-08747,web
ORD-P008748,CUST-0748,2026-10-05 12:00:00,47.47,EUR,CREATED,region-08748,web
ORD-P008749,CUST-0749,2026-10-05 12:00:00,47.48,EUR,CREATED,region-08749,web
ORD-P008750,CUST-0750,2026-10-05 12:00:00,47.49,EUR,CREATED,region-08750,web
ORD-P008751,CUST-0751,2026-10-05 12:00:00,47.50,EUR,CREATED,region-08751,web
ORD-P008752,CUST-0752,2026-10-05 12:00:00,47.51,EUR,CREATED,region-08752,web
ORD-P008753,CUST-0753,2026-10-05 12:00:00,47.52,EUR,CREATED,region-08753,web
ORD-P008754,CUST-0754,2026-10-05 12:00:00,47.53,EUR,CREATED,region-08754,web
ORD-P008755,CUST-0755,2026-10-05 12:00:00,47.54,EUR,CREATED,region-08755,web
ORD-P008756,CUST-0756,2026-10-05 12:00:00,47.55,EUR,CREATED,region-08756,web
ORD-P008757,CUST-0757,2026-10-05 12:00:00,47.56,EUR,CREATED,region-08757,web
ORD-P008758,CUST-0758,2026-10-05 12:00:00,47.57,EUR,CREATED,region-08758,web
ORD-P008759,CUST-0759,2026-10-05 12:00:00,47.58,EUR,CREATED,region-08759,web
ORD-P008760,CUST-0760,2026-10-05 12:00:00,47.59,EUR,CREATED,region-08760,web
ORD-P008761,CUST-0761,2026-10-05 12:00:00,47.60,EUR,CREATED,region-08761,web
ORD-P008762,CUST-0762,2026-10-05 12:00:00,47.61,EUR,CREATED,region-08762,web
ORD-P008763,CUST-0763,2026-10-05 12:00:00,47.62,EUR,CREATED,region-08763,web
ORD-P008764,CUST-0764,2026-10-05 12:00:00,47.63,EUR,CREATED,region-08764,web
ORD-P008765,CUST-0765,2026-10-05 12:00:00,47.64,EUR,CREATED,region-08765,web
ORD-P008766,CUST-0766,2026-10-05 12:00:00,47.65,EUR,CREATED,region-08766,web
ORD-P008767,CUST-0767,2026-10-05 12:00:00,47.66,EUR,CREATED,region-08767,web
ORD-P008768,CUST-0768,2026-10-05 12:00:00,47.67,EUR,CREATED,region-08768,web
ORD-P008769,CUST-0769,2026-10-05 12:00:00,47.68,EUR,CREATED,region-08769,web
ORD-P008770,CUST-0770,2026-10-05 12:00:00,47.69,EUR,CREATED,region-08770,web
ORD-P008771,CUST-0771,2026-10-05 12:00:00,47.70,EUR,CREATED,region-08771,web
ORD-P008772,CUST-0772,2026-10-05 12:00:00,47.71,EUR,CREATED,region-08772,web
ORD-P008773,CUST-0773,2026-10-05 12:00:00,47.72,EUR,CREATED,region-08773,web
ORD-P008774,CUST-0774,2026-10-05 12:00:00,47.73,EUR,CREATED,region-08774,web
ORD-P008775,CUST-0775,2026-10-05 12:00:00,47.74,EUR,CREATED,region-08775,web
ORD-P008776,CUST-0776,2026-10-05 12:00:00,47.75,EUR,CREATED,region-08776,web
ORD-P008777,CUST-0777,2026-10-05 12:00:00,47.76,EUR,CREATED,region-08777,web
ORD-P008778,CUST-0778,2026-10-05 12:00:00,47.77,EUR,CREATED,region-08778,web
ORD-P008779,CUST-0779,2026-10-05 12:00:00,47.78,EUR,CREATED,region-08779,web
ORD-P008780,CUST-0780,2026-10-05 12:00:00,47.79,EUR,CREATED,region-08780,web
ORD-P008781,CUST-0781,2026-10-05 12:00:00,47.80,EUR,CREATED,region-08781,web
ORD-P008782,CUST-0782,2026-10-05 12:00:00,47.81,EUR,CREATED,region-08782,web
ORD-P008783,CUST-0783,2026-10-05 12:00:00,47.82,EUR,CREATED,region-08783,web
ORD-P008784,CUST-0784,2026-10-05 12:00:00,47.83,EUR,CREATED,region-08784,web
ORD-P008785,CUST-0785,2026-10-05 12:00:00,47.84,EUR,CREATED,region-08785,web
ORD-P008786,CUST-0786,2026-10-05 12:00:00,47.85,EUR,CREATED,region-08786,web
ORD-P008787,CUST-0787,2026-10-05 12:00:00,47.86,EUR,CREATED,region-08787,web
ORD-P008788,CUST-0788,2026-10-05 12:00:00,47.87,EUR,CREATED,region-08788,web
ORD-P008789,CUST-0789,2026-10-05 12:00:00,47.88,EUR,CREATED,region-08789,web
ORD-P008790,CUST-0790,2026-10-05 12:00:00,47.89,EUR,CREATED,region-08790,web
ORD-P008791,CUST-0791,2026-10-05 12:00:00,47.90,EUR,CREATED,region-08791,web
ORD-P008792,CUST-0792,2026-10-05 12:00:00,47.91,EUR,CREATED,region-08792,web
ORD-P008793,CUST-0793,2026-10-05 12:00:00,47.92,EUR,CREATED,region-08793,web
ORD-P008794,CUST-0794,2026-10-05 12:00:00,47.93,EUR,CREATED,region-08794,web
ORD-P008795,CUST-0795,2026-10-05 12:00:00,47.94,EUR,CREATED,region-08795,web
ORD-P008796,CUST-0796,2026-10-05 12:00:00,47.95,EUR,CREATED,region-08796,web
ORD-P008797,CUST-0797,2026-10-05 12:00:00,47.96,EUR,CREATED,region-08797,web
ORD-P008798,CUST-0798,2026-10-05 12:00:00,47.97,EUR,CREATED,region-08798,web
ORD-P008799,CUST-0799,2026-10-05 12:00:00,47.98,EUR,CREATED,region-08799,web
ORD-P008800,CUST-0800,2026-10-05 12:00:00,47.99,EUR,CREATED,region-08800,web
ORD-P008801,CUST-0801,2026-10-05 12:00:00,48.00,EUR,CREATED,region-08801,web
ORD-P008802,CUST-0802,2026-10-05 12:00:00,48.01,EUR,CREATED,region-08802,web
ORD-P008803,CUST-0803,2026-10-05 12:00:00,48.02,EUR,CREATED,region-08803,web
ORD-P008804,CUST-0804,2026-10-05 12:00:00,48.03,EUR,CREATED,region-08804,web
ORD-P008805,CUST-0805,2026-10-05 12:00:00,48.04,EUR,CREATED,region-08805,web
ORD-P008806,CUST-0806,2026-10-05 12:00:00,48.05,EUR,CREATED,region-08806,web
ORD-P008807,CUST-0807,2026-10-05 12:00:00,48.06,EUR,CREATED,region-08807,web
ORD-P008808,CUST-0808,2026-10-05 12:00:00,48.07,EUR,CREATED,region-08808,web
ORD-P008809,CUST-0809,2026-10-05 12:00:00,48.08,EUR,CREATED,region-08809,web
ORD-P008810,CUST-0810,2026-10-05 12:00:00,48.09,EUR,CREATED,region-08810,web
ORD-P008811,CUST-0811,2026-10-05 12:00:00,48.10,EUR,CREATED,region-08811,web
ORD-P008812,CUST-0812,2026-10-05 12:00:00,48.11,EUR,CREATED,region-08812,web
ORD-P008813,CUST-0813,2026-10-05 12:00:00,48.12,EUR,CREATED,region-08813,web
ORD-P008814,CUST-0814,2026-10-05 12:00:00,48.13,EUR,CREATED,region-08814,web
ORD-P008815,CUST-0815,2026-10-05 12:00:00,48.14,EUR,CREATED,region-08815,web
ORD-P008816,CUST-0816,2026-10-05 12:00:00,48.15,EUR,CREATED,region-08816,web
ORD-P008817,CUST-0817,2026-10-05 12:00:00,48.16,EUR,CREATED,region-08817,web
ORD-P008818,CUST-0818,2026-10-05 12:00:00,48.17,EUR,CREATED,region-08818,web
ORD-P008819,CUST-0819,2026-10-05 12:00:00,48.18,EUR,CREATED,region-08819,web
ORD-P008820,CUST-0820,2026-10-05 12:00:00,48.19,EUR,CREATED,region-08820,web
ORD-P008821,CUST-0821,2026-10-05 12:00:00,48.20,EUR,CREATED,region-08821,web
ORD-P008822,CUST-0822,2026-10-05 12:00:00,48.21,EUR,CREATED,region-08822,web
ORD-P008823,CUST-0823,2026-10-05 12:00:00,48.22,EUR,CREATED,region-08823,web
ORD-P008824,CUST-0824,2026-10-05 12:00:00,48.23,EUR,CREATED,region-08824,web
ORD-P008825,CUST-0825,2026-10-05 12:00:00,48.24,EUR,CREATED,region-08825,web
ORD-P008826,CUST-0826,2026-10-05 12:00:00,48.25,EUR,CREATED,region-08826,web
ORD-P008827,CUST-0827,2026-10-05 12:00:00,48.26,EUR,CREATED,region-08827,web
ORD-P008828,CUST-0828,2026-10-05 12:00:00,48.27,EUR,CREATED,region-08828,web
ORD-P008829,CUST-0829,2026-10-05 12:00:00,48.28,EUR,CREATED,region-08829,web
ORD-P008830,CUST-0830,2026-10-05 12:00:00,48.29,EUR,CREATED,region-08830,web
ORD-P008831,CUST-0831,2026-10-05 12:00:00,48.30,EUR,CREATED,region-08831,web
ORD-P008832,CUST-0832,2026-10-05 12:00:00,48.31,EUR,CREATED,region-08832,web
ORD-P008833,CUST-0833,2026-10-05 12:00:00,48.32,EUR,CREATED,region-08833,web
ORD-P008834,CUST-0834,2026-10-05 12:00:00,48.33,EUR,CREATED,region-08834,web
ORD-P008835,CUST-0835,2026-10-05 12:00:00,48.34,EUR,CREATED,region-08835,web
ORD-P008836,CUST-0836,2026-10-05 12:00:00,48.35,EUR,CREATED,region-08836,web
ORD-P008837,CUST-0837,2026-10-05 12:00:00,48.36,EUR,CREATED,region-08837,web
ORD-P008838,CUST-0838,2026-10-05 12:00:00,48.37,EUR,CREATED,region-08838,web
ORD-P008839,CUST-0839,2026-10-05 12:00:00,48.38,EUR,CREATED,region-08839,web
ORD-P008840,CUST-0840,2026-10-05 12:00:00,48.39,EUR,CREATED,region-08840,web
ORD-P008841,CUST-0841,2026-10-05 12:00:00,48.40,EUR,CREATED,region-08841,web
ORD-P008842,CUST-0842,2026-10-05 12:00:00,48.41,EUR,CREATED,region-08842,web
ORD-P008843,CUST-0843,2026-10-05 12:00:00,48.42,EUR,CREATED,region-08843,web
ORD-P008844,CUST-0844,2026-10-05 12:00:00,48.43,EUR,CREATED,region-08844,web
ORD-P008845,CUST-0845,2026-10-05 12:00:00,48.44,EUR,CREATED,region-08845,web
ORD-P008846,CUST-0846,2026-10-05 12:00:00,48.45,EUR,CREATED,region-08846,web
ORD-P008847,CUST-0847,2026-10-05 12:00:00,48.46,EUR,CREATED,region-08847,web
ORD-P008848,CUST-0848,2026-10-05 12:00:00,48.47,EUR,CREATED,region-08848,web
ORD-P008849,CUST-0849,2026-10-05 12:00:00,48.48,EUR,CREATED,region-08849,web
ORD-P008850,CUST-0850,2026-10-05 12:00:00,48.49,EUR,CREATED,region-08850,web
ORD-P008851,CUST-0851,2026-10-05 12:00:00,48.50,EUR,CREATED,region-08851,web
ORD-P008852,CUST-0852,2026-10-05 12:00:00,48.51,EUR,CREATED,region-08852,web
ORD-P008853,CUST-0853,2026-10-05 12:00:00,48.52,EUR,CREATED,region-08853,web
ORD-P008854,CUST-0854,2026-10-05 12:00:00,48.53,EUR,CREATED,region-08854,web
ORD-P008855,CUST-0855,2026-10-05 12:00:00,48.54,EUR,CREATED,region-08855,web
ORD-P008856,CUST-0856,2026-10-05 12:00:00,48.55,EUR,CREATED,region-08856,web
ORD-P008857,CUST-0857,2026-10-05 12:00:00,48.56,EUR,CREATED,region-08857,web
ORD-P008858,CUST-0858,2026-10-05 12:00:00,48.57,EUR,CREATED,region-08858,web
ORD-P008859,CUST-0859,2026-10-05 12:00:00,48.58,EUR,CREATED,region-08859,web
ORD-P008860,CUST-0860,2026-10-05 12:00:00,48.59,EUR,CREATED,region-08860,web
ORD-P008861,CUST-0861,2026-10-05 12:00:00,48.60,EUR,CREATED,region-08861,web
ORD-P008862,CUST-0862,2026-10-05 12:00:00,48.61,EUR,CREATED,region-08862,web
ORD-P008863,CUST-0863,2026-10-05 12:00:00,48.62,EUR,CREATED,region-08863,web
ORD-P008864,CUST-0864,2026-10-05 12:00:00,48.63,EUR,CREATED,region-08864,web
ORD-P008865,CUST-0865,2026-10-05 12:00:00,48.64,EUR,CREATED,region-08865,web
ORD-P008866,CUST-0866,2026-10-05 12:00:00,48.65,EUR,CREATED,region-08866,web
ORD-P008867,CUST-0867,2026-10-05 12:00:00,48.66,EUR,CREATED,region-08867,web
ORD-P008868,CUST-0868,2026-10-05 12:00:00,48.67,EUR,CREATED,region-08868,web
ORD-P008869,CUST-0869,2026-10-05 12:00:00,48.68,EUR,CREATED,region-08869,web
ORD-P008870,CUST-0870,2026-10-05 12:00:00,48.69,EUR,CREATED,region-08870,web
ORD-P008871,CUST-0871,2026-10-05 12:00:00,48.70,EUR,CREATED,region-08871,web
ORD-P008872,CUST-0872,2026-10-05 12:00:00,48.71,EUR,CREATED,region-08872,web
ORD-P008873,CUST-0873,2026-10-05 12:00:00,48.72,EUR,CREATED,region-08873,web
ORD-P008874,CUST-0874,2026-10-05 12:00:00,48.73,EUR,CREATED,region-08874,web
ORD-P008875,CUST-0875,2026-10-05 12:00:00,48.74,EUR,CREATED,region-08875,web
ORD-P008876,CUST-0876,2026-10-05 12:00:00,48.75,EUR,CREATED,region-08876,web
ORD-P008877,CUST-0877,2026-10-05 12:00:00,48.76,EUR,CREATED,region-08877,web
ORD-P008878,CUST-0878,2026-10-05 12:00:00,48.77,EUR,CREATED,region-08878,web
ORD-P008879,CUST-0879,2026-10-05 12:00:00,48.78,EUR,CREATED,region-08879,web
ORD-P008880,CUST-0880,2026-10-05 12:00:00,48.79,EUR,CREATED,region-08880,web
ORD-P008881,CUST-0881,2026-10-05 12:00:00,48.80,EUR,CREATED,region-08881,web
ORD-P008882,CUST-0882,2026-10-05 12:00:00,48.81,EUR,CREATED,region-08882,web
ORD-P008883,CUST-0883,2026-10-05 12:00:00,48.82,EUR,CREATED,region-08883,web
ORD-P008884,CUST-0884,2026-10-05 12:00:00,48.83,EUR,CREATED,region-08884,web
ORD-P008885,CUST-0885,2026-10-05 12:00:00,48.84,EUR,CREATED,region-08885,web
ORD-P008886,CUST-0886,2026-10-05 12:00:00,48.85,EUR,CREATED,region-08886,web
ORD-P008887,CUST-0887,2026-10-05 12:00:00,48.86,EUR,CREATED,region-08887,web
ORD-P008888,CUST-0888,2026-10-05 12:00:00,48.87,EUR,CREATED,region-08888,web
ORD-P008889,CUST-0889,2026-10-05 12:00:00,48.88,EUR,CREATED,region-08889,web
ORD-P008890,CUST-0890,2026-10-05 12:00:00,48.89,EUR,CREATED,region-08890,web
ORD-P008891,CUST-0891,2026-10-05 12:00:00,48.90,EUR,CREATED,region-08891,web
ORD-P008892,CUST-0892,2026-10-05 12:00:00,48.91,EUR,CREATED,region-08892,web
ORD-P008893,CUST-0893,2026-10-05 12:00:00,48.92,EUR,CREATED,region-08893,web
ORD-P008894,CUST-0894,2026-10-05 12:00:00,48.93,EUR,CREATED,region-08894,web
ORD-P008895,CUST-0895,2026-10-05 12:00:00,48.94,EUR,CREATED,region-08895,web
ORD-P008896,CUST-0896,2026-10-05 12:00:00,48.95,EUR,CREATED,region-08896,web
ORD-P008897,CUST-0897,2026-10-05 12:00:00,48.96,EUR,CREATED,region-08897,web
ORD-P008898,CUST-0898,2026-10-05 12:00:00,48.97,EUR,CREATED,region-08898,web
ORD-P008899,CUST-0899,2026-10-05 12:00:00,48.98,EUR,CREATED,region-08899,web
ORD-P008900,CUST-0900,2026-10-05 12:00:00,48.99,EUR,CREATED,region-08900,web
ORD-P008901,CUST-0901,2026-10-05 12:00:00,49.00,EUR,CREATED,region-08901,web
ORD-P008902,CUST-0902,2026-10-05 12:00:00,49.01,EUR,CREATED,region-08902,web
ORD-P008903,CUST-0903,2026-10-05 12:00:00,49.02,EUR,CREATED,region-08903,web
ORD-P008904,CUST-0904,2026-10-05 12:00:00,49.03,EUR,CREATED,region-08904,web
ORD-P008905,CUST-0905,2026-10-05 12:00:00,49.04,EUR,CREATED,region-08905,web
ORD-P008906,CUST-0906,2026-10-05 12:00:00,49.05,EUR,CREATED,region-08906,web
ORD-P008907,CUST-0907,2026-10-05 12:00:00,49.06,EUR,CREATED,region-08907,web
ORD-P008908,CUST-0908,2026-10-05 12:00:00,49.07,EUR,CREATED,region-08908,web
ORD-P008909,CUST-0909,2026-10-05 12:00:00,49.08,EUR,CREATED,region-08909,web
ORD-P008910,CUST-0910,2026-10-05 12:00:00,49.09,EUR,CREATED,region-08910,web
ORD-P008911,CUST-0911,2026-10-05 12:00:00,49.10,EUR,CREATED,region-08911,web
ORD-P008912,CUST-0912,2026-10-05 12:00:00,49.11,EUR,CREATED,region-08912,web
ORD-P008913,CUST-0913,2026-10-05 12:00:00,49.12,EUR,CREATED,region-08913,web
ORD-P008914,CUST-0914,2026-10-05 12:00:00,49.13,EUR,CREATED,region-08914,web
ORD-P008915,CUST-0915,2026-10-05 12:00:00,49.14,EUR,CREATED,region-08915,web
ORD-P008916,CUST-0916,2026-10-05 12:00:00,49.15,EUR,CREATED,region-08916,web
ORD-P008917,CUST-0917,2026-10-05 12:00:00,49.16,EUR,CREATED,region-08917,web
ORD-P008918,CUST-0918,2026-10-05 12:00:00,49.17,EUR,CREATED,region-08918,web
ORD-P008919,CUST-0919,2026-10-05 12:00:00,49.18,EUR,CREATED,region-08919,web
ORD-P008920,CUST-0920,2026-10-05 12:00:00,49.19,EUR,CREATED,region-08920,web
ORD-P008921,CUST-0921,2026-10-05 12:00:00,49.20,EUR,CREATED,region-08921,web
ORD-P008922,CUST-0922,2026-10-05 12:00:00,49.21,EUR,CREATED,region-08922,web
ORD-P008923,CUST-0923,2026-10-05 12:00:00,49.22,EUR,CREATED,region-08923,web
ORD-P008924,CUST-0924,2026-10-05 12:00:00,49.23,EUR,CREATED,region-08924,web
ORD-P008925,CUST-0925,2026-10-05 12:00:00,49.24,EUR,CREATED,region-08925,web
ORD-P008926,CUST-0926,2026-10-05 12:00:00,49.25,EUR,CREATED,region-08926,web
ORD-P008927,CUST-0927,2026-10-05 12:00:00,49.26,EUR,CREATED,region-08927,web
ORD-P008928,CUST-0928,2026-10-05 12:00:00,49.27,EUR,CREATED,region-08928,web
ORD-P008929,CUST-0929,2026-10-05 12:00:00,49.28,EUR,CREATED,region-08929,web
ORD-P008930,CUST-0930,2026-10-05 12:00:00,49.29,EUR,CREATED,region-08930,web
ORD-P008931,CUST-0931,2026-10-05 12:00:00,49.30,EUR,CREATED,region-08931,web
ORD-P008932,CUST-0932,2026-10-05 12:00:00,49.31,EUR,CREATED,region-08932,web
ORD-P008933,CUST-0933,2026-10-05 12:00:00,49.32,EUR,CREATED,region-08933,web
ORD-P008934,CUST-0934,2026-10-05 12:00:00,49.33,EUR,CREATED,region-08934,web
ORD-P008935,CUST-0935,2026-10-05 12:00:00,49.34,EUR,CREATED,region-08935,web
ORD-P008936,CUST-0936,2026-10-05 12:00:00,49.35,EUR,CREATED,region-08936,web
ORD-P008937,CUST-0937,2026-10-05 12:00:00,49.36,EUR,CREATED,region-08937,web
ORD-P008938,CUST-0938,2026-10-05 12:00:00,49.37,EUR,CREATED,region-08938,web
ORD-P008939,CUST-0939,2026-10-05 12:00:00,49.38,EUR,CREATED,region-08939,web
ORD-P008940,CUST-0940,2026-10-05 12:00:00,49.39,EUR,CREATED,region-08940,web
ORD-P008941,CUST-0941,2026-10-05 12:00:00,49.40,EUR,CREATED,region-08941,web
ORD-P008942,CUST-0942,2026-10-05 12:00:00,49.41,EUR,CREATED,region-08942,web
ORD-P008943,CUST-0943,2026-10-05 12:00:00,49.42,EUR,CREATED,region-08943,web
ORD-P008944,CUST-0944,2026-10-05 12:00:00,49.43,EUR,CREATED,region-08944,web
ORD-P008945,CUST-0945,2026-10-05 12:00:00,49.44,EUR,CREATED,region-08945,web
ORD-P008946,CUST-0946,2026-10-05 12:00:00,49.45,EUR,CREATED,region-08946,web
ORD-P008947,CUST-0947,2026-10-05 12:00:00,49.46,EUR,CREATED,region-08947,web
ORD-P008948,CUST-0948,2026-10-05 12:00:00,49.47,EUR,CREATED,region-08948,web
ORD-P008949,CUST-0949,2026-10-05 12:00:00,49.48,EUR,CREATED,region-08949,web
ORD-P008950,CUST-0950,2026-10-05 12:00:00,49.49,EUR,CREATED,region-08950,web
ORD-P008951,CUST-0951,2026-10-05 12:00:00,49.50,EUR,CREATED,region-08951,web
ORD-P008952,CUST-0952,2026-10-05 12:00:00,49.51,EUR,CREATED,region-08952,web
ORD-P008953,CUST-0953,2026-10-05 12:00:00,49.52,EUR,CREATED,region-08953,web
ORD-P008954,CUST-0954,2026-10-05 12:00:00,49.53,EUR,CREATED,region-08954,web
ORD-P008955,CUST-0955,2026-10-05 12:00:00,49.54,EUR,CREATED,region-08955,web
ORD-P008956,CUST-0956,2026-10-05 12:00:00,49.55,EUR,CREATED,region-08956,web
ORD-P008957,CUST-0957,2026-10-05 12:00:00,49.56,EUR,CREATED,region-08957,web
ORD-P008958,CUST-0958,2026-10-05 12:00:00,49.57,EUR,CREATED,region-08958,web
ORD-P008959,CUST-0959,2026-10-05 12:00:00,49.58,EUR,CREATED,region-08959,web
ORD-P008960,CUST-0960,2026-10-05 12:00:00,49.59,EUR,CREATED,region-08960,web
ORD-P008961,CUST-0961,2026-10-05 12:00:00,49.60,EUR,CREATED,region-08961,web
ORD-P008962,CUST-0962,2026-10-05 12:00:00,49.61,EUR,CREATED,region-08962,web
ORD-P008963,CUST-0963,2026-10-05 12:00:00,49.62,EUR,CREATED,region-08963,web
ORD-P008964,CUST-0964,2026-10-05 12:00:00,49.63,EUR,CREATED,region-08964,web
ORD-P008965,CUST-0965,2026-10-05 12:00:00,49.64,EUR,CREATED,region-08965,web
ORD-P008966,CUST-0966,2026-10-05 12:00:00,49.65,EUR,CREATED,region-08966,web
ORD-P008967,CUST-0967,2026-10-05 12:00:00,49.66,EUR,CREATED,region-08967,web
ORD-P008968,CUST-0968,2026-10-05 12:00:00,49.67,EUR,CREATED,region-08968,web
ORD-P008969,CUST-0969,2026-10-05 12:00:00,49.68,EUR,CREATED,region-08969,web
ORD-P008970,CUST-0970,2026-10-05 12:00:00,49.69,EUR,CREATED,region-08970,web
ORD-P008971,CUST-0971,2026-10-05 12:00:00,49.70,EUR,CREATED,region-08971,web
ORD-P008972,CUST-0972,2026-10-05 12:00:00,49.71,EUR,CREATED,region-08972,web
ORD-P008973,CUST-0973,2026-10-05 12:00:00,49.72,EUR,CREATED,region-08973,web
ORD-P008974,CUST-0974,2026-10-05 12:00:00,49.73,EUR,CREATED,region-08974,web
ORD-P008975,CUST-0975,2026-10-05 12:00:00,49.74,EUR,CREATED,region-08975,web
ORD-P008976,CUST-0976,2026-10-05 12:00:00,49.75,EUR,CREATED,region-08976,web
ORD-P008977,CUST-0977,2026-10-05 12:00:00,49.76,EUR,CREATED,region-08977,web
ORD-P008978,CUST-0978,2026-10-05 12:00:00,49.77,EUR,CREATED,region-08978,web
ORD-P008979,CUST-0979,2026-10-05 12:00:00,49.78,EUR,CREATED,region-08979,web
ORD-P008980,CUST-0980,2026-10-05 12:00:00,49.79,EUR,CREATED,region-08980,web
ORD-P008981,CUST-0981,2026-10-05 12:00:00,49.80,EUR,CREATED,region-08981,web
ORD-P008982,CUST-0982,2026-10-05 12:00:00,49.81,EUR,CREATED,region-08982,web
ORD-P008983,CUST-0983,2026-10-05 12:00:00,49.82,EUR,CREATED,region-08983,web
ORD-P008984,CUST-0984,2026-10-05 12:00:00,49.83,EUR,CREATED,region-08984,web
ORD-P008985,CUST-0985,2026-10-05 12:00:00,49.84,EUR,CREATED,region-08985,web
ORD-P008986,CUST-0986,2026-10-05 12:00:00,49.85,EUR,CREATED,region-08986,web
ORD-P008987,CUST-0987,2026-10-05 12:00:00,49.86,EUR,CREATED,region-08987,web
ORD-P008988,CUST-0988,2026-10-05 12:00:00,49.87,EUR,CREATED,region-08988,web
ORD-P008989,CUST-0989,2026-10-05 12:00:00,49.88,EUR,CREATED,region-08989,web
ORD-P008990,CUST-0990,2026-10-05 12:00:00,49.89,EUR,CREATED,region-08990,web
ORD-P008991,CUST-0991,2026-10-05 12:00:00,49.90,EUR,CREATED,region-08991,web
ORD-P008992,CUST-0992,2026-10-05 12:00:00,49.91,EUR,CREATED,region-08992,web
ORD-P008993,CUST-0993,2026-10-05 12:00:00,49.92,EUR,CREATED,region-08993,web
ORD-P008994,CUST-0994,2026-10-05 12:00:00,49.93,EUR,CREATED,region-08994,web
ORD-P008995,CUST-0995,2026-10-05 12:00:00,49.94,EUR,CREATED,region-08995,web
ORD-P008996,CUST-0996,2026-10-05 12:00:00,49.95,EUR,CREATED,region-08996,web
ORD-P008997,CUST-0997,2026-10-05 12:00:00,49.96,EUR,CREATED,region-08997,web
ORD-P008998,CUST-0998,2026-10-05 12:00:00,49.97,EUR,CREATED,region-08998,web
ORD-P008999,CUST-0999,2026-10-05 12:00:00,49.98,EUR,CREATED,region-08999,web
ORD-P009000,CUST-1000,2026-10-05 12:00:00,49.99,EUR,CREATED,region-09000,web
ORD-P009001,CUST-1001,2026-10-05 12:00:00,50.00,EUR,CREATED,region-09001,web
ORD-P009002,CUST-1002,2026-10-05 12:00:00,50.01,EUR,CREATED,region-09002,web
ORD-P009003,CUST-1003,2026-10-05 12:00:00,50.02,EUR,CREATED,region-09003,web
ORD-P009004,CUST-1004,2026-10-05 12:00:00,50.03,EUR,CREATED,region-09004,web
ORD-P009005,CUST-1005,2026-10-05 12:00:00,50.04,EUR,CREATED,region-09005,web
ORD-P009006,CUST-1006,2026-10-05 12:00:00,50.05,EUR,CREATED,region-09006,web
ORD-P009007,CUST-1007,2026-10-05 12:00:00,50.06,EUR,CREATED,region-09007,web
ORD-P009008,CUST-1008,2026-10-05 12:00:00,50.07,EUR,CREATED,region-09008,web
ORD-P009009,CUST-1009,2026-10-05 12:00:00,50.08,EUR,CREATED,region-09009,web
ORD-P009010,CUST-1010,2026-10-05 12:00:00,50.09,EUR,CREATED,region-09010,web
ORD-P009011,CUST-1011,2026-10-05 12:00:00,50.10,EUR,CREATED,region-09011,web
ORD-P009012,CUST-1012,2026-10-05 12:00:00,50.11,EUR,CREATED,region-09012,web
ORD-P009013,CUST-1013,2026-10-05 12:00:00,50.12,EUR,CREATED,region-09013,web
ORD-P009014,CUST-1014,2026-10-05 12:00:00,50.13,EUR,CREATED,region-09014,web
ORD-P009015,CUST-1015,2026-10-05 12:00:00,50.14,EUR,CREATED,region-09015,web
ORD-P009016,CUST-1016,2026-10-05 12:00:00,50.15,EUR,CREATED,region-09016,web
ORD-P009017,CUST-1017,2026-10-05 12:00:00,50.16,EUR,CREATED,region-09017,web
ORD-P009018,CUST-1018,2026-10-05 12:00:00,50.17,EUR,CREATED,region-09018,web
ORD-P009019,CUST-1019,2026-10-05 12:00:00,50.18,EUR,CREATED,region-09019,web
ORD-P009020,CUST-1020,2026-10-05 12:00:00,50.19,EUR,CREATED,region-09020,web
ORD-P009021,CUST-1021,2026-10-05 12:00:00,50.20,EUR,CREATED,region-09021,web
ORD-P009022,CUST-1022,2026-10-05 12:00:00,50.21,EUR,CREATED,region-09022,web
ORD-P009023,CUST-1023,2026-10-05 12:00:00,50.22,EUR,CREATED,region-09023,web
ORD-P009024,CUST-1024,2026-10-05 12:00:00,50.23,EUR,CREATED,region-09024,web
ORD-P009025,CUST-1025,2026-10-05 12:00:00,50.24,EUR,CREATED,region-09025,web
ORD-P009026,CUST-1026,2026-10-05 12:00:00,50.25,EUR,CREATED,region-09026,web
ORD-P009027,CUST-1027,2026-10-05 12:00:00,50.26,EUR,CREATED,region-09027,web
ORD-P009028,CUST-1028,2026-10-05 12:00:00,50.27,EUR,CREATED,region-09028,web
ORD-P009029,CUST-1029,2026-10-05 12:00:00,50.28,EUR,CREATED,region-09029,web
ORD-P009030,CUST-1030,2026-10-05 12:00:00,50.29,EUR,CREATED,region-09030,web
ORD-P009031,CUST-1031,2026-10-05 12:00:00,50.30,EUR,CREATED,region-09031,web
ORD-P009032,CUST-1032,2026-10-05 12:00:00,50.31,EUR,CREATED,region-09032,web
ORD-P009033,CUST-1033,2026-10-05 12:00:00,50.32,EUR,CREATED,region-09033,web
ORD-P009034,CUST-1034,2026-10-05 12:00:00,50.33,EUR,CREATED,region-09034,web
ORD-P009035,CUST-1035,2026-10-05 12:00:00,50.34,EUR,CREATED,region-09035,web
ORD-P009036,CUST-1036,2026-10-05 12:00:00,50.35,EUR,CREATED,region-09036,web
ORD-P009037,CUST-1037,2026-10-05 12:00:00,50.36,EUR,CREATED,region-09037,web
ORD-P009038,CUST-1038,2026-10-05 12:00:00,50.37,EUR,CREATED,region-09038,web
ORD-P009039,CUST-1039,2026-10-05 12:00:00,50.38,EUR,CREATED,region-09039,web
ORD-P009040,CUST-1040,2026-10-05 12:00:00,50.39,EUR,CREATED,region-09040,web
ORD-P009041,CUST-1041,2026-10-05 12:00:00,50.40,EUR,CREATED,region-09041,web
ORD-P009042,CUST-1042,2026-10-05 12:00:00,50.41,EUR,CREATED,region-09042,web
ORD-P009043,CUST-1043,2026-10-05 12:00:00,50.42,EUR,CREATED,region-09043,web
ORD-P009044,CUST-1044,2026-10-05 12:00:00,50.43,EUR,CREATED,region-09044,web
ORD-P009045,CUST-1045,2026-10-05 12:00:00,50.44,EUR,CREATED,region-09045,web
ORD-P009046,CUST-1046,2026-10-05 12:00:00,50.45,EUR,CREATED,region-09046,web
ORD-P009047,CUST-1047,2026-10-05 12:00:00,50.46,EUR,CREATED,region-09047,web
ORD-P009048,CUST-1048,2026-10-05 12:00:00,50.47,EUR,CREATED,region-09048,web
ORD-P009049,CUST-1049,2026-10-05 12:00:00,50.48,EUR,CREATED,region-09049,web
ORD-P009050,CUST-1050,2026-10-05 12:00:00,50.49,EUR,CREATED,region-09050,web
ORD-P009051,CUST-1051,2026-10-05 12:00:00,50.50,EUR,CREATED,region-09051,web
ORD-P009052,CUST-1052,2026-10-05 12:00:00,50.51,EUR,CREATED,region-09052,web
ORD-P009053,CUST-1053,2026-10-05 12:00:00,50.52,EUR,CREATED,region-09053,web
ORD-P009054,CUST-1054,2026-10-05 12:00:00,50.53,EUR,CREATED,region-09054,web
ORD-P009055,CUST-1055,2026-10-05 12:00:00,50.54,EUR,CREATED,region-09055,web
ORD-P009056,CUST-1056,2026-10-05 12:00:00,50.55,EUR,CREATED,region-09056,web
ORD-P009057,CUST-1057,2026-10-05 12:00:00,50.56,EUR,CREATED,region-09057,web
ORD-P009058,CUST-1058,2026-10-05 12:00:00,50.57,EUR,CREATED,region-09058,web
ORD-P009059,CUST-1059,2026-10-05 12:00:00,50.58,EUR,CREATED,region-09059,web
ORD-P009060,CUST-1060,2026-10-05 12:00:00,50.59,EUR,CREATED,region-09060,web
ORD-P009061,CUST-1061,2026-10-05 12:00:00,50.60,EUR,CREATED,region-09061,web
ORD-P009062,CUST-1062,2026-10-05 12:00:00,50.61,EUR,CREATED,region-09062,web
ORD-P009063,CUST-1063,2026-10-05 12:00:00,50.62,EUR,CREATED,region-09063,web
ORD-P009064,CUST-1064,2026-10-05 12:00:00,50.63,EUR,CREATED,region-09064,web
ORD-P009065,CUST-1065,2026-10-05 12:00:00,50.64,EUR,CREATED,region-09065,web
ORD-P009066,CUST-1066,2026-10-05 12:00:00,50.65,EUR,CREATED,region-09066,web
ORD-P009067,CUST-1067,2026-10-05 12:00:00,50.66,EUR,CREATED,region-09067,web
ORD-P009068,CUST-1068,2026-10-05 12:00:00,50.67,EUR,CREATED,region-09068,web
ORD-P009069,CUST-1069,2026-10-05 12:00:00,50.68,EUR,CREATED,region-09069,web
ORD-P009070,CUST-1070,2026-10-05 12:00:00,50.69,EUR,CREATED,region-09070,web
ORD-P009071,CUST-1071,2026-10-05 12:00:00,50.70,EUR,CREATED,region-09071,web
ORD-P009072,CUST-1072,2026-10-05 12:00:00,50.71,EUR,CREATED,region-09072,web
ORD-P009073,CUST-1073,2026-10-05 12:00:00,50.72,EUR,CREATED,region-09073,web
ORD-P009074,CUST-1074,2026-10-05 12:00:00,50.73,EUR,CREATED,region-09074,web
ORD-P009075,CUST-1075,2026-10-05 12:00:00,50.74,EUR,CREATED,region-09075,web
ORD-P009076,CUST-1076,2026-10-05 12:00:00,50.75,EUR,CREATED,region-09076,web
ORD-P009077,CUST-1077,2026-10-05 12:00:00,50.76,EUR,CREATED,region-09077,web
ORD-P009078,CUST-1078,2026-10-05 12:00:00,50.77,EUR,CREATED,region-09078,web
ORD-P009079,CUST-1079,2026-10-05 12:00:00,50.78,EUR,CREATED,region-09079,web
ORD-P009080,CUST-1080,2026-10-05 12:00:00,50.79,EUR,CREATED,region-09080,web
ORD-P009081,CUST-1081,2026-10-05 12:00:00,50.80,EUR,CREATED,region-09081,web
ORD-P009082,CUST-1082,2026-10-05 12:00:00,50.81,EUR,CREATED,region-09082,web
ORD-P009083,CUST-1083,2026-10-05 12:00:00,50.82,EUR,CREATED,region-09083,web
ORD-P009084,CUST-1084,2026-10-05 12:00:00,50.83,EUR,CREATED,region-09084,web
ORD-P009085,CUST-1085,2026-10-05 12:00:00,50.84,EUR,CREATED,region-09085,web
ORD-P009086,CUST-1086,2026-10-05 12:00:00,50.85,EUR,CREATED,region-09086,web
ORD-P009087,CUST-1087,2026-10-05 12:00:00,50.86,EUR,CREATED,region-09087,web
ORD-P009088,CUST-1088,2026-10-05 12:00:00,50.87,EUR,CREATED,region-09088,web
ORD-P009089,CUST-1089,2026-10-05 12:00:00,50.88,EUR,CREATED,region-09089,web
ORD-P009090,CUST-1090,2026-10-05 12:00:00,50.89,EUR,CREATED,region-09090,web
ORD-P009091,CUST-1091,2026-10-05 12:00:00,50.90,EUR,CREATED,region-09091,web
ORD-P009092,CUST-1092,2026-10-05 12:00:00,50.91,EUR,CREATED,region-09092,web
ORD-P009093,CUST-1093,2026-10-05 12:00:00,50.92,EUR,CREATED,region-09093,web
ORD-P009094,CUST-1094,2026-10-05 12:00:00,50.93,EUR,CREATED,region-09094,web
ORD-P009095,CUST-1095,2026-10-05 12:00:00,50.94,EUR,CREATED,region-09095,web
ORD-P009096,CUST-1096,2026-10-05 12:00:00,50.95,EUR,CREATED,region-09096,web
ORD-P009097,CUST-1097,2026-10-05 12:00:00,50.96,EUR,CREATED,region-09097,web
ORD-P009098,CUST-1098,2026-10-05 12:00:00,50.97,EUR,CREATED,region-09098,web
ORD-P009099,CUST-1099,2026-10-05 12:00:00,50.98,EUR,CREATED,region-09099,web
ORD-P009100,CUST-1100,2026-10-05 12:00:00,50.99,EUR,CREATED,region-09100,web
ORD-P009101,CUST-1101,2026-10-05 12:00:00,51.00,EUR,CREATED,region-09101,web
ORD-P009102,CUST-1102,2026-10-05 12:00:00,51.01,EUR,CREATED,region-09102,web
ORD-P009103,CUST-1103,2026-10-05 12:00:00,51.02,EUR,CREATED,region-09103,web
ORD-P009104,CUST-1104,2026-10-05 12:00:00,51.03,EUR,CREATED,region-09104,web
ORD-P009105,CUST-1105,2026-10-05 12:00:00,51.04,EUR,CREATED,region-09105,web
ORD-P009106,CUST-1106,2026-10-05 12:00:00,51.05,EUR,CREATED,region-09106,web
ORD-P009107,CUST-1107,2026-10-05 12:00:00,51.06,EUR,CREATED,region-09107,web
ORD-P009108,CUST-1108,2026-10-05 12:00:00,51.07,EUR,CREATED,region-09108,web
ORD-P009109,CUST-1109,2026-10-05 12:00:00,51.08,EUR,CREATED,region-09109,web
ORD-P009110,CUST-1110,2026-10-05 12:00:00,51.09,EUR,CREATED,region-09110,web
ORD-P009111,CUST-1111,2026-10-05 12:00:00,51.10,EUR,CREATED,region-09111,web
ORD-P009112,CUST-1112,2026-10-05 12:00:00,51.11,EUR,CREATED,region-09112,web
ORD-P009113,CUST-1113,2026-10-05 12:00:00,51.12,EUR,CREATED,region-09113,web
ORD-P009114,CUST-1114,2026-10-05 12:00:00,51.13,EUR,CREATED,region-09114,web
ORD-P009115,CUST-1115,2026-10-05 12:00:00,51.14,EUR,CREATED,region-09115,web
ORD-P009116,CUST-1116,2026-10-05 12:00:00,51.15,EUR,CREATED,region-09116,web
ORD-P009117,CUST-1117,2026-10-05 12:00:00,51.16,EUR,CREATED,region-09117,web
ORD-P009118,CUST-1118,2026-10-05 12:00:00,51.17,EUR,CREATED,region-09118,web
ORD-P009119,CUST-1119,2026-10-05 12:00:00,51.18,EUR,CREATED,region-09119,web
ORD-P009120,CUST-1120,2026-10-05 12:00:00,51.19,EUR,CREATED,region-09120,web
ORD-P009121,CUST-1121,2026-10-05 12:00:00,51.20,EUR,CREATED,region-09121,web
ORD-P009122,CUST-1122,2026-10-05 12:00:00,51.21,EUR,CREATED,region-09122,web
ORD-P009123,CUST-1123,2026-10-05 12:00:00,51.22,EUR,CREATED,region-09123,web
ORD-P009124,CUST-1124,2026-10-05 12:00:00,51.23,EUR,CREATED,region-09124,web
ORD-P009125,CUST-1125,2026-10-05 12:00:00,51.24,EUR,CREATED,region-09125,web
ORD-P009126,CUST-1126,2026-10-05 12:00:00,51.25,EUR,CREATED,region-09126,web
ORD-P009127,CUST-1127,2026-10-05 12:00:00,51.26,EUR,CREATED,region-09127,web
ORD-P009128,CUST-1128,2026-10-05 12:00:00,51.27,EUR,CREATED,region-09128,web
ORD-P009129,CUST-1129,2026-10-05 12:00:00,51.28,EUR,CREATED,region-09129,web
ORD-P009130,CUST-1130,2026-10-05 12:00:00,51.29,EUR,CREATED,region-09130,web
ORD-P009131,CUST-1131,2026-10-05 12:00:00,51.30,EUR,CREATED,region-09131,web
ORD-P009132,CUST-1132,2026-10-05 12:00:00,51.31,EUR,CREATED,region-09132,web
ORD-P009133,CUST-1133,2026-10-05 12:00:00,51.32,EUR,CREATED,region-09133,web
ORD-P009134,CUST-1134,2026-10-05 12:00:00,51.33,EUR,CREATED,region-09134,web
ORD-P009135,CUST-1135,2026-10-05 12:00:00,51.34,EUR,CREATED,region-09135,web
ORD-P009136,CUST-1136,2026-10-05 12:00:00,51.35,EUR,CREATED,region-09136,web
ORD-P009137,CUST-1137,2026-10-05 12:00:00,51.36,EUR,CREATED,region-09137,web
ORD-P009138,CUST-1138,2026-10-05 12:00:00,51.37,EUR,CREATED,region-09138,web
ORD-P009139,CUST-1139,2026-10-05 12:00:00,51.38,EUR,CREATED,region-09139,web
ORD-P009140,CUST-1140,2026-10-05 12:00:00,51.39,EUR,CREATED,region-09140,web
ORD-P009141,CUST-1141,2026-10-05 12:00:00,51.40,EUR,CREATED,region-09141,web
ORD-P009142,CUST-1142,2026-10-05 12:00:00,51.41,EUR,CREATED,region-09142,web
ORD-P009143,CUST-1143,2026-10-05 12:00:00,51.42,EUR,CREATED,region-09143,web
ORD-P009144,CUST-1144,2026-10-05 12:00:00,51.43,EUR,CREATED,region-09144,web
ORD-P009145,CUST-1145,2026-10-05 12:00:00,51.44,EUR,CREATED,region-09145,web
ORD-P009146,CUST-1146,2026-10-05 12:00:00,51.45,EUR,CREATED,region-09146,web
ORD-P009147,CUST-1147,2026-10-05 12:00:00,51.46,EUR,CREATED,region-09147,web
ORD-P009148,CUST-1148,2026-10-05 12:00:00,51.47,EUR,CREATED,region-09148,web
ORD-P009149,CUST-1149,2026-10-05 12:00:00,51.48,EUR,CREATED,region-09149,web
ORD-P009150,CUST-1150,2026-10-05 12:00:00,51.49,EUR,CREATED,region-09150,web
ORD-P009151,CUST-1151,2026-10-05 12:00:00,51.50,EUR,CREATED,region-09151,web
ORD-P009152,CUST-1152,2026-10-05 12:00:00,51.51,EUR,CREATED,region-09152,web
ORD-P009153,CUST-1153,2026-10-05 12:00:00,51.52,EUR,CREATED,region-09153,web
ORD-P009154,CUST-1154,2026-10-05 12:00:00,51.53,EUR,CREATED,region-09154,web
ORD-P009155,CUST-1155,2026-10-05 12:00:00,51.54,EUR,CREATED,region-09155,web
ORD-P009156,CUST-1156,2026-10-05 12:00:00,51.55,EUR,CREATED,region-09156,web
ORD-P009157,CUST-1157,2026-10-05 12:00:00,51.56,EUR,CREATED,region-09157,web
ORD-P009158,CUST-1158,2026-10-05 12:00:00,51.57,EUR,CREATED,region-09158,web
ORD-P009159,CUST-1159,2026-10-05 12:00:00,51.58,EUR,CREATED,region-09159,web
ORD-P009160,CUST-1160,2026-10-05 12:00:00,51.59,EUR,CREATED,region-09160,web
ORD-P009161,CUST-1161,2026-10-05 12:00:00,51.60,EUR,CREATED,region-09161,web
ORD-P009162,CUST-1162,2026-10-05 12:00:00,51.61,EUR,CREATED,region-09162,web
ORD-P009163,CUST-1163,2026-10-05 12:00:00,51.62,EUR,CREATED,region-09163,web
ORD-P009164,CUST-1164,2026-10-05 12:00:00,51.63,EUR,CREATED,region-09164,web
ORD-P009165,CUST-1165,2026-10-05 12:00:00,51.64,EUR,CREATED,region-09165,web
ORD-P009166,CUST-1166,2026-10-05 12:00:00,51.65,EUR,CREATED,region-09166,web
ORD-P009167,CUST-1167,2026-10-05 12:00:00,51.66,EUR,CREATED,region-09167,web
ORD-P009168,CUST-1168,2026-10-05 12:00:00,51.67,EUR,CREATED,region-09168,web
ORD-P009169,CUST-1169,2026-10-05 12:00:00,51.68,EUR,CREATED,region-09169,web
ORD-P009170,CUST-1170,2026-10-05 12:00:00,51.69,EUR,CREATED,region-09170,web
ORD-P009171,CUST-1171,2026-10-05 12:00:00,51.70,EUR,CREATED,region-09171,web
ORD-P009172,CUST-1172,2026-10-05 12:00:00,51.71,EUR,CREATED,region-09172,web
ORD-P009173,CUST-1173,2026-10-05 12:00:00,51.72,EUR,CREATED,region-09173,web
ORD-P009174,CUST-1174,2026-10-05 12:00:00,51.73,EUR,CREATED,region-09174,web
ORD-P009175,CUST-1175,2026-10-05 12:00:00,51.74,EUR,CREATED,region-09175,web
ORD-P009176,CUST-1176,2026-10-05 12:00:00,51.75,EUR,CREATED,region-09176,web
ORD-P009177,CUST-1177,2026-10-05 12:00:00,51.76,EUR,CREATED,region-09177,web
ORD-P009178,CUST-1178,2026-10-05 12:00:00,51.77,EUR,CREATED,region-09178,web
ORD-P009179,CUST-1179,2026-10-05 12:00:00,51.78,EUR,CREATED,region-09179,web
ORD-P009180,CUST-1180,2026-10-05 12:00:00,51.79,EUR,CREATED,region-09180,web
ORD-P009181,CUST-1181,2026-10-05 12:00:00,51.80,EUR,CREATED,region-09181,web
ORD-P009182,CUST-1182,2026-10-05 12:00:00,51.81,EUR,CREATED,region-09182,web
ORD-P009183,CUST-1183,2026-10-05 12:00:00,51.82,EUR,CREATED,region-09183,web
ORD-P009184,CUST-1184,2026-10-05 12:00:00,51.83,EUR,CREATED,region-09184,web
ORD-P009185,CUST-1185,2026-10-05 12:00:00,51.84,EUR,CREATED,region-09185,web
ORD-P009186,CUST-1186,2026-10-05 12:00:00,51.85,EUR,CREATED,region-09186,web
ORD-P009187,CUST-1187,2026-10-05 12:00:00,51.86,EUR,CREATED,region-09187,web
ORD-P009188,CUST-1188,2026-10-05 12:00:00,51.87,EUR,CREATED,region-09188,web
ORD-P009189,CUST-1189,2026-10-05 12:00:00,51.88,EUR,CREATED,region-09189,web
ORD-P009190,CUST-1190,2026-10-05 12:00:00,51.89,EUR,CREATED,region-09190,web
ORD-P009191,CUST-1191,2026-10-05 12:00:00,51.90,EUR,CREATED,region-09191,web
ORD-P009192,CUST-1192,2026-10-05 12:00:00,51.91,EUR,CREATED,region-09192,web
ORD-P009193,CUST-1193,2026-10-05 12:00:00,51.92,EUR,CREATED,region-09193,web
ORD-P009194,CUST-1194,2026-10-05 12:00:00,51.93,EUR,CREATED,region-09194,web
ORD-P009195,CUST-1195,2026-10-05 12:00:00,51.94,EUR,CREATED,region-09195,web
ORD-P009196,CUST-1196,2026-10-05 12:00:00,51.95,EUR,CREATED,region-09196,web
ORD-P009197,CUST-1197,2026-10-05 12:00:00,51.96,EUR,CREATED,region-09197,web
ORD-P009198,CUST-1198,2026-10-05 12:00:00,51.97,EUR,CREATED,region-09198,web
ORD-P009199,CUST-1199,2026-10-05 12:00:00,51.98,EUR,CREATED,region-09199,web
ORD-P009200,CUST-1200,2026-10-05 12:00:00,51.99,EUR,CREATED,region-09200,web
ORD-P009201,CUST-1201,2026-10-05 12:00:00,52.00,EUR,CREATED,region-09201,web
ORD-P009202,CUST-1202,2026-10-05 12:00:00,52.01,EUR,CREATED,region-09202,web
ORD-P009203,CUST-1203,2026-10-05 12:00:00,52.02,EUR,CREATED,region-09203,web
ORD-P009204,CUST-1204,2026-10-05 12:00:00,52.03,EUR,CREATED,region-09204,web
ORD-P009205,CUST-1205,2026-10-05 12:00:00,52.04,EUR,CREATED,region-09205,web
ORD-P009206,CUST-1206,2026-10-05 12:00:00,52.05,EUR,CREATED,region-09206,web
ORD-P009207,CUST-1207,2026-10-05 12:00:00,52.06,EUR,CREATED,region-09207,web
ORD-P009208,CUST-1208,2026-10-05 12:00:00,52.07,EUR,CREATED,region-09208,web
ORD-P009209,CUST-1209,2026-10-05 12:00:00,52.08,EUR,CREATED,region-09209,web
ORD-P009210,CUST-1210,2026-10-05 12:00:00,52.09,EUR,CREATED,region-09210,web
ORD-P009211,CUST-1211,2026-10-05 12:00:00,52.10,EUR,CREATED,region-09211,web
ORD-P009212,CUST-1212,2026-10-05 12:00:00,52.11,EUR,CREATED,region-09212,web
ORD-P009213,CUST-1213,2026-10-05 12:00:00,52.12,EUR,CREATED,region-09213,web
ORD-P009214,CUST-1214,2026-10-05 12:00:00,52.13,EUR,CREATED,region-09214,web
ORD-P009215,CUST-1215,2026-10-05 12:00:00,52.14,EUR,CREATED,region-09215,web
ORD-P009216,CUST-1216,2026-10-05 12:00:00,52.15,EUR,CREATED,region-09216,web
ORD-P009217,CUST-1217,2026-10-05 12:00:00,52.16,EUR,CREATED,region-09217,web
ORD-P009218,CUST-1218,2026-10-05 12:00:00,52.17,EUR,CREATED,region-09218,web
ORD-P009219,CUST-1219,2026-10-05 12:00:00,52.18,EUR,CREATED,region-09219,web
ORD-P009220,CUST-1220,2026-10-05 12:00:00,52.19,EUR,CREATED,region-09220,web
ORD-P009221,CUST-1221,2026-10-05 12:00:00,52.20,EUR,CREATED,region-09221,web
ORD-P009222,CUST-1222,2026-10-05 12:00:00,52.21,EUR,CREATED,region-09222,web
ORD-P009223,CUST-1223,2026-10-05 12:00:00,52.22,EUR,CREATED,region-09223,web
ORD-P009224,CUST-1224,2026-10-05 12:00:00,52.23,EUR,CREATED,region-09224,web
ORD-P009225,CUST-1225,2026-10-05 12:00:00,52.24,EUR,CREATED,region-09225,web
ORD-P009226,CUST-1226,2026-10-05 12:00:00,52.25,EUR,CREATED,region-09226,web
ORD-P009227,CUST-1227,2026-10-05 12:00:00,52.26,EUR,CREATED,region-09227,web
ORD-P009228,CUST-1228,2026-10-05 12:00:00,52.27,EUR,CREATED,region-09228,web
ORD-P009229,CUST-1229,2026-10-05 12:00:00,52.28,EUR,CREATED,region-09229,web
ORD-P009230,CUST-1230,2026-10-05 12:00:00,52.29,EUR,CREATED,region-09230,web
ORD-P009231,CUST-1231,2026-10-05 12:00:00,52.30,EUR,CREATED,region-09231,web
ORD-P009232,CUST-1232,2026-10-05 12:00:00,52.31,EUR,CREATED,region-09232,web
ORD-P009233,CUST-1233,2026-10-05 12:00:00,52.32,EUR,CREATED,region-09233,web
ORD-P009234,CUST-1234,2026-10-05 12:00:00,52.33,EUR,CREATED,region-09234,web
ORD-P009235,CUST-1235,2026-10-05 12:00:00,52.34,EUR,CREATED,region-09235,web
ORD-P009236,CUST-1236,2026-10-05 12:00:00,52.35,EUR,CREATED,region-09236,web
ORD-P009237,CUST-1237,2026-10-05 12:00:00,52.36,EUR,CREATED,region-09237,web
ORD-P009238,CUST-1238,2026-10-05 12:00:00,52.37,EUR,CREATED,region-09238,web
ORD-P009239,CUST-1239,2026-10-05 12:00:00,52.38,EUR,CREATED,region-09239,web
ORD-P009240,CUST-1240,2026-10-05 12:00:00,52.39,EUR,CREATED,region-09240,web
ORD-P009241,CUST-1241,2026-10-05 12:00:00,52.40,EUR,CREATED,region-09241,web
ORD-P009242,CUST-1242,2026-10-05 12:00:00,52.41,EUR,CREATED,region-09242,web
ORD-P009243,CUST-1243,2026-10-05 12:00:00,52.42,EUR,CREATED,region-09243,web
ORD-P009244,CUST-1244,2026-10-05 12:00:00,52.43,EUR,CREATED,region-09244,web
ORD-P009245,CUST-1245,2026-10-05 12:00:00,52.44,EUR,CREATED,region-09245,web
ORD-P009246,CUST-1246,2026-10-05 12:00:00,52.45,EUR,CREATED,region-09246,web
ORD-P009247,CUST-1247,2026-10-05 12:00:00,52.46,EUR,CREATED,region-09247,web
ORD-P009248,CUST-1248,2026-10-05 12:00:00,52.47,EUR,CREATED,region-09248,web
ORD-P009249,CUST-1249,2026-10-05 12:00:00,52.48,EUR,CREATED,region-09249,web
ORD-P009250,CUST-1250,2026-10-05 12:00:00,52.49,EUR,CREATED,region-09250,web
ORD-P009251,CUST-1251,2026-10-05 12:00:00,52.50,EUR,CREATED,region-09251,web
ORD-P009252,CUST-1252,2026-10-05 12:00:00,52.51,EUR,CREATED,region-09252,web
ORD-P009253,CUST-1253,2026-10-05 12:00:00,52.52,EUR,CREATED,region-09253,web
ORD-P009254,CUST-1254,2026-10-05 12:00:00,52.53,EUR,CREATED,region-09254,web
ORD-P009255,CUST-1255,2026-10-05 12:00:00,52.54,EUR,CREATED,region-09255,web
ORD-P009256,CUST-1256,2026-10-05 12:00:00,52.55,EUR,CREATED,region-09256,web
ORD-P009257,CUST-1257,2026-10-05 12:00:00,52.56,EUR,CREATED,region-09257,web
ORD-P009258,CUST-1258,2026-10-05 12:00:00,52.57,EUR,CREATED,region-09258,web
ORD-P009259,CUST-1259,2026-10-05 12:00:00,52.58,EUR,CREATED,region-09259,web
ORD-P009260,CUST-1260,2026-10-05 12:00:00,52.59,EUR,CREATED,region-09260,web
ORD-P009261,CUST-1261,2026-10-05 12:00:00,52.60,EUR,CREATED,region-09261,web
ORD-P009262,CUST-1262,2026-10-05 12:00:00,52.61,EUR,CREATED,region-09262,web
ORD-P009263,CUST-1263,2026-10-05 12:00:00,52.62,EUR,CREATED,region-09263,web
ORD-P009264,CUST-1264,2026-10-05 12:00:00,52.63,EUR,CREATED,region-09264,web
ORD-P009265,CUST-1265,2026-10-05 12:00:00,52.64,EUR,CREATED,region-09265,web
ORD-P009266,CUST-1266,2026-10-05 12:00:00,52.65,EUR,CREATED,region-09266,web
ORD-P009267,CUST-1267,2026-10-05 12:00:00,52.66,EUR,CREATED,region-09267,web
ORD-P009268,CUST-1268,2026-10-05 12:00:00,52.67,EUR,CREATED,region-09268,web
ORD-P009269,CUST-1269,2026-10-05 12:00:00,52.68,EUR,CREATED,region-09269,web
ORD-P009270,CUST-1270,2026-10-05 12:00:00,52.69,EUR,CREATED,region-09270,web
ORD-P009271,CUST-1271,2026-10-05 12:00:00,52.70,EUR,CREATED,region-09271,web
ORD-P009272,CUST-1272,2026-10-05 12:00:00,52.71,EUR,CREATED,region-09272,web
ORD-P009273,CUST-1273,2026-10-05 12:00:00,52.72,EUR,CREATED,region-09273,web
ORD-P009274,CUST-1274,2026-10-05 12:00:00,52.73,EUR,CREATED,region-09274,web
ORD-P009275,CUST-1275,2026-10-05 12:00:00,52.74,EUR,CREATED,region-09275,web
ORD-P009276,CUST-1276,2026-10-05 12:00:00,52.75,EUR,CREATED,region-09276,web
ORD-P009277,CUST-1277,2026-10-05 12:00:00,52.76,EUR,CREATED,region-09277,web
ORD-P009278,CUST-1278,2026-10-05 12:00:00,52.77,EUR,CREATED,region-09278,web
ORD-P009279,CUST-1279,2026-10-05 12:00:00,52.78,EUR,CREATED,region-09279,web
ORD-P009280,CUST-1280,2026-10-05 12:00:00,52.79,EUR,CREATED,region-09280,web
ORD-P009281,CUST-1281,2026-10-05 12:00:00,52.80,EUR,CREATED,region-09281,web
ORD-P009282,CUST-1282,2026-10-05 12:00:00,52.81,EUR,CREATED,region-09282,web
ORD-P009283,CUST-1283,2026-10-05 12:00:00,52.82,EUR,CREATED,region-09283,web
ORD-P009284,CUST-1284,2026-10-05 12:00:00,52.83,EUR,CREATED,region-09284,web
ORD-P009285,CUST-1285,2026-10-05 12:00:00,52.84,EUR,CREATED,region-09285,web
ORD-P009286,CUST-1286,2026-10-05 12:00:00,52.85,EUR,CREATED,region-09286,web
ORD-P009287,CUST-1287,2026-10-05 12:00:00,52.86,EUR,CREATED,region-09287,web
ORD-P009288,CUST-1288,2026-10-05 12:00:00,52.87,EUR,CREATED,region-09288,web
ORD-P009289,CUST-1289,2026-10-05 12:00:00,52.88,EUR,CREATED,region-09289,web
ORD-P009290,CUST-1290,2026-10-05 12:00:00,52.89,EUR,CREATED,region-09290,web
ORD-P009291,CUST-1291,2026-10-05 12:00:00,52.90,EUR,CREATED,region-09291,web
ORD-P009292,CUST-1292,2026-10-05 12:00:00,52.91,EUR,CREATED,region-09292,web
ORD-P009293,CUST-1293,2026-10-05 12:00:00,52.92,EUR,CREATED,region-09293,web
ORD-P009294,CUST-1294,2026-10-05 12:00:00,52.93,EUR,CREATED,region-09294,web
ORD-P009295,CUST-1295,2026-10-05 12:00:00,52.94,EUR,CREATED,region-09295,web
ORD-P009296,CUST-1296,2026-10-05 12:00:00,52.95,EUR,CREATED,region-09296,web
ORD-P009297,CUST-1297,2026-10-05 12:00:00,52.96,EUR,CREATED,region-09297,web
ORD-P009298,CUST-1298,2026-10-05 12:00:00,52.97,EUR,CREATED,region-09298,web
ORD-P009299,CUST-1299,2026-10-05 12:00:00,52.98,EUR,CREATED,region-09299,web
ORD-P009300,CUST-1300,2026-10-05 12:00:00,52.99,EUR,CREATED,region-09300,web
ORD-P009301,CUST-1301,2026-10-05 12:00:00,53.00,EUR,CREATED,region-09301,web
ORD-P009302,CUST-1302,2026-10-05 12:00:00,53.01,EUR,CREATED,region-09302,web
ORD-P009303,CUST-1303,2026-10-05 12:00:00,53.02,EUR,CREATED,region-09303,web
ORD-P009304,CUST-1304,2026-10-05 12:00:00,53.03,EUR,CREATED,region-09304,web
ORD-P009305,CUST-1305,2026-10-05 12:00:00,53.04,EUR,CREATED,region-09305,web
ORD-P009306,CUST-1306,2026-10-05 12:00:00,53.05,EUR,CREATED,region-09306,web
ORD-P009307,CUST-1307,2026-10-05 12:00:00,53.06,EUR,CREATED,region-09307,web
ORD-P009308,CUST-1308,2026-10-05 12:00:00,53.07,EUR,CREATED,region-09308,web
ORD-P009309,CUST-1309,2026-10-05 12:00:00,53.08,EUR,CREATED,region-09309,web
ORD-P009310,CUST-1310,2026-10-05 12:00:00,53.09,EUR,CREATED,region-09310,web
ORD-P009311,CUST-1311,2026-10-05 12:00:00,53.10,EUR,CREATED,region-09311,web
ORD-P009312,CUST-1312,2026-10-05 12:00:00,53.11,EUR,CREATED,region-09312,web
ORD-P009313,CUST-1313,2026-10-05 12:00:00,53.12,EUR,CREATED,region-09313,web
ORD-P009314,CUST-1314,2026-10-05 12:00:00,53.13,EUR,CREATED,region-09314,web
ORD-P009315,CUST-1315,2026-10-05 12:00:00,53.14,EUR,CREATED,region-09315,web
ORD-P009316,CUST-1316,2026-10-05 12:00:00,53.15,EUR,CREATED,region-09316,web
ORD-P009317,CUST-1317,2026-10-05 12:00:00,53.16,EUR,CREATED,region-09317,web
ORD-P009318,CUST-1318,2026-10-05 12:00:00,53.17,EUR,CREATED,region-09318,web
ORD-P009319,CUST-1319,2026-10-05 12:00:00,53.18,EUR,CREATED,region-09319,web
ORD-P009320,CUST-1320,2026-10-05 12:00:00,53.19,EUR,CREATED,region-09320,web
ORD-P009321,CUST-1321,2026-10-05 12:00:00,53.20,EUR,CREATED,region-09321,web
ORD-P009322,CUST-1322,2026-10-05 12:00:00,53.21,EUR,CREATED,region-09322,web
ORD-P009323,CUST-1323,2026-10-05 12:00:00,53.22,EUR,CREATED,region-09323,web
ORD-P009324,CUST-1324,2026-10-05 12:00:00,53.23,EUR,CREATED,region-09324,web
ORD-P009325,CUST-1325,2026-10-05 12:00:00,53.24,EUR,CREATED,region-09325,web
ORD-P009326,CUST-1326,2026-10-05 12:00:00,53.25,EUR,CREATED,region-09326,web
ORD-P009327,CUST-1327,2026-10-05 12:00:00,53.26,EUR,CREATED,region-09327,web
ORD-P009328,CUST-1328,2026-10-05 12:00:00,53.27,EUR,CREATED,region-09328,web
ORD-P009329,CUST-1329,2026-10-05 12:00:00,53.28,EUR,CREATED,region-09329,web
ORD-P009330,CUST-1330,2026-10-05 12:00:00,53.29,EUR,CREATED,region-09330,web
ORD-P009331,CUST-1331,2026-10-05 12:00:00,53.30,EUR,CREATED,region-09331,web
ORD-P009332,CUST-1332,2026-10-05 12:00:00,53.31,EUR,CREATED,region-09332,web
ORD-P009333,CUST-1333,2026-10-05 12:00:00,53.32,EUR,CREATED,region-09333,web
ORD-P009334,CUST-1334,2026-10-05 12:00:00,53.33,EUR,CREATED,region-09334,web
ORD-P009335,CUST-1335,2026-10-05 12:00:00,53.34,EUR,CREATED,region-09335,web
ORD-P009336,CUST-1336,2026-10-05 12:00:00,53.35,EUR,CREATED,region-09336,web
ORD-P009337,CUST-1337,2026-10-05 12:00:00,53.36,EUR,CREATED,region-09337,web
ORD-P009338,CUST-1338,2026-10-05 12:00:00,53.37,EUR,CREATED,region-09338,web
ORD-P009339,CUST-1339,2026-10-05 12:00:00,53.38,EUR,CREATED,region-09339,web
ORD-P009340,CUST-1340,2026-10-05 12:00:00,53.39,EUR,CREATED,region-09340,web
ORD-P009341,CUST-1341,2026-10-05 12:00:00,53.40,EUR,CREATED,region-09341,web
ORD-P009342,CUST-1342,2026-10-05 12:00:00,53.41,EUR,CREATED,region-09342,web
ORD-P009343,CUST-1343,2026-10-05 12:00:00,53.42,EUR,CREATED,region-09343,web
ORD-P009344,CUST-1344,2026-10-05 12:00:00,53.43,EUR,CREATED,region-09344,web
ORD-P009345,CUST-1345,2026-10-05 12:00:00,53.44,EUR,CREATED,region-09345,web
ORD-P009346,CUST-1346,2026-10-05 12:00:00,53.45,EUR,CREATED,region-09346,web
ORD-P009347,CUST-1347,2026-10-05 12:00:00,53.46,EUR,CREATED,region-09347,web
ORD-P009348,CUST-1348,2026-10-05 12:00:00,53.47,EUR,CREATED,region-09348,web
ORD-P009349,CUST-1349,2026-10-05 12:00:00,53.48,EUR,CREATED,region-09349,web
ORD-P009350,CUST-1350,2026-10-05 12:00:00,53.49,EUR,CREATED,region-09350,web
ORD-P009351,CUST-1351,2026-10-05 12:00:00,53.50,EUR,CREATED,region-09351,web
ORD-P009352,CUST-1352,2026-10-05 12:00:00,53.51,EUR,CREATED,region-09352,web
ORD-P009353,CUST-1353,2026-10-05 12:00:00,53.52,EUR,CREATED,region-09353,web
ORD-P009354,CUST-1354,2026-10-05 12:00:00,53.53,EUR,CREATED,region-09354,web
ORD-P009355,CUST-1355,2026-10-05 12:00:00,53.54,EUR,CREATED,region-09355,web
ORD-P009356,CUST-1356,2026-10-05 12:00:00,53.55,EUR,CREATED,region-09356,web
ORD-P009357,CUST-1357,2026-10-05 12:00:00,53.56,EUR,CREATED,region-09357,web
ORD-P009358,CUST-1358,2026-10-05 12:00:00,53.57,EUR,CREATED,region-09358,web
ORD-P009359,CUST-1359,2026-10-05 12:00:00,53.58,EUR,CREATED,region-09359,web
ORD-P009360,CUST-1360,2026-10-05 12:00:00,53.59,EUR,CREATED,region-09360,web
ORD-P009361,CUST-1361,2026-10-05 12:00:00,53.60,EUR,CREATED,region-09361,web
ORD-P009362,CUST-1362,2026-10-05 12:00:00,53.61,EUR,CREATED,region-09362,web
ORD-P009363,CUST-1363,2026-10-05 12:00:00,53.62,EUR,CREATED,region-09363,web
ORD-P009364,CUST-1364,2026-10-05 12:00:00,53.63,EUR,CREATED,region-09364,web
ORD-P009365,CUST-1365,2026-10-05 12:00:00,53.64,EUR,CREATED,region-09365,web
ORD-P009366,CUST-1366,2026-10-05 12:00:00,53.65,EUR,CREATED,region-09366,web
ORD-P009367,CUST-1367,2026-10-05 12:00:00,53.66,EUR,CREATED,region-09367,web
ORD-P009368,CUST-1368,2026-10-05 12:00:00,53.67,EUR,CREATED,region-09368,web
ORD-P009369,CUST-1369,2026-10-05 12:00:00,53.68,EUR,CREATED,region-09369,web
ORD-P009370,CUST-1370,2026-10-05 12:00:00,53.69,EUR,CREATED,region-09370,web
ORD-P009371,CUST-1371,2026-10-05 12:00:00,53.70,EUR,CREATED,region-09371,web
ORD-P009372,CUST-1372,2026-10-05 12:00:00,53.71,EUR,CREATED,region-09372,web
ORD-P009373,CUST-1373,2026-10-05 12:00:00,53.72,EUR,CREATED,region-09373,web
ORD-P009374,CUST-1374,2026-10-05 12:00:00,53.73,EUR,CREATED,region-09374,web
ORD-P009375,CUST-1375,2026-10-05 12:00:00,53.74,EUR,CREATED,region-09375,web
ORD-P009376,CUST-1376,2026-10-05 12:00:00,53.75,EUR,CREATED,region-09376,web
ORD-P009377,CUST-1377,2026-10-05 12:00:00,53.76,EUR,CREATED,region-09377,web
ORD-P009378,CUST-1378,2026-10-05 12:00:00,53.77,EUR,CREATED,region-09378,web
ORD-P009379,CUST-1379,2026-10-05 12:00:00,53.78,EUR,CREATED,region-09379,web
ORD-P009380,CUST-1380,2026-10-05 12:00:00,53.79,EUR,CREATED,region-09380,web
ORD-P009381,CUST-1381,2026-10-05 12:00:00,53.80,EUR,CREATED,region-09381,web
ORD-P009382,CUST-1382,2026-10-05 12:00:00,53.81,EUR,CREATED,region-09382,web
ORD-P009383,CUST-1383,2026-10-05 12:00:00,53.82,EUR,CREATED,region-09383,web
ORD-P009384,CUST-1384,2026-10-05 12:00:00,53.83,EUR,CREATED,region-09384,web
ORD-P009385,CUST-1385,2026-10-05 12:00:00,53.84,EUR,CREATED,region-09385,web
ORD-P009386,CUST-1386,2026-10-05 12:00:00,53.85,EUR,CREATED,region-09386,web
ORD-P009387,CUST-1387,2026-10-05 12:00:00,53.86,EUR,CREATED,region-09387,web
ORD-P009388,CUST-1388,2026-10-05 12:00:00,53.87,EUR,CREATED,region-09388,web
ORD-P009389,CUST-1389,2026-10-05 12:00:00,53.88,EUR,CREATED,region-09389,web
ORD-P009390,CUST-1390,2026-10-05 12:00:00,53.89,EUR,CREATED,region-09390,web
ORD-P009391,CUST-1391,2026-10-05 12:00:00,53.90,EUR,CREATED,region-09391,web
ORD-P009392,CUST-1392,2026-10-05 12:00:00,53.91,EUR,CREATED,region-09392,web
ORD-P009393,CUST-1393,2026-10-05 12:00:00,53.92,EUR,CREATED,region-09393,web
ORD-P009394,CUST-1394,2026-10-05 12:00:00,53.93,EUR,CREATED,region-09394,web
ORD-P009395,CUST-1395,2026-10-05 12:00:00,53.94,EUR,CREATED,region-09395,web
ORD-P009396,CUST-1396,2026-10-05 12:00:00,53.95,EUR,CREATED,region-09396,web
ORD-P009397,CUST-1397,2026-10-05 12:00:00,53.96,EUR,CREATED,region-09397,web
ORD-P009398,CUST-1398,2026-10-05 12:00:00,53.97,EUR,CREATED,region-09398,web
ORD-P009399,CUST-1399,2026-10-05 12:00:00,53.98,EUR,CREATED,region-09399,web
ORD-P009400,CUST-1400,2026-10-05 12:00:00,53.99,EUR,CREATED,region-09400,web
ORD-P009401,CUST-1401,2026-10-05 12:00:00,54.00,EUR,CREATED,region-09401,web
ORD-P009402,CUST-1402,2026-10-05 12:00:00,54.01,EUR,CREATED,region-09402,web
ORD-P009403,CUST-1403,2026-10-05 12:00:00,54.02,EUR,CREATED,region-09403,web
ORD-P009404,CUST-1404,2026-10-05 12:00:00,54.03,EUR,CREATED,region-09404,web
ORD-P009405,CUST-1405,2026-10-05 12:00:00,54.04,EUR,CREATED,region-09405,web
ORD-P009406,CUST-1406,2026-10-05 12:00:00,54.05,EUR,CREATED,region-09406,web
ORD-P009407,CUST-1407,2026-10-05 12:00:00,54.06,EUR,CREATED,region-09407,web
ORD-P009408,CUST-1408,2026-10-05 12:00:00,54.07,EUR,CREATED,region-09408,web
ORD-P009409,CUST-1409,2026-10-05 12:00:00,54.08,EUR,CREATED,region-09409,web
ORD-P009410,CUST-1410,2026-10-05 12:00:00,54.09,EUR,CREATED,region-09410,web
ORD-P009411,CUST-1411,2026-10-05 12:00:00,54.10,EUR,CREATED,region-09411,web
ORD-P009412,CUST-1412,2026-10-05 12:00:00,54.11,EUR,CREATED,region-09412,web
ORD-P009413,CUST-1413,2026-10-05 12:00:00,54.12,EUR,CREATED,region-09413,web
ORD-P009414,CUST-1414,2026-10-05 12:00:00,54.13,EUR,CREATED,region-09414,web
ORD-P009415,CUST-1415,2026-10-05 12:00:00,54.14,EUR,CREATED,region-09415,web
ORD-P009416,CUST-1416,2026-10-05 12:00:00,54.15,EUR,CREATED,region-09416,web
ORD-P009417,CUST-1417,2026-10-05 12:00:00,54.16,EUR,CREATED,region-09417,web
ORD-P009418,CUST-1418,2026-10-05 12:00:00,54.17,EUR,CREATED,region-09418,web
ORD-P009419,CUST-1419,2026-10-05 12:00:00,54.18,EUR,CREATED,region-09419,web
ORD-P009420,CUST-1420,2026-10-05 12:00:00,54.19,EUR,CREATED,region-09420,web
ORD-P009421,CUST-1421,2026-10-05 12:00:00,54.20,EUR,CREATED,region-09421,web
ORD-P009422,CUST-1422,2026-10-05 12:00:00,54.21,EUR,CREATED,region-09422,web
ORD-P009423,CUST-1423,2026-10-05 12:00:00,54.22,EUR,CREATED,region-09423,web
ORD-P009424,CUST-1424,2026-10-05 12:00:00,54.23,EUR,CREATED,region-09424,web
ORD-P009425,CUST-1425,2026-10-05 12:00:00,54.24,EUR,CREATED,region-09425,web
ORD-P009426,CUST-1426,2026-10-05 12:00:00,54.25,EUR,CREATED,region-09426,web
ORD-P009427,CUST-1427,2026-10-05 12:00:00,54.26,EUR,CREATED,region-09427,web
ORD-P009428,CUST-1428,2026-10-05 12:00:00,54.27,EUR,CREATED,region-09428,web
ORD-P009429,CUST-1429,2026-10-05 12:00:00,54.28,EUR,CREATED,region-09429,web
ORD-P009430,CUST-1430,2026-10-05 12:00:00,54.29,EUR,CREATED,region-09430,web
ORD-P009431,CUST-1431,2026-10-05 12:00:00,54.30,EUR,CREATED,region-09431,web
ORD-P009432,CUST-1432,2026-10-05 12:00:00,54.31,EUR,CREATED,region-09432,web
ORD-P009433,CUST-1433,2026-10-05 12:00:00,54.32,EUR,CREATED,region-09433,web
ORD-P009434,CUST-1434,2026-10-05 12:00:00,54.33,EUR,CREATED,region-09434,web
ORD-P009435,CUST-1435,2026-10-05 12:00:00,54.34,EUR,CREATED,region-09435,web
ORD-P009436,CUST-1436,2026-10-05 12:00:00,54.35,EUR,CREATED,region-09436,web
ORD-P009437,CUST-1437,2026-10-05 12:00:00,54.36,EUR,CREATED,region-09437,web
ORD-P009438,CUST-1438,2026-10-05 12:00:00,54.37,EUR,CREATED,region-09438,web
ORD-P009439,CUST-1439,2026-10-05 12:00:00,54.38,EUR,CREATED,region-09439,web
ORD-P009440,CUST-1440,2026-10-05 12:00:00,54.39,EUR,CREATED,region-09440,web
ORD-P009441,CUST-1441,2026-10-05 12:00:00,54.40,EUR,CREATED,region-09441,web
ORD-P009442,CUST-1442,2026-10-05 12:00:00,54.41,EUR,CREATED,region-09442,web
ORD-P009443,CUST-1443,2026-10-05 12:00:00,54.42,EUR,CREATED,region-09443,web
ORD-P009444,CUST-1444,2026-10-05 12:00:00,54.43,EUR,CREATED,region-09444,web
ORD-P009445,CUST-1445,2026-10-05 12:00:00,54.44,EUR,CREATED,region-09445,web
ORD-P009446,CUST-1446,2026-10-05 12:00:00,54.45,EUR,CREATED,region-09446,web
ORD-P009447,CUST-1447,2026-10-05 12:00:00,54.46,EUR,CREATED,region-09447,web
ORD-P009448,CUST-1448,2026-10-05 12:00:00,54.47,EUR,CREATED,region-09448,web
ORD-P009449,CUST-1449,2026-10-05 12:00:00,54.48,EUR,CREATED,region-09449,web
ORD-P009450,CUST-1450,2026-10-05 12:00:00,54.49,EUR,CREATED,region-09450,web
ORD-P009451,CUST-1451,2026-10-05 12:00:00,54.50,EUR,CREATED,region-09451,web
ORD-P009452,CUST-1452,2026-10-05 12:00:00,54.51,EUR,CREATED,region-09452,web
ORD-P009453,CUST-1453,2026-10-05 12:00:00,54.52,EUR,CREATED,region-09453,web
ORD-P009454,CUST-1454,2026-10-05 12:00:00,54.53,EUR,CREATED,region-09454,web
ORD-P009455,CUST-1455,2026-10-05 12:00:00,54.54,EUR,CREATED,region-09455,web
ORD-P009456,CUST-1456,2026-10-05 12:00:00,54.55,EUR,CREATED,region-09456,web
ORD-P009457,CUST-1457,2026-10-05 12:00:00,54.56,EUR,CREATED,region-09457,web
ORD-P009458,CUST-1458,2026-10-05 12:00:00,54.57,EUR,CREATED,region-09458,web
ORD-P009459,CUST-1459,2026-10-05 12:00:00,54.58,EUR,CREATED,region-09459,web
ORD-P009460,CUST-1460,2026-10-05 12:00:00,54.59,EUR,CREATED,region-09460,web
ORD-P009461,CUST-1461,2026-10-05 12:00:00,54.60,EUR,CREATED,region-09461,web
ORD-P009462,CUST-1462,2026-10-05 12:00:00,54.61,EUR,CREATED,region-09462,web
ORD-P009463,CUST-1463,2026-10-05 12:00:00,54.62,EUR,CREATED,region-09463,web
ORD-P009464,CUST-1464,2026-10-05 12:00:00,54.63,EUR,CREATED,region-09464,web
ORD-P009465,CUST-1465,2026-10-05 12:00:00,54.64,EUR,CREATED,region-09465,web
ORD-P009466,CUST-1466,2026-10-05 12:00:00,54.65,EUR,CREATED,region-09466,web
ORD-P009467,CUST-1467,2026-10-05 12:00:00,54.66,EUR,CREATED,region-09467,web
ORD-P009468,CUST-1468,2026-10-05 12:00:00,54.67,EUR,CREATED,region-09468,web
ORD-P009469,CUST-1469,2026-10-05 12:00:00,54.68,EUR,CREATED,region-09469,web
ORD-P009470,CUST-1470,2026-10-05 12:00:00,54.69,EUR,CREATED,region-09470,web
ORD-P009471,CUST-1471,2026-10-05 12:00:00,54.70,EUR,CREATED,region-09471,web
ORD-P009472,CUST-1472,2026-10-05 12:00:00,54.71,EUR,CREATED,region-09472,web
ORD-P009473,CUST-1473,2026-10-05 12:00:00,54.72,EUR,CREATED,region-09473,web
ORD-P009474,CUST-1474,2026-10-05 12:00:00,54.73,EUR,CREATED,region-09474,web
ORD-P009475,CUST-1475,2026-10-05 12:00:00,54.74,EUR,CREATED,region-09475,web
ORD-P009476,CUST-1476,2026-10-05 12:00:00,54.75,EUR,CREATED,region-09476,web
ORD-P009477,CUST-1477,2026-10-05 12:00:00,54.76,EUR,CREATED,region-09477,web
ORD-P009478,CUST-1478,2026-10-05 12:00:00,54.77,EUR,CREATED,region-09478,web
ORD-P009479,CUST-1479,2026-10-05 12:00:00,54.78,EUR,CREATED,region-09479,web
ORD-P009480,CUST-1480,2026-10-05 12:00:00,54.79,EUR,CREATED,region-09480,web
ORD-P009481,CUST-1481,2026-10-05 12:00:00,54.80,EUR,CREATED,region-09481,web
ORD-P009482,CUST-1482,2026-10-05 12:00:00,54.81,EUR,CREATED,region-09482,web
ORD-P009483,CUST-1483,2026-10-05 12:00:00,54.82,EUR,CREATED,region-09483,web
ORD-P009484,CUST-1484,2026-10-05 12:00:00,54.83,EUR,CREATED,region-09484,web
ORD-P009485,CUST-1485,2026-10-05 12:00:00,54.84,EUR,CREATED,region-09485,web
ORD-P009486,CUST-1486,2026-10-05 12:00:00,54.85,EUR,CREATED,region-09486,web
ORD-P009487,CUST-1487,2026-10-05 12:00:00,54.86,EUR,CREATED,region-09487,web
ORD-P009488,CUST-1488,2026-10-05 12:00:00,54.87,EUR,CREATED,region-09488,web
ORD-P009489,CUST-1489,2026-10-05 12:00:00,54.88,EUR,CREATED,region-09489,web
ORD-P009490,CUST-1490,2026-10-05 12:00:00,54.89,EUR,CREATED,region-09490,web
ORD-P009491,CUST-1491,2026-10-05 12:00:00,54.90,EUR,CREATED,region-09491,web
ORD-P009492,CUST-1492,2026-10-05 12:00:00,54.91,EUR,CREATED,region-09492,web
ORD-P009493,CUST-1493,2026-10-05 12:00:00,54.92,EUR,CREATED,region-09493,web
ORD-P009494,CUST-1494,2026-10-05 12:00:00,54.93,EUR,CREATED,region-09494,web
ORD-P009495,CUST-1495,2026-10-05 12:00:00,54.94,EUR,CREATED,region-09495,web
ORD-P009496,CUST-1496,2026-10-05 12:00:00,54.95,EUR,CREATED,region-09496,web
ORD-P009497,CUST-1497,2026-10-05 12:00:00,54.96,EUR,CREATED,region-09497,web
ORD-P009498,CUST-1498,2026-10-05 12:00:00,54.97,EUR,CREATED,region-09498,web
ORD-P009499,CUST-1499,2026-10-05 12:00:00,54.98,EUR,CREATED,region-09499,web
ORD-P009500,CUST-1500,2026-10-05 12:00:00,54.99,EUR,CREATED,region-09500,web
ORD-P009501,CUST-1501,2026-10-05 12:00:00,55.00,EUR,CREATED,region-09501,web
ORD-P009502,CUST-1502,2026-10-05 12:00:00,55.01,EUR,CREATED,region-09502,web
ORD-P009503,CUST-1503,2026-10-05 12:00:00,55.02,EUR,CREATED,region-09503,web
ORD-P009504,CUST-1504,2026-10-05 12:00:00,55.03,EUR,CREATED,region-09504,web
ORD-P009505,CUST-1505,2026-10-05 12:00:00,55.04,EUR,CREATED,region-09505,web
ORD-P009506,CUST-1506,2026-10-05 12:00:00,55.05,EUR,CREATED,region-09506,web
ORD-P009507,CUST-1507,2026-10-05 12:00:00,55.06,EUR,CREATED,region-09507,web
ORD-P009508,CUST-1508,2026-10-05 12:00:00,55.07,EUR,CREATED,region-09508,web
ORD-P009509,CUST-1509,2026-10-05 12:00:00,55.08,EUR,CREATED,region-09509,web
ORD-P009510,CUST-1510,2026-10-05 12:00:00,55.09,EUR,CREATED,region-09510,web
ORD-P009511,CUST-1511,2026-10-05 12:00:00,55.10,EUR,CREATED,region-09511,web
ORD-P009512,CUST-1512,2026-10-05 12:00:00,55.11,EUR,CREATED,region-09512,web
ORD-P009513,CUST-1513,2026-10-05 12:00:00,55.12,EUR,CREATED,region-09513,web
ORD-P009514,CUST-1514,2026-10-05 12:00:00,55.13,EUR,CREATED,region-09514,web
ORD-P009515,CUST-1515,2026-10-05 12:00:00,55.14,EUR,CREATED,region-09515,web
ORD-P009516,CUST-1516,2026-10-05 12:00:00,55.15,EUR,CREATED,region-09516,web
ORD-P009517,CUST-1517,2026-10-05 12:00:00,55.16,EUR,CREATED,region-09517,web
ORD-P009518,CUST-1518,2026-10-05 12:00:00,55.17,EUR,CREATED,region-09518,web
ORD-P009519,CUST-1519,2026-10-05 12:00:00,55.18,EUR,CREATED,region-09519,web
ORD-P009520,CUST-1520,2026-10-05 12:00:00,55.19,EUR,CREATED,region-09520,web
ORD-P009521,CUST-1521,2026-10-05 12:00:00,55.20,EUR,CREATED,region-09521,web
ORD-P009522,CUST-1522,2026-10-05 12:00:00,55.21,EUR,CREATED,region-09522,web
ORD-P009523,CUST-1523,2026-10-05 12:00:00,55.22,EUR,CREATED,region-09523,web
ORD-P009524,CUST-1524,2026-10-05 12:00:00,55.23,EUR,CREATED,region-09524,web
ORD-P009525,CUST-1525,2026-10-05 12:00:00,55.24,EUR,CREATED,region-09525,web
ORD-P009526,CUST-1526,2026-10-05 12:00:00,55.25,EUR,CREATED,region-09526,web
ORD-P009527,CUST-1527,2026-10-05 12:00:00,55.26,EUR,CREATED,region-09527,web
ORD-P009528,CUST-1528,2026-10-05 12:00:00,55.27,EUR,CREATED,region-09528,web
ORD-P009529,CUST-1529,2026-10-05 12:00:00,55.28,EUR,CREATED,region-09529,web
ORD-P009530,CUST-1530,2026-10-05 12:00:00,55.29,EUR,CREATED,region-09530,web
ORD-P009531,CUST-1531,2026-10-05 12:00:00,55.30,EUR,CREATED,region-09531,web
ORD-P009532,CUST-1532,2026-10-05 12:00:00,55.31,EUR,CREATED,region-09532,web
ORD-P009533,CUST-1533,2026-10-05 12:00:00,55.32,EUR,CREATED,region-09533,web
ORD-P009534,CUST-1534,2026-10-05 12:00:00,55.33,EUR,CREATED,region-09534,web
ORD-P009535,CUST-1535,2026-10-05 12:00:00,55.34,EUR,CREATED,region-09535,web
ORD-P009536,CUST-1536,2026-10-05 12:00:00,55.35,EUR,CREATED,region-09536,web
ORD-P009537,CUST-1537,2026-10-05 12:00:00,55.36,EUR,CREATED,region-09537,web
ORD-P009538,CUST-1538,2026-10-05 12:00:00,55.37,EUR,CREATED,region-09538,web
ORD-P009539,CUST-1539,2026-10-05 12:00:00,55.38,EUR,CREATED,region-09539,web
ORD-P009540,CUST-1540,2026-10-05 12:00:00,55.39,EUR,CREATED,region-09540,web
ORD-P009541,CUST-1541,2026-10-05 12:00:00,55.40,EUR,CREATED,region-09541,web
ORD-P009542,CUST-1542,2026-10-05 12:00:00,55.41,EUR,CREATED,region-09542,web
ORD-P009543,CUST-1543,2026-10-05 12:00:00,55.42,EUR,CREATED,region-09543,web
ORD-P009544,CUST-1544,2026-10-05 12:00:00,55.43,EUR,CREATED,region-09544,web
ORD-P009545,CUST-1545,2026-10-05 12:00:00,55.44,EUR,CREATED,region-09545,web
ORD-P009546,CUST-1546,2026-10-05 12:00:00,55.45,EUR,CREATED,region-09546,web
ORD-P009547,CUST-1547,2026-10-05 12:00:00,55.46,EUR,CREATED,region-09547,web
ORD-P009548,CUST-1548,2026-10-05 12:00:00,55.47,EUR,CREATED,region-09548,web
ORD-P009549,CUST-1549,2026-10-05 12:00:00,55.48,EUR,CREATED,region-09549,web
ORD-P009550,CUST-1550,2026-10-05 12:00:00,55.49,EUR,CREATED,region-09550,web
ORD-P009551,CUST-1551,2026-10-05 12:00:00,55.50,EUR,CREATED,region-09551,web
ORD-P009552,CUST-1552,2026-10-05 12:00:00,55.51,EUR,CREATED,region-09552,web
ORD-P009553,CUST-1553,2026-10-05 12:00:00,55.52,EUR,CREATED,region-09553,web
ORD-P009554,CUST-1554,2026-10-05 12:00:00,55.53,EUR,CREATED,region-09554,web
ORD-P009555,CUST-1555,2026-10-05 12:00:00,55.54,EUR,CREATED,region-09555,web
ORD-P009556,CUST-1556,2026-10-05 12:00:00,55.55,EUR,CREATED,region-09556,web
ORD-P009557,CUST-1557,2026-10-05 12:00:00,55.56,EUR,CREATED,region-09557,web
ORD-P009558,CUST-1558,2026-10-05 12:00:00,55.57,EUR,CREATED,region-09558,web
ORD-P009559,CUST-1559,2026-10-05 12:00:00,55.58,EUR,CREATED,region-09559,web
ORD-P009560,CUST-1560,2026-10-05 12:00:00,55.59,EUR,CREATED,region-09560,web
ORD-P009561,CUST-1561,2026-10-05 12:00:00,55.60,EUR,CREATED,region-09561,web
ORD-P009562,CUST-1562,2026-10-05 12:00:00,55.61,EUR,CREATED,region-09562,web
ORD-P009563,CUST-1563,2026-10-05 12:00:00,55.62,EUR,CREATED,region-09563,web
ORD-P009564,CUST-1564,2026-10-05 12:00:00,55.63,EUR,CREATED,region-09564,web
ORD-P009565,CUST-1565,2026-10-05 12:00:00,55.64,EUR,CREATED,region-09565,web
ORD-P009566,CUST-1566,2026-10-05 12:00:00,55.65,EUR,CREATED,region-09566,web
ORD-P009567,CUST-1567,2026-10-05 12:00:00,55.66,EUR,CREATED,region-09567,web
ORD-P009568,CUST-1568,2026-10-05 12:00:00,55.67,EUR,CREATED,region-09568,web
ORD-P009569,CUST-1569,2026-10-05 12:00:00,55.68,EUR,CREATED,region-09569,web
ORD-P009570,CUST-1570,2026-10-05 12:00:00,55.69,EUR,CREATED,region-09570,web
ORD-P009571,CUST-1571,2026-10-05 12:00:00,55.70,EUR,CREATED,region-09571,web
ORD-P009572,CUST-1572,2026-10-05 12:00:00,55.71,EUR,CREATED,region-09572,web
ORD-P009573,CUST-1573,2026-10-05 12:00:00,55.72,EUR,CREATED,region-09573,web
ORD-P009574,CUST-1574,2026-10-05 12:00:00,55.73,EUR,CREATED,region-09574,web
ORD-P009575,CUST-1575,2026-10-05 12:00:00,55.74,EUR,CREATED,region-09575,web
ORD-P009576,CUST-1576,2026-10-05 12:00:00,55.75,EUR,CREATED,region-09576,web
ORD-P009577,CUST-1577,2026-10-05 12:00:00,55.76,EUR,CREATED,region-09577,web
ORD-P009578,CUST-1578,2026-10-05 12:00:00,55.77,EUR,CREATED,region-09578,web
ORD-P009579,CUST-1579,2026-10-05 12:00:00,55.78,EUR,CREATED,region-09579,web
ORD-P009580,CUST-1580,2026-10-05 12:00:00,55.79,EUR,CREATED,region-09580,web
ORD-P009581,CUST-1581,2026-10-05 12:00:00,55.80,EUR,CREATED,region-09581,web
ORD-P009582,CUST-1582,2026-10-05 12:00:00,55.81,EUR,CREATED,region-09582,web
ORD-P009583,CUST-1583,2026-10-05 12:00:00,55.82,EUR,CREATED,region-09583,web
ORD-P009584,CUST-1584,2026-10-05 12:00:00,55.83,EUR,CREATED,region-09584,web
ORD-P009585,CUST-1585,2026-10-05 12:00:00,55.84,EUR,CREATED,region-09585,web
ORD-P009586,CUST-1586,2026-10-05 12:00:00,55.85,EUR,CREATED,region-09586,web
ORD-P009587,CUST-1587,2026-10-05 12:00:00,55.86,EUR,CREATED,region-09587,web
ORD-P009588,CUST-1588,2026-10-05 12:00:00,55.87,EUR,CREATED,region-09588,web
ORD-P009589,CUST-1589,2026-10-05 12:00:00,55.88,EUR,CREATED,region-09589,web
ORD-P009590,CUST-1590,2026-10-05 12:00:00,55.89,EUR,CREATED,region-09590,web
ORD-P009591,CUST-1591,2026-10-05 12:00:00,55.90,EUR,CREATED,region-09591,web
ORD-P009592,CUST-1592,2026-10-05 12:00:00,55.91,EUR,CREATED,region-09592,web
ORD-P009593,CUST-1593,2026-10-05 12:00:00,55.92,EUR,CREATED,region-09593,web
ORD-P009594,CUST-1594,2026-10-05 12:00:00,55.93,EUR,CREATED,region-09594,web
ORD-P009595,CUST-1595,2026-10-05 12:00:00,55.94,EUR,CREATED,region-09595,web
ORD-P009596,CUST-1596,2026-10-05 12:00:00,55.95,EUR,CREATED,region-09596,web
ORD-P009597,CUST-1597,2026-10-05 12:00:00,55.96,EUR,CREATED,region-09597,web
ORD-P009598,CUST-1598,2026-10-05 12:00:00,55.97,EUR,CREATED,region-09598,web
ORD-P009599,CUST-1599,2026-10-05 12:00:00,55.98,EUR,CREATED,region-09599,web
ORD-P009600,CUST-1600,2026-10-05 12:00:00,55.99,EUR,CREATED,region-09600,web
ORD-P009601,CUST-1601,2026-10-05 12:00:00,56.00,EUR,CREATED,region-09601,web
ORD-P009602,CUST-1602,2026-10-05 12:00:00,56.01,EUR,CREATED,region-09602,web
ORD-P009603,CUST-1603,2026-10-05 12:00:00,56.02,EUR,CREATED,region-09603,web
ORD-P009604,CUST-1604,2026-10-05 12:00:00,56.03,EUR,CREATED,region-09604,web
ORD-P009605,CUST-1605,2026-10-05 12:00:00,56.04,EUR,CREATED,region-09605,web
ORD-P009606,CUST-1606,2026-10-05 12:00:00,56.05,EUR,CREATED,region-09606,web
ORD-P009607,CUST-1607,2026-10-05 12:00:00,56.06,EUR,CREATED,region-09607,web
ORD-P009608,CUST-1608,2026-10-05 12:00:00,56.07,EUR,CREATED,region-09608,web
ORD-P009609,CUST-1609,2026-10-05 12:00:00,56.08,EUR,CREATED,region-09609,web
ORD-P009610,CUST-1610,2026-10-05 12:00:00,56.09,EUR,CREATED,region-09610,web
ORD-P009611,CUST-1611,2026-10-05 12:00:00,56.10,EUR,CREATED,region-09611,web
ORD-P009612,CUST-1612,2026-10-05 12:00:00,56.11,EUR,CREATED,region-09612,web
ORD-P009613,CUST-1613,2026-10-05 12:00:00,56.12,EUR,CREATED,region-09613,web
ORD-P009614,CUST-1614,2026-10-05 12:00:00,56.13,EUR,CREATED,region-09614,web
ORD-P009615,CUST-1615,2026-10-05 12:00:00,56.14,EUR,CREATED,region-09615,web
ORD-P009616,CUST-1616,2026-10-05 12:00:00,56.15,EUR,CREATED,region-09616,web
ORD-P009617,CUST-1617,2026-10-05 12:00:00,56.16,EUR,CREATED,region-09617,web
ORD-P009618,CUST-1618,2026-10-05 12:00:00,56.17,EUR,CREATED,region-09618,web
ORD-P009619,CUST-1619,2026-10-05 12:00:00,56.18,EUR,CREATED,region-09619,web
ORD-P009620,CUST-1620,2026-10-05 12:00:00,56.19,EUR,CREATED,region-09620,web
ORD-P009621,CUST-1621,2026-10-05 12:00:00,56.20,EUR,CREATED,region-09621,web
ORD-P009622,CUST-1622,2026-10-05 12:00:00,56.21,EUR,CREATED,region-09622,web
ORD-P009623,CUST-1623,2026-10-05 12:00:00,56.22,EUR,CREATED,region-09623,web
ORD-P009624,CUST-1624,2026-10-05 12:00:00,56.23,EUR,CREATED,region-09624,web
ORD-P009625,CUST-1625,2026-10-05 12:00:00,56.24,EUR,CREATED,region-09625,web
ORD-P009626,CUST-1626,2026-10-05 12:00:00,56.25,EUR,CREATED,region-09626,web
ORD-P009627,CUST-1627,2026-10-05 12:00:00,56.26,EUR,CREATED,region-09627,web
ORD-P009628,CUST-1628,2026-10-05 12:00:00,56.27,EUR,CREATED,region-09628,web
ORD-P009629,CUST-1629,2026-10-05 12:00:00,56.28,EUR,CREATED,region-09629,web
ORD-P009630,CUST-1630,2026-10-05 12:00:00,56.29,EUR,CREATED,region-09630,web
ORD-P009631,CUST-1631,2026-10-05 12:00:00,56.30,EUR,CREATED,region-09631,web
ORD-P009632,CUST-1632,2026-10-05 12:00:00,56.31,EUR,CREATED,region-09632,web
ORD-P009633,CUST-1633,2026-10-05 12:00:00,56.32,EUR,CREATED,region-09633,web
ORD-P009634,CUST-1634,2026-10-05 12:00:00,56.33,EUR,CREATED,region-09634,web
ORD-P009635,CUST-1635,2026-10-05 12:00:00,56.34,EUR,CREATED,region-09635,web
ORD-P009636,CUST-1636,2026-10-05 12:00:00,56.35,EUR,CREATED,region-09636,web
ORD-P009637,CUST-1637,2026-10-05 12:00:00,56.36,EUR,CREATED,region-09637,web
ORD-P009638,CUST-1638,2026-10-05 12:00:00,56.37,EUR,CREATED,region-09638,web
ORD-P009639,CUST-1639,2026-10-05 12:00:00,56.38,EUR,CREATED,region-09639,web
ORD-P009640,CUST-1640,2026-10-05 12:00:00,56.39,EUR,CREATED,region-09640,web
ORD-P009641,CUST-1641,2026-10-05 12:00:00,56.40,EUR,CREATED,region-09641,web
ORD-P009642,CUST-1642,2026-10-05 12:00:00,56.41,EUR,CREATED,region-09642,web
ORD-P009643,CUST-1643,2026-10-05 12:00:00,56.42,EUR,CREATED,region-09643,web
ORD-P009644,CUST-1644,2026-10-05 12:00:00,56.43,EUR,CREATED,region-09644,web
ORD-P009645,CUST-1645,2026-10-05 12:00:00,56.44,EUR,CREATED,region-09645,web
ORD-P009646,CUST-1646,2026-10-05 12:00:00,56.45,EUR,CREATED,region-09646,web
ORD-P009647,CUST-1647,2026-10-05 12:00:00,56.46,EUR,CREATED,region-09647,web
ORD-P009648,CUST-1648,2026-10-05 12:00:00,56.47,EUR,CREATED,region-09648,web
ORD-P009649,CUST-1649,2026-10-05 12:00:00,56.48,EUR,CREATED,region-09649,web
ORD-P009650,CUST-1650,2026-10-05 12:00:00,56.49,EUR,CREATED,region-09650,web
ORD-P009651,CUST-1651,2026-10-05 12:00:00,56.50,EUR,CREATED,region-09651,web
ORD-P009652,CUST-1652,2026-10-05 12:00:00,56.51,EUR,CREATED,region-09652,web
ORD-P009653,CUST-1653,2026-10-05 12:00:00,56.52,EUR,CREATED,region-09653,web
ORD-P009654,CUST-1654,2026-10-05 12:00:00,56.53,EUR,CREATED,region-09654,web
ORD-P009655,CUST-1655,2026-10-05 12:00:00,56.54,EUR,CREATED,region-09655,web
ORD-P009656,CUST-1656,2026-10-05 12:00:00,56.55,EUR,CREATED,region-09656,web
ORD-P009657,CUST-1657,2026-10-05 12:00:00,56.56,EUR,CREATED,region-09657,web
ORD-P009658,CUST-1658,2026-10-05 12:00:00,56.57,EUR,CREATED,region-09658,web
ORD-P009659,CUST-1659,2026-10-05 12:00:00,56.58,EUR,CREATED,region-09659,web
ORD-P009660,CUST-1660,2026-10-05 12:00:00,56.59,EUR,CREATED,region-09660,web
ORD-P009661,CUST-1661,2026-10-05 12:00:00,56.60,EUR,CREATED,region-09661,web
ORD-P009662,CUST-1662,2026-10-05 12:00:00,56.61,EUR,CREATED,region-09662,web
ORD-P009663,CUST-1663,2026-10-05 12:00:00,56.62,EUR,CREATED,region-09663,web
ORD-P009664,CUST-1664,2026-10-05 12:00:00,56.63,EUR,CREATED,region-09664,web
ORD-P009665,CUST-1665,2026-10-05 12:00:00,56.64,EUR,CREATED,region-09665,web
ORD-P009666,CUST-1666,2026-10-05 12:00:00,56.65,EUR,CREATED,region-09666,web
ORD-P009667,CUST-1667,2026-10-05 12:00:00,56.66,EUR,CREATED,region-09667,web
ORD-P009668,CUST-1668,2026-10-05 12:00:00,56.67,EUR,CREATED,region-09668,web
ORD-P009669,CUST-1669,2026-10-05 12:00:00,56.68,EUR,CREATED,region-09669,web
ORD-P009670,CUST-1670,2026-10-05 12:00:00,56.69,EUR,CREATED,region-09670,web
ORD-P009671,CUST-1671,2026-10-05 12:00:00,56.70,EUR,CREATED,region-09671,web
ORD-P009672,CUST-1672,2026-10-05 12:00:00,56.71,EUR,CREATED,region-09672,web
ORD-P009673,CUST-1673,2026-10-05 12:00:00,56.72,EUR,CREATED,region-09673,web
ORD-P009674,CUST-1674,2026-10-05 12:00:00,56.73,EUR,CREATED,region-09674,web
ORD-P009675,CUST-1675,2026-10-05 12:00:00,56.74,EUR,CREATED,region-09675,web
ORD-P009676,CUST-1676,2026-10-05 12:00:00,56.75,EUR,CREATED,region-09676,web
ORD-P009677,CUST-1677,2026-10-05 12:00:00,56.76,EUR,CREATED,region-09677,web
ORD-P009678,CUST-1678,2026-10-05 12:00:00,56.77,EUR,CREATED,region-09678,web
ORD-P009679,CUST-1679,2026-10-05 12:00:00,56.78,EUR,CREATED,region-09679,web
ORD-P009680,CUST-1680,2026-10-05 12:00:00,56.79,EUR,CREATED,region-09680,web
ORD-P009681,CUST-1681,2026-10-05 12:00:00,56.80,EUR,CREATED,region-09681,web
ORD-P009682,CUST-1682,2026-10-05 12:00:00,56.81,EUR,CREATED,region-09682,web
ORD-P009683,CUST-1683,2026-10-05 12:00:00,56.82,EUR,CREATED,region-09683,web
ORD-P009684,CUST-1684,2026-10-05 12:00:00,56.83,EUR,CREATED,region-09684,web
ORD-P009685,CUST-1685,2026-10-05 12:00:00,56.84,EUR,CREATED,region-09685,web
ORD-P009686,CUST-1686,2026-10-05 12:00:00,56.85,EUR,CREATED,region-09686,web
ORD-P009687,CUST-1687,2026-10-05 12:00:00,56.86,EUR,CREATED,region-09687,web
ORD-P009688,CUST-1688,2026-10-05 12:00:00,56.87,EUR,CREATED,region-09688,web
ORD-P009689,CUST-1689,2026-10-05 12:00:00,56.88,EUR,CREATED,region-09689,web
ORD-P009690,CUST-1690,2026-10-05 12:00:00,56.89,EUR,CREATED,region-09690,web
ORD-P009691,CUST-1691,2026-10-05 12:00:00,56.90,EUR,CREATED,region-09691,web
ORD-P009692,CUST-1692,2026-10-05 12:00:00,56.91,EUR,CREATED,region-09692,web
ORD-P009693,CUST-1693,2026-10-05 12:00:00,56.92,EUR,CREATED,region-09693,web
ORD-P009694,CUST-1694,2026-10-05 12:00:00,56.93,EUR,CREATED,region-09694,web
ORD-P009695,CUST-1695,2026-10-05 12:00:00,56.94,EUR,CREATED,region-09695,web
ORD-P009696,CUST-1696,2026-10-05 12:00:00,56.95,EUR,CREATED,region-09696,web
ORD-P009697,CUST-1697,2026-10-05 12:00:00,56.96,EUR,CREATED,region-09697,web
ORD-P009698,CUST-1698,2026-10-05 12:00:00,56.97,EUR,CREATED,region-09698,web
ORD-P009699,CUST-1699,2026-10-05 12:00:00,56.98,EUR,CREATED,region-09699,web
ORD-P009700,CUST-1700,2026-10-05 12:00:00,56.99,EUR,CREATED,region-09700,web
ORD-P009701,CUST-1701,2026-10-05 12:00:00,57.00,EUR,CREATED,region-09701,web
ORD-P009702,CUST-1702,2026-10-05 12:00:00,57.01,EUR,CREATED,region-09702,web
ORD-P009703,CUST-1703,2026-10-05 12:00:00,57.02,EUR,CREATED,region-09703,web
ORD-P009704,CUST-1704,2026-10-05 12:00:00,57.03,EUR,CREATED,region-09704,web
ORD-P009705,CUST-1705,2026-10-05 12:00:00,57.04,EUR,CREATED,region-09705,web
ORD-P009706,CUST-1706,2026-10-05 12:00:00,57.05,EUR,CREATED,region-09706,web
ORD-P009707,CUST-1707,2026-10-05 12:00:00,57.06,EUR,CREATED,region-09707,web
ORD-P009708,CUST-1708,2026-10-05 12:00:00,57.07,EUR,CREATED,region-09708,web
ORD-P009709,CUST-1709,2026-10-05 12:00:00,57.08,EUR,CREATED,region-09709,web
ORD-P009710,CUST-1710,2026-10-05 12:00:00,57.09,EUR,CREATED,region-09710,web
ORD-P009711,CUST-1711,2026-10-05 12:00:00,57.10,EUR,CREATED,region-09711,web
ORD-P009712,CUST-1712,2026-10-05 12:00:00,57.11,EUR,CREATED,region-09712,web
ORD-P009713,CUST-1713,2026-10-05 12:00:00,57.12,EUR,CREATED,region-09713,web
ORD-P009714,CUST-1714,2026-10-05 12:00:00,57.13,EUR,CREATED,region-09714,web
ORD-P009715,CUST-1715,2026-10-05 12:00:00,57.14,EUR,CREATED,region-09715,web
ORD-P009716,CUST-1716,2026-10-05 12:00:00,57.15,EUR,CREATED,region-09716,web
ORD-P009717,CUST-1717,2026-10-05 12:00:00,57.16,EUR,CREATED,region-09717,web
ORD-P009718,CUST-1718,2026-10-05 12:00:00,57.17,EUR,CREATED,region-09718,web
ORD-P009719,CUST-1719,2026-10-05 12:00:00,57.18,EUR,CREATED,region-09719,web
ORD-P009720,CUST-1720,2026-10-05 12:00:00,57.19,EUR,CREATED,region-09720,web
ORD-P009721,CUST-1721,2026-10-05 12:00:00,57.20,EUR,CREATED,region-09721,web
ORD-P009722,CUST-1722,2026-10-05 12:00:00,57.21,EUR,CREATED,region-09722,web
ORD-P009723,CUST-1723,2026-10-05 12:00:00,57.22,EUR,CREATED,region-09723,web
ORD-P009724,CUST-1724,2026-10-05 12:00:00,57.23,EUR,CREATED,region-09724,web
ORD-P009725,CUST-1725,2026-10-05 12:00:00,57.24,EUR,CREATED,region-09725,web
ORD-P009726,CUST-1726,2026-10-05 12:00:00,57.25,EUR,CREATED,region-09726,web
ORD-P009727,CUST-1727,2026-10-05 12:00:00,57.26,EUR,CREATED,region-09727,web
ORD-P009728,CUST-1728,2026-10-05 12:00:00,57.27,EUR,CREATED,region-09728,web
ORD-P009729,CUST-1729,2026-10-05 12:00:00,57.28,EUR,CREATED,region-09729,web
ORD-P009730,CUST-1730,2026-10-05 12:00:00,57.29,EUR,CREATED,region-09730,web
ORD-P009731,CUST-1731,2026-10-05 12:00:00,57.30,EUR,CREATED,region-09731,web
ORD-P009732,CUST-1732,2026-10-05 12:00:00,57.31,EUR,CREATED,region-09732,web
ORD-P009733,CUST-1733,2026-10-05 12:00:00,57.32,EUR,CREATED,region-09733,web
ORD-P009734,CUST-1734,2026-10-05 12:00:00,57.33,EUR,CREATED,region-09734,web
ORD-P009735,CUST-1735,2026-10-05 12:00:00,57.34,EUR,CREATED,region-09735,web
ORD-P009736,CUST-1736,2026-10-05 12:00:00,57.35,EUR,CREATED,region-09736,web
ORD-P009737,CUST-1737,2026-10-05 12:00:00,57.36,EUR,CREATED,region-09737,web
ORD-P009738,CUST-1738,2026-10-05 12:00:00,57.37,EUR,CREATED,region-09738,web
ORD-P009739,CUST-1739,2026-10-05 12:00:00,57.38,EUR,CREATED,region-09739,web
ORD-P009740,CUST-1740,2026-10-05 12:00:00,57.39,EUR,CREATED,region-09740,web
ORD-P009741,CUST-1741,2026-10-05 12:00:00,57.40,EUR,CREATED,region-09741,web
ORD-P009742,CUST-1742,2026-10-05 12:00:00,57.41,EUR,CREATED,region-09742,web
ORD-P009743,CUST-1743,2026-10-05 12:00:00,57.42,EUR,CREATED,region-09743,web
ORD-P009744,CUST-1744,2026-10-05 12:00:00,57.43,EUR,CREATED,region-09744,web
ORD-P009745,CUST-1745,2026-10-05 12:00:00,57.44,EUR,CREATED,region-09745,web
ORD-P009746,CUST-1746,2026-10-05 12:00:00,57.45,EUR,CREATED,region-09746,web
ORD-P009747,CUST-1747,2026-10-05 12:00:00,57.46,EUR,CREATED,region-09747,web
ORD-P009748,CUST-1748,2026-10-05 12:00:00,57.47,EUR,CREATED,region-09748,web
ORD-P009749,CUST-1749,2026-10-05 12:00:00,57.48,EUR,CREATED,region-09749,web
ORD-P009750,CUST-1750,2026-10-05 12:00:00,57.49,EUR,CREATED,region-09750,web
ORD-P009751,CUST-1751,2026-10-05 12:00:00,57.50,EUR,CREATED,region-09751,web
ORD-P009752,CUST-1752,2026-10-05 12:00:00,57.51,EUR,CREATED,region-09752,web
ORD-P009753,CUST-1753,2026-10-05 12:00:00,57.52,EUR,CREATED,region-09753,web
ORD-P009754,CUST-1754,2026-10-05 12:00:00,57.53,EUR,CREATED,region-09754,web
ORD-P009755,CUST-1755,2026-10-05 12:00:00,57.54,EUR,CREATED,region-09755,web
ORD-P009756,CUST-1756,2026-10-05 12:00:00,57.55,EUR,CREATED,region-09756,web
ORD-P009757,CUST-1757,2026-10-05 12:00:00,57.56,EUR,CREATED,region-09757,web
ORD-P009758,CUST-1758,2026-10-05 12:00:00,57.57,EUR,CREATED,region-09758,web
ORD-P009759,CUST-1759,2026-10-05 12:00:00,57.58,EUR,CREATED,region-09759,web
ORD-P009760,CUST-1760,2026-10-05 12:00:00,57.59,EUR,CREATED,region-09760,web
ORD-P009761,CUST-1761,2026-10-05 12:00:00,57.60,EUR,CREATED,region-09761,web
ORD-P009762,CUST-1762,2026-10-05 12:00:00,57.61,EUR,CREATED,region-09762,web
ORD-P009763,CUST-1763,2026-10-05 12:00:00,57.62,EUR,CREATED,region-09763,web
ORD-P009764,CUST-1764,2026-10-05 12:00:00,57.63,EUR,CREATED,region-09764,web
ORD-P009765,CUST-1765,2026-10-05 12:00:00,57.64,EUR,CREATED,region-09765,web
ORD-P009766,CUST-1766,2026-10-05 12:00:00,57.65,EUR,CREATED,region-09766,web
ORD-P009767,CUST-1767,2026-10-05 12:00:00,57.66,EUR,CREATED,region-09767,web
ORD-P009768,CUST-1768,2026-10-05 12:00:00,57.67,EUR,CREATED,region-09768,web
ORD-P009769,CUST-1769,2026-10-05 12:00:00,57.68,EUR,CREATED,region-09769,web
ORD-P009770,CUST-1770,2026-10-05 12:00:00,57.69,EUR,CREATED,region-09770,web
ORD-P009771,CUST-1771,2026-10-05 12:00:00,57.70,EUR,CREATED,region-09771,web
ORD-P009772,CUST-1772,2026-10-05 12:00:00,57.71,EUR,CREATED,region-09772,web
ORD-P009773,CUST-1773,2026-10-05 12:00:00,57.72,EUR,CREATED,region-09773,web
ORD-P009774,CUST-1774,2026-10-05 12:00:00,57.73,EUR,CREATED,region-09774,web
ORD-P009775,CUST-1775,2026-10-05 12:00:00,57.74,EUR,CREATED,region-09775,web
ORD-P009776,CUST-1776,2026-10-05 12:00:00,57.75,EUR,CREATED,region-09776,web
ORD-P009777,CUST-1777,2026-10-05 12:00:00,57.76,EUR,CREATED,region-09777,web
ORD-P009778,CUST-1778,2026-10-05 12:00:00,57.77,EUR,CREATED,region-09778,web
ORD-P009779,CUST-1779,2026-10-05 12:00:00,57.78,EUR,CREATED,region-09779,web
ORD-P009780,CUST-1780,2026-10-05 12:00:00,57.79,EUR,CREATED,region-09780,web
ORD-P009781,CUST-1781,2026-10-05 12:00:00,57.80,EUR,CREATED,region-09781,web
ORD-P009782,CUST-1782,2026-10-05 12:00:00,57.81,EUR,CREATED,region-09782,web
ORD-P009783,CUST-1783,2026-10-05 12:00:00,57.82,EUR,CREATED,region-09783,web
ORD-P009784,CUST-1784,2026-10-05 12:00:00,57.83,EUR,CREATED,region-09784,web
ORD-P009785,CUST-1785,2026-10-05 12:00:00,57.84,EUR,CREATED,region-09785,web
ORD-P009786,CUST-1786,2026-10-05 12:00:00,57.85,EUR,CREATED,region-09786,web
ORD-P009787,CUST-1787,2026-10-05 12:00:00,57.86,EUR,CREATED,region-09787,web
ORD-P009788,CUST-1788,2026-10-05 12:00:00,57.87,EUR,CREATED,region-09788,web
ORD-P009789,CUST-1789,2026-10-05 12:00:00,57.88,EUR,CREATED,region-09789,web
ORD-P009790,CUST-1790,2026-10-05 12:00:00,57.89,EUR,CREATED,region-09790,web
ORD-P009791,CUST-1791,2026-10-05 12:00:00,57.90,EUR,CREATED,region-09791,web
ORD-P009792,CUST-1792,2026-10-05 12:00:00,57.91,EUR,CREATED,region-09792,web
ORD-P009793,CUST-1793,2026-10-05 12:00:00,57.92,EUR,CREATED,region-09793,web
ORD-P009794,CUST-1794,2026-10-05 12:00:00,57.93,EUR,CREATED,region-09794,web
ORD-P009795,CUST-1795,2026-10-05 12:00:00,57.94,EUR,CREATED,region-09795,web
ORD-P009796,CUST-1796,2026-10-05 12:00:00,57.95,EUR,CREATED,region-09796,web
ORD-P009797,CUST-1797,2026-10-05 12:00:00,57.96,EUR,CREATED,region-09797,web
ORD-P009798,CUST-1798,2026-10-05 12:00:00,57.97,EUR,CREATED,region-09798,web
ORD-P009799,CUST-1799,2026-10-05 12:00:00,57.98,EUR,CREATED,region-09799,web
ORD-P009800,CUST-1800,2026-10-05 12:00:00,57.99,EUR,CREATED,region-09800,web
ORD-P009801,CUST-1801,2026-10-05 12:00:00,58.00,EUR,CREATED,region-09801,web
ORD-P009802,CUST-1802,2026-10-05 12:00:00,58.01,EUR,CREATED,region-09802,web
ORD-P009803,CUST-1803,2026-10-05 12:00:00,58.02,EUR,CREATED,region-09803,web
ORD-P009804,CUST-1804,2026-10-05 12:00:00,58.03,EUR,CREATED,region-09804,web
ORD-P009805,CUST-1805,2026-10-05 12:00:00,58.04,EUR,CREATED,region-09805,web
ORD-P009806,CUST-1806,2026-10-05 12:00:00,58.05,EUR,CREATED,region-09806,web
ORD-P009807,CUST-1807,2026-10-05 12:00:00,58.06,EUR,CREATED,region-09807,web
ORD-P009808,CUST-1808,2026-10-05 12:00:00,58.07,EUR,CREATED,region-09808,web
ORD-P009809,CUST-1809,2026-10-05 12:00:00,58.08,EUR,CREATED,region-09809,web
ORD-P009810,CUST-1810,2026-10-05 12:00:00,58.09,EUR,CREATED,region-09810,web
ORD-P009811,CUST-1811,2026-10-05 12:00:00,58.10,EUR,CREATED,region-09811,web
ORD-P009812,CUST-1812,2026-10-05 12:00:00,58.11,EUR,CREATED,region-09812,web
ORD-P009813,CUST-1813,2026-10-05 12:00:00,58.12,EUR,CREATED,region-09813,web
ORD-P009814,CUST-1814,2026-10-05 12:00:00,58.13,EUR,CREATED,region-09814,web
ORD-P009815,CUST-1815,2026-10-05 12:00:00,58.14,EUR,CREATED,region-09815,web
ORD-P009816,CUST-1816,2026-10-05 12:00:00,58.15,EUR,CREATED,region-09816,web
ORD-P009817,CUST-1817,2026-10-05 12:00:00,58.16,EUR,CREATED,region-09817,web
ORD-P009818,CUST-1818,2026-10-05 12:00:00,58.17,EUR,CREATED,region-09818,web
ORD-P009819,CUST-1819,2026-10-05 12:00:00,58.18,EUR,CREATED,region-09819,web
ORD-P009820,CUST-1820,2026-10-05 12:00:00,58.19,EUR,CREATED,region-09820,web
ORD-P009821,CUST-1821,2026-10-05 12:00:00,58.20,EUR,CREATED,region-09821,web
ORD-P009822,CUST-1822,2026-10-05 12:00:00,58.21,EUR,CREATED,region-09822,web
ORD-P009823,CUST-1823,2026-10-05 12:00:00,58.22,EUR,CREATED,region-09823,web
ORD-P009824,CUST-1824,2026-10-05 12:00:00,58.23,EUR,CREATED,region-09824,web
ORD-P009825,CUST-1825,2026-10-05 12:00:00,58.24,EUR,CREATED,region-09825,web
ORD-P009826,CUST-1826,2026-10-05 12:00:00,58.25,EUR,CREATED,region-09826,web
ORD-P009827,CUST-1827,2026-10-05 12:00:00,58.26,EUR,CREATED,region-09827,web
ORD-P009828,CUST-1828,2026-10-05 12:00:00,58.27,EUR,CREATED,region-09828,web
ORD-P009829,CUST-1829,2026-10-05 12:00:00,58.28,EUR,CREATED,region-09829,web
ORD-P009830,CUST-1830,2026-10-05 12:00:00,58.29,EUR,CREATED,region-09830,web
ORD-P009831,CUST-1831,2026-10-05 12:00:00,58.30,EUR,CREATED,region-09831,web
ORD-P009832,CUST-1832,2026-10-05 12:00:00,58.31,EUR,CREATED,region-09832,web
ORD-P009833,CUST-1833,2026-10-05 12:00:00,58.32,EUR,CREATED,region-09833,web
ORD-P009834,CUST-1834,2026-10-05 12:00:00,58.33,EUR,CREATED,region-09834,web
ORD-P009835,CUST-1835,2026-10-05 12:00:00,58.34,EUR,CREATED,region-09835,web
ORD-P009836,CUST-1836,2026-10-05 12:00:00,58.35,EUR,CREATED,region-09836,web
ORD-P009837,CUST-1837,2026-10-05 12:00:00,58.36,EUR,CREATED,region-09837,web
ORD-P009838,CUST-1838,2026-10-05 12:00:00,58.37,EUR,CREATED,region-09838,web
ORD-P009839,CUST-1839,2026-10-05 12:00:00,58.38,EUR,CREATED,region-09839,web
ORD-P009840,CUST-1840,2026-10-05 12:00:00,58.39,EUR,CREATED,region-09840,web
ORD-P009841,CUST-1841,2026-10-05 12:00:00,58.40,EUR,CREATED,region-09841,web
ORD-P009842,CUST-1842,2026-10-05 12:00:00,58.41,EUR,CREATED,region-09842,web
ORD-P009843,CUST-1843,2026-10-05 12:00:00,58.42,EUR,CREATED,region-09843,web
ORD-P009844,CUST-1844,2026-10-05 12:00:00,58.43,EUR,CREATED,region-09844,web
ORD-P009845,CUST-1845,2026-10-05 12:00:00,58.44,EUR,CREATED,region-09845,web
ORD-P009846,CUST-1846,2026-10-05 12:00:00,58.45,EUR,CREATED,region-09846,web
ORD-P009847,CUST-1847,2026-10-05 12:00:00,58.46,EUR,CREATED,region-09847,web
ORD-P009848,CUST-1848,2026-10-05 12:00:00,58.47,EUR,CREATED,region-09848,web
ORD-P009849,CUST-1849,2026-10-05 12:00:00,58.48,EUR,CREATED,region-09849,web
ORD-P009850,CUST-1850,2026-10-05 12:00:00,58.49,EUR,CREATED,region-09850,web
ORD-P009851,CUST-1851,2026-10-05 12:00:00,58.50,EUR,CREATED,region-09851,web
ORD-P009852,CUST-1852,2026-10-05 12:00:00,58.51,EUR,CREATED,region-09852,web
ORD-P009853,CUST-1853,2026-10-05 12:00:00,58.52,EUR,CREATED,region-09853,web
ORD-P009854,CUST-1854,2026-10-05 12:00:00,58.53,EUR,CREATED,region-09854,web
ORD-P009855,CUST-1855,2026-10-05 12:00:00,58.54,EUR,CREATED,region-09855,web
ORD-P009856,CUST-1856,2026-10-05 12:00:00,58.55,EUR,CREATED,region-09856,web
ORD-P009857,CUST-1857,2026-10-05 12:00:00,58.56,EUR,CREATED,region-09857,web
ORD-P009858,CUST-1858,2026-10-05 12:00:00,58.57,EUR,CREATED,region-09858,web
ORD-P009859,CUST-1859,2026-10-05 12:00:00,58.58,EUR,CREATED,region-09859,web
ORD-P009860,CUST-1860,2026-10-05 12:00:00,58.59,EUR,CREATED,region-09860,web
ORD-P009861,CUST-1861,2026-10-05 12:00:00,58.60,EUR,CREATED,region-09861,web
ORD-P009862,CUST-1862,2026-10-05 12:00:00,58.61,EUR,CREATED,region-09862,web
ORD-P009863,CUST-1863,2026-10-05 12:00:00,58.62,EUR,CREATED,region-09863,web
ORD-P009864,CUST-1864,2026-10-05 12:00:00,58.63,EUR,CREATED,region-09864,web
ORD-P009865,CUST-1865,2026-10-05 12:00:00,58.64,EUR,CREATED,region-09865,web
ORD-P009866,CUST-1866,2026-10-05 12:00:00,58.65,EUR,CREATED,region-09866,web
ORD-P009867,CUST-1867,2026-10-05 12:00:00,58.66,EUR,CREATED,region-09867,web
ORD-P009868,CUST-1868,2026-10-05 12:00:00,58.67,EUR,CREATED,region-09868,web
ORD-P009869,CUST-1869,2026-10-05 12:00:00,58.68,EUR,CREATED,region-09869,web
ORD-P009870,CUST-1870,2026-10-05 12:00:00,58.69,EUR,CREATED,region-09870,web
ORD-P009871,CUST-1871,2026-10-05 12:00:00,58.70,EUR,CREATED,region-09871,web
ORD-P009872,CUST-1872,2026-10-05 12:00:00,58.71,EUR,CREATED,region-09872,web
ORD-P009873,CUST-1873,2026-10-05 12:00:00,58.72,EUR,CREATED,region-09873,web
ORD-P009874,CUST-1874,2026-10-05 12:00:00,58.73,EUR,CREATED,region-09874,web
ORD-P009875,CUST-1875,2026-10-05 12:00:00,58.74,EUR,CREATED,region-09875,web
ORD-P009876,CUST-1876,2026-10-05 12:00:00,58.75,EUR,CREATED,region-09876,web
ORD-P009877,CUST-1877,2026-10-05 12:00:00,58.76,EUR,CREATED,region-09877,web
ORD-P009878,CUST-1878,2026-10-05 12:00:00,58.77,EUR,CREATED,region-09878,web
ORD-P009879,CUST-1879,2026-10-05 12:00:00,58.78,EUR,CREATED,region-09879,web
ORD-P009880,CUST-1880,2026-10-05 12:00:00,58.79,EUR,CREATED,region-09880,web
ORD-P009881,CUST-1881,2026-10-05 12:00:00,58.80,EUR,CREATED,region-09881,web
ORD-P009882,CUST-1882,2026-10-05 12:00:00,58.81,EUR,CREATED,region-09882,web
ORD-P009883,CUST-1883,2026-10-05 12:00:00,58.82,EUR,CREATED,region-09883,web
ORD-P009884,CUST-1884,2026-10-05 12:00:00,58.83,EUR,CREATED,region-09884,web
ORD-P009885,CUST-1885,2026-10-05 12:00:00,58.84,EUR,CREATED,region-09885,web
ORD-P009886,CUST-1886,2026-10-05 12:00:00,58.85,EUR,CREATED,region-09886,web
ORD-P009887,CUST-1887,2026-10-05 12:00:00,58.86,EUR,CREATED,region-09887,web
ORD-P009888,CUST-1888,2026-10-05 12:00:00,58.87,EUR,CREATED,region-09888,web
ORD-P009889,CUST-1889,2026-10-05 12:00:00,58.88,EUR,CREATED,region-09889,web
ORD-P009890,CUST-1890,2026-10-05 12:00:00,58.89,EUR,CREATED,region-09890,web
ORD-P009891,CUST-1891,2026-10-05 12:00:00,58.90,EUR,CREATED,region-09891,web
ORD-P009892,CUST-1892,2026-10-05 12:00:00,58.91,EUR,CREATED,region-09892,web
ORD-P009893,CUST-1893,2026-10-05 12:00:00,58.92,EUR,CREATED,region-09893,web
ORD-P009894,CUST-1894,2026-10-05 12:00:00,58.93,EUR,CREATED,region-09894,web
ORD-P009895,CUST-1895,2026-10-05 12:00:00,58.94,EUR,CREATED,region-09895,web
ORD-P009896,CUST-1896,2026-10-05 12:00:00,58.95,EUR,CREATED,region-09896,web
ORD-P009897,CUST-1897,2026-10-05 12:00:00,58.96,EUR,CREATED,region-09897,web
ORD-P009898,CUST-1898,2026-10-05 12:00:00,58.97,EUR,CREATED,region-09898,web
ORD-P009899,CUST-1899,2026-10-05 12:00:00,58.98,EUR,CREATED,region-09899,web
ORD-P009900,CUST-1900,2026-10-05 12:00:00,58.99,EUR,CREATED,region-09900,web
ORD-P009901,CUST-1901,2026-10-05 12:00:00,59.00,EUR,CREATED,region-09901,web
ORD-P009902,CUST-1902,2026-10-05 12:00:00,59.01,EUR,CREATED,region-09902,web
ORD-P009903,CUST-1903,2026-10-05 12:00:00,59.02,EUR,CREATED,region-09903,web
ORD-P009904,CUST-1904,2026-10-05 12:00:00,59.03,EUR,CREATED,region-09904,web
ORD-P009905,CUST-1905,2026-10-05 12:00:00,59.04,EUR,CREATED,region-09905,web
ORD-P009906,CUST-1906,2026-10-05 12:00:00,59.05,EUR,CREATED,region-09906,web
ORD-P009907,CUST-1907,2026-10-05 12:00:00,59.06,EUR,CREATED,region-09907,web
ORD-P009908,CUST-1908,2026-10-05 12:00:00,59.07,EUR,CREATED,region-09908,web
ORD-P009909,CUST-1909,2026-10-05 12:00:00,59.08,EUR,CREATED,region-09909,web
ORD-P009910,CUST-1910,2026-10-05 12:00:00,59.09,EUR,CREATED,region-09910,web
ORD-P009911,CUST-1911,2026-10-05 12:00:00,59.10,EUR,CREATED,region-09911,web
ORD-P009912,CUST-1912,2026-10-05 12:00:00,59.11,EUR,CREATED,region-09912,web
ORD-P009913,CUST-1913,2026-10-05 12:00:00,59.12,EUR,CREATED,region-09913,web
ORD-P009914,CUST-1914,2026-10-05 12:00:00,59.13,EUR,CREATED,region-09914,web
ORD-P009915,CUST-1915,2026-10-05 12:00:00,59.14,EUR,CREATED,region-09915,web
ORD-P009916,CUST-1916,2026-10-05 12:00:00,59.15,EUR,CREATED,region-09916,web
ORD-P009917,CUST-1917,2026-10-05 12:00:00,59.16,EUR,CREATED,region-09917,web
ORD-P009918,CUST-1918,2026-10-05 12:00:00,59.17,EUR,CREATED,region-09918,web
ORD-P009919,CUST-1919,2026-10-05 12:00:00,59.18,EUR,CREATED,region-09919,web
ORD-P009920,CUST-1920,2026-10-05 12:00:00,59.19,EUR,CREATED,region-09920,web
ORD-P009921,CUST-1921,2026-10-05 12:00:00,59.20,EUR,CREATED,region-09921,web
ORD-P009922,CUST-1922,2026-10-05 12:00:00,59.21,EUR,CREATED,region-09922,web
ORD-P009923,CUST-1923,2026-10-05 12:00:00,59.22,EUR,CREATED,region-09923,web
ORD-P009924,CUST-1924,2026-10-05 12:00:00,59.23,EUR,CREATED,region-09924,web
ORD-P009925,CUST-1925,2026-10-05 12:00:00,59.24,EUR,CREATED,region-09925,web
ORD-P009926,CUST-1926,2026-10-05 12:00:00,59.25,EUR,CREATED,region-09926,web
ORD-P009927,CUST-1927,2026-10-05 12:00:00,59.26,EUR,CREATED,region-09927,web
ORD-P009928,CUST-1928,2026-10-05 12:00:00,59.27,EUR,CREATED,region-09928,web
ORD-P009929,CUST-1929,2026-10-05 12:00:00,59.28,EUR,CREATED,region-09929,web
ORD-P009930,CUST-1930,2026-10-05 12:00:00,59.29,EUR,CREATED,region-09930,web
ORD-P009931,CUST-1931,2026-10-05 12:00:00,59.30,EUR,CREATED,region-09931,web
ORD-P009932,CUST-1932,2026-10-05 12:00:00,59.31,EUR,CREATED,region-09932,web
ORD-P009933,CUST-1933,2026-10-05 12:00:00,59.32,EUR,CREATED,region-09933,web
ORD-P009934,CUST-1934,2026-10-05 12:00:00,59.33,EUR,CREATED,region-09934,web
ORD-P009935,CUST-1935,2026-10-05 12:00:00,59.34,EUR,CREATED,region-09935,web
ORD-P009936,CUST-1936,2026-10-05 12:00:00,59.35,EUR,CREATED,region-09936,web
ORD-P009937,CUST-1937,2026-10-05 12:00:00,59.36,EUR,CREATED,region-09937,web
ORD-P009938,CUST-1938,2026-10-05 12:00:00,59.37,EUR,CREATED,region-09938,web
ORD-P009939,CUST-1939,2026-10-05 12:00:00,59.38,EUR,CREATED,region-09939,web
ORD-P009940,CUST-1940,2026-10-05 12:00:00,59.39,EUR,CREATED,region-09940,web
ORD-P009941,CUST-1941,2026-10-05 12:00:00,59.40,EUR,CREATED,region-09941,web
ORD-P009942,CUST-1942,2026-10-05 12:00:00,59.41,EUR,CREATED,region-09942,web
ORD-P009943,CUST-1943,2026-10-05 12:00:00,59.42,EUR,CREATED,region-09943,web
ORD-P009944,CUST-1944,2026-10-05 12:00:00,59.43,EUR,CREATED,region-09944,web
ORD-P009945,CUST-1945,2026-10-05 12:00:00,59.44,EUR,CREATED,region-09945,web
ORD-P009946,CUST-1946,2026-10-05 12:00:00,59.45,EUR,CREATED,region-09946,web
ORD-P009947,CUST-1947,2026-10-05 12:00:00,59.46,EUR,CREATED,region-09947,web
ORD-P009948,CUST-1948,2026-10-05 12:00:00,59.47,EUR,CREATED,region-09948,web
ORD-P009949,CUST-1949,2026-10-05 12:00:00,59.48,EUR,CREATED,region-09949,web
ORD-P009950,CUST-1950,2026-10-05 12:00:00,59.49,EUR,CREATED,region-09950,web
ORD-P009951,CUST-1951,2026-10-05 12:00:00,59.50,EUR,CREATED,region-09951,web
ORD-P009952,CUST-1952,2026-10-05 12:00:00,59.51,EUR,CREATED,region-09952,web
ORD-P009953,CUST-1953,2026-10-05 12:00:00,59.52,EUR,CREATED,region-09953,web
ORD-P009954,CUST-1954,2026-10-05 12:00:00,59.53,EUR,CREATED,region-09954,web
ORD-P009955,CUST-1955,2026-10-05 12:00:00,59.54,EUR,CREATED,region-09955,web
ORD-P009956,CUST-1956,2026-10-05 12:00:00,59.55,EUR,CREATED,region-09956,web
ORD-P009957,CUST-1957,2026-10-05 12:00:00,59.56,EUR,CREATED,region-09957,web
ORD-P009958,CUST-1958,2026-10-05 12:00:00,59.57,EUR,CREATED,region-09958,web
ORD-P009959,CUST-1959,2026-10-05 12:00:00,59.58,EUR,CREATED,region-09959,web
ORD-P009960,CUST-1960,2026-10-05 12:00:00,59.59,EUR,CREATED,region-09960,web
ORD-P009961,CUST-1961,2026-10-05 12:00:00,59.60,EUR,CREATED,region-09961,web
ORD-P009962,CUST-1962,2026-10-05 12:00:00,59.61,EUR,CREATED,region-09962,web
ORD-P009963,CUST-1963,2026-10-05 12:00:00,59.62,EUR,CREATED,region-09963,web
ORD-P009964,CUST-1964,2026-10-05 12:00:00,59.63,EUR,CREATED,region-09964,web
ORD-P009965,CUST-1965,2026-10-05 12:00:00,59.64,EUR,CREATED,region-09965,web
ORD-P009966,CUST-1966,2026-10-05 12:00:00,59.65,EUR,CREATED,region-09966,web
ORD-P009967,CUST-1967,2026-10-05 12:00:00,59.66,EUR,CREATED,region-09967,web
ORD-P009968,CUST-1968,2026-10-05 12:00:00,59.67,EUR,CREATED,region-09968,web
ORD-P009969,CUST-1969,2026-10-05 12:00:00,59.68,EUR,CREATED,region-09969,web
ORD-P009970,CUST-1970,2026-10-05 12:00:00,59.69,EUR,CREATED,region-09970,web
ORD-P009971,CUST-1971,2026-10-05 12:00:00,59.70,EUR,CREATED,region-09971,web
ORD-P009972,CUST-1972,2026-10-05 12:00:00,59.71,EUR,CREATED,region-09972,web
ORD-P009973,CUST-1973,2026-10-05 12:00:00,59.72,EUR,CREATED,region-09973,web
ORD-P009974,CUST-1974,2026-10-05 12:00:00,59.73,EUR,CREATED,region-09974,web
ORD-P009975,CUST-1975,2026-10-05 12:00:00,59.74,EUR,CREATED,region-09975,web
ORD-P009976,CUST-1976,2026-10-05 12:00:00,59.75,EUR,CREATED,region-09976,web
ORD-P009977,CUST-1977,2026-10-05 12:00:00,59.76,EUR,CREATED,region-09977,web
ORD-P009978,CUST-1978,2026-10-05 12:00:00,59.77,EUR,CREATED,region-09978,web
ORD-P009979,CUST-1979,2026-10-05 12:00:00,59.78,EUR,CREATED,region-09979,web
ORD-P009980,CUST-1980,2026-10-05 12:00:00,59.79,EUR,CREATED,region-09980,web
ORD-P009981,CUST-1981,2026-10-05 12:00:00,59.80,EUR,CREATED,region-09981,web
ORD-P009982,CUST-1982,2026-10-05 12:00:00,59.81,EUR,CREATED,region-09982,web
ORD-P009983,CUST-1983,2026-10-05 12:00:00,59.82,EUR,CREATED,region-09983,web
ORD-P009984,CUST-1984,2026-10-05 12:00:00,59.83,EUR,CREATED,region-09984,web
ORD-P009985,CUST-1985,2026-10-05 12:00:00,59.84,EUR,CREATED,region-09985,web
ORD-P009986,CUST-1986,2026-10-05 12:00:00,59.85,EUR,CREATED,region-09986,web
ORD-P009987,CUST-1987,2026-10-05 12:00:00,59.86,EUR,CREATED,region-09987,web
ORD-P009988,CUST-1988,2026-10-05 12:00:00,59.87,EUR,CREATED,region-09988,web
ORD-P009989,CUST-1989,2026-10-05 12:00:00,59.88,EUR,CREATED,region-09989,web
ORD-P009990,CUST-1990,2026-10-05 12:00:00,59.89,EUR,CREATED,region-09990,web
ORD-P009991,CUST-1991,2026-10-05 12:00:00,59.90,EUR,CREATED,region-09991,web
ORD-P009992,CUST-1992,2026-10-05 12:00:00,59.91,EUR,CREATED,region-09992,web
ORD-P009993,CUST-1993,2026-10-05 12:00:00,59.92,EUR,CREATED,region-09993,web
ORD-P009994,CUST-1994,2026-10-05 12:00:00,59.93,EUR,CREATED,region-09994,web
ORD-P009995,CUST-1995,2026-10-05 12:00:00,59.94,EUR,CREATED,region-09995,web
ORD-P009996,CUST-1996,2026-10-05 12:00:00,59.95,EUR,CREATED,region-09996,web
ORD-P009997,CUST-1997,2026-10-05 12:00:00,59.96,EUR,CREATED,region-09997,web
ORD-P009998,CUST-1998,2026-10-05 12:00:00,59.97,EUR,CREATED,region-09998,web
ORD-P009999,CUST-1999,2026-10-05 12:00:00,59.98,EUR,CREATED,region-09999,web
ORD-P010000,CUST-2000,2026-10-05 12:00:00,59.99,EUR,CREATED,region-10000,web
ORD-P010001,CUST-0001,2026-10-05 12:00:00,10.00,EUR,CREATED,region-10001,web
ORD-P010002,CUST-0002,2026-10-05 12:00:00,10.01,EUR,CREATED,region-10002,web
ORD-P010003,CUST-0003,2026-10-05 12:00:00,10.02,EUR,CREATED,region-10003,web
ORD-P010004,CUST-0004,2026-10-05 12:00:00,10.03,EUR,CREATED,region-10004,web
ORD-P010005,CUST-0005,2026-10-05 12:00:00,10.04,EUR,CREATED,region-10005,web
ORD-P010006,CUST-0006,2026-10-05 12:00:00,10.05,EUR,CREATED,region-10006,web
ORD-P010007,CUST-0007,2026-10-05 12:00:00,10.06,EUR,CREATED,region-10007,web
ORD-P010008,CUST-0008,2026-10-05 12:00:00,10.07,EUR,CREATED,region-10008,web
ORD-P010009,CUST-0009,2026-10-05 12:00:00,10.08,EUR,CREATED,region-10009,web
ORD-P010010,CUST-0010,2026-10-05 12:00:00,10.09,EUR,CREATED,region-10010,web
ORD-P010011,CUST-0011,2026-10-05 12:00:00,10.10,EUR,CREATED,region-10011,web
ORD-P010012,CUST-0012,2026-10-05 12:00:00,10.11,EUR,CREATED,region-10012,web
ORD-P010013,CUST-0013,2026-10-05 12:00:00,10.12,EUR,CREATED,region-10013,web
ORD-P010014,CUST-0014,2026-10-05 12:00:00,10.13,EUR,CREATED,region-10014,web
ORD-P010015,CUST-0015,2026-10-05 12:00:00,10.14,EUR,CREATED,region-10015,web
ORD-P010016,CUST-0016,2026-10-05 12:00:00,10.15,EUR,CREATED,region-10016,web
ORD-P010017,CUST-0017,2026-10-05 12:00:00,10.16,EUR,CREATED,region-10017,web
ORD-P010018,CUST-0018,2026-10-05 12:00:00,10.17,EUR,CREATED,region-10018,web
ORD-P010019,CUST-0019,2026-10-05 12:00:00,10.18,EUR,CREATED,region-10019,web
ORD-P010020,CUST-0020,2026-10-05 12:00:00,10.19,EUR,CREATED,region-10020,web
ORD-P010021,CUST-0021,2026-10-05 12:00:00,10.20,EUR,CREATED,region-10021,web
ORD-P010022,CUST-0022,2026-10-05 12:00:00,10.21,EUR,CREATED,region-10022,web
ORD-P010023,CUST-0023,2026-10-05 12:00:00,10.22,EUR,CREATED,region-10023,web
ORD-P010024,CUST-0024,2026-10-05 12:00:00,10.23,EUR,CREATED,region-10024,web
ORD-P010025,CUST-0025,2026-10-05 12:00:00,10.24,EUR,CREATED,region-10025,web
ORD-P010026,CUST-0026,2026-10-05 12:00:00,10.25,EUR,CREATED,region-10026,web
ORD-P010027,CUST-0027,2026-10-05 12:00:00,10.26,EUR,CREATED,region-10027,web
ORD-P010028,CUST-0028,2026-10-05 12:00:00,10.27,EUR,CREATED,region-10028,web
ORD-P010029,CUST-0029,2026-10-05 12:00:00,10.28,EUR,CREATED,region-10029,web
ORD-P010030,CUST-0030,2026-10-05 12:00:00,10.29,EUR,CREATED,region-10030,web
ORD-P010031,CUST-0031,2026-10-05 12:00:00,10.30,EUR,CREATED,region-10031,web
ORD-P010032,CUST-0032,2026-10-05 12:00:00,10.31,EUR,CREATED,region-10032,web
ORD-P010033,CUST-0033,2026-10-05 12:00:00,10.32,EUR,CREATED,region-10033,web
ORD-P010034,CUST-0034,2026-10-05 12:00:00,10.33,EUR,CREATED,region-10034,web
ORD-P010035,CUST-0035,2026-10-05 12:00:00,10.34,EUR,CREATED,region-10035,web
ORD-P010036,CUST-0036,2026-10-05 12:00:00,10.35,EUR,CREATED,region-10036,web
ORD-P010037,CUST-0037,2026-10-05 12:00:00,10.36,EUR,CREATED,region-10037,web
ORD-P010038,CUST-0038,2026-10-05 12:00:00,10.37,EUR,CREATED,region-10038,web
ORD-P010039,CUST-0039,2026-10-05 12:00:00,10.38,EUR,CREATED,region-10039,web
ORD-P010040,CUST-0040,2026-10-05 12:00:00,10.39,EUR,CREATED,region-10040,web
ORD-P010041,CUST-0041,2026-10-05 12:00:00,10.40,EUR,CREATED,region-10041,web
ORD-P010042,CUST-0042,2026-10-05 12:00:00,10.41,EUR,CREATED,region-10042,web
ORD-P010043,CUST-0043,2026-10-05 12:00:00,10.42,EUR,CREATED,region-10043,web
ORD-P010044,CUST-0044,2026-10-05 12:00:00,10.43,EUR,CREATED,region-10044,web
ORD-P010045,CUST-0045,2026-10-05 12:00:00,10.44,EUR,CREATED,region-10045,web
ORD-P010046,CUST-0046,2026-10-05 12:00:00,10.45,EUR,CREATED,region-10046,web
ORD-P010047,CUST-0047,2026-10-05 12:00:00,10.46,EUR,CREATED,region-10047,web
ORD-P010048,CUST-0048,2026-10-05 12:00:00,10.47,EUR,CREATED,region-10048,web
ORD-P010049,CUST-0049,2026-10-05 12:00:00,10.48,EUR,CREATED,region-10049,web
ORD-P010050,CUST-0050,2026-10-05 12:00:00,10.49,EUR,CREATED,region-10050,web
ORD-P010051,CUST-0051,2026-10-05 12:00:00,10.50,EUR,CREATED,region-10051,web
ORD-P010052,CUST-0052,2026-10-05 12:00:00,10.51,EUR,CREATED,region-10052,web
ORD-P010053,CUST-0053,2026-10-05 12:00:00,10.52,EUR,CREATED,region-10053,web
ORD-P010054,CUST-0054,2026-10-05 12:00:00,10.53,EUR,CREATED,region-10054,web
ORD-P010055,CUST-0055,2026-10-05 12:00:00,10.54,EUR,CREATED,region-10055,web
ORD-P010056,CUST-0056,2026-10-05 12:00:00,10.55,EUR,CREATED,region-10056,web
ORD-P010057,CUST-0057,2026-10-05 12:00:00,10.56,EUR,CREATED,region-10057,web
ORD-P010058,CUST-0058,2026-10-05 12:00:00,10.57,EUR,CREATED,region-10058,web
ORD-P010059,CUST-0059,2026-10-05 12:00:00,10.58,EUR,CREATED,region-10059,web
ORD-P010060,CUST-0060,2026-10-05 12:00:00,10.59,EUR,CREATED,region-10060,web
ORD-P010061,CUST-0061,2026-10-05 12:00:00,10.60,EUR,CREATED,region-10061,web
ORD-P010062,CUST-0062,2026-10-05 12:00:00,10.61,EUR,CREATED,region-10062,web
ORD-P010063,CUST-0063,2026-10-05 12:00:00,10.62,EUR,CREATED,region-10063,web
ORD-P010064,CUST-0064,2026-10-05 12:00:00,10.63,EUR,CREATED,region-10064,web
ORD-P010065,CUST-0065,2026-10-05 12:00:00,10.64,EUR,CREATED,region-10065,web
ORD-P010066,CUST-0066,2026-10-05 12:00:00,10.65,EUR,CREATED,region-10066,web
ORD-P010067,CUST-0067,2026-10-05 12:00:00,10.66,EUR,CREATED,region-10067,web
ORD-P010068,CUST-0068,2026-10-05 12:00:00,10.67,EUR,CREATED,region-10068,web
ORD-P010069,CUST-0069,2026-10-05 12:00:00,10.68,EUR,CREATED,region-10069,web
ORD-P010070,CUST-0070,2026-10-05 12:00:00,10.69,EUR,CREATED,region-10070,web
ORD-P010071,CUST-0071,2026-10-05 12:00:00,10.70,EUR,CREATED,region-10071,web
ORD-P010072,CUST-0072,2026-10-05 12:00:00,10.71,EUR,CREATED,region-10072,web
ORD-P010073,CUST-0073,2026-10-05 12:00:00,10.72,EUR,CREATED,region-10073,web
ORD-P010074,CUST-0074,2026-10-05 12:00:00,10.73,EUR,CREATED,region-10074,web
ORD-P010075,CUST-0075,2026-10-05 12:00:00,10.74,EUR,CREATED,region-10075,web
ORD-P010076,CUST-0076,2026-10-05 12:00:00,10.75,EUR,CREATED,region-10076,web
ORD-P010077,CUST-0077,2026-10-05 12:00:00,10.76,EUR,CREATED,region-10077,web
ORD-P010078,CUST-0078,2026-10-05 12:00:00,10.77,EUR,CREATED,region-10078,web
ORD-P010079,CUST-0079,2026-10-05 12:00:00,10.78,EUR,CREATED,region-10079,web
ORD-P010080,CUST-0080,2026-10-05 12:00:00,10.79,EUR,CREATED,region-10080,web
ORD-P010081,CUST-0081,2026-10-05 12:00:00,10.80,EUR,CREATED,region-10081,web
ORD-P010082,CUST-0082,2026-10-05 12:00:00,10.81,EUR,CREATED,region-10082,web
ORD-P010083,CUST-0083,2026-10-05 12:00:00,10.82,EUR,CREATED,region-10083,web
ORD-P010084,CUST-0084,2026-10-05 12:00:00,10.83,EUR,CREATED,region-10084,web
ORD-P010085,CUST-0085,2026-10-05 12:00:00,10.84,EUR,CREATED,region-10085,web
ORD-P010086,CUST-0086,2026-10-05 12:00:00,10.85,EUR,CREATED,region-10086,web
ORD-P010087,CUST-0087,2026-10-05 12:00:00,10.86,EUR,CREATED,region-10087,web
ORD-P010088,CUST-0088,2026-10-05 12:00:00,10.87,EUR,CREATED,region-10088,web
ORD-P010089,CUST-0089,2026-10-05 12:00:00,10.88,EUR,CREATED,region-10089,web
ORD-P010090,CUST-0090,2026-10-05 12:00:00,10.89,EUR,CREATED,region-10090,web
ORD-P010091,CUST-0091,2026-10-05 12:00:00,10.90,EUR,CREATED,region-10091,web
ORD-P010092,CUST-0092,2026-10-05 12:00:00,10.91,EUR,CREATED,region-10092,web
ORD-P010093,CUST-0093,2026-10-05 12:00:00,10.92,EUR,CREATED,region-10093,web
ORD-P010094,CUST-0094,2026-10-05 12:00:00,10.93,EUR,CREATED,region-10094,web
ORD-P010095,CUST-0095,2026-10-05 12:00:00,10.94,EUR,CREATED,region-10095,web
ORD-P010096,CUST-0096,2026-10-05 12:00:00,10.95,EUR,CREATED,region-10096,web
ORD-P010097,CUST-0097,2026-10-05 12:00:00,10.96,EUR,CREATED,region-10097,web
ORD-P010098,CUST-0098,2026-10-05 12:00:00,10.97,EUR,CREATED,region-10098,web
ORD-P010099,CUST-0099,2026-10-05 12:00:00,10.98,EUR,CREATED,region-10099,web
ORD-P010100,CUST-0100,2026-10-05 12:00:00,10.99,EUR,CREATED,region-10100,web
ORD-P010101,CUST-0101,2026-10-05 12:00:00,11.00,EUR,CREATED,region-10101,web
ORD-P010102,CUST-0102,2026-10-05 12:00:00,11.01,EUR,CREATED,region-10102,web
ORD-P010103,CUST-0103,2026-10-05 12:00:00,11.02,EUR,CREATED,region-10103,web
ORD-P010104,CUST-0104,2026-10-05 12:00:00,11.03,EUR,CREATED,region-10104,web
ORD-P010105,CUST-0105,2026-10-05 12:00:00,11.04,EUR,CREATED,region-10105,web
ORD-P010106,CUST-0106,2026-10-05 12:00:00,11.05,EUR,CREATED,region-10106,web
ORD-P010107,CUST-0107,2026-10-05 12:00:00,11.06,EUR,CREATED,region-10107,web
ORD-P010108,CUST-0108,2026-10-05 12:00:00,11.07,EUR,CREATED,region-10108,web
ORD-P010109,CUST-0109,2026-10-05 12:00:00,11.08,EUR,CREATED,region-10109,web
ORD-P010110,CUST-0110,2026-10-05 12:00:00,11.09,EUR,CREATED,region-10110,web
ORD-P010111,CUST-0111,2026-10-05 12:00:00,11.10,EUR,CREATED,region-10111,web
ORD-P010112,CUST-0112,2026-10-05 12:00:00,11.11,EUR,CREATED,region-10112,web
ORD-P010113,CUST-0113,2026-10-05 12:00:00,11.12,EUR,CREATED,region-10113,web
ORD-P010114,CUST-0114,2026-10-05 12:00:00,11.13,EUR,CREATED,region-10114,web
ORD-P010115,CUST-0115,2026-10-05 12:00:00,11.14,EUR,CREATED,region-10115,web
ORD-P010116,CUST-0116,2026-10-05 12:00:00,11.15,EUR,CREATED,region-10116,web
ORD-P010117,CUST-0117,2026-10-05 12:00:00,11.16,EUR,CREATED,region-10117,web
ORD-P010118,CUST-0118,2026-10-05 12:00:00,11.17,EUR,CREATED,region-10118,web
ORD-P010119,CUST-0119,2026-10-05 12:00:00,11.18,EUR,CREATED,region-10119,web
ORD-P010120,CUST-0120,2026-10-05 12:00:00,11.19,EUR,CREATED,region-10120,web
ORD-P010121,CUST-0121,2026-10-05 12:00:00,11.20,EUR,CREATED,region-10121,web
ORD-P010122,CUST-0122,2026-10-05 12:00:00,11.21,EUR,CREATED,region-10122,web
ORD-P010123,CUST-0123,2026-10-05 12:00:00,11.22,EUR,CREATED,region-10123,web
ORD-P010124,CUST-0124,2026-10-05 12:00:00,11.23,EUR,CREATED,region-10124,web
ORD-P010125,CUST-0125,2026-10-05 12:00:00,11.24,EUR,CREATED,region-10125,web
ORD-P010126,CUST-0126,2026-10-05 12:00:00,11.25,EUR,CREATED,region-10126,web
ORD-P010127,CUST-0127,2026-10-05 12:00:00,11.26,EUR,CREATED,region-10127,web
ORD-P010128,CUST-0128,2026-10-05 12:00:00,11.27,EUR,CREATED,region-10128,web
ORD-P010129,CUST-0129,2026-10-05 12:00:00,11.28,EUR,CREATED,region-10129,web
ORD-P010130,CUST-0130,2026-10-05 12:00:00,11.29,EUR,CREATED,region-10130,web
ORD-P010131,CUST-0131,2026-10-05 12:00:00,11.30,EUR,CREATED,region-10131,web
ORD-P010132,CUST-0132,2026-10-05 12:00:00,11.31,EUR,CREATED,region-10132,web
ORD-P010133,CUST-0133,2026-10-05 12:00:00,11.32,EUR,CREATED,region-10133,web
ORD-P010134,CUST-0134,2026-10-05 12:00:00,11.33,EUR,CREATED,region-10134,web
ORD-P010135,CUST-0135,2026-10-05 12:00:00,11.34,EUR,CREATED,region-10135,web
ORD-P010136,CUST-0136,2026-10-05 12:00:00,11.35,EUR,CREATED,region-10136,web
ORD-P010137,CUST-0137,2026-10-05 12:00:00,11.36,EUR,CREATED,region-10137,web
ORD-P010138,CUST-0138,2026-10-05 12:00:00,11.37,EUR,CREATED,region-10138,web
ORD-P010139,CUST-0139,2026-10-05 12:00:00,11.38,EUR,CREATED,region-10139,web
ORD-P010140,CUST-0140,2026-10-05 12:00:00,11.39,EUR,CREATED,region-10140,web
ORD-P010141,CUST-0141,2026-10-05 12:00:00,11.40,EUR,CREATED,region-10141,web
ORD-P010142,CUST-0142,2026-10-05 12:00:00,11.41,EUR,CREATED,region-10142,web
ORD-P010143,CUST-0143,2026-10-05 12:00:00,11.42,EUR,CREATED,region-10143,web
ORD-P010144,CUST-0144,2026-10-05 12:00:00,11.43,EUR,CREATED,region-10144,web
ORD-P010145,CUST-0145,2026-10-05 12:00:00,11.44,EUR,CREATED,region-10145,web
ORD-P010146,CUST-0146,2026-10-05 12:00:00,11.45,EUR,CREATED,region-10146,web
ORD-P010147,CUST-0147,2026-10-05 12:00:00,11.46,EUR,CREATED,region-10147,web
ORD-P010148,CUST-0148,2026-10-05 12:00:00,11.47,EUR,CREATED,region-10148,web
ORD-P010149,CUST-0149,2026-10-05 12:00:00,11.48,EUR,CREATED,region-10149,web
ORD-P010150,CUST-0150,2026-10-05 12:00:00,11.49,EUR,CREATED,region-10150,web
ORD-P010151,CUST-0151,2026-10-05 12:00:00,11.50,EUR,CREATED,region-10151,web
ORD-P010152,CUST-0152,2026-10-05 12:00:00,11.51,EUR,CREATED,region-10152,web
ORD-P010153,CUST-0153,2026-10-05 12:00:00,11.52,EUR,CREATED,region-10153,web
ORD-P010154,CUST-0154,2026-10-05 12:00:00,11.53,EUR,CREATED,region-10154,web
ORD-P010155,CUST-0155,2026-10-05 12:00:00,11.54,EUR,CREATED,region-10155,web
ORD-P010156,CUST-0156,2026-10-05 12:00:00,11.55,EUR,CREATED,region-10156,web
ORD-P010157,CUST-0157,2026-10-05 12:00:00,11.56,EUR,CREATED,region-10157,web
ORD-P010158,CUST-0158,2026-10-05 12:00:00,11.57,EUR,CREATED,region-10158,web
ORD-P010159,CUST-0159,2026-10-05 12:00:00,11.58,EUR,CREATED,region-10159,web
ORD-P010160,CUST-0160,2026-10-05 12:00:00,11.59,EUR,CREATED,region-10160,web
ORD-P010161,CUST-0161,2026-10-05 12:00:00,11.60,EUR,CREATED,region-10161,web
ORD-P010162,CUST-0162,2026-10-05 12:00:00,11.61,EUR,CREATED,region-10162,web
ORD-P010163,CUST-0163,2026-10-05 12:00:00,11.62,EUR,CREATED,region-10163,web
ORD-P010164,CUST-0164,2026-10-05 12:00:00,11.63,EUR,CREATED,region-10164,web
ORD-P010165,CUST-0165,2026-10-05 12:00:00,11.64,EUR,CREATED,region-10165,web
ORD-P010166,CUST-0166,2026-10-05 12:00:00,11.65,EUR,CREATED,region-10166,web
ORD-P010167,CUST-0167,2026-10-05 12:00:00,11.66,EUR,CREATED,region-10167,web
ORD-P010168,CUST-0168,2026-10-05 12:00:00,11.67,EUR,CREATED,region-10168,web
ORD-P010169,CUST-0169,2026-10-05 12:00:00,11.68,EUR,CREATED,region-10169,web
ORD-P010170,CUST-0170,2026-10-05 12:00:00,11.69,EUR,CREATED,region-10170,web
ORD-P010171,CUST-0171,2026-10-05 12:00:00,11.70,EUR,CREATED,region-10171,web
ORD-P010172,CUST-0172,2026-10-05 12:00:00,11.71,EUR,CREATED,region-10172,web
ORD-P010173,CUST-0173,2026-10-05 12:00:00,11.72,EUR,CREATED,region-10173,web
ORD-P010174,CUST-0174,2026-10-05 12:00:00,11.73,EUR,CREATED,region-10174,web
ORD-P010175,CUST-0175,2026-10-05 12:00:00,11.74,EUR,CREATED,region-10175,web
ORD-P010176,CUST-0176,2026-10-05 12:00:00,11.75,EUR,CREATED,region-10176,web
ORD-P010177,CUST-0177,2026-10-05 12:00:00,11.76,EUR,CREATED,region-10177,web
ORD-P010178,CUST-0178,2026-10-05 12:00:00,11.77,EUR,CREATED,region-10178,web
ORD-P010179,CUST-0179,2026-10-05 12:00:00,11.78,EUR,CREATED,region-10179,web
ORD-P010180,CUST-0180,2026-10-05 12:00:00,11.79,EUR,CREATED,region-10180,web
ORD-P010181,CUST-0181,2026-10-05 12:00:00,11.80,EUR,CREATED,region-10181,web
ORD-P010182,CUST-0182,2026-10-05 12:00:00,11.81,EUR,CREATED,region-10182,web
ORD-P010183,CUST-0183,2026-10-05 12:00:00,11.82,EUR,CREATED,region-10183,web
ORD-P010184,CUST-0184,2026-10-05 12:00:00,11.83,EUR,CREATED,region-10184,web
ORD-P010185,CUST-0185,2026-10-05 12:00:00,11.84,EUR,CREATED,region-10185,web
ORD-P010186,CUST-0186,2026-10-05 12:00:00,11.85,EUR,CREATED,region-10186,web
ORD-P010187,CUST-0187,2026-10-05 12:00:00,11.86,EUR,CREATED,region-10187,web
ORD-P010188,CUST-0188,2026-10-05 12:00:00,11.87,EUR,CREATED,region-10188,web
ORD-P010189,CUST-0189,2026-10-05 12:00:00,11.88,EUR,CREATED,region-10189,web
ORD-P010190,CUST-0190,2026-10-05 12:00:00,11.89,EUR,CREATED,region-10190,web
ORD-P010191,CUST-0191,2026-10-05 12:00:00,11.90,EUR,CREATED,region-10191,web
ORD-P010192,CUST-0192,2026-10-05 12:00:00,11.91,EUR,CREATED,region-10192,web
ORD-P010193,CUST-0193,2026-10-05 12:00:00,11.92,EUR,CREATED,region-10193,web
ORD-P010194,CUST-0194,2026-10-05 12:00:00,11.93,EUR,CREATED,region-10194,web
ORD-P010195,CUST-0195,2026-10-05 12:00:00,11.94,EUR,CREATED,region-10195,web
ORD-P010196,CUST-0196,2026-10-05 12:00:00,11.95,EUR,CREATED,region-10196,web
ORD-P010197,CUST-0197,2026-10-05 12:00:00,11.96,EUR,CREATED,region-10197,web
ORD-P010198,CUST-0198,2026-10-05 12:00:00,11.97,EUR,CREATED,region-10198,web
ORD-P010199,CUST-0199,2026-10-05 12:00:00,11.98,EUR,CREATED,region-10199,web
ORD-P010200,CUST-0200,2026-10-05 12:00:00,11.99,EUR,CREATED,region-10200,web
ORD-P010201,CUST-0201,2026-10-05 12:00:00,12.00,EUR,CREATED,region-10201,web
ORD-P010202,CUST-0202,2026-10-05 12:00:00,12.01,EUR,CREATED,region-10202,web
ORD-P010203,CUST-0203,2026-10-05 12:00:00,12.02,EUR,CREATED,region-10203,web
ORD-P010204,CUST-0204,2026-10-05 12:00:00,12.03,EUR,CREATED,region-10204,web
ORD-P010205,CUST-0205,2026-10-05 12:00:00,12.04,EUR,CREATED,region-10205,web
ORD-P010206,CUST-0206,2026-10-05 12:00:00,12.05,EUR,CREATED,region-10206,web
ORD-P010207,CUST-0207,2026-10-05 12:00:00,12.06,EUR,CREATED,region-10207,web
ORD-P010208,CUST-0208,2026-10-05 12:00:00,12.07,EUR,CREATED,region-10208,web
ORD-P010209,CUST-0209,2026-10-05 12:00:00,12.08,EUR,CREATED,region-10209,web
ORD-P010210,CUST-0210,2026-10-05 12:00:00,12.09,EUR,CREATED,region-10210,web
ORD-P010211,CUST-0211,2026-10-05 12:00:00,12.10,EUR,CREATED,region-10211,web
ORD-P010212,CUST-0212,2026-10-05 12:00:00,12.11,EUR,CREATED,region-10212,web
ORD-P010213,CUST-0213,2026-10-05 12:00:00,12.12,EUR,CREATED,region-10213,web
ORD-P010214,CUST-0214,2026-10-05 12:00:00,12.13,EUR,CREATED,region-10214,web
ORD-P010215,CUST-0215,2026-10-05 12:00:00,12.14,EUR,CREATED,region-10215,web
ORD-P010216,CUST-0216,2026-10-05 12:00:00,12.15,EUR,CREATED,region-10216,web
ORD-P010217,CUST-0217,2026-10-05 12:00:00,12.16,EUR,CREATED,region-10217,web
ORD-P010218,CUST-0218,2026-10-05 12:00:00,12.17,EUR,CREATED,region-10218,web
ORD-P010219,CUST-0219,2026-10-05 12:00:00,12.18,EUR,CREATED,region-10219,web
ORD-P010220,CUST-0220,2026-10-05 12:00:00,12.19,EUR,CREATED,region-10220,web
ORD-P010221,CUST-0221,2026-10-05 12:00:00,12.20,EUR,CREATED,region-10221,web
ORD-P010222,CUST-0222,2026-10-05 12:00:00,12.21,EUR,CREATED,region-10222,web
ORD-P010223,CUST-0223,2026-10-05 12:00:00,12.22,EUR,CREATED,region-10223,web
ORD-P010224,CUST-0224,2026-10-05 12:00:00,12.23,EUR,CREATED,region-10224,web
ORD-P010225,CUST-0225,2026-10-05 12:00:00,12.24,EUR,CREATED,region-10225,web
ORD-P010226,CUST-0226,2026-10-05 12:00:00,12.25,EUR,CREATED,region-10226,web
ORD-P010227,CUST-0227,2026-10-05 12:00:00,12.26,EUR,CREATED,region-10227,web
ORD-P010228,CUST-0228,2026-10-05 12:00:00,12.27,EUR,CREATED,region-10228,web
ORD-P010229,CUST-0229,2026-10-05 12:00:00,12.28,EUR,CREATED,region-10229,web
ORD-P010230,CUST-0230,2026-10-05 12:00:00,12.29,EUR,CREATED,region-10230,web
ORD-P010231,CUST-0231,2026-10-05 12:00:00,12.30,EUR,CREATED,region-10231,web
ORD-P010232,CUST-0232,2026-10-05 12:00:00,12.31,EUR,CREATED,region-10232,web
ORD-P010233,CUST-0233,2026-10-05 12:00:00,12.32,EUR,CREATED,region-10233,web
ORD-P010234,CUST-0234,2026-10-05 12:00:00,12.33,EUR,CREATED,region-10234,web
ORD-P010235,CUST-0235,2026-10-05 12:00:00,12.34,EUR,CREATED,region-10235,web
ORD-P010236,CUST-0236,2026-10-05 12:00:00,12.35,EUR,CREATED,region-10236,web
ORD-P010237,CUST-0237,2026-10-05 12:00:00,12.36,EUR,CREATED,region-10237,web
ORD-P010238,CUST-0238,2026-10-05 12:00:00,12.37,EUR,CREATED,region-10238,web
ORD-P010239,CUST-0239,2026-10-05 12:00:00,12.38,EUR,CREATED,region-10239,web
ORD-P010240,CUST-0240,2026-10-05 12:00:00,12.39,EUR,CREATED,region-10240,web
ORD-P010241,CUST-0241,2026-10-05 12:00:00,12.40,EUR,CREATED,region-10241,web
ORD-P010242,CUST-0242,2026-10-05 12:00:00,12.41,EUR,CREATED,region-10242,web
ORD-P010243,CUST-0243,2026-10-05 12:00:00,12.42,EUR,CREATED,region-10243,web
ORD-P010244,CUST-0244,2026-10-05 12:00:00,12.43,EUR,CREATED,region-10244,web
ORD-P010245,CUST-0245,2026-10-05 12:00:00,12.44,EUR,CREATED,region-10245,web
ORD-P010246,CUST-0246,2026-10-05 12:00:00,12.45,EUR,CREATED,region-10246,web
ORD-P010247,CUST-0247,2026-10-05 12:00:00,12.46,EUR,CREATED,region-10247,web
ORD-P010248,CUST-0248,2026-10-05 12:00:00,12.47,EUR,CREATED,region-10248,web
ORD-P010249,CUST-0249,2026-10-05 12:00:00,12.48,EUR,CREATED,region-10249,web
ORD-P010250,CUST-0250,2026-10-05 12:00:00,12.49,EUR,CREATED,region-10250,web
ORD-P010251,CUST-0251,2026-10-05 12:00:00,12.50,EUR,CREATED,region-10251,web
ORD-P010252,CUST-0252,2026-10-05 12:00:00,12.51,EUR,CREATED,region-10252,web
ORD-P010253,CUST-0253,2026-10-05 12:00:00,12.52,EUR,CREATED,region-10253,web
ORD-P010254,CUST-0254,2026-10-05 12:00:00,12.53,EUR,CREATED,region-10254,web
ORD-P010255,CUST-0255,2026-10-05 12:00:00,12.54,EUR,CREATED,region-10255,web
ORD-P010256,CUST-0256,2026-10-05 12:00:00,12.55,EUR,CREATED,region-10256,web
ORD-P010257,CUST-0257,2026-10-05 12:00:00,12.56,EUR,CREATED,region-10257,web
ORD-P010258,CUST-0258,2026-10-05 12:00:00,12.57,EUR,CREATED,region-10258,web
ORD-P010259,CUST-0259,2026-10-05 12:00:00,12.58,EUR,CREATED,region-10259,web
ORD-P010260,CUST-0260,2026-10-05 12:00:00,12.59,EUR,CREATED,region-10260,web
ORD-P010261,CUST-0261,2026-10-05 12:00:00,12.60,EUR,CREATED,region-10261,web
ORD-P010262,CUST-0262,2026-10-05 12:00:00,12.61,EUR,CREATED,region-10262,web
ORD-P010263,CUST-0263,2026-10-05 12:00:00,12.62,EUR,CREATED,region-10263,web
ORD-P010264,CUST-0264,2026-10-05 12:00:00,12.63,EUR,CREATED,region-10264,web
ORD-P010265,CUST-0265,2026-10-05 12:00:00,12.64,EUR,CREATED,region-10265,web
ORD-P010266,CUST-0266,2026-10-05 12:00:00,12.65,EUR,CREATED,region-10266,web
ORD-P010267,CUST-0267,2026-10-05 12:00:00,12.66,EUR,CREATED,region-10267,web
ORD-P010268,CUST-0268,2026-10-05 12:00:00,12.67,EUR,CREATED,region-10268,web
ORD-P010269,CUST-0269,2026-10-05 12:00:00,12.68,EUR,CREATED,region-10269,web
ORD-P010270,CUST-0270,2026-10-05 12:00:00,12.69,EUR,CREATED,region-10270,web
ORD-P010271,CUST-0271,2026-10-05 12:00:00,12.70,EUR,CREATED,region-10271,web
ORD-P010272,CUST-0272,2026-10-05 12:00:00,12.71,EUR,CREATED,region-10272,web
ORD-P010273,CUST-0273,2026-10-05 12:00:00,12.72,EUR,CREATED,region-10273,web
ORD-P010274,CUST-0274,2026-10-05 12:00:00,12.73,EUR,CREATED,region-10274,web
ORD-P010275,CUST-0275,2026-10-05 12:00:00,12.74,EUR,CREATED,region-10275,web
ORD-P010276,CUST-0276,2026-10-05 12:00:00,12.75,EUR,CREATED,region-10276,web
ORD-P010277,CUST-0277,2026-10-05 12:00:00,12.76,EUR,CREATED,region-10277,web
ORD-P010278,CUST-0278,2026-10-05 12:00:00,12.77,EUR,CREATED,region-10278,web
ORD-P010279,CUST-0279,2026-10-05 12:00:00,12.78,EUR,CREATED,region-10279,web
ORD-P010280,CUST-0280,2026-10-05 12:00:00,12.79,EUR,CREATED,region-10280,web
ORD-P010281,CUST-0281,2026-10-05 12:00:00,12.80,EUR,CREATED,region-10281,web
ORD-P010282,CUST-0282,2026-10-05 12:00:00,12.81,EUR,CREATED,region-10282,web
ORD-P010283,CUST-0283,2026-10-05 12:00:00,12.82,EUR,CREATED,region-10283,web
ORD-P010284,CUST-0284,2026-10-05 12:00:00,12.83,EUR,CREATED,region-10284,web
ORD-P010285,CUST-0285,2026-10-05 12:00:00,12.84,EUR,CREATED,region-10285,web
ORD-P010286,CUST-0286,2026-10-05 12:00:00,12.85,EUR,CREATED,region-10286,web
ORD-P010287,CUST-0287,2026-10-05 12:00:00,12.86,EUR,CREATED,region-10287,web
ORD-P010288,CUST-0288,2026-10-05 12:00:00,12.87,EUR,CREATED,region-10288,web
ORD-P010289,CUST-0289,2026-10-05 12:00:00,12.88,EUR,CREATED,region-10289,web
ORD-P010290,CUST-0290,2026-10-05 12:00:00,12.89,EUR,CREATED,region-10290,web
ORD-P010291,CUST-0291,2026-10-05 12:00:00,12.90,EUR,CREATED,region-10291,web
ORD-P010292,CUST-0292,2026-10-05 12:00:00,12.91,EUR,CREATED,region-10292,web
ORD-P010293,CUST-0293,2026-10-05 12:00:00,12.92,EUR,CREATED,region-10293,web
ORD-P010294,CUST-0294,2026-10-05 12:00:00,12.93,EUR,CREATED,region-10294,web
ORD-P010295,CUST-0295,2026-10-05 12:00:00,12.94,EUR,CREATED,region-10295,web
ORD-P010296,CUST-0296,2026-10-05 12:00:00,12.95,EUR,CREATED,region-10296,web
ORD-P010297,CUST-0297,2026-10-05 12:00:00,12.96,EUR,CREATED,region-10297,web
ORD-P010298,CUST-0298,2026-10-05 12:00:00,12.97,EUR,CREATED,region-10298,web
ORD-P010299,CUST-0299,2026-10-05 12:00:00,12.98,EUR,CREATED,region-10299,web
ORD-P010300,CUST-0300,2026-10-05 12:00:00,12.99,EUR,CREATED,region-10300,web
ORD-P010301,CUST-0301,2026-10-05 12:00:00,13.00,EUR,CREATED,region-10301,web
ORD-P010302,CUST-0302,2026-10-05 12:00:00,13.01,EUR,CREATED,region-10302,web
ORD-P010303,CUST-0303,2026-10-05 12:00:00,13.02,EUR,CREATED,region-10303,web
ORD-P010304,CUST-0304,2026-10-05 12:00:00,13.03,EUR,CREATED,region-10304,web
ORD-P010305,CUST-0305,2026-10-05 12:00:00,13.04,EUR,CREATED,region-10305,web
ORD-P010306,CUST-0306,2026-10-05 12:00:00,13.05,EUR,CREATED,region-10306,web
ORD-P010307,CUST-0307,2026-10-05 12:00:00,13.06,EUR,CREATED,region-10307,web
ORD-P010308,CUST-0308,2026-10-05 12:00:00,13.07,EUR,CREATED,region-10308,web
ORD-P010309,CUST-0309,2026-10-05 12:00:00,13.08,EUR,CREATED,region-10309,web
ORD-P010310,CUST-0310,2026-10-05 12:00:00,13.09,EUR,CREATED,region-10310,web
ORD-P010311,CUST-0311,2026-10-05 12:00:00,13.10,EUR,CREATED,region-10311,web
ORD-P010312,CUST-0312,2026-10-05 12:00:00,13.11,EUR,CREATED,region-10312,web
ORD-P010313,CUST-0313,2026-10-05 12:00:00,13.12,EUR,CREATED,region-10313,web
ORD-P010314,CUST-0314,2026-10-05 12:00:00,13.13,EUR,CREATED,region-10314,web
ORD-P010315,CUST-0315,2026-10-05 12:00:00,13.14,EUR,CREATED,region-10315,web
ORD-P010316,CUST-0316,2026-10-05 12:00:00,13.15,EUR,CREATED,region-10316,web
ORD-P010317,CUST-0317,2026-10-05 12:00:00,13.16,EUR,CREATED,region-10317,web
ORD-P010318,CUST-0318,2026-10-05 12:00:00,13.17,EUR,CREATED,region-10318,web
ORD-P010319,CUST-0319,2026-10-05 12:00:00,13.18,EUR,CREATED,region-10319,web
ORD-P010320,CUST-0320,2026-10-05 12:00:00,13.19,EUR,CREATED,region-10320,web
ORD-P010321,CUST-0321,2026-10-05 12:00:00,13.20,EUR,CREATED,region-10321,web
ORD-P010322,CUST-0322,2026-10-05 12:00:00,13.21,EUR,CREATED,region-10322,web
ORD-P010323,CUST-0323,2026-10-05 12:00:00,13.22,EUR,CREATED,region-10323,web
ORD-P010324,CUST-0324,2026-10-05 12:00:00,13.23,EUR,CREATED,region-10324,web
ORD-P010325,CUST-0325,2026-10-05 12:00:00,13.24,EUR,CREATED,region-10325,web
ORD-P010326,CUST-0326,2026-10-05 12:00:00,13.25,EUR,CREATED,region-10326,web
ORD-P010327,CUST-0327,2026-10-05 12:00:00,13.26,EUR,CREATED,region-10327,web
ORD-P010328,CUST-0328,2026-10-05 12:00:00,13.27,EUR,CREATED,region-10328,web
ORD-P010329,CUST-0329,2026-10-05 12:00:00,13.28,EUR,CREATED,region-10329,web
ORD-P010330,CUST-0330,2026-10-05 12:00:00,13.29,EUR,CREATED,region-10330,web
ORD-P010331,CUST-0331,2026-10-05 12:00:00,13.30,EUR,CREATED,region-10331,web
ORD-P010332,CUST-0332,2026-10-05 12:00:00,13.31,EUR,CREATED,region-10332,web
ORD-P010333,CUST-0333,2026-10-05 12:00:00,13.32,EUR,CREATED,region-10333,web
ORD-P010334,CUST-0334,2026-10-05 12:00:00,13.33,EUR,CREATED,region-10334,web
ORD-P010335,CUST-0335,2026-10-05 12:00:00,13.34,EUR,CREATED,region-10335,web
ORD-P010336,CUST-0336,2026-10-05 12:00:00,13.35,EUR,CREATED,region-10336,web
ORD-P010337,CUST-0337,2026-10-05 12:00:00,13.36,EUR,CREATED,region-10337,web
ORD-P010338,CUST-0338,2026-10-05 12:00:00,13.37,EUR,CREATED,region-10338,web
ORD-P010339,CUST-0339,2026-10-05 12:00:00,13.38,EUR,CREATED,region-10339,web
ORD-P010340,CUST-0340,2026-10-05 12:00:00,13.39,EUR,CREATED,region-10340,web
ORD-P010341,CUST-0341,2026-10-05 12:00:00,13.40,EUR,CREATED,region-10341,web
ORD-P010342,CUST-0342,2026-10-05 12:00:00,13.41,EUR,CREATED,region-10342,web
ORD-P010343,CUST-0343,2026-10-05 12:00:00,13.42,EUR,CREATED,region-10343,web
ORD-P010344,CUST-0344,2026-10-05 12:00:00,13.43,EUR,CREATED,region-10344,web
ORD-P010345,CUST-0345,2026-10-05 12:00:00,13.44,EUR,CREATED,region-10345,web
ORD-P010346,CUST-0346,2026-10-05 12:00:00,13.45,EUR,CREATED,region-10346,web
ORD-P010347,CUST-0347,2026-10-05 12:00:00,13.46,EUR,CREATED,region-10347,web
ORD-P010348,CUST-0348,2026-10-05 12:00:00,13.47,EUR,CREATED,region-10348,web
ORD-P010349,CUST-0349,2026-10-05 12:00:00,13.48,EUR,CREATED,region-10349,web
ORD-P010350,CUST-0350,2026-10-05 12:00:00,13.49,EUR,CREATED,region-10350,web
ORD-P010351,CUST-0351,2026-10-05 12:00:00,13.50,EUR,CREATED,region-10351,web
ORD-P010352,CUST-0352,2026-10-05 12:00:00,13.51,EUR,CREATED,region-10352,web
ORD-P010353,CUST-0353,2026-10-05 12:00:00,13.52,EUR,CREATED,region-10353,web
ORD-P010354,CUST-0354,2026-10-05 12:00:00,13.53,EUR,CREATED,region-10354,web
ORD-P010355,CUST-0355,2026-10-05 12:00:00,13.54,EUR,CREATED,region-10355,web
ORD-P010356,CUST-0356,2026-10-05 12:00:00,13.55,EUR,CREATED,region-10356,web
ORD-P010357,CUST-0357,2026-10-05 12:00:00,13.56,EUR,CREATED,region-10357,web
ORD-P010358,CUST-0358,2026-10-05 12:00:00,13.57,EUR,CREATED,region-10358,web
ORD-P010359,CUST-0359,2026-10-05 12:00:00,13.58,EUR,CREATED,region-10359,web
ORD-P010360,CUST-0360,2026-10-05 12:00:00,13.59,EUR,CREATED,region-10360,web
ORD-P010361,CUST-0361,2026-10-05 12:00:00,13.60,EUR,CREATED,region-10361,web
ORD-P010362,CUST-0362,2026-10-05 12:00:00,13.61,EUR,CREATED,region-10362,web
ORD-P010363,CUST-0363,2026-10-05 12:00:00,13.62,EUR,CREATED,region-10363,web
ORD-P010364,CUST-0364,2026-10-05 12:00:00,13.63,EUR,CREATED,region-10364,web
ORD-P010365,CUST-0365,2026-10-05 12:00:00,13.64,EUR,CREATED,region-10365,web
ORD-P010366,CUST-0366,2026-10-05 12:00:00,13.65,EUR,CREATED,region-10366,web
ORD-P010367,CUST-0367,2026-10-05 12:00:00,13.66,EUR,CREATED,region-10367,web
ORD-P010368,CUST-0368,2026-10-05 12:00:00,13.67,EUR,CREATED,region-10368,web
ORD-P010369,CUST-0369,2026-10-05 12:00:00,13.68,EUR,CREATED,region-10369,web
ORD-P010370,CUST-0370,2026-10-05 12:00:00,13.69,EUR,CREATED,region-10370,web
ORD-P010371,CUST-0371,2026-10-05 12:00:00,13.70,EUR,CREATED,region-10371,web
ORD-P010372,CUST-0372,2026-10-05 12:00:00,13.71,EUR,CREATED,region-10372,web
ORD-P010373,CUST-0373,2026-10-05 12:00:00,13.72,EUR,CREATED,region-10373,web
ORD-P010374,CUST-0374,2026-10-05 12:00:00,13.73,EUR,CREATED,region-10374,web
ORD-P010375,CUST-0375,2026-10-05 12:00:00,13.74,EUR,CREATED,region-10375,web
ORD-P010376,CUST-0376,2026-10-05 12:00:00,13.75,EUR,CREATED,region-10376,web
ORD-P010377,CUST-0377,2026-10-05 12:00:00,13.76,EUR,CREATED,region-10377,web
ORD-P010378,CUST-0378,2026-10-05 12:00:00,13.77,EUR,CREATED,region-10378,web
ORD-P010379,CUST-0379,2026-10-05 12:00:00,13.78,EUR,CREATED,region-10379,web
ORD-P010380,CUST-0380,2026-10-05 12:00:00,13.79,EUR,CREATED,region-10380,web
ORD-P010381,CUST-0381,2026-10-05 12:00:00,13.80,EUR,CREATED,region-10381,web
ORD-P010382,CUST-0382,2026-10-05 12:00:00,13.81,EUR,CREATED,region-10382,web
ORD-P010383,CUST-0383,2026-10-05 12:00:00,13.82,EUR,CREATED,region-10383,web
ORD-P010384,CUST-0384,2026-10-05 12:00:00,13.83,EUR,CREATED,region-10384,web
ORD-P010385,CUST-0385,2026-10-05 12:00:00,13.84,EUR,CREATED,region-10385,web
ORD-P010386,CUST-0386,2026-10-05 12:00:00,13.85,EUR,CREATED,region-10386,web
ORD-P010387,CUST-0387,2026-10-05 12:00:00,13.86,EUR,CREATED,region-10387,web
ORD-P010388,CUST-0388,2026-10-05 12:00:00,13.87,EUR,CREATED,region-10388,web
ORD-P010389,CUST-0389,2026-10-05 12:00:00,13.88,EUR,CREATED,region-10389,web
ORD-P010390,CUST-0390,2026-10-05 12:00:00,13.89,EUR,CREATED,region-10390,web
ORD-P010391,CUST-0391,2026-10-05 12:00:00,13.90,EUR,CREATED,region-10391,web
ORD-P010392,CUST-0392,2026-10-05 12:00:00,13.91,EUR,CREATED,region-10392,web
ORD-P010393,CUST-0393,2026-10-05 12:00:00,13.92,EUR,CREATED,region-10393,web
ORD-P010394,CUST-0394,2026-10-05 12:00:00,13.93,EUR,CREATED,region-10394,web
ORD-P010395,CUST-0395,2026-10-05 12:00:00,13.94,EUR,CREATED,region-10395,web
ORD-P010396,CUST-0396,2026-10-05 12:00:00,13.95,EUR,CREATED,region-10396,web
ORD-P010397,CUST-0397,2026-10-05 12:00:00,13.96,EUR,CREATED,region-10397,web
ORD-P010398,CUST-0398,2026-10-05 12:00:00,13.97,EUR,CREATED,region-10398,web
ORD-P010399,CUST-0399,2026-10-05 12:00:00,13.98,EUR,CREATED,region-10399,web
ORD-P010400,CUST-0400,2026-10-05 12:00:00,13.99,EUR,CREATED,region-10400,web
ORD-P010401,CUST-0401,2026-10-05 12:00:00,14.00,EUR,CREATED,region-10401,web
ORD-P010402,CUST-0402,2026-10-05 12:00:00,14.01,EUR,CREATED,region-10402,web
ORD-P010403,CUST-0403,2026-10-05 12:00:00,14.02,EUR,CREATED,region-10403,web
ORD-P010404,CUST-0404,2026-10-05 12:00:00,14.03,EUR,CREATED,region-10404,web
ORD-P010405,CUST-0405,2026-10-05 12:00:00,14.04,EUR,CREATED,region-10405,web
ORD-P010406,CUST-0406,2026-10-05 12:00:00,14.05,EUR,CREATED,region-10406,web
ORD-P010407,CUST-0407,2026-10-05 12:00:00,14.06,EUR,CREATED,region-10407,web
ORD-P010408,CUST-0408,2026-10-05 12:00:00,14.07,EUR,CREATED,region-10408,web
ORD-P010409,CUST-0409,2026-10-05 12:00:00,14.08,EUR,CREATED,region-10409,web
ORD-P010410,CUST-0410,2026-10-05 12:00:00,14.09,EUR,CREATED,region-10410,web
ORD-P010411,CUST-0411,2026-10-05 12:00:00,14.10,EUR,CREATED,region-10411,web
ORD-P010412,CUST-0412,2026-10-05 12:00:00,14.11,EUR,CREATED,region-10412,web
ORD-P010413,CUST-0413,2026-10-05 12:00:00,14.12,EUR,CREATED,region-10413,web
ORD-P010414,CUST-0414,2026-10-05 12:00:00,14.13,EUR,CREATED,region-10414,web
ORD-P010415,CUST-0415,2026-10-05 12:00:00,14.14,EUR,CREATED,region-10415,web
ORD-P010416,CUST-0416,2026-10-05 12:00:00,14.15,EUR,CREATED,region-10416,web
ORD-P010417,CUST-0417,2026-10-05 12:00:00,14.16,EUR,CREATED,region-10417,web
ORD-P010418,CUST-0418,2026-10-05 12:00:00,14.17,EUR,CREATED,region-10418,web
ORD-P010419,CUST-0419,2026-10-05 12:00:00,14.18,EUR,CREATED,region-10419,web
ORD-P010420,CUST-0420,2026-10-05 12:00:00,14.19,EUR,CREATED,region-10420,web
ORD-P010421,CUST-0421,2026-10-05 12:00:00,14.20,EUR,CREATED,region-10421,web
ORD-P010422,CUST-0422,2026-10-05 12:00:00,14.21,EUR,CREATED,region-10422,web
ORD-P010423,CUST-0423,2026-10-05 12:00:00,14.22,EUR,CREATED,region-10423,web
ORD-P010424,CUST-0424,2026-10-05 12:00:00,14.23,EUR,CREATED,region-10424,web
ORD-P010425,CUST-0425,2026-10-05 12:00:00,14.24,EUR,CREATED,region-10425,web
ORD-P010426,CUST-0426,2026-10-05 12:00:00,14.25,EUR,CREATED,region-10426,web
ORD-P010427,CUST-0427,2026-10-05 12:00:00,14.26,EUR,CREATED,region-10427,web
ORD-P010428,CUST-0428,2026-10-05 12:00:00,14.27,EUR,CREATED,region-10428,web
ORD-P010429,CUST-0429,2026-10-05 12:00:00,14.28,EUR,CREATED,region-10429,web
ORD-P010430,CUST-0430,2026-10-05 12:00:00,14.29,EUR,CREATED,region-10430,web
ORD-P010431,CUST-0431,2026-10-05 12:00:00,14.30,EUR,CREATED,region-10431,web
ORD-P010432,CUST-0432,2026-10-05 12:00:00,14.31,EUR,CREATED,region-10432,web
ORD-P010433,CUST-0433,2026-10-05 12:00:00,14.32,EUR,CREATED,region-10433,web
ORD-P010434,CUST-0434,2026-10-05 12:00:00,14.33,EUR,CREATED,region-10434,web
ORD-P010435,CUST-0435,2026-10-05 12:00:00,14.34,EUR,CREATED,region-10435,web
ORD-P010436,CUST-0436,2026-10-05 12:00:00,14.35,EUR,CREATED,region-10436,web
ORD-P010437,CUST-0437,2026-10-05 12:00:00,14.36,EUR,CREATED,region-10437,web
ORD-P010438,CUST-0438,2026-10-05 12:00:00,14.37,EUR,CREATED,region-10438,web
ORD-P010439,CUST-0439,2026-10-05 12:00:00,14.38,EUR,CREATED,region-10439,web
ORD-P010440,CUST-0440,2026-10-05 12:00:00,14.39,EUR,CREATED,region-10440,web
ORD-P010441,CUST-0441,2026-10-05 12:00:00,14.40,EUR,CREATED,region-10441,web
ORD-P010442,CUST-0442,2026-10-05 12:00:00,14.41,EUR,CREATED,region-10442,web
ORD-P010443,CUST-0443,2026-10-05 12:00:00,14.42,EUR,CREATED,region-10443,web
ORD-P010444,CUST-0444,2026-10-05 12:00:00,14.43,EUR,CREATED,region-10444,web
ORD-P010445,CUST-0445,2026-10-05 12:00:00,14.44,EUR,CREATED,region-10445,web
ORD-P010446,CUST-0446,2026-10-05 12:00:00,14.45,EUR,CREATED,region-10446,web
ORD-P010447,CUST-0447,2026-10-05 12:00:00,14.46,EUR,CREATED,region-10447,web
ORD-P010448,CUST-0448,2026-10-05 12:00:00,14.47,EUR,CREATED,region-10448,web
ORD-P010449,CUST-0449,2026-10-05 12:00:00,14.48,EUR,CREATED,region-10449,web
ORD-P010450,CUST-0450,2026-10-05 12:00:00,14.49,EUR,CREATED,region-10450,web
ORD-P010451,CUST-0451,2026-10-05 12:00:00,14.50,EUR,CREATED,region-10451,web
ORD-P010452,CUST-0452,2026-10-05 12:00:00,14.51,EUR,CREATED,region-10452,web
ORD-P010453,CUST-0453,2026-10-05 12:00:00,14.52,EUR,CREATED,region-10453,web
ORD-P010454,CUST-0454,2026-10-05 12:00:00,14.53,EUR,CREATED,region-10454,web
ORD-P010455,CUST-0455,2026-10-05 12:00:00,14.54,EUR,CREATED,region-10455,web
ORD-P010456,CUST-0456,2026-10-05 12:00:00,14.55,EUR,CREATED,region-10456,web
ORD-P010457,CUST-0457,2026-10-05 12:00:00,14.56,EUR,CREATED,region-10457,web
ORD-P010458,CUST-0458,2026-10-05 12:00:00,14.57,EUR,CREATED,region-10458,web
ORD-P010459,CUST-0459,2026-10-05 12:00:00,14.58,EUR,CREATED,region-10459,web
ORD-P010460,CUST-0460,2026-10-05 12:00:00,14.59,EUR,CREATED,region-10460,web
ORD-P010461,CUST-0461,2026-10-05 12:00:00,14.60,EUR,CREATED,region-10461,web
ORD-P010462,CUST-0462,2026-10-05 12:00:00,14.61,EUR,CREATED,region-10462,web
ORD-P010463,CUST-0463,2026-10-05 12:00:00,14.62,EUR,CREATED,region-10463,web
ORD-P010464,CUST-0464,2026-10-05 12:00:00,14.63,EUR,CREATED,region-10464,web
ORD-P010465,CUST-0465,2026-10-05 12:00:00,14.64,EUR,CREATED,region-10465,web
ORD-P010466,CUST-0466,2026-10-05 12:00:00,14.65,EUR,CREATED,region-10466,web
ORD-P010467,CUST-0467,2026-10-05 12:00:00,14.66,EUR,CREATED,region-10467,web
ORD-P010468,CUST-0468,2026-10-05 12:00:00,14.67,EUR,CREATED,region-10468,web
ORD-P010469,CUST-0469,2026-10-05 12:00:00,14.68,EUR,CREATED,region-10469,web
ORD-P010470,CUST-0470,2026-10-05 12:00:00,14.69,EUR,CREATED,region-10470,web
ORD-P010471,CUST-0471,2026-10-05 12:00:00,14.70,EUR,CREATED,region-10471,web
ORD-P010472,CUST-0472,2026-10-05 12:00:00,14.71,EUR,CREATED,region-10472,web
ORD-P010473,CUST-0473,2026-10-05 12:00:00,14.72,EUR,CREATED,region-10473,web
ORD-P010474,CUST-0474,2026-10-05 12:00:00,14.73,EUR,CREATED,region-10474,web
ORD-P010475,CUST-0475,2026-10-05 12:00:00,14.74,EUR,CREATED,region-10475,web
ORD-P010476,CUST-0476,2026-10-05 12:00:00,14.75,EUR,CREATED,region-10476,web
ORD-P010477,CUST-0477,2026-10-05 12:00:00,14.76,EUR,CREATED,region-10477,web
ORD-P010478,CUST-0478,2026-10-05 12:00:00,14.77,EUR,CREATED,region-10478,web
ORD-P010479,CUST-0479,2026-10-05 12:00:00,14.78,EUR,CREATED,region-10479,web
ORD-P010480,CUST-0480,2026-10-05 12:00:00,14.79,EUR,CREATED,region-10480,web
ORD-P010481,CUST-0481,2026-10-05 12:00:00,14.80,EUR,CREATED,region-10481,web
ORD-P010482,CUST-0482,2026-10-05 12:00:00,14.81,EUR,CREATED,region-10482,web
ORD-P010483,CUST-0483,2026-10-05 12:00:00,14.82,EUR,CREATED,region-10483,web
ORD-P010484,CUST-0484,2026-10-05 12:00:00,14.83,EUR,CREATED,region-10484,web
ORD-P010485,CUST-0485,2026-10-05 12:00:00,14.84,EUR,CREATED,region-10485,web
ORD-P010486,CUST-0486,2026-10-05 12:00:00,14.85,EUR,CREATED,region-10486,web
ORD-P010487,CUST-0487,2026-10-05 12:00:00,14.86,EUR,CREATED,region-10487,web
ORD-P010488,CUST-0488,2026-10-05 12:00:00,14.87,EUR,CREATED,region-10488,web
ORD-P010489,CUST-0489,2026-10-05 12:00:00,14.88,EUR,CREATED,region-10489,web
ORD-P010490,CUST-0490,2026-10-05 12:00:00,14.89,EUR,CREATED,region-10490,web
ORD-P010491,CUST-0491,2026-10-05 12:00:00,14.90,EUR,CREATED,region-10491,web
ORD-P010492,CUST-0492,2026-10-05 12:00:00,14.91,EUR,CREATED,region-10492,web
ORD-P010493,CUST-0493,2026-10-05 12:00:00,14.92,EUR,CREATED,region-10493,web
ORD-P010494,CUST-0494,2026-10-05 12:00:00,14.93,EUR,CREATED,region-10494,web
ORD-P010495,CUST-0495,2026-10-05 12:00:00,14.94,EUR,CREATED,region-10495,web
ORD-P010496,CUST-0496,2026-10-05 12:00:00,14.95,EUR,CREATED,region-10496,web
ORD-P010497,CUST-0497,2026-10-05 12:00:00,14.96,EUR,CREATED,region-10497,web
ORD-P010498,CUST-0498,2026-10-05 12:00:00,14.97,EUR,CREATED,region-10498,web
ORD-P010499,CUST-0499,2026-10-05 12:00:00,14.98,EUR,CREATED,region-10499,web
ORD-P010500,CUST-0500,2026-10-05 12:00:00,14.99,EUR,CREATED,region-10500,web
ORD-P010501,CUST-0501,2026-10-05 12:00:00,15.00,EUR,CREATED,region-10501,web
ORD-P010502,CUST-0502,2026-10-05 12:00:00,15.01,EUR,CREATED,region-10502,web
ORD-P010503,CUST-0503,2026-10-05 12:00:00,15.02,EUR,CREATED,region-10503,web
ORD-P010504,CUST-0504,2026-10-05 12:00:00,15.03,EUR,CREATED,region-10504,web
ORD-P010505,CUST-0505,2026-10-05 12:00:00,15.04,EUR,CREATED,region-10505,web
ORD-P010506,CUST-0506,2026-10-05 12:00:00,15.05,EUR,CREATED,region-10506,web
ORD-P010507,CUST-0507,2026-10-05 12:00:00,15.06,EUR,CREATED,region-10507,web
ORD-P010508,CUST-0508,2026-10-05 12:00:00,15.07,EUR,CREATED,region-10508,web
ORD-P010509,CUST-0509,2026-10-05 12:00:00,15.08,EUR,CREATED,region-10509,web
ORD-P010510,CUST-0510,2026-10-05 12:00:00,15.09,EUR,CREATED,region-10510,web
ORD-P010511,CUST-0511,2026-10-05 12:00:00,15.10,EUR,CREATED,region-10511,web
ORD-P010512,CUST-0512,2026-10-05 12:00:00,15.11,EUR,CREATED,region-10512,web
ORD-P010513,CUST-0513,2026-10-05 12:00:00,15.12,EUR,CREATED,region-10513,web
ORD-P010514,CUST-0514,2026-10-05 12:00:00,15.13,EUR,CREATED,region-10514,web
ORD-P010515,CUST-0515,2026-10-05 12:00:00,15.14,EUR,CREATED,region-10515,web
ORD-P010516,CUST-0516,2026-10-05 12:00:00,15.15,EUR,CREATED,region-10516,web
ORD-P010517,CUST-0517,2026-10-05 12:00:00,15.16,EUR,CREATED,region-10517,web
ORD-P010518,CUST-0518,2026-10-05 12:00:00,15.17,EUR,CREATED,region-10518,web
ORD-P010519,CUST-0519,2026-10-05 12:00:00,15.18,EUR,CREATED,region-10519,web
ORD-P010520,CUST-0520,2026-10-05 12:00:00,15.19,EUR,CREATED,region-10520,web
ORD-P010521,CUST-0521,2026-10-05 12:00:00,15.20,EUR,CREATED,region-10521,web
ORD-P010522,CUST-0522,2026-10-05 12:00:00,15.21,EUR,CREATED,region-10522,web
ORD-P010523,CUST-0523,2026-10-05 12:00:00,15.22,EUR,CREATED,region-10523,web
ORD-P010524,CUST-0524,2026-10-05 12:00:00,15.23,EUR,CREATED,region-10524,web
ORD-P010525,CUST-0525,2026-10-05 12:00:00,15.24,EUR,CREATED,region-10525,web
ORD-P010526,CUST-0526,2026-10-05 12:00:00,15.25,EUR,CREATED,region-10526,web
ORD-P010527,CUST-0527,2026-10-05 12:00:00,15.26,EUR,CREATED,region-10527,web
ORD-P010528,CUST-0528,2026-10-05 12:00:00,15.27,EUR,CREATED,region-10528,web
ORD-P010529,CUST-0529,2026-10-05 12:00:00,15.28,EUR,CREATED,region-10529,web
ORD-P010530,CUST-0530,2026-10-05 12:00:00,15.29,EUR,CREATED,region-10530,web
ORD-P010531,CUST-0531,2026-10-05 12:00:00,15.30,EUR,CREATED,region-10531,web
ORD-P010532,CUST-0532,2026-10-05 12:00:00,15.31,EUR,CREATED,region-10532,web
ORD-P010533,CUST-0533,2026-10-05 12:00:00,15.32,EUR,CREATED,region-10533,web
ORD-P010534,CUST-0534,2026-10-05 12:00:00,15.33,EUR,CREATED,region-10534,web
ORD-P010535,CUST-0535,2026-10-05 12:00:00,15.34,EUR,CREATED,region-10535,web
ORD-P010536,CUST-0536,2026-10-05 12:00:00,15.35,EUR,CREATED,region-10536,web
ORD-P010537,CUST-0537,2026-10-05 12:00:00,15.36,EUR,CREATED,region-10537,web
ORD-P010538,CUST-0538,2026-10-05 12:00:00,15.37,EUR,CREATED,region-10538,web
ORD-P010539,CUST-0539,2026-10-05 12:00:00,15.38,EUR,CREATED,region-10539,web
ORD-P010540,CUST-0540,2026-10-05 12:00:00,15.39,EUR,CREATED,region-10540,web
ORD-P010541,CUST-0541,2026-10-05 12:00:00,15.40,EUR,CREATED,region-10541,web
ORD-P010542,CUST-0542,2026-10-05 12:00:00,15.41,EUR,CREATED,region-10542,web
ORD-P010543,CUST-0543,2026-10-05 12:00:00,15.42,EUR,CREATED,region-10543,web
ORD-P010544,CUST-0544,2026-10-05 12:00:00,15.43,EUR,CREATED,region-10544,web
ORD-P010545,CUST-0545,2026-10-05 12:00:00,15.44,EUR,CREATED,region-10545,web
ORD-P010546,CUST-0546,2026-10-05 12:00:00,15.45,EUR,CREATED,region-10546,web
ORD-P010547,CUST-0547,2026-10-05 12:00:00,15.46,EUR,CREATED,region-10547,web
ORD-P010548,CUST-0548,2026-10-05 12:00:00,15.47,EUR,CREATED,region-10548,web
ORD-P010549,CUST-0549,2026-10-05 12:00:00,15.48,EUR,CREATED,region-10549,web
ORD-P010550,CUST-0550,2026-10-05 12:00:00,15.49,EUR,CREATED,region-10550,web
ORD-P010551,CUST-0551,2026-10-05 12:00:00,15.50,EUR,CREATED,region-10551,web
ORD-P010552,CUST-0552,2026-10-05 12:00:00,15.51,EUR,CREATED,region-10552,web
ORD-P010553,CUST-0553,2026-10-05 12:00:00,15.52,EUR,CREATED,region-10553,web
ORD-P010554,CUST-0554,2026-10-05 12:00:00,15.53,EUR,CREATED,region-10554,web
ORD-P010555,CUST-0555,2026-10-05 12:00:00,15.54,EUR,CREATED,region-10555,web
ORD-P010556,CUST-0556,2026-10-05 12:00:00,15.55,EUR,CREATED,region-10556,web
ORD-P010557,CUST-0557,2026-10-05 12:00:00,15.56,EUR,CREATED,region-10557,web
ORD-P010558,CUST-0558,2026-10-05 12:00:00,15.57,EUR,CREATED,region-10558,web
ORD-P010559,CUST-0559,2026-10-05 12:00:00,15.58,EUR,CREATED,region-10559,web
ORD-P010560,CUST-0560,2026-10-05 12:00:00,15.59,EUR,CREATED,region-10560,web
ORD-P010561,CUST-0561,2026-10-05 12:00:00,15.60,EUR,CREATED,region-10561,web
ORD-P010562,CUST-0562,2026-10-05 12:00:00,15.61,EUR,CREATED,region-10562,web
ORD-P010563,CUST-0563,2026-10-05 12:00:00,15.62,EUR,CREATED,region-10563,web
ORD-P010564,CUST-0564,2026-10-05 12:00:00,15.63,EUR,CREATED,region-10564,web
ORD-P010565,CUST-0565,2026-10-05 12:00:00,15.64,EUR,CREATED,region-10565,web
ORD-P010566,CUST-0566,2026-10-05 12:00:00,15.65,EUR,CREATED,region-10566,web
ORD-P010567,CUST-0567,2026-10-05 12:00:00,15.66,EUR,CREATED,region-10567,web
ORD-P010568,CUST-0568,2026-10-05 12:00:00,15.67,EUR,CREATED,region-10568,web
ORD-P010569,CUST-0569,2026-10-05 12:00:00,15.68,EUR,CREATED,region-10569,web
ORD-P010570,CUST-0570,2026-10-05 12:00:00,15.69,EUR,CREATED,region-10570,web
ORD-P010571,CUST-0571,2026-10-05 12:00:00,15.70,EUR,CREATED,region-10571,web
ORD-P010572,CUST-0572,2026-10-05 12:00:00,15.71,EUR,CREATED,region-10572,web
ORD-P010573,CUST-0573,2026-10-05 12:00:00,15.72,EUR,CREATED,region-10573,web
ORD-P010574,CUST-0574,2026-10-05 12:00:00,15.73,EUR,CREATED,region-10574,web
ORD-P010575,CUST-0575,2026-10-05 12:00:00,15.74,EUR,CREATED,region-10575,web
ORD-P010576,CUST-0576,2026-10-05 12:00:00,15.75,EUR,CREATED,region-10576,web
ORD-P010577,CUST-0577,2026-10-05 12:00:00,15.76,EUR,CREATED,region-10577,web
ORD-P010578,CUST-0578,2026-10-05 12:00:00,15.77,EUR,CREATED,region-10578,web
ORD-P010579,CUST-0579,2026-10-05 12:00:00,15.78,EUR,CREATED,region-10579,web
ORD-P010580,CUST-0580,2026-10-05 12:00:00,15.79,EUR,CREATED,region-10580,web
ORD-P010581,CUST-0581,2026-10-05 12:00:00,15.80,EUR,CREATED,region-10581,web
ORD-P010582,CUST-0582,2026-10-05 12:00:00,15.81,EUR,CREATED,region-10582,web
ORD-P010583,CUST-0583,2026-10-05 12:00:00,15.82,EUR,CREATED,region-10583,web
ORD-P010584,CUST-0584,2026-10-05 12:00:00,15.83,EUR,CREATED,region-10584,web
ORD-P010585,CUST-0585,2026-10-05 12:00:00,15.84,EUR,CREATED,region-10585,web
ORD-P010586,CUST-0586,2026-10-05 12:00:00,15.85,EUR,CREATED,region-10586,web
ORD-P010587,CUST-0587,2026-10-05 12:00:00,15.86,EUR,CREATED,region-10587,web
ORD-P010588,CUST-0588,2026-10-05 12:00:00,15.87,EUR,CREATED,region-10588,web
ORD-P010589,CUST-0589,2026-10-05 12:00:00,15.88,EUR,CREATED,region-10589,web
ORD-P010590,CUST-0590,2026-10-05 12:00:00,15.89,EUR,CREATED,region-10590,web
ORD-P010591,CUST-0591,2026-10-05 12:00:00,15.90,EUR,CREATED,region-10591,web
ORD-P010592,CUST-0592,2026-10-05 12:00:00,15.91,EUR,CREATED,region-10592,web
ORD-P010593,CUST-0593,2026-10-05 12:00:00,15.92,EUR,CREATED,region-10593,web
ORD-P010594,CUST-0594,2026-10-05 12:00:00,15.93,EUR,CREATED,region-10594,web
ORD-P010595,CUST-0595,2026-10-05 12:00:00,15.94,EUR,CREATED,region-10595,web
ORD-P010596,CUST-0596,2026-10-05 12:00:00,15.95,EUR,CREATED,region-10596,web
ORD-P010597,CUST-0597,2026-10-05 12:00:00,15.96,EUR,CREATED,region-10597,web
ORD-P010598,CUST-0598,2026-10-05 12:00:00,15.97,EUR,CREATED,region-10598,web
ORD-P010599,CUST-0599,2026-10-05 12:00:00,15.98,EUR,CREATED,region-10599,web
ORD-P010600,CUST-0600,2026-10-05 12:00:00,15.99,EUR,CREATED,region-10600,web
ORD-P010601,CUST-0601,2026-10-05 12:00:00,16.00,EUR,CREATED,region-10601,web
ORD-P010602,CUST-0602,2026-10-05 12:00:00,16.01,EUR,CREATED,region-10602,web
ORD-P010603,CUST-0603,2026-10-05 12:00:00,16.02,EUR,CREATED,region-10603,web
ORD-P010604,CUST-0604,2026-10-05 12:00:00,16.03,EUR,CREATED,region-10604,web
ORD-P010605,CUST-0605,2026-10-05 12:00:00,16.04,EUR,CREATED,region-10605,web
ORD-P010606,CUST-0606,2026-10-05 12:00:00,16.05,EUR,CREATED,region-10606,web
ORD-P010607,CUST-0607,2026-10-05 12:00:00,16.06,EUR,CREATED,region-10607,web
ORD-P010608,CUST-0608,2026-10-05 12:00:00,16.07,EUR,CREATED,region-10608,web
ORD-P010609,CUST-0609,2026-10-05 12:00:00,16.08,EUR,CREATED,region-10609,web
ORD-P010610,CUST-0610,2026-10-05 12:00:00,16.09,EUR,CREATED,region-10610,web
ORD-P010611,CUST-0611,2026-10-05 12:00:00,16.10,EUR,CREATED,region-10611,web
ORD-P010612,CUST-0612,2026-10-05 12:00:00,16.11,EUR,CREATED,region-10612,web
ORD-P010613,CUST-0613,2026-10-05 12:00:00,16.12,EUR,CREATED,region-10613,web
ORD-P010614,CUST-0614,2026-10-05 12:00:00,16.13,EUR,CREATED,region-10614,web
ORD-P010615,CUST-0615,2026-10-05 12:00:00,16.14,EUR,CREATED,region-10615,web
ORD-P010616,CUST-0616,2026-10-05 12:00:00,16.15,EUR,CREATED,region-10616,web
ORD-P010617,CUST-0617,2026-10-05 12:00:00,16.16,EUR,CREATED,region-10617,web
ORD-P010618,CUST-0618,2026-10-05 12:00:00,16.17,EUR,CREATED,region-10618,web
ORD-P010619,CUST-0619,2026-10-05 12:00:00,16.18,EUR,CREATED,region-10619,web
ORD-P010620,CUST-0620,2026-10-05 12:00:00,16.19,EUR,CREATED,region-10620,web
ORD-P010621,CUST-0621,2026-10-05 12:00:00,16.20,EUR,CREATED,region-10621,web
ORD-P010622,CUST-0622,2026-10-05 12:00:00,16.21,EUR,CREATED,region-10622,web
ORD-P010623,CUST-0623,2026-10-05 12:00:00,16.22,EUR,CREATED,region-10623,web
ORD-P010624,CUST-0624,2026-10-05 12:00:00,16.23,EUR,CREATED,region-10624,web
ORD-P010625,CUST-0625,2026-10-05 12:00:00,16.24,EUR,CREATED,region-10625,web
ORD-P010626,CUST-0626,2026-10-05 12:00:00,16.25,EUR,CREATED,region-10626,web
ORD-P010627,CUST-0627,2026-10-05 12:00:00,16.26,EUR,CREATED,region-10627,web
ORD-P010628,CUST-0628,2026-10-05 12:00:00,16.27,EUR,CREATED,region-10628,web
ORD-P010629,CUST-0629,2026-10-05 12:00:00,16.28,EUR,CREATED,region-10629,web
ORD-P010630,CUST-0630,2026-10-05 12:00:00,16.29,EUR,CREATED,region-10630,web
ORD-P010631,CUST-0631,2026-10-05 12:00:00,16.30,EUR,CREATED,region-10631,web
ORD-P010632,CUST-0632,2026-10-05 12:00:00,16.31,EUR,CREATED,region-10632,web
ORD-P010633,CUST-0633,2026-10-05 12:00:00,16.32,EUR,CREATED,region-10633,web
ORD-P010634,CUST-0634,2026-10-05 12:00:00,16.33,EUR,CREATED,region-10634,web
ORD-P010635,CUST-0635,2026-10-05 12:00:00,16.34,EUR,CREATED,region-10635,web
ORD-P010636,CUST-0636,2026-10-05 12:00:00,16.35,EUR,CREATED,region-10636,web
ORD-P010637,CUST-0637,2026-10-05 12:00:00,16.36,EUR,CREATED,region-10637,web
ORD-P010638,CUST-0638,2026-10-05 12:00:00,16.37,EUR,CREATED,region-10638,web
ORD-P010639,CUST-0639,2026-10-05 12:00:00,16.38,EUR,CREATED,region-10639,web
ORD-P010640,CUST-0640,2026-10-05 12:00:00,16.39,EUR,CREATED,region-10640,web
ORD-P010641,CUST-0641,2026-10-05 12:00:00,16.40,EUR,CREATED,region-10641,web
ORD-P010642,CUST-0642,2026-10-05 12:00:00,16.41,EUR,CREATED,region-10642,web
ORD-P010643,CUST-0643,2026-10-05 12:00:00,16.42,EUR,CREATED,region-10643,web
ORD-P010644,CUST-0644,2026-10-05 12:00:00,16.43,EUR,CREATED,region-10644,web
ORD-P010645,CUST-0645,2026-10-05 12:00:00,16.44,EUR,CREATED,region-10645,web
ORD-P010646,CUST-0646,2026-10-05 12:00:00,16.45,EUR,CREATED,region-10646,web
ORD-P010647,CUST-0647,2026-10-05 12:00:00,16.46,EUR,CREATED,region-10647,web
ORD-P010648,CUST-0648,2026-10-05 12:00:00,16.47,EUR,CREATED,region-10648,web
ORD-P010649,CUST-0649,2026-10-05 12:00:00,16.48,EUR,CREATED,region-10649,web
ORD-P010650,CUST-0650,2026-10-05 12:00:00,16.49,EUR,CREATED,region-10650,web
ORD-P010651,CUST-0651,2026-10-05 12:00:00,16.50,EUR,CREATED,region-10651,web
ORD-P010652,CUST-0652,2026-10-05 12:00:00,16.51,EUR,CREATED,region-10652,web
ORD-P010653,CUST-0653,2026-10-05 12:00:00,16.52,EUR,CREATED,region-10653,web
ORD-P010654,CUST-0654,2026-10-05 12:00:00,16.53,EUR,CREATED,region-10654,web
ORD-P010655,CUST-0655,2026-10-05 12:00:00,16.54,EUR,CREATED,region-10655,web
ORD-P010656,CUST-0656,2026-10-05 12:00:00,16.55,EUR,CREATED,region-10656,web
ORD-P010657,CUST-0657,2026-10-05 12:00:00,16.56,EUR,CREATED,region-10657,web
ORD-P010658,CUST-0658,2026-10-05 12:00:00,16.57,EUR,CREATED,region-10658,web
ORD-P010659,CUST-0659,2026-10-05 12:00:00,16.58,EUR,CREATED,region-10659,web
ORD-P010660,CUST-0660,2026-10-05 12:00:00,16.59,EUR,CREATED,region-10660,web
ORD-P010661,CUST-0661,2026-10-05 12:00:00,16.60,EUR,CREATED,region-10661,web
ORD-P010662,CUST-0662,2026-10-05 12:00:00,16.61,EUR,CREATED,region-10662,web
ORD-P010663,CUST-0663,2026-10-05 12:00:00,16.62,EUR,CREATED,region-10663,web
ORD-P010664,CUST-0664,2026-10-05 12:00:00,16.63,EUR,CREATED,region-10664,web
ORD-P010665,CUST-0665,2026-10-05 12:00:00,16.64,EUR,CREATED,region-10665,web
ORD-P010666,CUST-0666,2026-10-05 12:00:00,16.65,EUR,CREATED,region-10666,web
ORD-P010667,CUST-0667,2026-10-05 12:00:00,16.66,EUR,CREATED,region-10667,web
ORD-P010668,CUST-0668,2026-10-05 12:00:00,16.67,EUR,CREATED,region-10668,web
ORD-P010669,CUST-0669,2026-10-05 12:00:00,16.68,EUR,CREATED,region-10669,web
ORD-P010670,CUST-0670,2026-10-05 12:00:00,16.69,EUR,CREATED,region-10670,web
ORD-P010671,CUST-0671,2026-10-05 12:00:00,16.70,EUR,CREATED,region-10671,web
ORD-P010672,CUST-0672,2026-10-05 12:00:00,16.71,EUR,CREATED,region-10672,web
ORD-P010673,CUST-0673,2026-10-05 12:00:00,16.72,EUR,CREATED,region-10673,web
ORD-P010674,CUST-0674,2026-10-05 12:00:00,16.73,EUR,CREATED,region-10674,web
ORD-P010675,CUST-0675,2026-10-05 12:00:00,16.74,EUR,CREATED,region-10675,web
ORD-P010676,CUST-0676,2026-10-05 12:00:00,16.75,EUR,CREATED,region-10676,web
ORD-P010677,CUST-0677,2026-10-05 12:00:00,16.76,EUR,CREATED,region-10677,web
ORD-P010678,CUST-0678,2026-10-05 12:00:00,16.77,EUR,CREATED,region-10678,web
ORD-P010679,CUST-0679,2026-10-05 12:00:00,16.78,EUR,CREATED,region-10679,web
ORD-P010680,CUST-0680,2026-10-05 12:00:00,16.79,EUR,CREATED,region-10680,web
ORD-P010681,CUST-0681,2026-10-05 12:00:00,16.80,EUR,CREATED,region-10681,web
ORD-P010682,CUST-0682,2026-10-05 12:00:00,16.81,EUR,CREATED,region-10682,web
ORD-P010683,CUST-0683,2026-10-05 12:00:00,16.82,EUR,CREATED,region-10683,web
ORD-P010684,CUST-0684,2026-10-05 12:00:00,16.83,EUR,CREATED,region-10684,web
ORD-P010685,CUST-0685,2026-10-05 12:00:00,16.84,EUR,CREATED,region-10685,web
ORD-P010686,CUST-0686,2026-10-05 12:00:00,16.85,EUR,CREATED,region-10686,web
ORD-P010687,CUST-0687,2026-10-05 12:00:00,16.86,EUR,CREATED,region-10687,web
ORD-P010688,CUST-0688,2026-10-05 12:00:00,16.87,EUR,CREATED,region-10688,web
ORD-P010689,CUST-0689,2026-10-05 12:00:00,16.88,EUR,CREATED,region-10689,web
ORD-P010690,CUST-0690,2026-10-05 12:00:00,16.89,EUR,CREATED,region-10690,web
ORD-P010691,CUST-0691,2026-10-05 12:00:00,16.90,EUR,CREATED,region-10691,web
ORD-P010692,CUST-0692,2026-10-05 12:00:00,16.91,EUR,CREATED,region-10692,web
ORD-P010693,CUST-0693,2026-10-05 12:00:00,16.92,EUR,CREATED,region-10693,web
ORD-P010694,CUST-0694,2026-10-05 12:00:00,16.93,EUR,CREATED,region-10694,web
ORD-P010695,CUST-0695,2026-10-05 12:00:00,16.94,EUR,CREATED,region-10695,web
ORD-P010696,CUST-0696,2026-10-05 12:00:00,16.95,EUR,CREATED,region-10696,web
ORD-P010697,CUST-0697,2026-10-05 12:00:00,16.96,EUR,CREATED,region-10697,web
ORD-P010698,CUST-0698,2026-10-05 12:00:00,16.97,EUR,CREATED,region-10698,web
ORD-P010699,CUST-0699,2026-10-05 12:00:00,16.98,EUR,CREATED,region-10699,web
ORD-P010700,CUST-0700,2026-10-05 12:00:00,16.99,EUR,CREATED,region-10700,web
ORD-P010701,CUST-0701,2026-10-05 12:00:00,17.00,EUR,CREATED,region-10701,web
ORD-P010702,CUST-0702,2026-10-05 12:00:00,17.01,EUR,CREATED,region-10702,web
ORD-P010703,CUST-0703,2026-10-05 12:00:00,17.02,EUR,CREATED,region-10703,web
ORD-P010704,CUST-0704,2026-10-05 12:00:00,17.03,EUR,CREATED,region-10704,web
ORD-P010705,CUST-0705,2026-10-05 12:00:00,17.04,EUR,CREATED,region-10705,web
ORD-P010706,CUST-0706,2026-10-05 12:00:00,17.05,EUR,CREATED,region-10706,web
ORD-P010707,CUST-0707,2026-10-05 12:00:00,17.06,EUR,CREATED,region-10707,web
ORD-P010708,CUST-0708,2026-10-05 12:00:00,17.07,EUR,CREATED,region-10708,web
ORD-P010709,CUST-0709,2026-10-05 12:00:00,17.08,EUR,CREATED,region-10709,web
ORD-P010710,CUST-0710,2026-10-05 12:00:00,17.09,EUR,CREATED,region-10710,web
ORD-P010711,CUST-0711,2026-10-05 12:00:00,17.10,EUR,CREATED,region-10711,web
ORD-P010712,CUST-0712,2026-10-05 12:00:00,17.11,EUR,CREATED,region-10712,web
ORD-P010713,CUST-0713,2026-10-05 12:00:00,17.12,EUR,CREATED,region-10713,web
ORD-P010714,CUST-0714,2026-10-05 12:00:00,17.13,EUR,CREATED,region-10714,web
ORD-P010715,CUST-0715,2026-10-05 12:00:00,17.14,EUR,CREATED,region-10715,web
ORD-P010716,CUST-0716,2026-10-05 12:00:00,17.15,EUR,CREATED,region-10716,web
ORD-P010717,CUST-0717,2026-10-05 12:00:00,17.16,EUR,CREATED,region-10717,web
ORD-P010718,CUST-0718,2026-10-05 12:00:00,17.17,EUR,CREATED,region-10718,web
ORD-P010719,CUST-0719,2026-10-05 12:00:00,17.18,EUR,CREATED,region-10719,web
ORD-P010720,CUST-0720,2026-10-05 12:00:00,17.19,EUR,CREATED,region-10720,web
ORD-P010721,CUST-0721,2026-10-05 12:00:00,17.20,EUR,CREATED,region-10721,web
ORD-P010722,CUST-0722,2026-10-05 12:00:00,17.21,EUR,CREATED,region-10722,web
ORD-P010723,CUST-0723,2026-10-05 12:00:00,17.22,EUR,CREATED,region-10723,web
ORD-P010724,CUST-0724,2026-10-05 12:00:00,17.23,EUR,CREATED,region-10724,web
ORD-P010725,CUST-0725,2026-10-05 12:00:00,17.24,EUR,CREATED,region-10725,web
ORD-P010726,CUST-0726,2026-10-05 12:00:00,17.25,EUR,CREATED,region-10726,web
ORD-P010727,CUST-0727,2026-10-05 12:00:00,17.26,EUR,CREATED,region-10727,web
ORD-P010728,CUST-0728,2026-10-05 12:00:00,17.27,EUR,CREATED,region-10728,web
ORD-P010729,CUST-0729,2026-10-05 12:00:00,17.28,EUR,CREATED,region-10729,web
ORD-P010730,CUST-0730,2026-10-05 12:00:00,17.29,EUR,CREATED,region-10730,web
ORD-P010731,CUST-0731,2026-10-05 12:00:00,17.30,EUR,CREATED,region-10731,web
ORD-P010732,CUST-0732,2026-10-05 12:00:00,17.31,EUR,CREATED,region-10732,web
ORD-P010733,CUST-0733,2026-10-05 12:00:00,17.32,EUR,CREATED,region-10733,web
ORD-P010734,CUST-0734,2026-10-05 12:00:00,17.33,EUR,CREATED,region-10734,web
ORD-P010735,CUST-0735,2026-10-05 12:00:00,17.34,EUR,CREATED,region-10735,web
ORD-P010736,CUST-0736,2026-10-05 12:00:00,17.35,EUR,CREATED,region-10736,web
ORD-P010737,CUST-0737,2026-10-05 12:00:00,17.36,EUR,CREATED,region-10737,web
ORD-P010738,CUST-0738,2026-10-05 12:00:00,17.37,EUR,CREATED,region-10738,web
ORD-P010739,CUST-0739,2026-10-05 12:00:00,17.38,EUR,CREATED,region-10739,web
ORD-P010740,CUST-0740,2026-10-05 12:00:00,17.39,EUR,CREATED,region-10740,web
ORD-P010741,CUST-0741,2026-10-05 12:00:00,17.40,EUR,CREATED,region-10741,web
ORD-P010742,CUST-0742,2026-10-05 12:00:00,17.41,EUR,CREATED,region-10742,web
ORD-P010743,CUST-0743,2026-10-05 12:00:00,17.42,EUR,CREATED,region-10743,web
ORD-P010744,CUST-0744,2026-10-05 12:00:00,17.43,EUR,CREATED,region-10744,web
ORD-P010745,CUST-0745,2026-10-05 12:00:00,17.44,EUR,CREATED,region-10745,web
ORD-P010746,CUST-0746,2026-10-05 12:00:00,17.45,EUR,CREATED,region-10746,web
ORD-P010747,CUST-0747,2026-10-05 12:00:00,17.46,EUR,CREATED,region-10747,web
ORD-P010748,CUST-0748,2026-10-05 12:00:00,17.47,EUR,CREATED,region-10748,web
ORD-P010749,CUST-0749,2026-10-05 12:00:00,17.48,EUR,CREATED,region-10749,web
ORD-P010750,CUST-0750,2026-10-05 12:00:00,17.49,EUR,CREATED,region-10750,web
ORD-P010751,CUST-0751,2026-10-05 12:00:00,17.50,EUR,CREATED,region-10751,web
ORD-P010752,CUST-0752,2026-10-05 12:00:00,17.51,EUR,CREATED,region-10752,web
ORD-P010753,CUST-0753,2026-10-05 12:00:00,17.52,EUR,CREATED,region-10753,web
ORD-P010754,CUST-0754,2026-10-05 12:00:00,17.53,EUR,CREATED,region-10754,web
ORD-P010755,CUST-0755,2026-10-05 12:00:00,17.54,EUR,CREATED,region-10755,web
ORD-P010756,CUST-0756,2026-10-05 12:00:00,17.55,EUR,CREATED,region-10756,web
ORD-P010757,CUST-0757,2026-10-05 12:00:00,17.56,EUR,CREATED,region-10757,web
ORD-P010758,CUST-0758,2026-10-05 12:00:00,17.57,EUR,CREATED,region-10758,web
ORD-P010759,CUST-0759,2026-10-05 12:00:00,17.58,EUR,CREATED,region-10759,web
ORD-P010760,CUST-0760,2026-10-05 12:00:00,17.59,EUR,CREATED,region-10760,web
ORD-P010761,CUST-0761,2026-10-05 12:00:00,17.60,EUR,CREATED,region-10761,web
ORD-P010762,CUST-0762,2026-10-05 12:00:00,17.61,EUR,CREATED,region-10762,web
ORD-P010763,CUST-0763,2026-10-05 12:00:00,17.62,EUR,CREATED,region-10763,web
ORD-P010764,CUST-0764,2026-10-05 12:00:00,17.63,EUR,CREATED,region-10764,web
ORD-P010765,CUST-0765,2026-10-05 12:00:00,17.64,EUR,CREATED,region-10765,web
ORD-P010766,CUST-0766,2026-10-05 12:00:00,17.65,EUR,CREATED,region-10766,web
ORD-P010767,CUST-0767,2026-10-05 12:00:00,17.66,EUR,CREATED,region-10767,web
ORD-P010768,CUST-0768,2026-10-05 12:00:00,17.67,EUR,CREATED,region-10768,web
ORD-P010769,CUST-0769,2026-10-05 12:00:00,17.68,EUR,CREATED,region-10769,web
ORD-P010770,CUST-0770,2026-10-05 12:00:00,17.69,EUR,CREATED,region-10770,web
ORD-P010771,CUST-0771,2026-10-05 12:00:00,17.70,EUR,CREATED,region-10771,web
ORD-P010772,CUST-0772,2026-10-05 12:00:00,17.71,EUR,CREATED,region-10772,web
ORD-P010773,CUST-0773,2026-10-05 12:00:00,17.72,EUR,CREATED,region-10773,web
ORD-P010774,CUST-0774,2026-10-05 12:00:00,17.73,EUR,CREATED,region-10774,web
ORD-P010775,CUST-0775,2026-10-05 12:00:00,17.74,EUR,CREATED,region-10775,web
ORD-P010776,CUST-0776,2026-10-05 12:00:00,17.75,EUR,CREATED,region-10776,web
ORD-P010777,CUST-0777,2026-10-05 12:00:00,17.76,EUR,CREATED,region-10777,web
ORD-P010778,CUST-0778,2026-10-05 12:00:00,17.77,EUR,CREATED,region-10778,web
ORD-P010779,CUST-0779,2026-10-05 12:00:00,17.78,EUR,CREATED,region-10779,web
ORD-P010780,CUST-0780,2026-10-05 12:00:00,17.79,EUR,CREATED,region-10780,web
ORD-P010781,CUST-0781,2026-10-05 12:00:00,17.80,EUR,CREATED,region-10781,web
ORD-P010782,CUST-0782,2026-10-05 12:00:00,17.81,EUR,CREATED,region-10782,web
ORD-P010783,CUST-0783,2026-10-05 12:00:00,17.82,EUR,CREATED,region-10783,web
ORD-P010784,CUST-0784,2026-10-05 12:00:00,17.83,EUR,CREATED,region-10784,web
ORD-P010785,CUST-0785,2026-10-05 12:00:00,17.84,EUR,CREATED,region-10785,web
ORD-P010786,CUST-0786,2026-10-05 12:00:00,17.85,EUR,CREATED,region-10786,web
ORD-P010787,CUST-0787,2026-10-05 12:00:00,17.86,EUR,CREATED,region-10787,web
ORD-P010788,CUST-0788,2026-10-05 12:00:00,17.87,EUR,CREATED,region-10788,web
ORD-P010789,CUST-0789,2026-10-05 12:00:00,17.88,EUR,CREATED,region-10789,web
ORD-P010790,CUST-0790,2026-10-05 12:00:00,17.89,EUR,CREATED,region-10790,web
ORD-P010791,CUST-0791,2026-10-05 12:00:00,17.90,EUR,CREATED,region-10791,web
ORD-P010792,CUST-0792,2026-10-05 12:00:00,17.91,EUR,CREATED,region-10792,web
ORD-P010793,CUST-0793,2026-10-05 12:00:00,17.92,EUR,CREATED,region-10793,web
ORD-P010794,CUST-0794,2026-10-05 12:00:00,17.93,EUR,CREATED,region-10794,web
ORD-P010795,CUST-0795,2026-10-05 12:00:00,17.94,EUR,CREATED,region-10795,web
ORD-P010796,CUST-0796,2026-10-05 12:00:00,17.95,EUR,CREATED,region-10796,web
ORD-P010797,CUST-0797,2026-10-05 12:00:00,17.96,EUR,CREATED,region-10797,web
ORD-P010798,CUST-0798,2026-10-05 12:00:00,17.97,EUR,CREATED,region-10798,web
ORD-P010799,CUST-0799,2026-10-05 12:00:00,17.98,EUR,CREATED,region-10799,web
ORD-P010800,CUST-0800,2026-10-05 12:00:00,17.99,EUR,CREATED,region-10800,web
ORD-P010801,CUST-0801,2026-10-05 12:00:00,18.00,EUR,CREATED,region-10801,web
ORD-P010802,CUST-0802,2026-10-05 12:00:00,18.01,EUR,CREATED,region-10802,web
ORD-P010803,CUST-0803,2026-10-05 12:00:00,18.02,EUR,CREATED,region-10803,web
ORD-P010804,CUST-0804,2026-10-05 12:00:00,18.03,EUR,CREATED,region-10804,web
ORD-P010805,CUST-0805,2026-10-05 12:00:00,18.04,EUR,CREATED,region-10805,web
ORD-P010806,CUST-0806,2026-10-05 12:00:00,18.05,EUR,CREATED,region-10806,web
ORD-P010807,CUST-0807,2026-10-05 12:00:00,18.06,EUR,CREATED,region-10807,web
ORD-P010808,CUST-0808,2026-10-05 12:00:00,18.07,EUR,CREATED,region-10808,web
ORD-P010809,CUST-0809,2026-10-05 12:00:00,18.08,EUR,CREATED,region-10809,web
ORD-P010810,CUST-0810,2026-10-05 12:00:00,18.09,EUR,CREATED,region-10810,web
ORD-P010811,CUST-0811,2026-10-05 12:00:00,18.10,EUR,CREATED,region-10811,web
ORD-P010812,CUST-0812,2026-10-05 12:00:00,18.11,EUR,CREATED,region-10812,web
ORD-P010813,CUST-0813,2026-10-05 12:00:00,18.12,EUR,CREATED,region-10813,web
ORD-P010814,CUST-0814,2026-10-05 12:00:00,18.13,EUR,CREATED,region-10814,web
ORD-P010815,CUST-0815,2026-10-05 12:00:00,18.14,EUR,CREATED,region-10815,web
ORD-P010816,CUST-0816,2026-10-05 12:00:00,18.15,EUR,CREATED,region-10816,web
ORD-P010817,CUST-0817,2026-10-05 12:00:00,18.16,EUR,CREATED,region-10817,web
ORD-P010818,CUST-0818,2026-10-05 12:00:00,18.17,EUR,CREATED,region-10818,web
ORD-P010819,CUST-0819,2026-10-05 12:00:00,18.18,EUR,CREATED,region-10819,web
ORD-P010820,CUST-0820,2026-10-05 12:00:00,18.19,EUR,CREATED,region-10820,web
ORD-P010821,CUST-0821,2026-10-05 12:00:00,18.20,EUR,CREATED,region-10821,web
ORD-P010822,CUST-0822,2026-10-05 12:00:00,18.21,EUR,CREATED,region-10822,web
ORD-P010823,CUST-0823,2026-10-05 12:00:00,18.22,EUR,CREATED,region-10823,web
ORD-P010824,CUST-0824,2026-10-05 12:00:00,18.23,EUR,CREATED,region-10824,web
ORD-P010825,CUST-0825,2026-10-05 12:00:00,18.24,EUR,CREATED,region-10825,web
ORD-P010826,CUST-0826,2026-10-05 12:00:00,18.25,EUR,CREATED,region-10826,web
ORD-P010827,CUST-0827,2026-10-05 12:00:00,18.26,EUR,CREATED,region-10827,web
ORD-P010828,CUST-0828,2026-10-05 12:00:00,18.27,EUR,CREATED,region-10828,web
ORD-P010829,CUST-0829,2026-10-05 12:00:00,18.28,EUR,CREATED,region-10829,web
ORD-P010830,CUST-0830,2026-10-05 12:00:00,18.29,EUR,CREATED,region-10830,web
ORD-P010831,CUST-0831,2026-10-05 12:00:00,18.30,EUR,CREATED,region-10831,web
ORD-P010832,CUST-0832,2026-10-05 12:00:00,18.31,EUR,CREATED,region-10832,web
ORD-P010833,CUST-0833,2026-10-05 12:00:00,18.32,EUR,CREATED,region-10833,web
ORD-P010834,CUST-0834,2026-10-05 12:00:00,18.33,EUR,CREATED,region-10834,web
ORD-P010835,CUST-0835,2026-10-05 12:00:00,18.34,EUR,CREATED,region-10835,web
ORD-P010836,CUST-0836,2026-10-05 12:00:00,18.35,EUR,CREATED,region-10836,web
ORD-P010837,CUST-0837,2026-10-05 12:00:00,18.36,EUR,CREATED,region-10837,web
ORD-P010838,CUST-0838,2026-10-05 12:00:00,18.37,EUR,CREATED,region-10838,web
ORD-P010839,CUST-0839,2026-10-05 12:00:00,18.38,EUR,CREATED,region-10839,web
ORD-P010840,CUST-0840,2026-10-05 12:00:00,18.39,EUR,CREATED,region-10840,web
ORD-P010841,CUST-0841,2026-10-05 12:00:00,18.40,EUR,CREATED,region-10841,web
ORD-P010842,CUST-0842,2026-10-05 12:00:00,18.41,EUR,CREATED,region-10842,web
ORD-P010843,CUST-0843,2026-10-05 12:00:00,18.42,EUR,CREATED,region-10843,web
ORD-P010844,CUST-0844,2026-10-05 12:00:00,18.43,EUR,CREATED,region-10844,web
ORD-P010845,CUST-0845,2026-10-05 12:00:00,18.44,EUR,CREATED,region-10845,web
ORD-P010846,CUST-0846,2026-10-05 12:00:00,18.45,EUR,CREATED,region-10846,web
ORD-P010847,CUST-0847,2026-10-05 12:00:00,18.46,EUR,CREATED,region-10847,web
ORD-P010848,CUST-0848,2026-10-05 12:00:00,18.47,EUR,CREATED,region-10848,web
ORD-P010849,CUST-0849,2026-10-05 12:00:00,18.48,EUR,CREATED,region-10849,web
ORD-P010850,CUST-0850,2026-10-05 12:00:00,18.49,EUR,CREATED,region-10850,web
ORD-P010851,CUST-0851,2026-10-05 12:00:00,18.50,EUR,CREATED,region-10851,web
ORD-P010852,CUST-0852,2026-10-05 12:00:00,18.51,EUR,CREATED,region-10852,web
ORD-P010853,CUST-0853,2026-10-05 12:00:00,18.52,EUR,CREATED,region-10853,web
ORD-P010854,CUST-0854,2026-10-05 12:00:00,18.53,EUR,CREATED,region-10854,web
ORD-P010855,CUST-0855,2026-10-05 12:00:00,18.54,EUR,CREATED,region-10855,web
ORD-P010856,CUST-0856,2026-10-05 12:00:00,18.55,EUR,CREATED,region-10856,web
ORD-P010857,CUST-0857,2026-10-05 12:00:00,18.56,EUR,CREATED,region-10857,web
ORD-P010858,CUST-0858,2026-10-05 12:00:00,18.57,EUR,CREATED,region-10858,web
ORD-P010859,CUST-0859,2026-10-05 12:00:00,18.58,EUR,CREATED,region-10859,web
ORD-P010860,CUST-0860,2026-10-05 12:00:00,18.59,EUR,CREATED,region-10860,web
ORD-P010861,CUST-0861,2026-10-05 12:00:00,18.60,EUR,CREATED,region-10861,web
ORD-P010862,CUST-0862,2026-10-05 12:00:00,18.61,EUR,CREATED,region-10862,web
ORD-P010863,CUST-0863,2026-10-05 12:00:00,18.62,EUR,CREATED,region-10863,web
ORD-P010864,CUST-0864,2026-10-05 12:00:00,18.63,EUR,CREATED,region-10864,web
ORD-P010865,CUST-0865,2026-10-05 12:00:00,18.64,EUR,CREATED,region-10865,web
ORD-P010866,CUST-0866,2026-10-05 12:00:00,18.65,EUR,CREATED,region-10866,web
ORD-P010867,CUST-0867,2026-10-05 12:00:00,18.66,EUR,CREATED,region-10867,web
ORD-P010868,CUST-0868,2026-10-05 12:00:00,18.67,EUR,CREATED,region-10868,web
ORD-P010869,CUST-0869,2026-10-05 12:00:00,18.68,EUR,CREATED,region-10869,web
ORD-P010870,CUST-0870,2026-10-05 12:00:00,18.69,EUR,CREATED,region-10870,web
ORD-P010871,CUST-0871,2026-10-05 12:00:00,18.70,EUR,CREATED,region-10871,web
ORD-P010872,CUST-0872,2026-10-05 12:00:00,18.71,EUR,CREATED,region-10872,web
ORD-P010873,CUST-0873,2026-10-05 12:00:00,18.72,EUR,CREATED,region-10873,web
ORD-P010874,CUST-0874,2026-10-05 12:00:00,18.73,EUR,CREATED,region-10874,web
ORD-P010875,CUST-0875,2026-10-05 12:00:00,18.74,EUR,CREATED,region-10875,web
ORD-P010876,CUST-0876,2026-10-05 12:00:00,18.75,EUR,CREATED,region-10876,web
ORD-P010877,CUST-0877,2026-10-05 12:00:00,18.76,EUR,CREATED,region-10877,web
ORD-P010878,CUST-0878,2026-10-05 12:00:00,18.77,EUR,CREATED,region-10878,web
ORD-P010879,CUST-0879,2026-10-05 12:00:00,18.78,EUR,CREATED,region-10879,web
ORD-P010880,CUST-0880,2026-10-05 12:00:00,18.79,EUR,CREATED,region-10880,web
ORD-P010881,CUST-0881,2026-10-05 12:00:00,18.80,EUR,CREATED,region-10881,web
ORD-P010882,CUST-0882,2026-10-05 12:00:00,18.81,EUR,CREATED,region-10882,web
ORD-P010883,CUST-0883,2026-10-05 12:00:00,18.82,EUR,CREATED,region-10883,web
ORD-P010884,CUST-0884,2026-10-05 12:00:00,18.83,EUR,CREATED,region-10884,web
ORD-P010885,CUST-0885,2026-10-05 12:00:00,18.84,EUR,CREATED,region-10885,web
ORD-P010886,CUST-0886,2026-10-05 12:00:00,18.85,EUR,CREATED,region-10886,web
ORD-P010887,CUST-0887,2026-10-05 12:00:00,18.86,EUR,CREATED,region-10887,web
ORD-P010888,CUST-0888,2026-10-05 12:00:00,18.87,EUR,CREATED,region-10888,web
ORD-P010889,CUST-0889,2026-10-05 12:00:00,18.88,EUR,CREATED,region-10889,web
ORD-P010890,CUST-0890,2026-10-05 12:00:00,18.89,EUR,CREATED,region-10890,web
ORD-P010891,CUST-0891,2026-10-05 12:00:00,18.90,EUR,CREATED,region-10891,web
ORD-P010892,CUST-0892,2026-10-05 12:00:00,18.91,EUR,CREATED,region-10892,web
ORD-P010893,CUST-0893,2026-10-05 12:00:00,18.92,EUR,CREATED,region-10893,web
ORD-P010894,CUST-0894,2026-10-05 12:00:00,18.93,EUR,CREATED,region-10894,web
ORD-P010895,CUST-0895,2026-10-05 12:00:00,18.94,EUR,CREATED,region-10895,web
ORD-P010896,CUST-0896,2026-10-05 12:00:00,18.95,EUR,CREATED,region-10896,web
ORD-P010897,CUST-0897,2026-10-05 12:00:00,18.96,EUR,CREATED,region-10897,web
ORD-P010898,CUST-0898,2026-10-05 12:00:00,18.97,EUR,CREATED,region-10898,web
ORD-P010899,CUST-0899,2026-10-05 12:00:00,18.98,EUR,CREATED,region-10899,web
ORD-P010900,CUST-0900,2026-10-05 12:00:00,18.99,EUR,CREATED,region-10900,web
ORD-P010901,CUST-0901,2026-10-05 12:00:00,19.00,EUR,CREATED,region-10901,web
ORD-P010902,CUST-0902,2026-10-05 12:00:00,19.01,EUR,CREATED,region-10902,web
ORD-P010903,CUST-0903,2026-10-05 12:00:00,19.02,EUR,CREATED,region-10903,web
ORD-P010904,CUST-0904,2026-10-05 12:00:00,19.03,EUR,CREATED,region-10904,web
ORD-P010905,CUST-0905,2026-10-05 12:00:00,19.04,EUR,CREATED,region-10905,web
ORD-P010906,CUST-0906,2026-10-05 12:00:00,19.05,EUR,CREATED,region-10906,web
ORD-P010907,CUST-0907,2026-10-05 12:00:00,19.06,EUR,CREATED,region-10907,web
ORD-P010908,CUST-0908,2026-10-05 12:00:00,19.07,EUR,CREATED,region-10908,web
ORD-P010909,CUST-0909,2026-10-05 12:00:00,19.08,EUR,CREATED,region-10909,web
ORD-P010910,CUST-0910,2026-10-05 12:00:00,19.09,EUR,CREATED,region-10910,web
ORD-P010911,CUST-0911,2026-10-05 12:00:00,19.10,EUR,CREATED,region-10911,web
ORD-P010912,CUST-0912,2026-10-05 12:00:00,19.11,EUR,CREATED,region-10912,web
ORD-P010913,CUST-0913,2026-10-05 12:00:00,19.12,EUR,CREATED,region-10913,web
ORD-P010914,CUST-0914,2026-10-05 12:00:00,19.13,EUR,CREATED,region-10914,web
ORD-P010915,CUST-0915,2026-10-05 12:00:00,19.14,EUR,CREATED,region-10915,web
ORD-P010916,CUST-0916,2026-10-05 12:00:00,19.15,EUR,CREATED,region-10916,web
ORD-P010917,CUST-0917,2026-10-05 12:00:00,19.16,EUR,CREATED,region-10917,web
ORD-P010918,CUST-0918,2026-10-05 12:00:00,19.17,EUR,CREATED,region-10918,web
ORD-P010919,CUST-0919,2026-10-05 12:00:00,19.18,EUR,CREATED,region-10919,web
ORD-P010920,CUST-0920,2026-10-05 12:00:00,19.19,EUR,CREATED,region-10920,web
ORD-P010921,CUST-0921,2026-10-05 12:00:00,19.20,EUR,CREATED,region-10921,web
ORD-P010922,CUST-0922,2026-10-05 12:00:00,19.21,EUR,CREATED,region-10922,web
ORD-P010923,CUST-0923,2026-10-05 12:00:00,19.22,EUR,CREATED,region-10923,web
ORD-P010924,CUST-0924,2026-10-05 12:00:00,19.23,EUR,CREATED,region-10924,web
ORD-P010925,CUST-0925,2026-10-05 12:00:00,19.24,EUR,CREATED,region-10925,web
ORD-P010926,CUST-0926,2026-10-05 12:00:00,19.25,EUR,CREATED,region-10926,web
ORD-P010927,CUST-0927,2026-10-05 12:00:00,19.26,EUR,CREATED,region-10927,web
ORD-P010928,CUST-0928,2026-10-05 12:00:00,19.27,EUR,CREATED,region-10928,web
ORD-P010929,CUST-0929,2026-10-05 12:00:00,19.28,EUR,CREATED,region-10929,web
ORD-P010930,CUST-0930,2026-10-05 12:00:00,19.29,EUR,CREATED,region-10930,web
ORD-P010931,CUST-0931,2026-10-05 12:00:00,19.30,EUR,CREATED,region-10931,web
ORD-P010932,CUST-0932,2026-10-05 12:00:00,19.31,EUR,CREATED,region-10932,web
ORD-P010933,CUST-0933,2026-10-05 12:00:00,19.32,EUR,CREATED,region-10933,web
ORD-P010934,CUST-0934,2026-10-05 12:00:00,19.33,EUR,CREATED,region-10934,web
ORD-P010935,CUST-0935,2026-10-05 12:00:00,19.34,EUR,CREATED,region-10935,web
ORD-P010936,CUST-0936,2026-10-05 12:00:00,19.35,EUR,CREATED,region-10936,web
ORD-P010937,CUST-0937,2026-10-05 12:00:00,19.36,EUR,CREATED,region-10937,web
ORD-P010938,CUST-0938,2026-10-05 12:00:00,19.37,EUR,CREATED,region-10938,web
ORD-P010939,CUST-0939,2026-10-05 12:00:00,19.38,EUR,CREATED,region-10939,web
ORD-P010940,CUST-0940,2026-10-05 12:00:00,19.39,EUR,CREATED,region-10940,web
ORD-P010941,CUST-0941,2026-10-05 12:00:00,19.40,EUR,CREATED,region-10941,web
ORD-P010942,CUST-0942,2026-10-05 12:00:00,19.41,EUR,CREATED,region-10942,web
ORD-P010943,CUST-0943,2026-10-05 12:00:00,19.42,EUR,CREATED,region-10943,web
ORD-P010944,CUST-0944,2026-10-05 12:00:00,19.43,EUR,CREATED,region-10944,web
ORD-P010945,CUST-0945,2026-10-05 12:00:00,19.44,EUR,CREATED,region-10945,web
ORD-P010946,CUST-0946,2026-10-05 12:00:00,19.45,EUR,CREATED,region-10946,web
ORD-P010947,CUST-0947,2026-10-05 12:00:00,19.46,EUR,CREATED,region-10947,web
ORD-P010948,CUST-0948,2026-10-05 12:00:00,19.47,EUR,CREATED,region-10948,web
ORD-P010949,CUST-0949,2026-10-05 12:00:00,19.48,EUR,CREATED,region-10949,web
ORD-P010950,CUST-0950,2026-10-05 12:00:00,19.49,EUR,CREATED,region-10950,web
ORD-P010951,CUST-0951,2026-10-05 12:00:00,19.50,EUR,CREATED,region-10951,web
ORD-P010952,CUST-0952,2026-10-05 12:00:00,19.51,EUR,CREATED,region-10952,web
ORD-P010953,CUST-0953,2026-10-05 12:00:00,19.52,EUR,CREATED,region-10953,web
ORD-P010954,CUST-0954,2026-10-05 12:00:00,19.53,EUR,CREATED,region-10954,web
ORD-P010955,CUST-0955,2026-10-05 12:00:00,19.54,EUR,CREATED,region-10955,web
ORD-P010956,CUST-0956,2026-10-05 12:00:00,19.55,EUR,CREATED,region-10956,web
ORD-P010957,CUST-0957,2026-10-05 12:00:00,19.56,EUR,CREATED,region-10957,web
ORD-P010958,CUST-0958,2026-10-05 12:00:00,19.57,EUR,CREATED,region-10958,web
ORD-P010959,CUST-0959,2026-10-05 12:00:00,19.58,EUR,CREATED,region-10959,web
ORD-P010960,CUST-0960,2026-10-05 12:00:00,19.59,EUR,CREATED,region-10960,web
ORD-P010961,CUST-0961,2026-10-05 12:00:00,19.60,EUR,CREATED,region-10961,web
ORD-P010962,CUST-0962,2026-10-05 12:00:00,19.61,EUR,CREATED,region-10962,web
ORD-P010963,CUST-0963,2026-10-05 12:00:00,19.62,EUR,CREATED,region-10963,web
ORD-P010964,CUST-0964,2026-10-05 12:00:00,19.63,EUR,CREATED,region-10964,web
ORD-P010965,CUST-0965,2026-10-05 12:00:00,19.64,EUR,CREATED,region-10965,web
ORD-P010966,CUST-0966,2026-10-05 12:00:00,19.65,EUR,CREATED,region-10966,web
ORD-P010967,CUST-0967,2026-10-05 12:00:00,19.66,EUR,CREATED,region-10967,web
ORD-P010968,CUST-0968,2026-10-05 12:00:00,19.67,EUR,CREATED,region-10968,web
ORD-P010969,CUST-0969,2026-10-05 12:00:00,19.68,EUR,CREATED,region-10969,web
ORD-P010970,CUST-0970,2026-10-05 12:00:00,19.69,EUR,CREATED,region-10970,web
ORD-P010971,CUST-0971,2026-10-05 12:00:00,19.70,EUR,CREATED,region-10971,web
ORD-P010972,CUST-0972,2026-10-05 12:00:00,19.71,EUR,CREATED,region-10972,web
ORD-P010973,CUST-0973,2026-10-05 12:00:00,19.72,EUR,CREATED,region-10973,web
ORD-P010974,CUST-0974,2026-10-05 12:00:00,19.73,EUR,CREATED,region-10974,web
ORD-P010975,CUST-0975,2026-10-05 12:00:00,19.74,EUR,CREATED,region-10975,web
ORD-P010976,CUST-0976,2026-10-05 12:00:00,19.75,EUR,CREATED,region-10976,web
ORD-P010977,CUST-0977,2026-10-05 12:00:00,19.76,EUR,CREATED,region-10977,web
ORD-P010978,CUST-0978,2026-10-05 12:00:00,19.77,EUR,CREATED,region-10978,web
ORD-P010979,CUST-0979,2026-10-05 12:00:00,19.78,EUR,CREATED,region-10979,web
ORD-P010980,CUST-0980,2026-10-05 12:00:00,19.79,EUR,CREATED,region-10980,web
ORD-P010981,CUST-0981,2026-10-05 12:00:00,19.80,EUR,CREATED,region-10981,web
ORD-P010982,CUST-0982,2026-10-05 12:00:00,19.81,EUR,CREATED,region-10982,web
ORD-P010983,CUST-0983,2026-10-05 12:00:00,19.82,EUR,CREATED,region-10983,web
ORD-P010984,CUST-0984,2026-10-05 12:00:00,19.83,EUR,CREATED,region-10984,web
ORD-P010985,CUST-0985,2026-10-05 12:00:00,19.84,EUR,CREATED,region-10985,web
ORD-P010986,CUST-0986,2026-10-05 12:00:00,19.85,EUR,CREATED,region-10986,web
ORD-P010987,CUST-0987,2026-10-05 12:00:00,19.86,EUR,CREATED,region-10987,web
ORD-P010988,CUST-0988,2026-10-05 12:00:00,19.87,EUR,CREATED,region-10988,web
ORD-P010989,CUST-0989,2026-10-05 12:00:00,19.88,EUR,CREATED,region-10989,web
ORD-P010990,CUST-0990,2026-10-05 12:00:00,19.89,EUR,CREATED,region-10990,web
ORD-P010991,CUST-0991,2026-10-05 12:00:00,19.90,EUR,CREATED,region-10991,web
ORD-P010992,CUST-0992,2026-10-05 12:00:00,19.91,EUR,CREATED,region-10992,web
ORD-P010993,CUST-0993,2026-10-05 12:00:00,19.92,EUR,CREATED,region-10993,web
ORD-P010994,CUST-0994,2026-10-05 12:00:00,19.93,EUR,CREATED,region-10994,web
ORD-P010995,CUST-0995,2026-10-05 12:00:00,19.94,EUR,CREATED,region-10995,web
ORD-P010996,CUST-0996,2026-10-05 12:00:00,19.95,EUR,CREATED,region-10996,web
ORD-P010997,CUST-0997,2026-10-05 12:00:00,19.96,EUR,CREATED,region-10997,web
ORD-P010998,CUST-0998,2026-10-05 12:00:00,19.97,EUR,CREATED,region-10998,web
ORD-P010999,CUST-0999,2026-10-05 12:00:00,19.98,EUR,CREATED,region-10999,web
ORD-P011000,CUST-1000,2026-10-05 12:00:00,19.99,EUR,CREATED,region-11000,web
ORD-P011001,CUST-1001,2026-10-05 12:00:00,20.00,EUR,CREATED,region-11001,web
ORD-P011002,CUST-1002,2026-10-05 12:00:00,20.01,EUR,CREATED,region-11002,web
ORD-P011003,CUST-1003,2026-10-05 12:00:00,20.02,EUR,CREATED,region-11003,web
ORD-P011004,CUST-1004,2026-10-05 12:00:00,20.03,EUR,CREATED,region-11004,web
ORD-P011005,CUST-1005,2026-10-05 12:00:00,20.04,EUR,CREATED,region-11005,web
ORD-P011006,CUST-1006,2026-10-05 12:00:00,20.05,EUR,CREATED,region-11006,web
ORD-P011007,CUST-1007,2026-10-05 12:00:00,20.06,EUR,CREATED,region-11007,web
ORD-P011008,CUST-1008,2026-10-05 12:00:00,20.07,EUR,CREATED,region-11008,web
ORD-P011009,CUST-1009,2026-10-05 12:00:00,20.08,EUR,CREATED,region-11009,web
ORD-P011010,CUST-1010,2026-10-05 12:00:00,20.09,EUR,CREATED,region-11010,web
ORD-P011011,CUST-1011,2026-10-05 12:00:00,20.10,EUR,CREATED,region-11011,web
ORD-P011012,CUST-1012,2026-10-05 12:00:00,20.11,EUR,CREATED,region-11012,web
ORD-P011013,CUST-1013,2026-10-05 12:00:00,20.12,EUR,CREATED,region-11013,web
ORD-P011014,CUST-1014,2026-10-05 12:00:00,20.13,EUR,CREATED,region-11014,web
ORD-P011015,CUST-1015,2026-10-05 12:00:00,20.14,EUR,CREATED,region-11015,web
ORD-P011016,CUST-1016,2026-10-05 12:00:00,20.15,EUR,CREATED,region-11016,web
ORD-P011017,CUST-1017,2026-10-05 12:00:00,20.16,EUR,CREATED,region-11017,web
ORD-P011018,CUST-1018,2026-10-05 12:00:00,20.17,EUR,CREATED,region-11018,web
ORD-P011019,CUST-1019,2026-10-05 12:00:00,20.18,EUR,CREATED,region-11019,web
ORD-P011020,CUST-1020,2026-10-05 12:00:00,20.19,EUR,CREATED,region-11020,web
ORD-P011021,CUST-1021,2026-10-05 12:00:00,20.20,EUR,CREATED,region-11021,web
ORD-P011022,CUST-1022,2026-10-05 12:00:00,20.21,EUR,CREATED,region-11022,web
ORD-P011023,CUST-1023,2026-10-05 12:00:00,20.22,EUR,CREATED,region-11023,web
ORD-P011024,CUST-1024,2026-10-05 12:00:00,20.23,EUR,CREATED,region-11024,web
ORD-P011025,CUST-1025,2026-10-05 12:00:00,20.24,EUR,CREATED,region-11025,web
ORD-P011026,CUST-1026,2026-10-05 12:00:00,20.25,EUR,CREATED,region-11026,web
ORD-P011027,CUST-1027,2026-10-05 12:00:00,20.26,EUR,CREATED,region-11027,web
ORD-P011028,CUST-1028,2026-10-05 12:00:00,20.27,EUR,CREATED,region-11028,web
ORD-P011029,CUST-1029,2026-10-05 12:00:00,20.28,EUR,CREATED,region-11029,web
ORD-P011030,CUST-1030,2026-10-05 12:00:00,20.29,EUR,CREATED,region-11030,web
ORD-P011031,CUST-1031,2026-10-05 12:00:00,20.30,EUR,CREATED,region-11031,web
ORD-P011032,CUST-1032,2026-10-05 12:00:00,20.31,EUR,CREATED,region-11032,web
ORD-P011033,CUST-1033,2026-10-05 12:00:00,20.32,EUR,CREATED,region-11033,web
ORD-P011034,CUST-1034,2026-10-05 12:00:00,20.33,EUR,CREATED,region-11034,web
ORD-P011035,CUST-1035,2026-10-05 12:00:00,20.34,EUR,CREATED,region-11035,web
ORD-P011036,CUST-1036,2026-10-05 12:00:00,20.35,EUR,CREATED,region-11036,web
ORD-P011037,CUST-1037,2026-10-05 12:00:00,20.36,EUR,CREATED,region-11037,web
ORD-P011038,CUST-1038,2026-10-05 12:00:00,20.37,EUR,CREATED,region-11038,web
ORD-P011039,CUST-1039,2026-10-05 12:00:00,20.38,EUR,CREATED,region-11039,web
ORD-P011040,CUST-1040,2026-10-05 12:00:00,20.39,EUR,CREATED,region-11040,web
ORD-P011041,CUST-1041,2026-10-05 12:00:00,20.40,EUR,CREATED,region-11041,web
ORD-P011042,CUST-1042,2026-10-05 12:00:00,20.41,EUR,CREATED,region-11042,web
ORD-P011043,CUST-1043,2026-10-05 12:00:00,20.42,EUR,CREATED,region-11043,web
ORD-P011044,CUST-1044,2026-10-05 12:00:00,20.43,EUR,CREATED,region-11044,web
ORD-P011045,CUST-1045,2026-10-05 12:00:00,20.44,EUR,CREATED,region-11045,web
ORD-P011046,CUST-1046,2026-10-05 12:00:00,20.45,EUR,CREATED,region-11046,web
ORD-P011047,CUST-1047,2026-10-05 12:00:00,20.46,EUR,CREATED,region-11047,web
ORD-P011048,CUST-1048,2026-10-05 12:00:00,20.47,EUR,CREATED,region-11048,web
ORD-P011049,CUST-1049,2026-10-05 12:00:00,20.48,EUR,CREATED,region-11049,web
ORD-P011050,CUST-1050,2026-10-05 12:00:00,20.49,EUR,CREATED,region-11050,web
ORD-P011051,CUST-1051,2026-10-05 12:00:00,20.50,EUR,CREATED,region-11051,web
ORD-P011052,CUST-1052,2026-10-05 12:00:00,20.51,EUR,CREATED,region-11052,web
ORD-P011053,CUST-1053,2026-10-05 12:00:00,20.52,EUR,CREATED,region-11053,web
ORD-P011054,CUST-1054,2026-10-05 12:00:00,20.53,EUR,CREATED,region-11054,web
ORD-P011055,CUST-1055,2026-10-05 12:00:00,20.54,EUR,CREATED,region-11055,web
ORD-P011056,CUST-1056,2026-10-05 12:00:00,20.55,EUR,CREATED,region-11056,web
ORD-P011057,CUST-1057,2026-10-05 12:00:00,20.56,EUR,CREATED,region-11057,web
ORD-P011058,CUST-1058,2026-10-05 12:00:00,20.57,EUR,CREATED,region-11058,web
ORD-P011059,CUST-1059,2026-10-05 12:00:00,20.58,EUR,CREATED,region-11059,web
ORD-P011060,CUST-1060,2026-10-05 12:00:00,20.59,EUR,CREATED,region-11060,web
ORD-P011061,CUST-1061,2026-10-05 12:00:00,20.60,EUR,CREATED,region-11061,web
ORD-P011062,CUST-1062,2026-10-05 12:00:00,20.61,EUR,CREATED,region-11062,web
ORD-P011063,CUST-1063,2026-10-05 12:00:00,20.62,EUR,CREATED,region-11063,web
ORD-P011064,CUST-1064,2026-10-05 12:00:00,20.63,EUR,CREATED,region-11064,web
ORD-P011065,CUST-1065,2026-10-05 12:00:00,20.64,EUR,CREATED,region-11065,web
ORD-P011066,CUST-1066,2026-10-05 12:00:00,20.65,EUR,CREATED,region-11066,web
ORD-P011067,CUST-1067,2026-10-05 12:00:00,20.66,EUR,CREATED,region-11067,web
ORD-P011068,CUST-1068,2026-10-05 12:00:00,20.67,EUR,CREATED,region-11068,web
ORD-P011069,CUST-1069,2026-10-05 12:00:00,20.68,EUR,CREATED,region-11069,web
ORD-P011070,CUST-1070,2026-10-05 12:00:00,20.69,EUR,CREATED,region-11070,web
ORD-P011071,CUST-1071,2026-10-05 12:00:00,20.70,EUR,CREATED,region-11071,web
ORD-P011072,CUST-1072,2026-10-05 12:00:00,20.71,EUR,CREATED,region-11072,web
ORD-P011073,CUST-1073,2026-10-05 12:00:00,20.72,EUR,CREATED,region-11073,web
ORD-P011074,CUST-1074,2026-10-05 12:00:00,20.73,EUR,CREATED,region-11074,web
ORD-P011075,CUST-1075,2026-10-05 12:00:00,20.74,EUR,CREATED,region-11075,web
ORD-P011076,CUST-1076,2026-10-05 12:00:00,20.75,EUR,CREATED,region-11076,web
ORD-P011077,CUST-1077,2026-10-05 12:00:00,20.76,EUR,CREATED,region-11077,web
ORD-P011078,CUST-1078,2026-10-05 12:00:00,20.77,EUR,CREATED,region-11078,web
ORD-P011079,CUST-1079,2026-10-05 12:00:00,20.78,EUR,CREATED,region-11079,web
ORD-P011080,CUST-1080,2026-10-05 12:00:00,20.79,EUR,CREATED,region-11080,web
ORD-P011081,CUST-1081,2026-10-05 12:00:00,20.80,EUR,CREATED,region-11081,web
ORD-P011082,CUST-1082,2026-10-05 12:00:00,20.81,EUR,CREATED,region-11082,web
ORD-P011083,CUST-1083,2026-10-05 12:00:00,20.82,EUR,CREATED,region-11083,web
ORD-P011084,CUST-1084,2026-10-05 12:00:00,20.83,EUR,CREATED,region-11084,web
ORD-P011085,CUST-1085,2026-10-05 12:00:00,20.84,EUR,CREATED,region-11085,web
ORD-P011086,CUST-1086,2026-10-05 12:00:00,20.85,EUR,CREATED,region-11086,web
ORD-P011087,CUST-1087,2026-10-05 12:00:00,20.86,EUR,CREATED,region-11087,web
ORD-P011088,CUST-1088,2026-10-05 12:00:00,20.87,EUR,CREATED,region-11088,web
ORD-P011089,CUST-1089,2026-10-05 12:00:00,20.88,EUR,CREATED,region-11089,web
ORD-P011090,CUST-1090,2026-10-05 12:00:00,20.89,EUR,CREATED,region-11090,web
ORD-P011091,CUST-1091,2026-10-05 12:00:00,20.90,EUR,CREATED,region-11091,web
ORD-P011092,CUST-1092,2026-10-05 12:00:00,20.91,EUR,CREATED,region-11092,web
ORD-P011093,CUST-1093,2026-10-05 12:00:00,20.92,EUR,CREATED,region-11093,web
ORD-P011094,CUST-1094,2026-10-05 12:00:00,20.93,EUR,CREATED,region-11094,web
ORD-P011095,CUST-1095,2026-10-05 12:00:00,20.94,EUR,CREATED,region-11095,web
ORD-P011096,CUST-1096,2026-10-05 12:00:00,20.95,EUR,CREATED,region-11096,web
ORD-P011097,CUST-1097,2026-10-05 12:00:00,20.96,EUR,CREATED,region-11097,web
ORD-P011098,CUST-1098,2026-10-05 12:00:00,20.97,EUR,CREATED,region-11098,web
ORD-P011099,CUST-1099,2026-10-05 12:00:00,20.98,EUR,CREATED,region-11099,web
ORD-P011100,CUST-1100,2026-10-05 12:00:00,20.99,EUR,CREATED,region-11100,web
ORD-P011101,CUST-1101,2026-10-05 12:00:00,21.00,EUR,CREATED,region-11101,web
ORD-P011102,CUST-1102,2026-10-05 12:00:00,21.01,EUR,CREATED,region-11102,web
ORD-P011103,CUST-1103,2026-10-05 12:00:00,21.02,EUR,CREATED,region-11103,web
ORD-P011104,CUST-1104,2026-10-05 12:00:00,21.03,EUR,CREATED,region-11104,web
ORD-P011105,CUST-1105,2026-10-05 12:00:00,21.04,EUR,CREATED,region-11105,web
ORD-P011106,CUST-1106,2026-10-05 12:00:00,21.05,EUR,CREATED,region-11106,web
ORD-P011107,CUST-1107,2026-10-05 12:00:00,21.06,EUR,CREATED,region-11107,web
ORD-P011108,CUST-1108,2026-10-05 12:00:00,21.07,EUR,CREATED,region-11108,web
ORD-P011109,CUST-1109,2026-10-05 12:00:00,21.08,EUR,CREATED,region-11109,web
ORD-P011110,CUST-1110,2026-10-05 12:00:00,21.09,EUR,CREATED,region-11110,web
ORD-P011111,CUST-1111,2026-10-05 12:00:00,21.10,EUR,CREATED,region-11111,web
ORD-P011112,CUST-1112,2026-10-05 12:00:00,21.11,EUR,CREATED,region-11112,web
ORD-P011113,CUST-1113,2026-10-05 12:00:00,21.12,EUR,CREATED,region-11113,web
ORD-P011114,CUST-1114,2026-10-05 12:00:00,21.13,EUR,CREATED,region-11114,web
ORD-P011115,CUST-1115,2026-10-05 12:00:00,21.14,EUR,CREATED,region-11115,web
ORD-P011116,CUST-1116,2026-10-05 12:00:00,21.15,EUR,CREATED,region-11116,web
ORD-P011117,CUST-1117,2026-10-05 12:00:00,21.16,EUR,CREATED,region-11117,web
ORD-P011118,CUST-1118,2026-10-05 12:00:00,21.17,EUR,CREATED,region-11118,web
ORD-P011119,CUST-1119,2026-10-05 12:00:00,21.18,EUR,CREATED,region-11119,web
ORD-P011120,CUST-1120,2026-10-05 12:00:00,21.19,EUR,CREATED,region-11120,web
ORD-P011121,CUST-1121,2026-10-05 12:00:00,21.20,EUR,CREATED,region-11121,web
ORD-P011122,CUST-1122,2026-10-05 12:00:00,21.21,EUR,CREATED,region-11122,web
ORD-P011123,CUST-1123,2026-10-05 12:00:00,21.22,EUR,CREATED,region-11123,web
ORD-P011124,CUST-1124,2026-10-05 12:00:00,21.23,EUR,CREATED,region-11124,web
ORD-P011125,CUST-1125,2026-10-05 12:00:00,21.24,EUR,CREATED,region-11125,web
ORD-P011126,CUST-1126,2026-10-05 12:00:00,21.25,EUR,CREATED,region-11126,web
ORD-P011127,CUST-1127,2026-10-05 12:00:00,21.26,EUR,CREATED,region-11127,web
ORD-P011128,CUST-1128,2026-10-05 12:00:00,21.27,EUR,CREATED,region-11128,web
ORD-P011129,CUST-1129,2026-10-05 12:00:00,21.28,EUR,CREATED,region-11129,web
ORD-P011130,CUST-1130,2026-10-05 12:00:00,21.29,EUR,CREATED,region-11130,web
ORD-P011131,CUST-1131,2026-10-05 12:00:00,21.30,EUR,CREATED,region-11131,web
ORD-P011132,CUST-1132,2026-10-05 12:00:00,21.31,EUR,CREATED,region-11132,web
ORD-P011133,CUST-1133,2026-10-05 12:00:00,21.32,EUR,CREATED,region-11133,web
ORD-P011134,CUST-1134,2026-10-05 12:00:00,21.33,EUR,CREATED,region-11134,web
ORD-P011135,CUST-1135,2026-10-05 12:00:00,21.34,EUR,CREATED,region-11135,web
ORD-P011136,CUST-1136,2026-10-05 12:00:00,21.35,EUR,CREATED,region-11136,web
ORD-P011137,CUST-1137,2026-10-05 12:00:00,21.36,EUR,CREATED,region-11137,web
ORD-P011138,CUST-1138,2026-10-05 12:00:00,21.37,EUR,CREATED,region-11138,web
ORD-P011139,CUST-1139,2026-10-05 12:00:00,21.38,EUR,CREATED,region-11139,web
ORD-P011140,CUST-1140,2026-10-05 12:00:00,21.39,EUR,CREATED,region-11140,web
ORD-P011141,CUST-1141,2026-10-05 12:00:00,21.40,EUR,CREATED,region-11141,web
ORD-P011142,CUST-1142,2026-10-05 12:00:00,21.41,EUR,CREATED,region-11142,web
ORD-P011143,CUST-1143,2026-10-05 12:00:00,21.42,EUR,CREATED,region-11143,web
ORD-P011144,CUST-1144,2026-10-05 12:00:00,21.43,EUR,CREATED,region-11144,web
ORD-P011145,CUST-1145,2026-10-05 12:00:00,21.44,EUR,CREATED,region-11145,web
ORD-P011146,CUST-1146,2026-10-05 12:00:00,21.45,EUR,CREATED,region-11146,web
ORD-P011147,CUST-1147,2026-10-05 12:00:00,21.46,EUR,CREATED,region-11147,web
ORD-P011148,CUST-1148,2026-10-05 12:00:00,21.47,EUR,CREATED,region-11148,web
ORD-P011149,CUST-1149,2026-10-05 12:00:00,21.48,EUR,CREATED,region-11149,web
ORD-P011150,CUST-1150,2026-10-05 12:00:00,21.49,EUR,CREATED,region-11150,web
ORD-P011151,CUST-1151,2026-10-05 12:00:00,21.50,EUR,CREATED,region-11151,web
ORD-P011152,CUST-1152,2026-10-05 12:00:00,21.51,EUR,CREATED,region-11152,web
ORD-P011153,CUST-1153,2026-10-05 12:00:00,21.52,EUR,CREATED,region-11153,web
ORD-P011154,CUST-1154,2026-10-05 12:00:00,21.53,EUR,CREATED,region-11154,web
ORD-P011155,CUST-1155,2026-10-05 12:00:00,21.54,EUR,CREATED,region-11155,web
ORD-P011156,CUST-1156,2026-10-05 12:00:00,21.55,EUR,CREATED,region-11156,web
ORD-P011157,CUST-1157,2026-10-05 12:00:00,21.56,EUR,CREATED,region-11157,web
ORD-P011158,CUST-1158,2026-10-05 12:00:00,21.57,EUR,CREATED,region-11158,web
ORD-P011159,CUST-1159,2026-10-05 12:00:00,21.58,EUR,CREATED,region-11159,web
ORD-P011160,CUST-1160,2026-10-05 12:00:00,21.59,EUR,CREATED,region-11160,web
ORD-P011161,CUST-1161,2026-10-05 12:00:00,21.60,EUR,CREATED,region-11161,web
ORD-P011162,CUST-1162,2026-10-05 12:00:00,21.61,EUR,CREATED,region-11162,web
ORD-P011163,CUST-1163,2026-10-05 12:00:00,21.62,EUR,CREATED,region-11163,web
ORD-P011164,CUST-1164,2026-10-05 12:00:00,21.63,EUR,CREATED,region-11164,web
ORD-P011165,CUST-1165,2026-10-05 12:00:00,21.64,EUR,CREATED,region-11165,web
ORD-P011166,CUST-1166,2026-10-05 12:00:00,21.65,EUR,CREATED,region-11166,web
ORD-P011167,CUST-1167,2026-10-05 12:00:00,21.66,EUR,CREATED,region-11167,web
ORD-P011168,CUST-1168,2026-10-05 12:00:00,21.67,EUR,CREATED,region-11168,web
ORD-P011169,CUST-1169,2026-10-05 12:00:00,21.68,EUR,CREATED,region-11169,web
ORD-P011170,CUST-1170,2026-10-05 12:00:00,21.69,EUR,CREATED,region-11170,web
ORD-P011171,CUST-1171,2026-10-05 12:00:00,21.70,EUR,CREATED,region-11171,web
ORD-P011172,CUST-1172,2026-10-05 12:00:00,21.71,EUR,CREATED,region-11172,web
ORD-P011173,CUST-1173,2026-10-05 12:00:00,21.72,EUR,CREATED,region-11173,web
ORD-P011174,CUST-1174,2026-10-05 12:00:00,21.73,EUR,CREATED,region-11174,web
ORD-P011175,CUST-1175,2026-10-05 12:00:00,21.74,EUR,CREATED,region-11175,web
ORD-P011176,CUST-1176,2026-10-05 12:00:00,21.75,EUR,CREATED,region-11176,web
ORD-P011177,CUST-1177,2026-10-05 12:00:00,21.76,EUR,CREATED,region-11177,web
ORD-P011178,CUST-1178,2026-10-05 12:00:00,21.77,EUR,CREATED,region-11178,web
ORD-P011179,CUST-1179,2026-10-05 12:00:00,21.78,EUR,CREATED,region-11179,web
ORD-P011180,CUST-1180,2026-10-05 12:00:00,21.79,EUR,CREATED,region-11180,web
ORD-P011181,CUST-1181,2026-10-05 12:00:00,21.80,EUR,CREATED,region-11181,web
ORD-P011182,CUST-1182,2026-10-05 12:00:00,21.81,EUR,CREATED,region-11182,web
ORD-P011183,CUST-1183,2026-10-05 12:00:00,21.82,EUR,CREATED,region-11183,web
ORD-P011184,CUST-1184,2026-10-05 12:00:00,21.83,EUR,CREATED,region-11184,web
ORD-P011185,CUST-1185,2026-10-05 12:00:00,21.84,EUR,CREATED,region-11185,web
ORD-P011186,CUST-1186,2026-10-05 12:00:00,21.85,EUR,CREATED,region-11186,web
ORD-P011187,CUST-1187,2026-10-05 12:00:00,21.86,EUR,CREATED,region-11187,web
ORD-P011188,CUST-1188,2026-10-05 12:00:00,21.87,EUR,CREATED,region-11188,web
ORD-P011189,CUST-1189,2026-10-05 12:00:00,21.88,EUR,CREATED,region-11189,web
ORD-P011190,CUST-1190,2026-10-05 12:00:00,21.89,EUR,CREATED,region-11190,web
ORD-P011191,CUST-1191,2026-10-05 12:00:00,21.90,EUR,CREATED,region-11191,web
ORD-P011192,CUST-1192,2026-10-05 12:00:00,21.91,EUR,CREATED,region-11192,web
ORD-P011193,CUST-1193,2026-10-05 12:00:00,21.92,EUR,CREATED,region-11193,web
ORD-P011194,CUST-1194,2026-10-05 12:00:00,21.93,EUR,CREATED,region-11194,web
ORD-P011195,CUST-1195,2026-10-05 12:00:00,21.94,EUR,CREATED,region-11195,web
ORD-P011196,CUST-1196,2026-10-05 12:00:00,21.95,EUR,CREATED,region-11196,web
ORD-P011197,CUST-1197,2026-10-05 12:00:00,21.96,EUR,CREATED,region-11197,web
ORD-P011198,CUST-1198,2026-10-05 12:00:00,21.97,EUR,CREATED,region-11198,web
ORD-P011199,CUST-1199,2026-10-05 12:00:00,21.98,EUR,CREATED,region-11199,web
ORD-P011200,CUST-1200,2026-10-05 12:00:00,21.99,EUR,CREATED,region-11200,web
ORD-P011201,CUST-1201,2026-10-05 12:00:00,22.00,EUR,CREATED,region-11201,web
ORD-P011202,CUST-1202,2026-10-05 12:00:00,22.01,EUR,CREATED,region-11202,web
ORD-P011203,CUST-1203,2026-10-05 12:00:00,22.02,EUR,CREATED,region-11203,web
ORD-P011204,CUST-1204,2026-10-05 12:00:00,22.03,EUR,CREATED,region-11204,web
ORD-P011205,CUST-1205,2026-10-05 12:00:00,22.04,EUR,CREATED,region-11205,web
ORD-P011206,CUST-1206,2026-10-05 12:00:00,22.05,EUR,CREATED,region-11206,web
ORD-P011207,CUST-1207,2026-10-05 12:00:00,22.06,EUR,CREATED,region-11207,web
ORD-P011208,CUST-1208,2026-10-05 12:00:00,22.07,EUR,CREATED,region-11208,web
ORD-P011209,CUST-1209,2026-10-05 12:00:00,22.08,EUR,CREATED,region-11209,web
ORD-P011210,CUST-1210,2026-10-05 12:00:00,22.09,EUR,CREATED,region-11210,web
ORD-P011211,CUST-1211,2026-10-05 12:00:00,22.10,EUR,CREATED,region-11211,web
ORD-P011212,CUST-1212,2026-10-05 12:00:00,22.11,EUR,CREATED,region-11212,web
ORD-P011213,CUST-1213,2026-10-05 12:00:00,22.12,EUR,CREATED,region-11213,web
ORD-P011214,CUST-1214,2026-10-05 12:00:00,22.13,EUR,CREATED,region-11214,web
ORD-P011215,CUST-1215,2026-10-05 12:00:00,22.14,EUR,CREATED,region-11215,web
ORD-P011216,CUST-1216,2026-10-05 12:00:00,22.15,EUR,CREATED,region-11216,web
ORD-P011217,CUST-1217,2026-10-05 12:00:00,22.16,EUR,CREATED,region-11217,web
ORD-P011218,CUST-1218,2026-10-05 12:00:00,22.17,EUR,CREATED,region-11218,web
ORD-P011219,CUST-1219,2026-10-05 12:00:00,22.18,EUR,CREATED,region-11219,web
ORD-P011220,CUST-1220,2026-10-05 12:00:00,22.19,EUR,CREATED,region-11220,web
ORD-P011221,CUST-1221,2026-10-05 12:00:00,22.20,EUR,CREATED,region-11221,web
ORD-P011222,CUST-1222,2026-10-05 12:00:00,22.21,EUR,CREATED,region-11222,web
ORD-P011223,CUST-1223,2026-10-05 12:00:00,22.22,EUR,CREATED,region-11223,web
ORD-P011224,CUST-1224,2026-10-05 12:00:00,22.23,EUR,CREATED,region-11224,web
ORD-P011225,CUST-1225,2026-10-05 12:00:00,22.24,EUR,CREATED,region-11225,web
ORD-P011226,CUST-1226,2026-10-05 12:00:00,22.25,EUR,CREATED,region-11226,web
ORD-P011227,CUST-1227,2026-10-05 12:00:00,22.26,EUR,CREATED,region-11227,web
ORD-P011228,CUST-1228,2026-10-05 12:00:00,22.27,EUR,CREATED,region-11228,web
ORD-P011229,CUST-1229,2026-10-05 12:00:00,22.28,EUR,CREATED,region-11229,web
ORD-P011230,CUST-1230,2026-10-05 12:00:00,22.29,EUR,CREATED,region-11230,web
ORD-P011231,CUST-1231,2026-10-05 12:00:00,22.30,EUR,CREATED,region-11231,web
ORD-P011232,CUST-1232,2026-10-05 12:00:00,22.31,EUR,CREATED,region-11232,web
ORD-P011233,CUST-1233,2026-10-05 12:00:00,22.32,EUR,CREATED,region-11233,web
ORD-P011234,CUST-1234,2026-10-05 12:00:00,22.33,EUR,CREATED,region-11234,web
ORD-P011235,CUST-1235,2026-10-05 12:00:00,22.34,EUR,CREATED,region-11235,web
ORD-P011236,CUST-1236,2026-10-05 12:00:00,22.35,EUR,CREATED,region-11236,web
ORD-P011237,CUST-1237,2026-10-05 12:00:00,22.36,EUR,CREATED,region-11237,web
ORD-P011238,CUST-1238,2026-10-05 12:00:00,22.37,EUR,CREATED,region-11238,web
ORD-P011239,CUST-1239,2026-10-05 12:00:00,22.38,EUR,CREATED,region-11239,web
ORD-P011240,CUST-1240,2026-10-05 12:00:00,22.39,EUR,CREATED,region-11240,web
ORD-P011241,CUST-1241,2026-10-05 12:00:00,22.40,EUR,CREATED,region-11241,web
ORD-P011242,CUST-1242,2026-10-05 12:00:00,22.41,EUR,CREATED,region-11242,web
ORD-P011243,CUST-1243,2026-10-05 12:00:00,22.42,EUR,CREATED,region-11243,web
ORD-P011244,CUST-1244,2026-10-05 12:00:00,22.43,EUR,CREATED,region-11244,web
ORD-P011245,CUST-1245,2026-10-05 12:00:00,22.44,EUR,CREATED,region-11245,web
ORD-P011246,CUST-1246,2026-10-05 12:00:00,22.45,EUR,CREATED,region-11246,web
ORD-P011247,CUST-1247,2026-10-05 12:00:00,22.46,EUR,CREATED,region-11247,web
ORD-P011248,CUST-1248,2026-10-05 12:00:00,22.47,EUR,CREATED,region-11248,web
ORD-P011249,CUST-1249,2026-10-05 12:00:00,22.48,EUR,CREATED,region-11249,web
ORD-P011250,CUST-1250,2026-10-05 12:00:00,22.49,EUR,CREATED,region-11250,web
ORD-P011251,CUST-1251,2026-10-05 12:00:00,22.50,EUR,CREATED,region-11251,web
ORD-P011252,CUST-1252,2026-10-05 12:00:00,22.51,EUR,CREATED,region-11252,web
ORD-P011253,CUST-1253,2026-10-05 12:00:00,22.52,EUR,CREATED,region-11253,web
ORD-P011254,CUST-1254,2026-10-05 12:00:00,22.53,EUR,CREATED,region-11254,web
ORD-P011255,CUST-1255,2026-10-05 12:00:00,22.54,EUR,CREATED,region-11255,web
ORD-P011256,CUST-1256,2026-10-05 12:00:00,22.55,EUR,CREATED,region-11256,web
ORD-P011257,CUST-1257,2026-10-05 12:00:00,22.56,EUR,CREATED,region-11257,web
ORD-P011258,CUST-1258,2026-10-05 12:00:00,22.57,EUR,CREATED,region-11258,web
ORD-P011259,CUST-1259,2026-10-05 12:00:00,22.58,EUR,CREATED,region-11259,web
ORD-P011260,CUST-1260,2026-10-05 12:00:00,22.59,EUR,CREATED,region-11260,web
ORD-P011261,CUST-1261,2026-10-05 12:00:00,22.60,EUR,CREATED,region-11261,web
ORD-P011262,CUST-1262,2026-10-05 12:00:00,22.61,EUR,CREATED,region-11262,web
ORD-P011263,CUST-1263,2026-10-05 12:00:00,22.62,EUR,CREATED,region-11263,web
ORD-P011264,CUST-1264,2026-10-05 12:00:00,22.63,EUR,CREATED,region-11264,web
ORD-P011265,CUST-1265,2026-10-05 12:00:00,22.64,EUR,CREATED,region-11265,web
ORD-P011266,CUST-1266,2026-10-05 12:00:00,22.65,EUR,CREATED,region-11266,web
ORD-P011267,CUST-1267,2026-10-05 12:00:00,22.66,EUR,CREATED,region-11267,web
ORD-P011268,CUST-1268,2026-10-05 12:00:00,22.67,EUR,CREATED,region-11268,web
ORD-P011269,CUST-1269,2026-10-05 12:00:00,22.68,EUR,CREATED,region-11269,web
ORD-P011270,CUST-1270,2026-10-05 12:00:00,22.69,EUR,CREATED,region-11270,web
ORD-P011271,CUST-1271,2026-10-05 12:00:00,22.70,EUR,CREATED,region-11271,web
ORD-P011272,CUST-1272,2026-10-05 12:00:00,22.71,EUR,CREATED,region-11272,web
ORD-P011273,CUST-1273,2026-10-05 12:00:00,22.72,EUR,CREATED,region-11273,web
ORD-P011274,CUST-1274,2026-10-05 12:00:00,22.73,EUR,CREATED,region-11274,web
ORD-P011275,CUST-1275,2026-10-05 12:00:00,22.74,EUR,CREATED,region-11275,web
ORD-P011276,CUST-1276,2026-10-05 12:00:00,22.75,EUR,CREATED,region-11276,web
ORD-P011277,CUST-1277,2026-10-05 12:00:00,22.76,EUR,CREATED,region-11277,web
ORD-P011278,CUST-1278,2026-10-05 12:00:00,22.77,EUR,CREATED,region-11278,web
ORD-P011279,CUST-1279,2026-10-05 12:00:00,22.78,EUR,CREATED,region-11279,web
ORD-P011280,CUST-1280,2026-10-05 12:00:00,22.79,EUR,CREATED,region-11280,web
ORD-P011281,CUST-1281,2026-10-05 12:00:00,22.80,EUR,CREATED,region-11281,web
ORD-P011282,CUST-1282,2026-10-05 12:00:00,22.81,EUR,CREATED,region-11282,web
ORD-P011283,CUST-1283,2026-10-05 12:00:00,22.82,EUR,CREATED,region-11283,web
ORD-P011284,CUST-1284,2026-10-05 12:00:00,22.83,EUR,CREATED,region-11284,web
ORD-P011285,CUST-1285,2026-10-05 12:00:00,22.84,EUR,CREATED,region-11285,web
ORD-P011286,CUST-1286,2026-10-05 12:00:00,22.85,EUR,CREATED,region-11286,web
ORD-P011287,CUST-1287,2026-10-05 12:00:00,22.86,EUR,CREATED,region-11287,web
ORD-P011288,CUST-1288,2026-10-05 12:00:00,22.87,EUR,CREATED,region-11288,web
ORD-P011289,CUST-1289,2026-10-05 12:00:00,22.88,EUR,CREATED,region-11289,web
ORD-P011290,CUST-1290,2026-10-05 12:00:00,22.89,EUR,CREATED,region-11290,web
ORD-P011291,CUST-1291,2026-10-05 12:00:00,22.90,EUR,CREATED,region-11291,web
ORD-P011292,CUST-1292,2026-10-05 12:00:00,22.91,EUR,CREATED,region-11292,web
ORD-P011293,CUST-1293,2026-10-05 12:00:00,22.92,EUR,CREATED,region-11293,web
ORD-P011294,CUST-1294,2026-10-05 12:00:00,22.93,EUR,CREATED,region-11294,web
ORD-P011295,CUST-1295,2026-10-05 12:00:00,22.94,EUR,CREATED,region-11295,web
ORD-P011296,CUST-1296,2026-10-05 12:00:00,22.95,EUR,CREATED,region-11296,web
ORD-P011297,CUST-1297,2026-10-05 12:00:00,22.96,EUR,CREATED,region-11297,web
ORD-P011298,CUST-1298,2026-10-05 12:00:00,22.97,EUR,CREATED,region-11298,web
ORD-P011299,CUST-1299,2026-10-05 12:00:00,22.98,EUR,CREATED,region-11299,web
ORD-P011300,CUST-1300,2026-10-05 12:00:00,22.99,EUR,CREATED,region-11300,web
ORD-P011301,CUST-1301,2026-10-05 12:00:00,23.00,EUR,CREATED,region-11301,web
ORD-P011302,CUST-1302,2026-10-05 12:00:00,23.01,EUR,CREATED,region-11302,web
ORD-P011303,CUST-1303,2026-10-05 12:00:00,23.02,EUR,CREATED,region-11303,web
ORD-P011304,CUST-1304,2026-10-05 12:00:00,23.03,EUR,CREATED,region-11304,web
ORD-P011305,CUST-1305,2026-10-05 12:00:00,23.04,EUR,CREATED,region-11305,web
ORD-P011306,CUST-1306,2026-10-05 12:00:00,23.05,EUR,CREATED,region-11306,web
ORD-P011307,CUST-1307,2026-10-05 12:00:00,23.06,EUR,CREATED,region-11307,web
ORD-P011308,CUST-1308,2026-10-05 12:00:00,23.07,EUR,CREATED,region-11308,web
ORD-P011309,CUST-1309,2026-10-05 12:00:00,23.08,EUR,CREATED,region-11309,web
ORD-P011310,CUST-1310,2026-10-05 12:00:00,23.09,EUR,CREATED,region-11310,web
ORD-P011311,CUST-1311,2026-10-05 12:00:00,23.10,EUR,CREATED,region-11311,web
ORD-P011312,CUST-1312,2026-10-05 12:00:00,23.11,EUR,CREATED,region-11312,web
ORD-P011313,CUST-1313,2026-10-05 12:00:00,23.12,EUR,CREATED,region-11313,web
ORD-P011314,CUST-1314,2026-10-05 12:00:00,23.13,EUR,CREATED,region-11314,web
ORD-P011315,CUST-1315,2026-10-05 12:00:00,23.14,EUR,CREATED,region-11315,web
ORD-P011316,CUST-1316,2026-10-05 12:00:00,23.15,EUR,CREATED,region-11316,web
ORD-P011317,CUST-1317,2026-10-05 12:00:00,23.16,EUR,CREATED,region-11317,web
ORD-P011318,CUST-1318,2026-10-05 12:00:00,23.17,EUR,CREATED,region-11318,web
ORD-P011319,CUST-1319,2026-10-05 12:00:00,23.18,EUR,CREATED,region-11319,web
ORD-P011320,CUST-1320,2026-10-05 12:00:00,23.19,EUR,CREATED,region-11320,web
ORD-P011321,CUST-1321,2026-10-05 12:00:00,23.20,EUR,CREATED,region-11321,web
ORD-P011322,CUST-1322,2026-10-05 12:00:00,23.21,EUR,CREATED,region-11322,web
ORD-P011323,CUST-1323,2026-10-05 12:00:00,23.22,EUR,CREATED,region-11323,web
ORD-P011324,CUST-1324,2026-10-05 12:00:00,23.23,EUR,CREATED,region-11324,web
ORD-P011325,CUST-1325,2026-10-05 12:00:00,23.24,EUR,CREATED,region-11325,web
ORD-P011326,CUST-1326,2026-10-05 12:00:00,23.25,EUR,CREATED,region-11326,web
ORD-P011327,CUST-1327,2026-10-05 12:00:00,23.26,EUR,CREATED,region-11327,web
ORD-P011328,CUST-1328,2026-10-05 12:00:00,23.27,EUR,CREATED,region-11328,web
ORD-P011329,CUST-1329,2026-10-05 12:00:00,23.28,EUR,CREATED,region-11329,web
ORD-P011330,CUST-1330,2026-10-05 12:00:00,23.29,EUR,CREATED,region-11330,web
ORD-P011331,CUST-1331,2026-10-05 12:00:00,23.30,EUR,CREATED,region-11331,web
ORD-P011332,CUST-1332,2026-10-05 12:00:00,23.31,EUR,CREATED,region-11332,web
ORD-P011333,CUST-1333,2026-10-05 12:00:00,23.32,EUR,CREATED,region-11333,web
ORD-P011334,CUST-1334,2026-10-05 12:00:00,23.33,EUR,CREATED,region-11334,web
ORD-P011335,CUST-1335,2026-10-05 12:00:00,23.34,EUR,CREATED,region-11335,web
ORD-P011336,CUST-1336,2026-10-05 12:00:00,23.35,EUR,CREATED,region-11336,web
ORD-P011337,CUST-1337,2026-10-05 12:00:00,23.36,EUR,CREATED,region-11337,web
ORD-P011338,CUST-1338,2026-10-05 12:00:00,23.37,EUR,CREATED,region-11338,web
ORD-P011339,CUST-1339,2026-10-05 12:00:00,23.38,EUR,CREATED,region-11339,web
ORD-P011340,CUST-1340,2026-10-05 12:00:00,23.39,EUR,CREATED,region-11340,web
ORD-P011341,CUST-1341,2026-10-05 12:00:00,23.40,EUR,CREATED,region-11341,web
ORD-P011342,CUST-1342,2026-10-05 12:00:00,23.41,EUR,CREATED,region-11342,web
ORD-P011343,CUST-1343,2026-10-05 12:00:00,23.42,EUR,CREATED,region-11343,web
ORD-P011344,CUST-1344,2026-10-05 12:00:00,23.43,EUR,CREATED,region-11344,web
ORD-P011345,CUST-1345,2026-10-05 12:00:00,23.44,EUR,CREATED,region-11345,web
ORD-P011346,CUST-1346,2026-10-05 12:00:00,23.45,EUR,CREATED,region-11346,web
ORD-P011347,CUST-1347,2026-10-05 12:00:00,23.46,EUR,CREATED,region-11347,web
ORD-P011348,CUST-1348,2026-10-05 12:00:00,23.47,EUR,CREATED,region-11348,web
ORD-P011349,CUST-1349,2026-10-05 12:00:00,23.48,EUR,CREATED,region-11349,web
ORD-P011350,CUST-1350,2026-10-05 12:00:00,23.49,EUR,CREATED,region-11350,web
ORD-P011351,CUST-1351,2026-10-05 12:00:00,23.50,EUR,CREATED,region-11351,web
ORD-P011352,CUST-1352,2026-10-05 12:00:00,23.51,EUR,CREATED,region-11352,web
ORD-P011353,CUST-1353,2026-10-05 12:00:00,23.52,EUR,CREATED,region-11353,web
ORD-P011354,CUST-1354,2026-10-05 12:00:00,23.53,EUR,CREATED,region-11354,web
ORD-P011355,CUST-1355,2026-10-05 12:00:00,23.54,EUR,CREATED,region-11355,web
ORD-P011356,CUST-1356,2026-10-05 12:00:00,23.55,EUR,CREATED,region-11356,web
ORD-P011357,CUST-1357,2026-10-05 12:00:00,23.56,EUR,CREATED,region-11357,web
ORD-P011358,CUST-1358,2026-10-05 12:00:00,23.57,EUR,CREATED,region-11358,web
ORD-P011359,CUST-1359,2026-10-05 12:00:00,23.58,EUR,CREATED,region-11359,web
ORD-P011360,CUST-1360,2026-10-05 12:00:00,23.59,EUR,CREATED,region-11360,web
ORD-P011361,CUST-1361,2026-10-05 12:00:00,23.60,EUR,CREATED,region-11361,web
ORD-P011362,CUST-1362,2026-10-05 12:00:00,23.61,EUR,CREATED,region-11362,web
ORD-P011363,CUST-1363,2026-10-05 12:00:00,23.62,EUR,CREATED,region-11363,web
ORD-P011364,CUST-1364,2026-10-05 12:00:00,23.63,EUR,CREATED,region-11364,web
ORD-P011365,CUST-1365,2026-10-05 12:00:00,23.64,EUR,CREATED,region-11365,web
ORD-P011366,CUST-1366,2026-10-05 12:00:00,23.65,EUR,CREATED,region-11366,web
ORD-P011367,CUST-1367,2026-10-05 12:00:00,23.66,EUR,CREATED,region-11367,web
ORD-P011368,CUST-1368,2026-10-05 12:00:00,23.67,EUR,CREATED,region-11368,web
ORD-P011369,CUST-1369,2026-10-05 12:00:00,23.68,EUR,CREATED,region-11369,web
ORD-P011370,CUST-1370,2026-10-05 12:00:00,23.69,EUR,CREATED,region-11370,web
ORD-P011371,CUST-1371,2026-10-05 12:00:00,23.70,EUR,CREATED,region-11371,web
ORD-P011372,CUST-1372,2026-10-05 12:00:00,23.71,EUR,CREATED,region-11372,web
ORD-P011373,CUST-1373,2026-10-05 12:00:00,23.72,EUR,CREATED,region-11373,web
ORD-P011374,CUST-1374,2026-10-05 12:00:00,23.73,EUR,CREATED,region-11374,web
ORD-P011375,CUST-1375,2026-10-05 12:00:00,23.74,EUR,CREATED,region-11375,web
ORD-P011376,CUST-1376,2026-10-05 12:00:00,23.75,EUR,CREATED,region-11376,web
ORD-P011377,CUST-1377,2026-10-05 12:00:00,23.76,EUR,CREATED,region-11377,web
ORD-P011378,CUST-1378,2026-10-05 12:00:00,23.77,EUR,CREATED,region-11378,web
ORD-P011379,CUST-1379,2026-10-05 12:00:00,23.78,EUR,CREATED,region-11379,web
ORD-P011380,CUST-1380,2026-10-05 12:00:00,23.79,EUR,CREATED,region-11380,web
ORD-P011381,CUST-1381,2026-10-05 12:00:00,23.80,EUR,CREATED,region-11381,web
ORD-P011382,CUST-1382,2026-10-05 12:00:00,23.81,EUR,CREATED,region-11382,web
ORD-P011383,CUST-1383,2026-10-05 12:00:00,23.82,EUR,CREATED,region-11383,web
ORD-P011384,CUST-1384,2026-10-05 12:00:00,23.83,EUR,CREATED,region-11384,web
ORD-P011385,CUST-1385,2026-10-05 12:00:00,23.84,EUR,CREATED,region-11385,web
ORD-P011386,CUST-1386,2026-10-05 12:00:00,23.85,EUR,CREATED,region-11386,web
ORD-P011387,CUST-1387,2026-10-05 12:00:00,23.86,EUR,CREATED,region-11387,web
ORD-P011388,CUST-1388,2026-10-05 12:00:00,23.87,EUR,CREATED,region-11388,web
ORD-P011389,CUST-1389,2026-10-05 12:00:00,23.88,EUR,CREATED,region-11389,web
ORD-P011390,CUST-1390,2026-10-05 12:00:00,23.89,EUR,CREATED,region-11390,web
ORD-P011391,CUST-1391,2026-10-05 12:00:00,23.90,EUR,CREATED,region-11391,web
ORD-P011392,CUST-1392,2026-10-05 12:00:00,23.91,EUR,CREATED,region-11392,web
ORD-P011393,CUST-1393,2026-10-05 12:00:00,23.92,EUR,CREATED,region-11393,web
ORD-P011394,CUST-1394,2026-10-05 12:00:00,23.93,EUR,CREATED,region-11394,web
ORD-P011395,CUST-1395,2026-10-05 12:00:00,23.94,EUR,CREATED,region-11395,web
ORD-P011396,CUST-1396,2026-10-05 12:00:00,23.95,EUR,CREATED,region-11396,web
ORD-P011397,CUST-1397,2026-10-05 12:00:00,23.96,EUR,CREATED,region-11397,web
ORD-P011398,CUST-1398,2026-10-05 12:00:00,23.97,EUR,CREATED,region-11398,web
ORD-P011399,CUST-1399,2026-10-05 12:00:00,23.98,EUR,CREATED,region-11399,web
ORD-P011400,CUST-1400,2026-10-05 12:00:00,23.99,EUR,CREATED,region-11400,web
ORD-P011401,CUST-1401,2026-10-05 12:00:00,24.00,EUR,CREATED,region-11401,web
ORD-P011402,CUST-1402,2026-10-05 12:00:00,24.01,EUR,CREATED,region-11402,web
ORD-P011403,CUST-1403,2026-10-05 12:00:00,24.02,EUR,CREATED,region-11403,web
ORD-P011404,CUST-1404,2026-10-05 12:00:00,24.03,EUR,CREATED,region-11404,web
ORD-P011405,CUST-1405,2026-10-05 12:00:00,24.04,EUR,CREATED,region-11405,web
ORD-P011406,CUST-1406,2026-10-05 12:00:00,24.05,EUR,CREATED,region-11406,web
ORD-P011407,CUST-1407,2026-10-05 12:00:00,24.06,EUR,CREATED,region-11407,web
ORD-P011408,CUST-1408,2026-10-05 12:00:00,24.07,EUR,CREATED,region-11408,web
ORD-P011409,CUST-1409,2026-10-05 12:00:00,24.08,EUR,CREATED,region-11409,web
ORD-P011410,CUST-1410,2026-10-05 12:00:00,24.09,EUR,CREATED,region-11410,web
ORD-P011411,CUST-1411,2026-10-05 12:00:00,24.10,EUR,CREATED,region-11411,web
ORD-P011412,CUST-1412,2026-10-05 12:00:00,24.11,EUR,CREATED,region-11412,web
ORD-P011413,CUST-1413,2026-10-05 12:00:00,24.12,EUR,CREATED,region-11413,web
ORD-P011414,CUST-1414,2026-10-05 12:00:00,24.13,EUR,CREATED,region-11414,web
ORD-P011415,CUST-1415,2026-10-05 12:00:00,24.14,EUR,CREATED,region-11415,web
ORD-P011416,CUST-1416,2026-10-05 12:00:00,24.15,EUR,CREATED,region-11416,web
ORD-P011417,CUST-1417,2026-10-05 12:00:00,24.16,EUR,CREATED,region-11417,web
ORD-P011418,CUST-1418,2026-10-05 12:00:00,24.17,EUR,CREATED,region-11418,web
ORD-P011419,CUST-1419,2026-10-05 12:00:00,24.18,EUR,CREATED,region-11419,web
ORD-P011420,CUST-1420,2026-10-05 12:00:00,24.19,EUR,CREATED,region-11420,web
ORD-P011421,CUST-1421,2026-10-05 12:00:00,24.20,EUR,CREATED,region-11421,web
ORD-P011422,CUST-1422,2026-10-05 12:00:00,24.21,EUR,CREATED,region-11422,web
ORD-P011423,CUST-1423,2026-10-05 12:00:00,24.22,EUR,CREATED,region-11423,web
ORD-P011424,CUST-1424,2026-10-05 12:00:00,24.23,EUR,CREATED,region-11424,web
ORD-P011425,CUST-1425,2026-10-05 12:00:00,24.24,EUR,CREATED,region-11425,web
ORD-P011426,CUST-1426,2026-10-05 12:00:00,24.25,EUR,CREATED,region-11426,web
ORD-P011427,CUST-1427,2026-10-05 12:00:00,24.26,EUR,CREATED,region-11427,web
ORD-P011428,CUST-1428,2026-10-05 12:00:00,24.27,EUR,CREATED,region-11428,web
ORD-P011429,CUST-1429,2026-10-05 12:00:00,24.28,EUR,CREATED,region-11429,web
ORD-P011430,CUST-1430,2026-10-05 12:00:00,24.29,EUR,CREATED,region-11430,web
ORD-P011431,CUST-1431,2026-10-05 12:00:00,24.30,EUR,CREATED,region-11431,web
ORD-P011432,CUST-1432,2026-10-05 12:00:00,24.31,EUR,CREATED,region-11432,web
ORD-P011433,CUST-1433,2026-10-05 12:00:00,24.32,EUR,CREATED,region-11433,web
ORD-P011434,CUST-1434,2026-10-05 12:00:00,24.33,EUR,CREATED,region-11434,web
ORD-P011435,CUST-1435,2026-10-05 12:00:00,24.34,EUR,CREATED,region-11435,web
ORD-P011436,CUST-1436,2026-10-05 12:00:00,24.35,EUR,CREATED,region-11436,web
ORD-P011437,CUST-1437,2026-10-05 12:00:00,24.36,EUR,CREATED,region-11437,web
ORD-P011438,CUST-1438,2026-10-05 12:00:00,24.37,EUR,CREATED,region-11438,web
ORD-P011439,CUST-1439,2026-10-05 12:00:00,24.38,EUR,CREATED,region-11439,web
ORD-P011440,CUST-1440,2026-10-05 12:00:00,24.39,EUR,CREATED,region-11440,web
ORD-P011441,CUST-1441,2026-10-05 12:00:00,24.40,EUR,CREATED,region-11441,web
ORD-P011442,CUST-1442,2026-10-05 12:00:00,24.41,EUR,CREATED,region-11442,web
ORD-P011443,CUST-1443,2026-10-05 12:00:00,24.42,EUR,CREATED,region-11443,web
ORD-P011444,CUST-1444,2026-10-05 12:00:00,24.43,EUR,CREATED,region-11444,web
ORD-P011445,CUST-1445,2026-10-05 12:00:00,24.44,EUR,CREATED,region-11445,web
ORD-P011446,CUST-1446,2026-10-05 12:00:00,24.45,EUR,CREATED,region-11446,web
ORD-P011447,CUST-1447,2026-10-05 12:00:00,24.46,EUR,CREATED,region-11447,web
ORD-P011448,CUST-1448,2026-10-05 12:00:00,24.47,EUR,CREATED,region-11448,web
ORD-P011449,CUST-1449,2026-10-05 12:00:00,24.48,EUR,CREATED,region-11449,web
ORD-P011450,CUST-1450,2026-10-05 12:00:00,24.49,EUR,CREATED,region-11450,web
ORD-P011451,CUST-1451,2026-10-05 12:00:00,24.50,EUR,CREATED,region-11451,web
ORD-P011452,CUST-1452,2026-10-05 12:00:00,24.51,EUR,CREATED,region-11452,web
ORD-P011453,CUST-1453,2026-10-05 12:00:00,24.52,EUR,CREATED,region-11453,web
ORD-P011454,CUST-1454,2026-10-05 12:00:00,24.53,EUR,CREATED,region-11454,web
ORD-P011455,CUST-1455,2026-10-05 12:00:00,24.54,EUR,CREATED,region-11455,web
ORD-P011456,CUST-1456,2026-10-05 12:00:00,24.55,EUR,CREATED,region-11456,web
ORD-P011457,CUST-1457,2026-10-05 12:00:00,24.56,EUR,CREATED,region-11457,web
ORD-P011458,CUST-1458,2026-10-05 12:00:00,24.57,EUR,CREATED,region-11458,web
ORD-P011459,CUST-1459,2026-10-05 12:00:00,24.58,EUR,CREATED,region-11459,web
ORD-P011460,CUST-1460,2026-10-05 12:00:00,24.59,EUR,CREATED,region-11460,web
ORD-P011461,CUST-1461,2026-10-05 12:00:00,24.60,EUR,CREATED,region-11461,web
ORD-P011462,CUST-1462,2026-10-05 12:00:00,24.61,EUR,CREATED,region-11462,web
ORD-P011463,CUST-1463,2026-10-05 12:00:00,24.62,EUR,CREATED,region-11463,web
ORD-P011464,CUST-1464,2026-10-05 12:00:00,24.63,EUR,CREATED,region-11464,web
ORD-P011465,CUST-1465,2026-10-05 12:00:00,24.64,EUR,CREATED,region-11465,web
ORD-P011466,CUST-1466,2026-10-05 12:00:00,24.65,EUR,CREATED,region-11466,web
ORD-P011467,CUST-1467,2026-10-05 12:00:00,24.66,EUR,CREATED,region-11467,web
ORD-P011468,CUST-1468,2026-10-05 12:00:00,24.67,EUR,CREATED,region-11468,web
ORD-P011469,CUST-1469,2026-10-05 12:00:00,24.68,EUR,CREATED,region-11469,web
ORD-P011470,CUST-1470,2026-10-05 12:00:00,24.69,EUR,CREATED,region-11470,web
ORD-P011471,CUST-1471,2026-10-05 12:00:00,24.70,EUR,CREATED,region-11471,web
ORD-P011472,CUST-1472,2026-10-05 12:00:00,24.71,EUR,CREATED,region-11472,web
ORD-P011473,CUST-1473,2026-10-05 12:00:00,24.72,EUR,CREATED,region-11473,web
ORD-P011474,CUST-1474,2026-10-05 12:00:00,24.73,EUR,CREATED,region-11474,web
ORD-P011475,CUST-1475,2026-10-05 12:00:00,24.74,EUR,CREATED,region-11475,web
ORD-P011476,CUST-1476,2026-10-05 12:00:00,24.75,EUR,CREATED,region-11476,web
ORD-P011477,CUST-1477,2026-10-05 12:00:00,24.76,EUR,CREATED,region-11477,web
ORD-P011478,CUST-1478,2026-10-05 12:00:00,24.77,EUR,CREATED,region-11478,web
ORD-P011479,CUST-1479,2026-10-05 12:00:00,24.78,EUR,CREATED,region-11479,web
ORD-P011480,CUST-1480,2026-10-05 12:00:00,24.79,EUR,CREATED,region-11480,web
ORD-P011481,CUST-1481,2026-10-05 12:00:00,24.80,EUR,CREATED,region-11481,web
ORD-P011482,CUST-1482,2026-10-05 12:00:00,24.81,EUR,CREATED,region-11482,web
ORD-P011483,CUST-1483,2026-10-05 12:00:00,24.82,EUR,CREATED,region-11483,web
ORD-P011484,CUST-1484,2026-10-05 12:00:00,24.83,EUR,CREATED,region-11484,web
ORD-P011485,CUST-1485,2026-10-05 12:00:00,24.84,EUR,CREATED,region-11485,web
ORD-P011486,CUST-1486,2026-10-05 12:00:00,24.85,EUR,CREATED,region-11486,web
ORD-P011487,CUST-1487,2026-10-05 12:00:00,24.86,EUR,CREATED,region-11487,web
ORD-P011488,CUST-1488,2026-10-05 12:00:00,24.87,EUR,CREATED,region-11488,web
ORD-P011489,CUST-1489,2026-10-05 12:00:00,24.88,EUR,CREATED,region-11489,web
ORD-P011490,CUST-1490,2026-10-05 12:00:00,24.89,EUR,CREATED,region-11490,web
ORD-P011491,CUST-1491,2026-10-05 12:00:00,24.90,EUR,CREATED,region-11491,web
ORD-P011492,CUST-1492,2026-10-05 12:00:00,24.91,EUR,CREATED,region-11492,web
ORD-P011493,CUST-1493,2026-10-05 12:00:00,24.92,EUR,CREATED,region-11493,web
ORD-P011494,CUST-1494,2026-10-05 12:00:00,24.93,EUR,CREATED,region-11494,web
ORD-P011495,CUST-1495,2026-10-05 12:00:00,24.94,EUR,CREATED,region-11495,web
ORD-P011496,CUST-1496,2026-10-05 12:00:00,24.95,EUR,CREATED,region-11496,web
ORD-P011497,CUST-1497,2026-10-05 12:00:00,24.96,EUR,CREATED,region-11497,web
ORD-P011498,CUST-1498,2026-10-05 12:00:00,24.97,EUR,CREATED,region-11498,web
ORD-P011499,CUST-1499,2026-10-05 12:00:00,24.98,EUR,CREATED,region-11499,web
ORD-P011500,CUST-1500,2026-10-05 12:00:00,24.99,EUR,CREATED,region-11500,web
ORD-P011501,CUST-1501,2026-10-05 12:00:00,25.00,EUR,CREATED,region-11501,web
ORD-P011502,CUST-1502,2026-10-05 12:00:00,25.01,EUR,CREATED,region-11502,web
ORD-P011503,CUST-1503,2026-10-05 12:00:00,25.02,EUR,CREATED,region-11503,web
ORD-P011504,CUST-1504,2026-10-05 12:00:00,25.03,EUR,CREATED,region-11504,web
ORD-P011505,CUST-1505,2026-10-05 12:00:00,25.04,EUR,CREATED,region-11505,web
ORD-P011506,CUST-1506,2026-10-05 12:00:00,25.05,EUR,CREATED,region-11506,web
ORD-P011507,CUST-1507,2026-10-05 12:00:00,25.06,EUR,CREATED,region-11507,web
ORD-P011508,CUST-1508,2026-10-05 12:00:00,25.07,EUR,CREATED,region-11508,web
ORD-P011509,CUST-1509,2026-10-05 12:00:00,25.08,EUR,CREATED,region-11509,web
ORD-P011510,CUST-1510,2026-10-05 12:00:00,25.09,EUR,CREATED,region-11510,web
ORD-P011511,CUST-1511,2026-10-05 12:00:00,25.10,EUR,CREATED,region-11511,web
ORD-P011512,CUST-1512,2026-10-05 12:00:00,25.11,EUR,CREATED,region-11512,web
ORD-P011513,CUST-1513,2026-10-05 12:00:00,25.12,EUR,CREATED,region-11513,web
ORD-P011514,CUST-1514,2026-10-05 12:00:00,25.13,EUR,CREATED,region-11514,web
ORD-P011515,CUST-1515,2026-10-05 12:00:00,25.14,EUR,CREATED,region-11515,web
ORD-P011516,CUST-1516,2026-10-05 12:00:00,25.15,EUR,CREATED,region-11516,web
ORD-P011517,CUST-1517,2026-10-05 12:00:00,25.16,EUR,CREATED,region-11517,web
ORD-P011518,CUST-1518,2026-10-05 12:00:00,25.17,EUR,CREATED,region-11518,web
ORD-P011519,CUST-1519,2026-10-05 12:00:00,25.18,EUR,CREATED,region-11519,web
ORD-P011520,CUST-1520,2026-10-05 12:00:00,25.19,EUR,CREATED,region-11520,web
ORD-P011521,CUST-1521,2026-10-05 12:00:00,25.20,EUR,CREATED,region-11521,web
ORD-P011522,CUST-1522,2026-10-05 12:00:00,25.21,EUR,CREATED,region-11522,web
ORD-P011523,CUST-1523,2026-10-05 12:00:00,25.22,EUR,CREATED,region-11523,web
ORD-P011524,CUST-1524,2026-10-05 12:00:00,25.23,EUR,CREATED,region-11524,web
ORD-P011525,CUST-1525,2026-10-05 12:00:00,25.24,EUR,CREATED,region-11525,web
ORD-P011526,CUST-1526,2026-10-05 12:00:00,25.25,EUR,CREATED,region-11526,web
ORD-P011527,CUST-1527,2026-10-05 12:00:00,25.26,EUR,CREATED,region-11527,web
ORD-P011528,CUST-1528,2026-10-05 12:00:00,25.27,EUR,CREATED,region-11528,web
ORD-P011529,CUST-1529,2026-10-05 12:00:00,25.28,EUR,CREATED,region-11529,web
ORD-P011530,CUST-1530,2026-10-05 12:00:00,25.29,EUR,CREATED,region-11530,web
ORD-P011531,CUST-1531,2026-10-05 12:00:00,25.30,EUR,CREATED,region-11531,web
ORD-P011532,CUST-1532,2026-10-05 12:00:00,25.31,EUR,CREATED,region-11532,web
ORD-P011533,CUST-1533,2026-10-05 12:00:00,25.32,EUR,CREATED,region-11533,web
ORD-P011534,CUST-1534,2026-10-05 12:00:00,25.33,EUR,CREATED,region-11534,web
ORD-P011535,CUST-1535,2026-10-05 12:00:00,25.34,EUR,CREATED,region-11535,web
ORD-P011536,CUST-1536,2026-10-05 12:00:00,25.35,EUR,CREATED,region-11536,web
ORD-P011537,CUST-1537,2026-10-05 12:00:00,25.36,EUR,CREATED,region-11537,web
ORD-P011538,CUST-1538,2026-10-05 12:00:00,25.37,EUR,CREATED,region-11538,web
ORD-P011539,CUST-1539,2026-10-05 12:00:00,25.38,EUR,CREATED,region-11539,web
ORD-P011540,CUST-1540,2026-10-05 12:00:00,25.39,EUR,CREATED,region-11540,web
ORD-P011541,CUST-1541,2026-10-05 12:00:00,25.40,EUR,CREATED,region-11541,web
ORD-P011542,CUST-1542,2026-10-05 12:00:00,25.41,EUR,CREATED,region-11542,web
ORD-P011543,CUST-1543,2026-10-05 12:00:00,25.42,EUR,CREATED,region-11543,web
ORD-P011544,CUST-1544,2026-10-05 12:00:00,25.43,EUR,CREATED,region-11544,web
ORD-P011545,CUST-1545,2026-10-05 12:00:00,25.44,EUR,CREATED,region-11545,web
ORD-P011546,CUST-1546,2026-10-05 12:00:00,25.45,EUR,CREATED,region-11546,web
ORD-P011547,CUST-1547,2026-10-05 12:00:00,25.46,EUR,CREATED,region-11547,web
ORD-P011548,CUST-1548,2026-10-05 12:00:00,25.47,EUR,CREATED,region-11548,web
ORD-P011549,CUST-1549,2026-10-05 12:00:00,25.48,EUR,CREATED,region-11549,web
ORD-P011550,CUST-1550,2026-10-05 12:00:00,25.49,EUR,CREATED,region-11550,web
ORD-P011551,CUST-1551,2026-10-05 12:00:00,25.50,EUR,CREATED,region-11551,web
ORD-P011552,CUST-1552,2026-10-05 12:00:00,25.51,EUR,CREATED,region-11552,web
ORD-P011553,CUST-1553,2026-10-05 12:00:00,25.52,EUR,CREATED,region-11553,web
ORD-P011554,CUST-1554,2026-10-05 12:00:00,25.53,EUR,CREATED,region-11554,web
ORD-P011555,CUST-1555,2026-10-05 12:00:00,25.54,EUR,CREATED,region-11555,web
ORD-P011556,CUST-1556,2026-10-05 12:00:00,25.55,EUR,CREATED,region-11556,web
ORD-P011557,CUST-1557,2026-10-05 12:00:00,25.56,EUR,CREATED,region-11557,web
ORD-P011558,CUST-1558,2026-10-05 12:00:00,25.57,EUR,CREATED,region-11558,web
ORD-P011559,CUST-1559,2026-10-05 12:00:00,25.58,EUR,CREATED,region-11559,web
ORD-P011560,CUST-1560,2026-10-05 12:00:00,25.59,EUR,CREATED,region-11560,web
ORD-P011561,CUST-1561,2026-10-05 12:00:00,25.60,EUR,CREATED,region-11561,web
ORD-P011562,CUST-1562,2026-10-05 12:00:00,25.61,EUR,CREATED,region-11562,web
ORD-P011563,CUST-1563,2026-10-05 12:00:00,25.62,EUR,CREATED,region-11563,web
ORD-P011564,CUST-1564,2026-10-05 12:00:00,25.63,EUR,CREATED,region-11564,web
ORD-P011565,CUST-1565,2026-10-05 12:00:00,25.64,EUR,CREATED,region-11565,web
ORD-P011566,CUST-1566,2026-10-05 12:00:00,25.65,EUR,CREATED,region-11566,web
ORD-P011567,CUST-1567,2026-10-05 12:00:00,25.66,EUR,CREATED,region-11567,web
ORD-P011568,CUST-1568,2026-10-05 12:00:00,25.67,EUR,CREATED,region-11568,web
ORD-P011569,CUST-1569,2026-10-05 12:00:00,25.68,EUR,CREATED,region-11569,web
ORD-P011570,CUST-1570,2026-10-05 12:00:00,25.69,EUR,CREATED,region-11570,web
ORD-P011571,CUST-1571,2026-10-05 12:00:00,25.70,EUR,CREATED,region-11571,web
ORD-P011572,CUST-1572,2026-10-05 12:00:00,25.71,EUR,CREATED,region-11572,web
ORD-P011573,CUST-1573,2026-10-05 12:00:00,25.72,EUR,CREATED,region-11573,web
ORD-P011574,CUST-1574,2026-10-05 12:00:00,25.73,EUR,CREATED,region-11574,web
ORD-P011575,CUST-1575,2026-10-05 12:00:00,25.74,EUR,CREATED,region-11575,web
ORD-P011576,CUST-1576,2026-10-05 12:00:00,25.75,EUR,CREATED,region-11576,web
ORD-P011577,CUST-1577,2026-10-05 12:00:00,25.76,EUR,CREATED,region-11577,web
ORD-P011578,CUST-1578,2026-10-05 12:00:00,25.77,EUR,CREATED,region-11578,web
ORD-P011579,CUST-1579,2026-10-05 12:00:00,25.78,EUR,CREATED,region-11579,web
ORD-P011580,CUST-1580,2026-10-05 12:00:00,25.79,EUR,CREATED,region-11580,web
ORD-P011581,CUST-1581,2026-10-05 12:00:00,25.80,EUR,CREATED,region-11581,web
ORD-P011582,CUST-1582,2026-10-05 12:00:00,25.81,EUR,CREATED,region-11582,web
ORD-P011583,CUST-1583,2026-10-05 12:00:00,25.82,EUR,CREATED,region-11583,web
ORD-P011584,CUST-1584,2026-10-05 12:00:00,25.83,EUR,CREATED,region-11584,web
ORD-P011585,CUST-1585,2026-10-05 12:00:00,25.84,EUR,CREATED,region-11585,web
ORD-P011586,CUST-1586,2026-10-05 12:00:00,25.85,EUR,CREATED,region-11586,web
ORD-P011587,CUST-1587,2026-10-05 12:00:00,25.86,EUR,CREATED,region-11587,web
ORD-P011588,CUST-1588,2026-10-05 12:00:00,25.87,EUR,CREATED,region-11588,web
ORD-P011589,CUST-1589,2026-10-05 12:00:00,25.88,EUR,CREATED,region-11589,web
ORD-P011590,CUST-1590,2026-10-05 12:00:00,25.89,EUR,CREATED,region-11590,web
ORD-P011591,CUST-1591,2026-10-05 12:00:00,25.90,EUR,CREATED,region-11591,web
ORD-P011592,CUST-1592,2026-10-05 12:00:00,25.91,EUR,CREATED,region-11592,web
ORD-P011593,CUST-1593,2026-10-05 12:00:00,25.92,EUR,CREATED,region-11593,web
ORD-P011594,CUST-1594,2026-10-05 12:00:00,25.93,EUR,CREATED,region-11594,web
ORD-P011595,CUST-1595,2026-10-05 12:00:00,25.94,EUR,CREATED,region-11595,web
ORD-P011596,CUST-1596,2026-10-05 12:00:00,25.95,EUR,CREATED,region-11596,web
ORD-P011597,CUST-1597,2026-10-05 12:00:00,25.96,EUR,CREATED,region-11597,web
ORD-P011598,CUST-1598,2026-10-05 12:00:00,25.97,EUR,CREATED,region-11598,web
ORD-P011599,CUST-1599,2026-10-05 12:00:00,25.98,EUR,CREATED,region-11599,web
ORD-P011600,CUST-1600,2026-10-05 12:00:00,25.99,EUR,CREATED,region-11600,web
ORD-P011601,CUST-1601,2026-10-05 12:00:00,26.00,EUR,CREATED,region-11601,web
ORD-P011602,CUST-1602,2026-10-05 12:00:00,26.01,EUR,CREATED,region-11602,web
ORD-P011603,CUST-1603,2026-10-05 12:00:00,26.02,EUR,CREATED,region-11603,web
ORD-P011604,CUST-1604,2026-10-05 12:00:00,26.03,EUR,CREATED,region-11604,web
ORD-P011605,CUST-1605,2026-10-05 12:00:00,26.04,EUR,CREATED,region-11605,web
ORD-P011606,CUST-1606,2026-10-05 12:00:00,26.05,EUR,CREATED,region-11606,web
ORD-P011607,CUST-1607,2026-10-05 12:00:00,26.06,EUR,CREATED,region-11607,web
ORD-P011608,CUST-1608,2026-10-05 12:00:00,26.07,EUR,CREATED,region-11608,web
ORD-P011609,CUST-1609,2026-10-05 12:00:00,26.08,EUR,CREATED,region-11609,web
ORD-P011610,CUST-1610,2026-10-05 12:00:00,26.09,EUR,CREATED,region-11610,web
ORD-P011611,CUST-1611,2026-10-05 12:00:00,26.10,EUR,CREATED,region-11611,web
ORD-P011612,CUST-1612,2026-10-05 12:00:00,26.11,EUR,CREATED,region-11612,web
ORD-P011613,CUST-1613,2026-10-05 12:00:00,26.12,EUR,CREATED,region-11613,web
ORD-P011614,CUST-1614,2026-10-05 12:00:00,26.13,EUR,CREATED,region-11614,web
ORD-P011615,CUST-1615,2026-10-05 12:00:00,26.14,EUR,CREATED,region-11615,web
ORD-P011616,CUST-1616,2026-10-05 12:00:00,26.15,EUR,CREATED,region-11616,web
ORD-P011617,CUST-1617,2026-10-05 12:00:00,26.16,EUR,CREATED,region-11617,web
ORD-P011618,CUST-1618,2026-10-05 12:00:00,26.17,EUR,CREATED,region-11618,web
ORD-P011619,CUST-1619,2026-10-05 12:00:00,26.18,EUR,CREATED,region-11619,web
ORD-P011620,CUST-1620,2026-10-05 12:00:00,26.19,EUR,CREATED,region-11620,web
ORD-P011621,CUST-1621,2026-10-05 12:00:00,26.20,EUR,CREATED,region-11621,web
ORD-P011622,CUST-1622,2026-10-05 12:00:00,26.21,EUR,CREATED,region-11622,web
ORD-P011623,CUST-1623,2026-10-05 12:00:00,26.22,EUR,CREATED,region-11623,web
ORD-P011624,CUST-1624,2026-10-05 12:00:00,26.23,EUR,CREATED,region-11624,web
ORD-P011625,CUST-1625,2026-10-05 12:00:00,26.24,EUR,CREATED,region-11625,web
ORD-P011626,CUST-1626,2026-10-05 12:00:00,26.25,EUR,CREATED,region-11626,web
ORD-P011627,CUST-1627,2026-10-05 12:00:00,26.26,EUR,CREATED,region-11627,web
ORD-P011628,CUST-1628,2026-10-05 12:00:00,26.27,EUR,CREATED,region-11628,web
ORD-P011629,CUST-1629,2026-10-05 12:00:00,26.28,EUR,CREATED,region-11629,web
ORD-P011630,CUST-1630,2026-10-05 12:00:00,26.29,EUR,CREATED,region-11630,web
ORD-P011631,CUST-1631,2026-10-05 12:00:00,26.30,EUR,CREATED,region-11631,web
ORD-P011632,CUST-1632,2026-10-05 12:00:00,26.31,EUR,CREATED,region-11632,web
ORD-P011633,CUST-1633,2026-10-05 12:00:00,26.32,EUR,CREATED,region-11633,web
ORD-P011634,CUST-1634,2026-10-05 12:00:00,26.33,EUR,CREATED,region-11634,web
ORD-P011635,CUST-1635,2026-10-05 12:00:00,26.34,EUR,CREATED,region-11635,web
ORD-P011636,CUST-1636,2026-10-05 12:00:00,26.35,EUR,CREATED,region-11636,web
ORD-P011637,CUST-1637,2026-10-05 12:00:00,26.36,EUR,CREATED,region-11637,web
ORD-P011638,CUST-1638,2026-10-05 12:00:00,26.37,EUR,CREATED,region-11638,web
ORD-P011639,CUST-1639,2026-10-05 12:00:00,26.38,EUR,CREATED,region-11639,web
ORD-P011640,CUST-1640,2026-10-05 12:00:00,26.39,EUR,CREATED,region-11640,web
ORD-P011641,CUST-1641,2026-10-05 12:00:00,26.40,EUR,CREATED,region-11641,web
ORD-P011642,CUST-1642,2026-10-05 12:00:00,26.41,EUR,CREATED,region-11642,web
ORD-P011643,CUST-1643,2026-10-05 12:00:00,26.42,EUR,CREATED,region-11643,web
ORD-P011644,CUST-1644,2026-10-05 12:00:00,26.43,EUR,CREATED,region-11644,web
ORD-P011645,CUST-1645,2026-10-05 12:00:00,26.44,EUR,CREATED,region-11645,web
ORD-P011646,CUST-1646,2026-10-05 12:00:00,26.45,EUR,CREATED,region-11646,web
ORD-P011647,CUST-1647,2026-10-05 12:00:00,26.46,EUR,CREATED,region-11647,web
ORD-P011648,CUST-1648,2026-10-05 12:00:00,26.47,EUR,CREATED,region-11648,web
ORD-P011649,CUST-1649,2026-10-05 12:00:00,26.48,EUR,CREATED,region-11649,web
ORD-P011650,CUST-1650,2026-10-05 12:00:00,26.49,EUR,CREATED,region-11650,web
ORD-P011651,CUST-1651,2026-10-05 12:00:00,26.50,EUR,CREATED,region-11651,web
ORD-P011652,CUST-1652,2026-10-05 12:00:00,26.51,EUR,CREATED,region-11652,web
ORD-P011653,CUST-1653,2026-10-05 12:00:00,26.52,EUR,CREATED,region-11653,web
ORD-P011654,CUST-1654,2026-10-05 12:00:00,26.53,EUR,CREATED,region-11654,web
ORD-P011655,CUST-1655,2026-10-05 12:00:00,26.54,EUR,CREATED,region-11655,web
ORD-P011656,CUST-1656,2026-10-05 12:00:00,26.55,EUR,CREATED,region-11656,web
ORD-P011657,CUST-1657,2026-10-05 12:00:00,26.56,EUR,CREATED,region-11657,web
ORD-P011658,CUST-1658,2026-10-05 12:00:00,26.57,EUR,CREATED,region-11658,web
ORD-P011659,CUST-1659,2026-10-05 12:00:00,26.58,EUR,CREATED,region-11659,web
ORD-P011660,CUST-1660,2026-10-05 12:00:00,26.59,EUR,CREATED,region-11660,web
ORD-P011661,CUST-1661,2026-10-05 12:00:00,26.60,EUR,CREATED,region-11661,web
ORD-P011662,CUST-1662,2026-10-05 12:00:00,26.61,EUR,CREATED,region-11662,web
ORD-P011663,CUST-1663,2026-10-05 12:00:00,26.62,EUR,CREATED,region-11663,web
ORD-P011664,CUST-1664,2026-10-05 12:00:00,26.63,EUR,CREATED,region-11664,web
ORD-P011665,CUST-1665,2026-10-05 12:00:00,26.64,EUR,CREATED,region-11665,web
ORD-P011666,CUST-1666,2026-10-05 12:00:00,26.65,EUR,CREATED,region-11666,web
ORD-P011667,CUST-1667,2026-10-05 12:00:00,26.66,EUR,CREATED,region-11667,web
ORD-P011668,CUST-1668,2026-10-05 12:00:00,26.67,EUR,CREATED,region-11668,web
ORD-P011669,CUST-1669,2026-10-05 12:00:00,26.68,EUR,CREATED,region-11669,web
ORD-P011670,CUST-1670,2026-10-05 12:00:00,26.69,EUR,CREATED,region-11670,web
ORD-P011671,CUST-1671,2026-10-05 12:00:00,26.70,EUR,CREATED,region-11671,web
ORD-P011672,CUST-1672,2026-10-05 12:00:00,26.71,EUR,CREATED,region-11672,web
ORD-P011673,CUST-1673,2026-10-05 12:00:00,26.72,EUR,CREATED,region-11673,web
ORD-P011674,CUST-1674,2026-10-05 12:00:00,26.73,EUR,CREATED,region-11674,web
ORD-P011675,CUST-1675,2026-10-05 12:00:00,26.74,EUR,CREATED,region-11675,web
ORD-P011676,CUST-1676,2026-10-05 12:00:00,26.75,EUR,CREATED,region-11676,web
ORD-P011677,CUST-1677,2026-10-05 12:00:00,26.76,EUR,CREATED,region-11677,web
ORD-P011678,CUST-1678,2026-10-05 12:00:00,26.77,EUR,CREATED,region-11678,web
ORD-P011679,CUST-1679,2026-10-05 12:00:00,26.78,EUR,CREATED,region-11679,web
ORD-P011680,CUST-1680,2026-10-05 12:00:00,26.79,EUR,CREATED,region-11680,web
ORD-P011681,CUST-1681,2026-10-05 12:00:00,26.80,EUR,CREATED,region-11681,web
ORD-P011682,CUST-1682,2026-10-05 12:00:00,26.81,EUR,CREATED,region-11682,web
ORD-P011683,CUST-1683,2026-10-05 12:00:00,26.82,EUR,CREATED,region-11683,web
ORD-P011684,CUST-1684,2026-10-05 12:00:00,26.83,EUR,CREATED,region-11684,web
ORD-P011685,CUST-1685,2026-10-05 12:00:00,26.84,EUR,CREATED,region-11685,web
ORD-P011686,CUST-1686,2026-10-05 12:00:00,26.85,EUR,CREATED,region-11686,web
ORD-P011687,CUST-1687,2026-10-05 12:00:00,26.86,EUR,CREATED,region-11687,web
ORD-P011688,CUST-1688,2026-10-05 12:00:00,26.87,EUR,CREATED,region-11688,web
ORD-P011689,CUST-1689,2026-10-05 12:00:00,26.88,EUR,CREATED,region-11689,web
ORD-P011690,CUST-1690,2026-10-05 12:00:00,26.89,EUR,CREATED,region-11690,web
ORD-P011691,CUST-1691,2026-10-05 12:00:00,26.90,EUR,CREATED,region-11691,web
ORD-P011692,CUST-1692,2026-10-05 12:00:00,26.91,EUR,CREATED,region-11692,web
ORD-P011693,CUST-1693,2026-10-05 12:00:00,26.92,EUR,CREATED,region-11693,web
ORD-P011694,CUST-1694,2026-10-05 12:00:00,26.93,EUR,CREATED,region-11694,web
ORD-P011695,CUST-1695,2026-10-05 12:00:00,26.94,EUR,CREATED,region-11695,web
ORD-P011696,CUST-1696,2026-10-05 12:00:00,26.95,EUR,CREATED,region-11696,web
ORD-P011697,CUST-1697,2026-10-05 12:00:00,26.96,EUR,CREATED,region-11697,web
ORD-P011698,CUST-1698,2026-10-05 12:00:00,26.97,EUR,CREATED,region-11698,web
ORD-P011699,CUST-1699,2026-10-05 12:00:00,26.98,EUR,CREATED,region-11699,web
ORD-P011700,CUST-1700,2026-10-05 12:00:00,26.99,EUR,CREATED,region-11700,web
ORD-P011701,CUST-1701,2026-10-05 12:00:00,27.00,EUR,CREATED,region-11701,web
ORD-P011702,CUST-1702,2026-10-05 12:00:00,27.01,EUR,CREATED,region-11702,web
ORD-P011703,CUST-1703,2026-10-05 12:00:00,27.02,EUR,CREATED,region-11703,web
ORD-P011704,CUST-1704,2026-10-05 12:00:00,27.03,EUR,CREATED,region-11704,web
ORD-P011705,CUST-1705,2026-10-05 12:00:00,27.04,EUR,CREATED,region-11705,web
ORD-P011706,CUST-1706,2026-10-05 12:00:00,27.05,EUR,CREATED,region-11706,web
ORD-P011707,CUST-1707,2026-10-05 12:00:00,27.06,EUR,CREATED,region-11707,web
ORD-P011708,CUST-1708,2026-10-05 12:00:00,27.07,EUR,CREATED,region-11708,web
ORD-P011709,CUST-1709,2026-10-05 12:00:00,27.08,EUR,CREATED,region-11709,web
ORD-P011710,CUST-1710,2026-10-05 12:00:00,27.09,EUR,CREATED,region-11710,web
ORD-P011711,CUST-1711,2026-10-05 12:00:00,27.10,EUR,CREATED,region-11711,web
ORD-P011712,CUST-1712,2026-10-05 12:00:00,27.11,EUR,CREATED,region-11712,web
ORD-P011713,CUST-1713,2026-10-05 12:00:00,27.12,EUR,CREATED,region-11713,web
ORD-P011714,CUST-1714,2026-10-05 12:00:00,27.13,EUR,CREATED,region-11714,web
ORD-P011715,CUST-1715,2026-10-05 12:00:00,27.14,EUR,CREATED,region-11715,web
ORD-P011716,CUST-1716,2026-10-05 12:00:00,27.15,EUR,CREATED,region-11716,web
ORD-P011717,CUST-1717,2026-10-05 12:00:00,27.16,EUR,CREATED,region-11717,web
ORD-P011718,CUST-1718,2026-10-05 12:00:00,27.17,EUR,CREATED,region-11718,web
ORD-P011719,CUST-1719,2026-10-05 12:00:00,27.18,EUR,CREATED,region-11719,web
ORD-P011720,CUST-1720,2026-10-05 12:00:00,27.19,EUR,CREATED,region-11720,web
ORD-P011721,CUST-1721,2026-10-05 12:00:00,27.20,EUR,CREATED,region-11721,web
ORD-P011722,CUST-1722,2026-10-05 12:00:00,27.21,EUR,CREATED,region-11722,web
ORD-P011723,CUST-1723,2026-10-05 12:00:00,27.22,EUR,CREATED,region-11723,web
ORD-P011724,CUST-1724,2026-10-05 12:00:00,27.23,EUR,CREATED,region-11724,web
ORD-P011725,CUST-1725,2026-10-05 12:00:00,27.24,EUR,CREATED,region-11725,web
ORD-P011726,CUST-1726,2026-10-05 12:00:00,27.25,EUR,CREATED,region-11726,web
ORD-P011727,CUST-1727,2026-10-05 12:00:00,27.26,EUR,CREATED,region-11727,web
ORD-P011728,CUST-1728,2026-10-05 12:00:00,27.27,EUR,CREATED,region-11728,web
ORD-P011729,CUST-1729,2026-10-05 12:00:00,27.28,EUR,CREATED,region-11729,web
ORD-P011730,CUST-1730,2026-10-05 12:00:00,27.29,EUR,CREATED,region-11730,web
ORD-P011731,CUST-1731,2026-10-05 12:00:00,27.30,EUR,CREATED,region-11731,web
ORD-P011732,CUST-1732,2026-10-05 12:00:00,27.31,EUR,CREATED,region-11732,web
ORD-P011733,CUST-1733,2026-10-05 12:00:00,27.32,EUR,CREATED,region-11733,web
ORD-P011734,CUST-1734,2026-10-05 12:00:00,27.33,EUR,CREATED,region-11734,web
ORD-P011735,CUST-1735,2026-10-05 12:00:00,27.34,EUR,CREATED,region-11735,web
ORD-P011736,CUST-1736,2026-10-05 12:00:00,27.35,EUR,CREATED,region-11736,web
ORD-P011737,CUST-1737,2026-10-05 12:00:00,27.36,EUR,CREATED,region-11737,web
ORD-P011738,CUST-1738,2026-10-05 12:00:00,27.37,EUR,CREATED,region-11738,web
ORD-P011739,CUST-1739,2026-10-05 12:00:00,27.38,EUR,CREATED,region-11739,web
ORD-P011740,CUST-1740,2026-10-05 12:00:00,27.39,EUR,CREATED,region-11740,web
ORD-P011741,CUST-1741,2026-10-05 12:00:00,27.40,EUR,CREATED,region-11741,web
ORD-P011742,CUST-1742,2026-10-05 12:00:00,27.41,EUR,CREATED,region-11742,web
ORD-P011743,CUST-1743,2026-10-05 12:00:00,27.42,EUR,CREATED,region-11743,web
ORD-P011744,CUST-1744,2026-10-05 12:00:00,27.43,EUR,CREATED,region-11744,web
ORD-P011745,CUST-1745,2026-10-05 12:00:00,27.44,EUR,CREATED,region-11745,web
ORD-P011746,CUST-1746,2026-10-05 12:00:00,27.45,EUR,CREATED,region-11746,web
ORD-P011747,CUST-1747,2026-10-05 12:00:00,27.46,EUR,CREATED,region-11747,web
ORD-P011748,CUST-1748,2026-10-05 12:00:00,27.47,EUR,CREATED,region-11748,web
ORD-P011749,CUST-1749,2026-10-05 12:00:00,27.48,EUR,CREATED,region-11749,web
ORD-P011750,CUST-1750,2026-10-05 12:00:00,27.49,EUR,CREATED,region-11750,web
ORD-P011751,CUST-1751,2026-10-05 12:00:00,27.50,EUR,CREATED,region-11751,web
ORD-P011752,CUST-1752,2026-10-05 12:00:00,27.51,EUR,CREATED,region-11752,web
ORD-P011753,CUST-1753,2026-10-05 12:00:00,27.52,EUR,CREATED,region-11753,web
ORD-P011754,CUST-1754,2026-10-05 12:00:00,27.53,EUR,CREATED,region-11754,web
ORD-P011755,CUST-1755,2026-10-05 12:00:00,27.54,EUR,CREATED,region-11755,web
ORD-P011756,CUST-1756,2026-10-05 12:00:00,27.55,EUR,CREATED,region-11756,web
ORD-P011757,CUST-1757,2026-10-05 12:00:00,27.56,EUR,CREATED,region-11757,web
ORD-P011758,CUST-1758,2026-10-05 12:00:00,27.57,EUR,CREATED,region-11758,web
ORD-P011759,CUST-1759,2026-10-05 12:00:00,27.58,EUR,CREATED,region-11759,web
ORD-P011760,CUST-1760,2026-10-05 12:00:00,27.59,EUR,CREATED,region-11760,web
ORD-P011761,CUST-1761,2026-10-05 12:00:00,27.60,EUR,CREATED,region-11761,web
ORD-P011762,CUST-1762,2026-10-05 12:00:00,27.61,EUR,CREATED,region-11762,web
ORD-P011763,CUST-1763,2026-10-05 12:00:00,27.62,EUR,CREATED,region-11763,web
ORD-P011764,CUST-1764,2026-10-05 12:00:00,27.63,EUR,CREATED,region-11764,web
ORD-P011765,CUST-1765,2026-10-05 12:00:00,27.64,EUR,CREATED,region-11765,web
ORD-P011766,CUST-1766,2026-10-05 12:00:00,27.65,EUR,CREATED,region-11766,web
ORD-P011767,CUST-1767,2026-10-05 12:00:00,27.66,EUR,CREATED,region-11767,web
ORD-P011768,CUST-1768,2026-10-05 12:00:00,27.67,EUR,CREATED,region-11768,web
ORD-P011769,CUST-1769,2026-10-05 12:00:00,27.68,EUR,CREATED,region-11769,web
ORD-P011770,CUST-1770,2026-10-05 12:00:00,27.69,EUR,CREATED,region-11770,web
ORD-P011771,CUST-1771,2026-10-05 12:00:00,27.70,EUR,CREATED,region-11771,web
ORD-P011772,CUST-1772,2026-10-05 12:00:00,27.71,EUR,CREATED,region-11772,web
ORD-P011773,CUST-1773,2026-10-05 12:00:00,27.72,EUR,CREATED,region-11773,web
ORD-P011774,CUST-1774,2026-10-05 12:00:00,27.73,EUR,CREATED,region-11774,web
ORD-P011775,CUST-1775,2026-10-05 12:00:00,27.74,EUR,CREATED,region-11775,web
ORD-P011776,CUST-1776,2026-10-05 12:00:00,27.75,EUR,CREATED,region-11776,web
ORD-P011777,CUST-1777,2026-10-05 12:00:00,27.76,EUR,CREATED,region-11777,web
ORD-P011778,CUST-1778,2026-10-05 12:00:00,27.77,EUR,CREATED,region-11778,web
ORD-P011779,CUST-1779,2026-10-05 12:00:00,27.78,EUR,CREATED,region-11779,web
ORD-P011780,CUST-1780,2026-10-05 12:00:00,27.79,EUR,CREATED,region-11780,web
ORD-P011781,CUST-1781,2026-10-05 12:00:00,27.80,EUR,CREATED,region-11781,web
ORD-P011782,CUST-1782,2026-10-05 12:00:00,27.81,EUR,CREATED,region-11782,web
ORD-P011783,CUST-1783,2026-10-05 12:00:00,27.82,EUR,CREATED,region-11783,web
ORD-P011784,CUST-1784,2026-10-05 12:00:00,27.83,EUR,CREATED,region-11784,web
ORD-P011785,CUST-1785,2026-10-05 12:00:00,27.84,EUR,CREATED,region-11785,web
ORD-P011786,CUST-1786,2026-10-05 12:00:00,27.85,EUR,CREATED,region-11786,web
ORD-P011787,CUST-1787,2026-10-05 12:00:00,27.86,EUR,CREATED,region-11787,web
ORD-P011788,CUST-1788,2026-10-05 12:00:00,27.87,EUR,CREATED,region-11788,web
ORD-P011789,CUST-1789,2026-10-05 12:00:00,27.88,EUR,CREATED,region-11789,web
ORD-P011790,CUST-1790,2026-10-05 12:00:00,27.89,EUR,CREATED,region-11790,web
ORD-P011791,CUST-1791,2026-10-05 12:00:00,27.90,EUR,CREATED,region-11791,web
ORD-P011792,CUST-1792,2026-10-05 12:00:00,27.91,EUR,CREATED,region-11792,web
ORD-P011793,CUST-1793,2026-10-05 12:00:00,27.92,EUR,CREATED,region-11793,web
ORD-P011794,CUST-1794,2026-10-05 12:00:00,27.93,EUR,CREATED,region-11794,web
ORD-P011795,CUST-1795,2026-10-05 12:00:00,27.94,EUR,CREATED,region-11795,web
ORD-P011796,CUST-1796,2026-10-05 12:00:00,27.95,EUR,CREATED,region-11796,web
ORD-P011797,CUST-1797,2026-10-05 12:00:00,27.96,EUR,CREATED,region-11797,web
ORD-P011798,CUST-1798,2026-10-05 12:00:00,27.97,EUR,CREATED,region-11798,web
ORD-P011799,CUST-1799,2026-10-05 12:00:00,27.98,EUR,CREATED,region-11799,web
ORD-P011800,CUST-1800,2026-10-05 12:00:00,27.99,EUR,CREATED,region-11800,web
ORD-P011801,CUST-1801,2026-10-05 12:00:00,28.00,EUR,CREATED,region-11801,web
ORD-P011802,CUST-1802,2026-10-05 12:00:00,28.01,EUR,CREATED,region-11802,web
ORD-P011803,CUST-1803,2026-10-05 12:00:00,28.02,EUR,CREATED,region-11803,web
ORD-P011804,CUST-1804,2026-10-05 12:00:00,28.03,EUR,CREATED,region-11804,web
ORD-P011805,CUST-1805,2026-10-05 12:00:00,28.04,EUR,CREATED,region-11805,web
ORD-P011806,CUST-1806,2026-10-05 12:00:00,28.05,EUR,CREATED,region-11806,web
ORD-P011807,CUST-1807,2026-10-05 12:00:00,28.06,EUR,CREATED,region-11807,web
ORD-P011808,CUST-1808,2026-10-05 12:00:00,28.07,EUR,CREATED,region-11808,web
ORD-P011809,CUST-1809,2026-10-05 12:00:00,28.08,EUR,CREATED,region-11809,web
ORD-P011810,CUST-1810,2026-10-05 12:00:00,28.09,EUR,CREATED,region-11810,web
ORD-P011811,CUST-1811,2026-10-05 12:00:00,28.10,EUR,CREATED,region-11811,web
ORD-P011812,CUST-1812,2026-10-05 12:00:00,28.11,EUR,CREATED,region-11812,web
ORD-P011813,CUST-1813,2026-10-05 12:00:00,28.12,EUR,CREATED,region-11813,web
ORD-P011814,CUST-1814,2026-10-05 12:00:00,28.13,EUR,CREATED,region-11814,web
ORD-P011815,CUST-1815,2026-10-05 12:00:00,28.14,EUR,CREATED,region-11815,web
ORD-P011816,CUST-1816,2026-10-05 12:00:00,28.15,EUR,CREATED,region-11816,web
ORD-P011817,CUST-1817,2026-10-05 12:00:00,28.16,EUR,CREATED,region-11817,web
ORD-P011818,CUST-1818,2026-10-05 12:00:00,28.17,EUR,CREATED,region-11818,web
ORD-P011819,CUST-1819,2026-10-05 12:00:00,28.18,EUR,CREATED,region-11819,web
ORD-P011820,CUST-1820,2026-10-05 12:00:00,28.19,EUR,CREATED,region-11820,web
ORD-P011821,CUST-1821,2026-10-05 12:00:00,28.20,EUR,CREATED,region-11821,web
ORD-P011822,CUST-1822,2026-10-05 12:00:00,28.21,EUR,CREATED,region-11822,web
ORD-P011823,CUST-1823,2026-10-05 12:00:00,28.22,EUR,CREATED,region-11823,web
ORD-P011824,CUST-1824,2026-10-05 12:00:00,28.23,EUR,CREATED,region-11824,web
ORD-P011825,CUST-1825,2026-10-05 12:00:00,28.24,EUR,CREATED,region-11825,web
ORD-P011826,CUST-1826,2026-10-05 12:00:00,28.25,EUR,CREATED,region-11826,web
ORD-P011827,CUST-1827,2026-10-05 12:00:00,28.26,EUR,CREATED,region-11827,web
ORD-P011828,CUST-1828,2026-10-05 12:00:00,28.27,EUR,CREATED,region-11828,web
ORD-P011829,CUST-1829,2026-10-05 12:00:00,28.28,EUR,CREATED,region-11829,web
ORD-P011830,CUST-1830,2026-10-05 12:00:00,28.29,EUR,CREATED,region-11830,web
ORD-P011831,CUST-1831,2026-10-05 12:00:00,28.30,EUR,CREATED,region-11831,web
ORD-P011832,CUST-1832,2026-10-05 12:00:00,28.31,EUR,CREATED,region-11832,web
ORD-P011833,CUST-1833,2026-10-05 12:00:00,28.32,EUR,CREATED,region-11833,web
ORD-P011834,CUST-1834,2026-10-05 12:00:00,28.33,EUR,CREATED,region-11834,web
ORD-P011835,CUST-1835,2026-10-05 12:00:00,28.34,EUR,CREATED,region-11835,web
ORD-P011836,CUST-1836,2026-10-05 12:00:00,28.35,EUR,CREATED,region-11836,web
ORD-P011837,CUST-1837,2026-10-05 12:00:00,28.36,EUR,CREATED,region-11837,web
ORD-P011838,CUST-1838,2026-10-05 12:00:00,28.37,EUR,CREATED,region-11838,web
ORD-P011839,CUST-1839,2026-10-05 12:00:00,28.38,EUR,CREATED,region-11839,web
ORD-P011840,CUST-1840,2026-10-05 12:00:00,28.39,EUR,CREATED,region-11840,web
ORD-P011841,CUST-1841,2026-10-05 12:00:00,28.40,EUR,CREATED,region-11841,web
ORD-P011842,CUST-1842,2026-10-05 12:00:00,28.41,EUR,CREATED,region-11842,web
ORD-P011843,CUST-1843,2026-10-05 12:00:00,28.42,EUR,CREATED,region-11843,web
ORD-P011844,CUST-1844,2026-10-05 12:00:00,28.43,EUR,CREATED,region-11844,web
ORD-P011845,CUST-1845,2026-10-05 12:00:00,28.44,EUR,CREATED,region-11845,web
ORD-P011846,CUST-1846,2026-10-05 12:00:00,28.45,EUR,CREATED,region-11846,web
ORD-P011847,CUST-1847,2026-10-05 12:00:00,28.46,EUR,CREATED,region-11847,web
ORD-P011848,CUST-1848,2026-10-05 12:00:00,28.47,EUR,CREATED,region-11848,web
ORD-P011849,CUST-1849,2026-10-05 12:00:00,28.48,EUR,CREATED,region-11849,web
ORD-P011850,CUST-1850,2026-10-05 12:00:00,28.49,EUR,CREATED,region-11850,web
ORD-P011851,CUST-1851,2026-10-05 12:00:00,28.50,EUR,CREATED,region-11851,web
ORD-P011852,CUST-1852,2026-10-05 12:00:00,28.51,EUR,CREATED,region-11852,web
ORD-P011853,CUST-1853,2026-10-05 12:00:00,28.52,EUR,CREATED,region-11853,web
ORD-P011854,CUST-1854,2026-10-05 12:00:00,28.53,EUR,CREATED,region-11854,web
ORD-P011855,CUST-1855,2026-10-05 12:00:00,28.54,EUR,CREATED,region-11855,web
ORD-P011856,CUST-1856,2026-10-05 12:00:00,28.55,EUR,CREATED,region-11856,web
ORD-P011857,CUST-1857,2026-10-05 12:00:00,28.56,EUR,CREATED,region-11857,web
ORD-P011858,CUST-1858,2026-10-05 12:00:00,28.57,EUR,CREATED,region-11858,web
ORD-P011859,CUST-1859,2026-10-05 12:00:00,28.58,EUR,CREATED,region-11859,web
ORD-P011860,CUST-1860,2026-10-05 12:00:00,28.59,EUR,CREATED,region-11860,web
ORD-P011861,CUST-1861,2026-10-05 12:00:00,28.60,EUR,CREATED,region-11861,web
ORD-P011862,CUST-1862,2026-10-05 12:00:00,28.61,EUR,CREATED,region-11862,web
ORD-P011863,CUST-1863,2026-10-05 12:00:00,28.62,EUR,CREATED,region-11863,web
ORD-P011864,CUST-1864,2026-10-05 12:00:00,28.63,EUR,CREATED,region-11864,web
ORD-P011865,CUST-1865,2026-10-05 12:00:00,28.64,EUR,CREATED,region-11865,web
ORD-P011866,CUST-1866,2026-10-05 12:00:00,28.65,EUR,CREATED,region-11866,web
ORD-P011867,CUST-1867,2026-10-05 12:00:00,28.66,EUR,CREATED,region-11867,web
ORD-P011868,CUST-1868,2026-10-05 12:00:00,28.67,EUR,CREATED,region-11868,web
ORD-P011869,CUST-1869,2026-10-05 12:00:00,28.68,EUR,CREATED,region-11869,web
ORD-P011870,CUST-1870,2026-10-05 12:00:00,28.69,EUR,CREATED,region-11870,web
ORD-P011871,CUST-1871,2026-10-05 12:00:00,28.70,EUR,CREATED,region-11871,web
ORD-P011872,CUST-1872,2026-10-05 12:00:00,28.71,EUR,CREATED,region-11872,web
ORD-P011873,CUST-1873,2026-10-05 12:00:00,28.72,EUR,CREATED,region-11873,web
ORD-P011874,CUST-1874,2026-10-05 12:00:00,28.73,EUR,CREATED,region-11874,web
ORD-P011875,CUST-1875,2026-10-05 12:00:00,28.74,EUR,CREATED,region-11875,web
ORD-P011876,CUST-1876,2026-10-05 12:00:00,28.75,EUR,CREATED,region-11876,web
ORD-P011877,CUST-1877,2026-10-05 12:00:00,28.76,EUR,CREATED,region-11877,web
ORD-P011878,CUST-1878,2026-10-05 12:00:00,28.77,EUR,CREATED,region-11878,web
ORD-P011879,CUST-1879,2026-10-05 12:00:00,28.78,EUR,CREATED,region-11879,web
ORD-P011880,CUST-1880,2026-10-05 12:00:00,28.79,EUR,CREATED,region-11880,web
ORD-P011881,CUST-1881,2026-10-05 12:00:00,28.80,EUR,CREATED,region-11881,web
ORD-P011882,CUST-1882,2026-10-05 12:00:00,28.81,EUR,CREATED,region-11882,web
ORD-P011883,CUST-1883,2026-10-05 12:00:00,28.82,EUR,CREATED,region-11883,web
ORD-P011884,CUST-1884,2026-10-05 12:00:00,28.83,EUR,CREATED,region-11884,web
ORD-P011885,CUST-1885,2026-10-05 12:00:00,28.84,EUR,CREATED,region-11885,web
ORD-P011886,CUST-1886,2026-10-05 12:00:00,28.85,EUR,CREATED,region-11886,web
ORD-P011887,CUST-1887,2026-10-05 12:00:00,28.86,EUR,CREATED,region-11887,web
ORD-P011888,CUST-1888,2026-10-05 12:00:00,28.87,EUR,CREATED,region-11888,web
ORD-P011889,CUST-1889,2026-10-05 12:00:00,28.88,EUR,CREATED,region-11889,web
ORD-P011890,CUST-1890,2026-10-05 12:00:00,28.89,EUR,CREATED,region-11890,web
ORD-P011891,CUST-1891,2026-10-05 12:00:00,28.90,EUR,CREATED,region-11891,web
ORD-P011892,CUST-1892,2026-10-05 12:00:00,28.91,EUR,CREATED,region-11892,web
ORD-P011893,CUST-1893,2026-10-05 12:00:00,28.92,EUR,CREATED,region-11893,web
ORD-P011894,CUST-1894,2026-10-05 12:00:00,28.93,EUR,CREATED,region-11894,web
ORD-P011895,CUST-1895,2026-10-05 12:00:00,28.94,EUR,CREATED,region-11895,web
ORD-P011896,CUST-1896,2026-10-05 12:00:00,28.95,EUR,CREATED,region-11896,web
ORD-P011897,CUST-1897,2026-10-05 12:00:00,28.96,EUR,CREATED,region-11897,web
ORD-P011898,CUST-1898,2026-10-05 12:00:00,28.97,EUR,CREATED,region-11898,web
ORD-P011899,CUST-1899,2026-10-05 12:00:00,28.98,EUR,CREATED,region-11899,web
ORD-P011900,CUST-1900,2026-10-05 12:00:00,28.99,EUR,CREATED,region-11900,web
ORD-P011901,CUST-1901,2026-10-05 12:00:00,29.00,EUR,CREATED,region-11901,web
ORD-P011902,CUST-1902,2026-10-05 12:00:00,29.01,EUR,CREATED,region-11902,web
ORD-P011903,CUST-1903,2026-10-05 12:00:00,29.02,EUR,CREATED,region-11903,web
ORD-P011904,CUST-1904,2026-10-05 12:00:00,29.03,EUR,CREATED,region-11904,web
ORD-P011905,CUST-1905,2026-10-05 12:00:00,29.04,EUR,CREATED,region-11905,web
ORD-P011906,CUST-1906,2026-10-05 12:00:00,29.05,EUR,CREATED,region-11906,web
ORD-P011907,CUST-1907,2026-10-05 12:00:00,29.06,EUR,CREATED,region-11907,web
ORD-P011908,CUST-1908,2026-10-05 12:00:00,29.07,EUR,CREATED,region-11908,web
ORD-P011909,CUST-1909,2026-10-05 12:00:00,29.08,EUR,CREATED,region-11909,web
ORD-P011910,CUST-1910,2026-10-05 12:00:00,29.09,EUR,CREATED,region-11910,web
ORD-P011911,CUST-1911,2026-10-05 12:00:00,29.10,EUR,CREATED,region-11911,web
ORD-P011912,CUST-1912,2026-10-05 12:00:00,29.11,EUR,CREATED,region-11912,web
ORD-P011913,CUST-1913,2026-10-05 12:00:00,29.12,EUR,CREATED,region-11913,web
ORD-P011914,CUST-1914,2026-10-05 12:00:00,29.13,EUR,CREATED,region-11914,web
ORD-P011915,CUST-1915,2026-10-05 12:00:00,29.14,EUR,CREATED,region-11915,web
ORD-P011916,CUST-1916,2026-10-05 12:00:00,29.15,EUR,CREATED,region-11916,web
ORD-P011917,CUST-1917,2026-10-05 12:00:00,29.16,EUR,CREATED,region-11917,web
ORD-P011918,CUST-1918,2026-10-05 12:00:00,29.17,EUR,CREATED,region-11918,web
ORD-P011919,CUST-1919,2026-10-05 12:00:00,29.18,EUR,CREATED,region-11919,web
ORD-P011920,CUST-1920,2026-10-05 12:00:00,29.19,EUR,CREATED,region-11920,web
ORD-P011921,CUST-1921,2026-10-05 12:00:00,29.20,EUR,CREATED,region-11921,web
ORD-P011922,CUST-1922,2026-10-05 12:00:00,29.21,EUR,CREATED,region-11922,web
ORD-P011923,CUST-1923,2026-10-05 12:00:00,29.22,EUR,CREATED,region-11923,web
ORD-P011924,CUST-1924,2026-10-05 12:00:00,29.23,EUR,CREATED,region-11924,web
ORD-P011925,CUST-1925,2026-10-05 12:00:00,29.24,EUR,CREATED,region-11925,web
ORD-P011926,CUST-1926,2026-10-05 12:00:00,29.25,EUR,CREATED,region-11926,web
ORD-P011927,CUST-1927,2026-10-05 12:00:00,29.26,EUR,CREATED,region-11927,web
ORD-P011928,CUST-1928,2026-10-05 12:00:00,29.27,EUR,CREATED,region-11928,web
ORD-P011929,CUST-1929,2026-10-05 12:00:00,29.28,EUR,CREATED,region-11929,web
ORD-P011930,CUST-1930,2026-10-05 12:00:00,29.29,EUR,CREATED,region-11930,web
ORD-P011931,CUST-1931,2026-10-05 12:00:00,29.30,EUR,CREATED,region-11931,web
ORD-P011932,CUST-1932,2026-10-05 12:00:00,29.31,EUR,CREATED,region-11932,web
ORD-P011933,CUST-1933,2026-10-05 12:00:00,29.32,EUR,CREATED,region-11933,web
ORD-P011934,CUST-1934,2026-10-05 12:00:00,29.33,EUR,CREATED,region-11934,web
ORD-P011935,CUST-1935,2026-10-05 12:00:00,29.34,EUR,CREATED,region-11935,web
ORD-P011936,CUST-1936,2026-10-05 12:00:00,29.35,EUR,CREATED,region-11936,web
ORD-P011937,CUST-1937,2026-10-05 12:00:00,29.36,EUR,CREATED,region-11937,web
ORD-P011938,CUST-1938,2026-10-05 12:00:00,29.37,EUR,CREATED,region-11938,web
ORD-P011939,CUST-1939,2026-10-05 12:00:00,29.38,EUR,CREATED,region-11939,web
ORD-P011940,CUST-1940,2026-10-05 12:00:00,29.39,EUR,CREATED,region-11940,web
ORD-P011941,CUST-1941,2026-10-05 12:00:00,29.40,EUR,CREATED,region-11941,web
ORD-P011942,CUST-1942,2026-10-05 12:00:00,29.41,EUR,CREATED,region-11942,web
ORD-P011943,CUST-1943,2026-10-05 12:00:00,29.42,EUR,CREATED,region-11943,web
ORD-P011944,CUST-1944,2026-10-05 12:00:00,29.43,EUR,CREATED,region-11944,web
ORD-P011945,CUST-1945,2026-10-05 12:00:00,29.44,EUR,CREATED,region-11945,web
ORD-P011946,CUST-1946,2026-10-05 12:00:00,29.45,EUR,CREATED,region-11946,web
ORD-P011947,CUST-1947,2026-10-05 12:00:00,29.46,EUR,CREATED,region-11947,web
ORD-P011948,CUST-1948,2026-10-05 12:00:00,29.47,EUR,CREATED,region-11948,web
ORD-P011949,CUST-1949,2026-10-05 12:00:00,29.48,EUR,CREATED,region-11949,web
ORD-P011950,CUST-1950,2026-10-05 12:00:00,29.49,EUR,CREATED,region-11950,web
ORD-P011951,CUST-1951,2026-10-05 12:00:00,29.50,EUR,CREATED,region-11951,web
ORD-P011952,CUST-1952,2026-10-05 12:00:00,29.51,EUR,CREATED,region-11952,web
ORD-P011953,CUST-1953,2026-10-05 12:00:00,29.52,EUR,CREATED,region-11953,web
ORD-P011954,CUST-1954,2026-10-05 12:00:00,29.53,EUR,CREATED,region-11954,web
ORD-P011955,CUST-1955,2026-10-05 12:00:00,29.54,EUR,CREATED,region-11955,web
ORD-P011956,CUST-1956,2026-10-05 12:00:00,29.55,EUR,CREATED,region-11956,web
ORD-P011957,CUST-1957,2026-10-05 12:00:00,29.56,EUR,CREATED,region-11957,web
ORD-P011958,CUST-1958,2026-10-05 12:00:00,29.57,EUR,CREATED,region-11958,web
ORD-P011959,CUST-1959,2026-10-05 12:00:00,29.58,EUR,CREATED,region-11959,web
ORD-P011960,CUST-1960,2026-10-05 12:00:00,29.59,EUR,CREATED,region-11960,web
ORD-P011961,CUST-1961,2026-10-05 12:00:00,29.60,EUR,CREATED,region-11961,web
ORD-P011962,CUST-1962,2026-10-05 12:00:00,29.61,EUR,CREATED,region-11962,web
ORD-P011963,CUST-1963,2026-10-05 12:00:00,29.62,EUR,CREATED,region-11963,web
ORD-P011964,CUST-1964,2026-10-05 12:00:00,29.63,EUR,CREATED,region-11964,web
ORD-P011965,CUST-1965,2026-10-05 12:00:00,29.64,EUR,CREATED,region-11965,web
ORD-P011966,CUST-1966,2026-10-05 12:00:00,29.65,EUR,CREATED,region-11966,web
ORD-P011967,CUST-1967,2026-10-05 12:00:00,29.66,EUR,CREATED,region-11967,web
ORD-P011968,CUST-1968,2026-10-05 12:00:00,29.67,EUR,CREATED,region-11968,web
ORD-P011969,CUST-1969,2026-10-05 12:00:00,29.68,EUR,CREATED,region-11969,web
ORD-P011970,CUST-1970,2026-10-05 12:00:00,29.69,EUR,CREATED,region-11970,web
ORD-P011971,CUST-1971,2026-10-05 12:00:00,29.70,EUR,CREATED,region-11971,web
ORD-P011972,CUST-1972,2026-10-05 12:00:00,29.71,EUR,CREATED,region-11972,web
ORD-P011973,CUST-1973,2026-10-05 12:00:00,29.72,EUR,CREATED,region-11973,web
ORD-P011974,CUST-1974,2026-10-05 12:00:00,29.73,EUR,CREATED,region-11974,web
ORD-P011975,CUST-1975,2026-10-05 12:00:00,29.74,EUR,CREATED,region-11975,web
ORD-P011976,CUST-1976,2026-10-05 12:00:00,29.75,EUR,CREATED,region-11976,web
ORD-P011977,CUST-1977,2026-10-05 12:00:00,29.76,EUR,CREATED,region-11977,web
ORD-P011978,CUST-1978,2026-10-05 12:00:00,29.77,EUR,CREATED,region-11978,web
ORD-P011979,CUST-1979,2026-10-05 12:00:00,29.78,EUR,CREATED,region-11979,web
ORD-P011980,CUST-1980,2026-10-05 12:00:00,29.79,EUR,CREATED,region-11980,web
ORD-P011981,CUST-1981,2026-10-05 12:00:00,29.80,EUR,CREATED,region-11981,web
ORD-P011982,CUST-1982,2026-10-05 12:00:00,29.81,EUR,CREATED,region-11982,web
ORD-P011983,CUST-1983,2026-10-05 12:00:00,29.82,EUR,CREATED,region-11983,web
ORD-P011984,CUST-1984,2026-10-05 12:00:00,29.83,EUR,CREATED,region-11984,web
ORD-P011985,CUST-1985,2026-10-05 12:00:00,29.84,EUR,CREATED,region-11985,web
ORD-P011986,CUST-1986,2026-10-05 12:00:00,29.85,EUR,CREATED,region-11986,web
ORD-P011987,CUST-1987,2026-10-05 12:00:00,29.86,EUR,CREATED,region-11987,web
ORD-P011988,CUST-1988,2026-10-05 12:00:00,29.87,EUR,CREATED,region-11988,web
ORD-P011989,CUST-1989,2026-10-05 12:00:00,29.88,EUR,CREATED,region-11989,web
ORD-P011990,CUST-1990,2026-10-05 12:00:00,29.89,EUR,CREATED,region-11990,web
ORD-P011991,CUST-1991,2026-10-05 12:00:00,29.90,EUR,CREATED,region-11991,web
ORD-P011992,CUST-1992,2026-10-05 12:00:00,29.91,EUR,CREATED,region-11992,web
ORD-P011993,CUST-1993,2026-10-05 12:00:00,29.92,EUR,CREATED,region-11993,web
ORD-P011994,CUST-1994,2026-10-05 12:00:00,29.93,EUR,CREATED,region-11994,web
ORD-P011995,CUST-1995,2026-10-05 12:00:00,29.94,EUR,CREATED,region-11995,web
ORD-P011996,CUST-1996,2026-10-05 12:00:00,29.95,EUR,CREATED,region-11996,web
ORD-P011997,CUST-1997,2026-10-05 12:00:00,29.96,EUR,CREATED,region-11997,web
ORD-P011998,CUST-1998,2026-10-05 12:00:00,29.97,EUR,CREATED,region-11998,web
ORD-P011999,CUST-1999,2026-10-05 12:00:00,29.98,EUR,CREATED,region-11999,web
ORD-P012000,CUST-2000,2026-10-05 12:00:00,29.99,EUR,CREATED,region-12000,web
